Uuid,Privilege name,Description,_order:1000
6ed54678-2b98-4d59-a3b7-ff22c0d51a84,o3: Register Dashboard,Allows access to view the registration dashboard,
a2e59494-4477-428e-ae08-da67d6dd177d,o3: View Triage Dashboard,Allows access to view the triage dashboard,
a3fb1538-7f2b-4a9b-84c3-c6b4987ed271,o3: View Consultation Dashboard,Allows access to view the consultation dashboard,
e082f150-33ed-444d-b3c4-118e9d1b26fa,o3: View Radiology Dashboard,Allows access to view the radiology dashboard,
9a3f9329-19a5-4d41-a2c8-182612aa4dcb,o3: View Pharmacy Dashboard,Allows access to view the pharmacy dashboard,
c2262ad3-cfff-4dfa-b82f-21e6b27337db,o3: View Accounting Dashboard,Allows access to view the accounting dashboard,
6933ec19-3040-47a8-898d-0b0a1e87e94f,o3: View Reports Dashboard,Allows access to view the reports dashboard,
4c014a18-859b-41c2-8334-392dbcab4d49,o3: View Billing Admin Dashboard,Allows access to view the laboratory dashboard,
