Uuid,Privilege name,Description,_order:1000
fb67d07b-cace-4968-b64d-ea504108c437,o3: View Appointments Dashboard,Allows access to view the appointments dashboard,
894b500e-3f8b-48de-8e63-40b3dba6ccfb,o3: Create Appointments,Permits creating new appointments in the system,
441d1ea8-06b0-46e8-af1d-336ecbb551a9,o3: Edit Appointments,Enables editing existing appointments,
9ab7d794-51f7-4833-a69c-65228e4c0442,o3: Delete Appointments,Allows deletion of appointments from the system,
bca3f926-5d26-48f9-9ef7-85e2995ab5fd,o3: View Patient Chart Appointments,Provides access to view appointments in patient charts,
