Uuid,Privilege name,Description,_order:1000
ec280a14-a77e-446a-b684-002a622a37cd,o3: View Patient Chart Flags,Enables viewing of flags in patient charts,
1d2a7d25-364c-4052-9fdf-e32ee7b2ffbf,o3: View Administration Dashboard,Enables viewing of admin app from kenyaemr modules,
86afb782-b754-4817-b8a5-c509686ac6e7,o3: View Reports,Enables viewing of reports app from kenyaemr modules,
d6a355df-45b4-4a35-b1fd-5212b01b457d,o3: View KenyaEMR 2x Home Page,Enables viewing of KenyaEMR 2x home page,
f97fc67b-e26d-44fe-a376-88ec7e1ba336,o3: View Facility Dashboard,Enables viewing of above site dashboards,
