Uuid,Privilege name,Description,_order
4abdaba4-4578-4267-b382-ab807ae87531,o3: Cancel Active Visit,Cancel a patient's active visit,
b41d515b-66ea-42d0-8b44-1cfe5f817042,o3: CheckIn Patient,Check in a patient for a visit,
a9535115-361b-497f-a304-f474f52faa27,o3: CheckOut Patient,Check out a patient after their visit is complete,
39085441-66b8-495e-b3da-ab34bcefbd23,o3: Mark Patient As Alive/Dead,Mark a patient as alive or deceased,
61f12aab-444e-40f9-8b3a-dbcec37b7fb0,o3: View Patient Chart Summary,View a summary of a patient's medical chart,
8dcab924-4cc4-4f84-af27-a49369946986,o3: View Visits Dashboard,View the dashboard for patient visit information,
7b9c1d6d-725b-4c0c-85d7-89eca6d4d51b,o3: View Clinical Consultation Dashboard,View the dashboard nav group for clinical consultation,
26a02684-8159-4ea2-bfb1-32b602d4c712,o3: View Patient Chart Clinical Consultation, View clinical consultation,
