Uuid,Privilege name,Description,_order:1000
cc9b0e0c-ecaf-479d-9d7c-3071c0c1bff2,App: stockmanagement.dashboard,Able to view stock management application dashboard,
ffeb0885-293e-433b-a279-8de6f98026b2,App: stockmanagement.stockItems,Able to view stock items,
4a61b6db-03dd-43f2-969c-17dfa66ad41e,Task: stockmanagement.stockItems.mutate,Able to create and update stock items,
83871f7a-467e-11ed-8109-00155dcc3fc0,Task: stockmanagement.stockItems.dispense.qty,Able to view stock item quantities at dispensing locations,
6292e17d-4694-11ed-8109-00155dcc3fc0,Task: stockmanagement.stockItems.dispense,Able to dispense stock items,
a627c62a-efa1-4ac9-88e8-b816facfce0a,App: stockmanagement.userRoleScopes,Able to view stock management user role scope,
cc5a7ba4-ee34-4c2f-98c7-ae65cacf0094,Task: stockmanagement.userRoleScopes.mutate,Able to create and update user role scopes,
5d0d6f61-2188-11ed-9dff-507b9dea1806,App: stockmanagement.stockoperations,Able to view stock operations,
63b8815f-2188-11ed-9dff-507b9dea1806,Task: stockmanagement.stockoperations.mutate,Able to create and update stock operations,
7aef02ad-2189-11ed-9dff-507b9dea1806,Task: stockmanagement.stockoperations.approve,Able to aprove stock operations,
fd391f90-3335-11ed-a667-507b9dea1806,Task: stockmanagement.stockoperations.receiveitems,Able to receive dispatched stock items,
4fec772e-262a-11ed-a544-507b9dea1806,App: stockmanagement.stockSources,Able to view stock sources,
557acdab-262a-11ed-a544-507b9dea1806,Task: stockmanagement.stockSources.mutate,Able to create and update stock sources,
5a421e1a-28ad-11ed-bdcb-507b9dea1806,App: stockmanagement.stockOperationType,Able to view stock operation types,
55670834-28ad-11ed-bdcb-507b9dea1806,Task: stockmanagement.party.read,Able to read party information,
27334ff0-698d-11ed-a1c5-806d973f13a9,App: stockmanagement.reports,Able to view stock reports,
8f0cecbb-6b11-11ed-93a2-806d973f13a9,Task: stockmanagement.reports.mutate,Able to create stock reports,
