{
	"name": "ART Preparation",
	"description": "ART Preparation",
	"version": "2.0",
	"published": true,
	"uuid": "782a4263-3ac9-4ce8-b316-534571233f12",
	"retired": false,
	"encounter": "ART Preparation",
	"pages": [
	  {
		"label": "ART Treatment Preparation",
		"sections": [
		  {
			"label": "Encounter Details",
			"isExpanded": "true",
			"questions": [
			  {
				"label": "Date:",
				"type": "encounterDatetime",
				"questionOptions": {
				  "rendering": "ui-select-extended"
				},
				"id": "encDate",
				"validators": [
				  {
					"type": "date",
					"allowFutureDates": "false"
				  }
				]
			  },
			  {
				"label": "Provider:",
				"type": "encounterProvider",
				"questionOptions": {
				  "rendering": "ui-select-extended"
				},
				"id": "encProvider "
			  },
			  {
				"label": "Location:",
				"type": "encounterLocation",
				"questionOptions": {
				  "rendering": "ui-select-extended"
				},
				"id": "encLocation"
			  }
			]
		  },
		  {
			"label": "Psychosocial/Knowledge Criteria (applies to patients and caregivers)",
			"isExpanded": "true",
			"questions": [
			  {
				"label": "Psychosocial/Knowledge Criteria (applies to patients and caregivers)",
				"type": "obsGroup",
				"questionOptions": {
				  "concept": "160525AAAAAAAAAAAAAAAAAAAAAAAAAAAAAA",
				  "rendering": "group"
				},
				"questions": [
				  {
					"label": "1. Understands the nature of HIV infection and benefits of ART",
					"type": "obs",
					"required": "true",
					"id": "__u5EvqMroL",
					"questionOptions": {
					  "concept": "1729AAAAAAAAAAAAAAAAAAAAAAAAAAAAAAAA",
					  "rendering": "radio",
					  "answers": [
						{
						  "concept": "1065AAAAAAAAAAAAAAAAAAAAAAAAAAAAAAAA",
						  "label": "Yes"
						},
						{
						  "concept": "1066AAAAAAAAAAAAAAAAAAAAAAAAAAAAAAAA",
						  "label": "No"
						}
					  ]
					}
				  },
				  {
					"label": "2. Has screened negative for alcohol or other drug use disorder, or is stable on treatment",
					"type": "obs",
					"id": "__xzL8CGsIJ",
					"required": "true",
					"questionOptions": {
					  "concept": "160246AAAAAAAAAAAAAAAAAAAAAAAAAAAAAA",
					  "rendering": "radio",
					  "answers": [
						{
						  "concept": "1065AAAAAAAAAAAAAAAAAAAAAAAAAAAAAAAA",
						  "label": "Yes"
						},
						{
						  "concept": "1066AAAAAAAAAAAAAAAAAAAAAAAAAAAAAAAA",
						  "label": "No"
						}
					  ]
					}
				  },
				  {
					"label": "3. Has screened negative for depression or other psychiatric illness, or is stable on treatment",
					"type": "obs",
					"id": "__rwLEFtKyr",
					"required": "true",
					"questionOptions": {
					  "concept": "159891AAAAAAAAAAAAAAAAAAAAAAAAAAAAAA",
					  "rendering": "radio",
					  "answers": [
						{
						  "concept": "1065AAAAAAAAAAAAAAAAAAAAAAAAAAAAAAAA",
						  "label": "Yes"
						},
						{
						  "concept": "1066AAAAAAAAAAAAAAAAAAAAAAAAAAAAAAAA",
						  "label": "No"
						}
					  ]
					}
				  },
				  {
					"label": "4. Is willing to disclose/has disclosed HIV status, ideally to a family member or close friend?",
					"type": "obs",
					"id": "__wHzDLrwnD",
					"required": "true",
					"questionOptions": {
					  "concept": "1048AAAAAAAAAAAAAAAAAAAAAAAAAAAAAAAA",
					  "rendering": "radio",
					  "answers": [
						{
						  "concept": "true",
						  "label": "Yes"
						},
						{
						  "concept": "false",
						  "label": "No"
						}
					  ]
					}
				  },
				  {
					"label": "5. Has received demonstration of how to take/administer ART and other prescribed medication?",
					"type": "obs",
					"id": "__12FE4wEqF",
					"required": "true",
					"questionOptions": {
					  "concept": "164425AAAAAAAAAAAAAAAAAAAAAAAAAAAAAA",
					  "rendering": "radio",
					  "answers": [
						{
						  "concept": "1065AAAAAAAAAAAAAAAAAAAAAAAAAAAAAAAA",
						  "label": "Yes"
						},
						{
						  "concept": "1066AAAAAAAAAAAAAAAAAAAAAAAAAAAAAAAA",
						  "label": "No"
						}
					  ]
					}
				  },
				  {
					"label": "6. Has received information on predictable side effects of ART and understands what steps to take in case of these side effects?",
					"type": "obs",
					"id": "__vvJqpxv90",
					"required": "true",
					"questionOptions": {
					  "concept": "121764AAAAAAAAAAAAAAAAAAAAAAAAAAAAAA",
					  "rendering": "radio",
					  "answers": [
						{
						  "concept": "true",
						  "label": "Yes"
						},
						{
						  "concept": "false",
						  "label": "No"
						}
					  ]
					}
				  },
				  {
					"label": "7. For patients dependent on a caregiver: caregiver is committed to long-term support of the patient, daily administration of ART, and meets the criteria above?",
					"type": "obs",
					"id": "__GyDHHsMwG",
					"required": "true",
					"questionOptions": {
					  "concept": "5619AAAAAAAAAAAAAAAAAAAAAAAAAAAAAAAA",
					  "rendering": "radio",
					  "answers": [
						{
						  "concept": "1065AAAAAAAAAAAAAAAAAAAAAAAAAAAAAAAA",
						  "label": "Yes"
						},
						{
						  "concept": "1066AAAAAAAAAAAAAAAAAAAAAAAAAAAAAAAA",
						  "label": "No"
						}
					  ]
					}
				  },
				  {
					"label": "8. Other likely barriers to adherence have been identified and there is a plan in place to address them (e.g. frequent travel for work, plan to deal with unexpected travel, distance from clinic, etc)?",
					"type": "obs",
					"id": "__tFGMozp2p",
					"required": "true",
					"questionOptions": {
					  "concept": "159707AAAAAAAAAAAAAAAAAAAAAAAAAAAAAA",
					  "rendering": "radio",
					  "answers": [
						{
						  "concept": "1065AAAAAAAAAAAAAAAAAAAAAAAAAAAAAAAA",
						  "label": "Yes"
						},
						{
						  "concept": "1066AAAAAAAAAAAAAAAAAAAAAAAAAAAAAAAA",
						  "label": "No"
						}
					  ]
					}
				  },
				  {
					"label": "9. Patient/caregiver has provided accurate locator information and contact details?",
					"type": "obs",
					"id": "__tywCqsrEI",
					"required": "true",
					"questionOptions": {
					  "concept": "163089AAAAAAAAAAAAAAAAAAAAAAAAAAAAAA",
					  "rendering": "radio",
					  "answers": [
						{
						  "concept": "1065AAAAAAAAAAAAAAAAAAAAAAAAAAAAAAAA",
						  "label": "Yes"
						},
						{
						  "concept": "1066AAAAAAAAAAAAAAAAAAAAAAAAAAAAAAAA",
						  "label": "No"
						}
					  ]
					}
				  },
				  {
					"label": "10. Patient/caregiver feels ready to start ART today?",
					"type": "obs",
					"id": "__qFFtrMuzs",
					"required": "true",
					"questionOptions": {
					  "concept": "162695AAAAAAAAAAAAAAAAAAAAAAAAAAAAAA",
					  "rendering": "radio",
					  "answers": [
						{
						  "concept": "1065AAAAAAAAAAAAAAAAAAAAAAAAAAAAAAAA",
						  "label": "Yes"
						},
						{
						  "concept": "1066AAAAAAAAAAAAAAAAAAAAAAAAAAAAAAAA",
						  "label": "No"
						}
					  ]
					}
				  }
				],
				"id": "__FztuH2z1s"
			  }
			]
		  },
		  {
			"label": "Support Systems Criteria (applies to patients and caregivers)",
			"isExpanded": "true",
			"questions": [
			  {
				"label": "Support Systems Criteria (applies to patients and caregivers)",
				"type": "obsGroup",
				"required": "true",
				"questionOptions": {
				  "concept": "160525AAAAAAAAAAAAAAAAAAAAAAAAAAAAAA",
				  "rendering": "group"
				},
				"questions": [
				  {
					"label": "1. Has identified convenient time/s of day for taking ART, and/or associated dose/s with daily event/s?",
					"type": "obs",
					"id": "__oIpvnJust",
					"questionOptions": {
					  "concept": "160119AAAAAAAAAAAAAAAAAAAAAAAAAAAAAA",
					  "rendering": "radio",
					  "answers": [
						{
						  "concept": "1065AAAAAAAAAAAAAAAAAAAAAAAAAAAAAAAA",
						  "label": "Yes"
						},
						{
						  "concept": "1066AAAAAAAAAAAAAAAAAAAAAAAAAAAAAAAA",
						  "label": "No"
						}
					  ]
					}
				  },
				  {
					"label": "2. Treatment supporter has been identified and engaged in HIV education, or will attend next counselling session?",
					"type": "obs",
					"id": "__EFoxptotp",
					"questionOptions": {
					  "concept": "164886AAAAAAAAAAAAAAAAAAAAAAAAAAAAAA",
					  "rendering": "radio",
					  "answers": [
						{
						  "concept": "1065AAAAAAAAAAAAAAAAAAAAAAAAAAAAAAAA",
						  "label": "Yes"
						},
						{
						  "concept": "1066AAAAAAAAAAAAAAAAAAAAAAAAAAAAAAAA",
						  "label": "No"
						}
					  ]
					}
				  },
				  {
					"label": "3. Is aware of support group meeting time/s?",
					"type": "obs",
					"id": "__vD7LtDu3r",
					"questionOptions": {
					  "concept": "163766AAAAAAAAAAAAAAAAAAAAAAAAAAAAAA",
					  "rendering": "radio",
					  "answers": [
						{
						  "concept": "1065AAAAAAAAAAAAAAAAAAAAAAAAAAAAAAAA",
						  "label": "Yes"
						},
						{
						  "concept": "1066AAAAAAAAAAAAAAAAAAAAAAAAAAAAAAAA",
						  "label": "No"
						}
					  ]
					}
				  },
				  {
					"label": "4. If facility has SMS reminder system: Has enrolled into SMS reminder system?",
					"type": "obs",
					"id": "__otKyMFFDq",
					"questionOptions": {
					  "concept": "163164AAAAAAAAAAAAAAAAAAAAAAAAAAAAAA",
					  "rendering": "radio",
					  "answers": [
						{
						  "concept": "1065AAAAAAAAAAAAAAAAAAAAAAAAAAAAAAAA",
						  "label": "Yes"
						},
						{
						  "concept": "1066AAAAAAAAAAAAAAAAAAAAAAAAAAAAAAAA",
						  "label": "No"
						}
					  ]
					}
				  },
				  {
					"label": "5. Other support systems are in place or planned (e.g. setting phone alarm, pill box)?",
					"type": "obs",
					"id": "__9uILLKzGD",
					"questionOptions": {
					  "concept": "164360AAAAAAAAAAAAAAAAAAAAAAAAAAAAAA",
					  "rendering": "radio",
					  "answers": [
						{
						  "concept": "1065AAAAAAAAAAAAAAAAAAAAAAAAAAAAAAAA",
						  "label": "Yes"
						},
						{
						  "concept": "1066AAAAAAAAAAAAAAAAAAAAAAAAAAAAAAAA",
						  "label": "No"
						}
					  ]
					}
				  }
				],
				"id": "__rDEzMDDsF"
			  }
			]
		  },
		  {
			"label": "Medical Criteria (applies to patients)",
			"isExpanded": "true",
			"questions": [
			  {
				"label": "1. Newly diagnosed with TB:defer ART until patient tolerates anti-TB medication; initiate ART as soon as possible preferably within 2 weeks; for TB meningitis delay ART for 4 to 8 weeks); monitor closely for IRIS ",
				"type": "obs",
				"id": "newLyDx",
				"required": "true",
				"questionOptions": {
				  "concept": "164500AAAAAAAAAAAAAAAAAAAAAAAAAAAAAA",
				  "rendering": "radio",
				  "answers": [
					{
					  "concept": "1065AAAAAAAAAAAAAAAAAAAAAAAAAAAAAAAA",
					  "label": "Yes"
					},
					{
					  "concept": "1066AAAAAAAAAAAAAAAAAAAAAAAAAAAAAAAA",
					  "label": "No"
					}
				  ]
				}
			  },
			  {
				"label": "2. Newly diagnosed cryptococcal meningitis (CM), or symptoms consistent with CM (progressive headache, fever, malaise, neck pain, confusion): defer ART until completed 5 weeks of CM treatment, or until ruling out CM as the cause of symptoms;monitor closely for IRIS",
				"type": "obs",
				"id": "NewlyDXCrypto",
				"required": "true",
				"questionOptions": {
				  "concept": "1683AAAAAAAAAAAAAAAAAAAAAAAAAAAAAAAA",
				  "rendering": "radio",
				  "answers": [
					{
					  "concept": "1065AAAAAAAAAAAAAAAAAAAAAAAAAAAAAAAA",
					  "label": "Yes"
					},
					{
					  "concept": "1066AAAAAAAAAAAAAAAAAAAAAAAAAAAAAAAA",
					  "label": "No"
					}
				  ]
				}
			  }
			]
		  }
		]
	  }
	],
	"processor": "EncounterFormProcessor",
	"referencedForms": [],
	"encounterType": "ec2a91e5-444a-4ca0-87f1-f71ddfaf57eb"
  }
