{
    "name": "Cardiology  Clinical Form",
    "description": "A form used to capture cardiology clinical Cases",
    "version": "2.0",
    "published": true,
    "uuid": "998be6de-bd13-4136-ba0d-3f772139895f",
    "retired": false,
    "encounter": "Consultation",
    "pages": [
      {
        "label": "Visit Details",
        "sections": [
          {
            "label": "Encounter Details",
            "isExpanded": "true",
            "questions": [
              {
                "label": "Visit date:",
                "type": "encounterDatetime",
                "required": "true",
                "id": "encDate",
                "questionOptions": {
                  "rendering": "date"
                },
                "validators": [
                  {
                    "type": "date",
                    "allowFutureDates": "false"
                  }
                ]
              },
              {
                "label": "Provider:",
                "type": "encounterProvider",
                "questionOptions": {
                  "rendering": "ui-select-extended"
                },
                "id": "encProvider "
              },
              {
                "label": "Location:",
                "type": "encounterLocation",
                "questionOptions": {
                  "rendering": "ui-select-extended"
                },
                "id": "encLocation"
              }
            ]
          },
          {
            "label": "Patient Details",
            "isExpanded": "true",
            "questions": [
              {
                "label": "Visit Type?",
                "type": "obs",
                "required": "true",
                "id": "visitType",
                "questionOptions": {
                  "rendering": "radio",
                  "concept": "164181AAAAAAAAAAAAAAAAAAAAAAAAAAAAAA",
                  "conceptMappings": [
                    {
                      "relationship": "SAME-AS",
                      "type": "CIEL",
                      "value": "164181"
                    }
                  ],
                  "answers": [
                    {
                      "concept": "164180AAAAAAAAAAAAAAAAAAAAAAAAAAAAAA",
                      "label": "New visit"
                    },
                    {
                      "concept": "160530AAAAAAAAAAAAAAAAAAAAAAAAAAAAAA",
                      "label": "Return Visit"
                    },
                    {
                      "concept": "160563AAAAAAAAAAAAAAAAAAAAAAAAAAAAAA",
                      "label": "Referrals"
                    }
                  ]
                }
              },
              {
                "label": "Referral from",
                "type": "obs",
                "required": true,
                "id": "referralSpecification",
                "questionOptions": {
                  "rendering": "radio",
                  "concept": "160338AAAAAAAAAAAAAAAAAAAAAAAAAAAAAA",
                  "conceptMappings": [],
                  "answers": [
                    {
                      "concept": "164407AAAAAAAAAAAAAAAAAAAAAAAAAAAAAA",
                      "label": "From other facilities"
                    },
                    {
                      "concept": "1759AAAAAAAAAAAAAAAAAAAAAAAAAAAAAAAA",
                      "label": "Referred from CHU "
                    },
                    {
                      "concept": "164918AAAAAAAAAAAAAAAAAAAAAAAAAAAAAA",
                      "label": "Internal(Department)"
                    }
                  ]
                },
                "hide": {
                  "hideWhenExpression": "isEmpty(visitType) || visitType !== '160563AAAAAAAAAAAAAAAAAAAAAAAAAAAAAA'"
                }
              },
              {
                "label": "Specify Referring Department",
                "type": "obs",
                "required": true,
                "id": "departmentSpecify",
                "questionOptions": {
                  "rendering": "radio",
                  "concept": "160478AAAAAAAAAAAAAAAAAAAAAAAAAAAAAA",
                  "conceptMappings": [],
                  "answers": [
                    {
                      "concept": "160542AAAAAAAAAAAAAAAAAAAAAAAAAAAAAA",
                      "label": "Outpatient Department"
                    },
                    {
                      "concept": "167050AAAAAAAAAAAAAAAAAAAAAAAAAAAAAA",
                      "label": "Inpatient Department"
                    },
                    {
                      "concept": "160454AAAAAAAAAAAAAAAAAAAAAAAAAAAAAA",
                      "label": "Ophthalmology (Eye)Clinic"
                    },
                    {
                      "concept": "160455AAAAAAAAAAAAAAAAAAAAAAAAAAAAAA",
                      "label": "Ear, Nose, and Throat(ENT)Clinic"
                    },
                    {
                      "concept": "2a030791-14b4-4996-95ad-39c54b25f2b6",
                      "label": "Physiotherapy clinic"
                    },
                    {
                      "concept": "164164AAAAAAAAAAAAAAAAAAAAAAAAAAAAAA",
                      "label": "Surgical Outpatient Clinic"
                    },
                    {
                      "concept": "160457AAAAAAAAAAAAAAAAAAAAAAAAAAAAAA",
                      "label": "Paediatrics clinics"
                    },
                    {
                      "concept": "1d7d7c76-d807-4f33-8c7e-2531e28126ed",
                      "label": "Maxillofacial Clinic"
                    },
                    {
                      "concept": "160448AAAAAAAAAAAAAAAAAAAAAAAAAAAAAA",
                      "label": "Medical Outpatient clinic"
                    },
                    {
                      "concept": "66710a6d-5894-4f7d-a874-b449df77314d",
                      "label": "Oncology Clinic"
                    },
                    {
                      "concept": "30aff715-92de-4662-aa33-fa6b6179fed0",
                      "label": "Dental clinic"
                    },
                    {
                      "concept": "160475AAAAAAAAAAAAAAAAAAAAAAAAAAAAAA",
                      "label": "Renal Clinic"
                    },
                    {
                      "concept": "5489AAAAAAAAAAAAAAAAAAAAAAAAAAAAAAAA",
                      "label": "Mental Health"
                    },
                    {
                      "concept": "160460AAAAAAAAAAAAAAAAAAAAAAAAAAAAAA",
                      "label": "Dermatology Clinic"
                    },
                    {
                      "concept": "164103AAAAAAAAAAAAAAAAAAAAAAAAAAAAAA",
                      "label": "Diabetic Clinic"
                    },
                    {
                      "concept": "c2f85aed-695f-49b1-973e-002c37cbdebf",
                      "label": "Occupational Therapy Clinic"
                    },
                    {
                      "concept": "160465AAAAAAAAAAAAAAAAAAAAAAAAAAAAAA",
                      "label": "Orthopaedic Clinic"
                    },
                    {
                      "concept": "5622AAAAAAAAAAAAAAAAAAAAAAAAAAAAAAAA",
                      "label": "Others specify"
                    }
                  ]
                },
                "hide": {
                  "hideWhenExpression": "isEmpty(referralSpecification) || referralSpecification !== '164918AAAAAAAAAAAAAAAAAAAAAAAAAAAAAA'"
                }
              },
              {
                "label": "Specify Department",
                "type": "obs",
                "required": true,
                "id": "specifyDepartment",
                "questionOptions": {
                  "rendering": "text",
                  "concept": "160632AAAAAAAAAAAAAAAAAAAAAAAAAAAAAA",
                  "conceptMappings": []
                },
                "hide": {
                  "hideWhenExpression": "isEmpty(departmentSpecify) || departmentSpecify !== '5622AAAAAAAAAAAAAAAAAAAAAAAAAAAAAAAA'"
                }
              } 
            ]
          }
        ]
      },
      {
        "label": "Patient History",
        "sections": [
          {
            "label": "Complaints and History of complaints",
            "isExpanded": "true",
            "questions": [
              {
                "label": "Patient having complaint(s) today?",
                "type": "obs",
                "id": "complaintsToday",
                "required": "true",
                "questionOptions": {
                  "concept": "5219AAAAAAAAAAAAAAAAAAAAAAAAAAAAAAAA",
                  "rendering": "radio",
                  "answers": [
                    {
                      "concept": "1065AAAAAAAAAAAAAAAAAAAAAAAAAAAAAAAA",
                      "label": "Yes"
                    },
                    {
                      "concept": "1066AAAAAAAAAAAAAAAAAAAAAAAAAAAAAAAA",
                      "label": "No"
                    }
                  ]
                }
              },
              {
                "label": "Presenting complaints",
                "type": "obsGroup",
                "id": "ComplaintLodgeByClient",
                "questionOptions": {
                  "concept": "160531AAAAAAAAAAAAAAAAAAAAAAAAAAAAAA",
                  "rendering": "repeating"
                },
                "validators": [],
                "hide": {
                  "hideWhenExpression": "complaintsToday !== '1065AAAAAAAAAAAAAAAAAAAAAAAAAAAAAAAA'"
                },
                "questions": [
                  {
                    "label": "Complaint",
                    "type": "obs",
                    "id": "cOmplaIntField",
                    "questionOptions": {
                      "concept": "5219AAAAAAAAAAAAAAAAAAAAAAAAAAAAAAAA",
                      "rendering": "select",
                      "answers": [
                        {
                          "concept": "147913AAAAAAAAAAAAAAAAAAAAAAAAAAAAAA",
                          "label": "Belching"
                        },
                        {
                          "concept": "120749AAAAAAAAAAAAAAAAAAAAAAAAAAAAAA",
                          "label": "Chest Pain"
                        },
                        {
                          "concept": "120345AAAAAAAAAAAAAAAAAAAAAAAAAAAAAA",
                          "label": "Confusion"
                        },
                        {
                          "concept": "143264AAAAAAAAAAAAAAAAAAAAAAAAAAAAAA",
                          "label": "Cough"
                        },
                        {
                          "concept": "122496AAAAAAAAAAAAAAAAAAAAAAAAAAAAAA",
                          "label": "Difficult in breathing"
                        },
                        {
                          "concept": " 141599AAAAAAAAAAAAAAAAAAAAAAAAAAAAAA",
                          "label": "Dyspnea"
                        },
                        {
                          "concept": "162626AAAAAAAAAAAAAAAAAAAAAAAAAAAAAA",
                          "label": "Fatigue/weakness"
                        },
                        {
                          "concept": "140238AAAAAAAAAAAAAAAAAAAAAAAAAAAAAA",
                          "label": "Fever"
                        },
                        {
                          "concept": "138905AAAAAAAAAAAAAAAAAAAAAAAAAAAAAA",
                          "label": "Hemoptysis"
                        },
                        {
                          "concept": "139084AAAAAAAAAAAAAAAAAAAAAAAAAAAAAA",
                          "label": "Headache"
                        },
                        {
                          "concept": "138662AAAAAAAAAAAAAAAAAAAAAAAAAAAAAA",
                          "label": "Hiccough/Hiccups"
                        },
                        {
                          "concept": "121609AAAAAAAAAAAAAAAAAAAAAAAAAAAAAA",
                          "label": "Rest angina"
                        },
                        {
                          "concept": "206AAAAAAAAAAAAAAAAAAAAAAAAAAAAAAAAA",
                          "label": "Seizure"
                        },
                        {
                          "concept": "112989AAAAAAAAAAAAAAAAAAAAAAAAAAAAAA",
                          "label": "Shock"
                        },
                        {
                          "concept": "125166AAAAAAAAAAAAAAAAAAAAAAAAAAAAAA",
                          "label": "Syncope"
                        },
                        {
                          "concept": "112200AAAAAAAAAAAAAAAAAAAAAAAAAAAAAA",
                          "label": "Tremors"
                        },
                        {
                          "concept": "5622AAAAAAAAAAAAAAAAAAAAAAAAAAAAAAAA",
                          "label": "Other"
                        }
                      ]
                    }
                  },
                  {
                    "label": "Specify other complaints",
                    "type": "obs",
                    "id": "OtherSpecificComplaints",
                    "questionOptions": {
                      "concept": "20395601-257c-490c-86c2-acffb627f91f",
                      "rendering": "textarea"
                    },
                    "validators": [],
                    "hide": {
                      "hideWhenExpression": "cOmplaIntField !== '5622AAAAAAAAAAAAAAAAAAAAAAAAAAAAAAAA'"
                    }
                  },
                  {
                    "label": "Patient had contact with TB Infected person in the last 12 months?",
                    "type": "obs",
                    "id": "contactTB",
                    "required": "true",
                    "questionOptions": {
                      "concept": "124068AAAAAAAAAAAAAAAAAAAAAAAAAAAAAA",
                      "rendering": "radio",
                      "answers": [
                        {
                          "concept": "1065AAAAAAAAAAAAAAAAAAAAAAAAAAAAAAAA",
                          "label": "Yes"
                        },
                        {
                          "concept": "1066AAAAAAAAAAAAAAAAAAAAAAAAAAAAAAAA",
                          "label": "No"
                        }
                      ]
                    },
                    "hide": {
                      "hideWhenExpression": "cOmplaIntField !== '143264AAAAAAAAAAAAAAAAAAAAAAAAAAAAAA'"
                    }
                  },
                  {
                    "label": "Duration (Days)",
                    "type": "obs",
                    "id": "complaint-duration",
                    "questionOptions": {
                      "concept": "159368AAAAAAAAAAAAAAAAAAAAAAAAAAAAAA",
                      "rendering": "number",
                      "min": "0"
                    },
                    "validators": []
                  },
                  {
                    "label": "Onset Status",
                    "type": "obs",
                    "id": "onsetStatus",
                    "questionOptions": {
                      "concept": "d7a3441d-6aeb-49be-b7d6-b2a3bb39e78d",
                      "rendering": "select",
                      "answers": [
                        {
                          "concept": "1499AAAAAAAAAAAAAAAAAAAAAAAAAAAAAAAA",
                          "label": "Gradual"
                        },
                        {
                          "concept": "162707AAAAAAAAAAAAAAAAAAAAAAAAAAAAAA",
                          "label": "Sudden"
                        }
                      ]
                    }
                  }
                ]
              },
              {
                "label": "Clinical notes",
                "type": "obs",
                "id": "ClinICNotes",
                "questionOptions": {
                  "concept": "160430AAAAAAAAAAAAAAAAAAAAAAAAAAAAAA",
                  "rendering": "textarea"
                },
                "validators": []
              }
            ]
          }
        ]
      },
      {
        "label": "Patient Examination",
        "sections": [
          {
            "label": "Patient Details",
            "isExpanded": "true",
            "questions": [
              {
                "label": "General Examination",
                "type": "obs",
                "id": "GeneralExam",
                "questionOptions": {
                  "concept": "160430AAAAAAAAAAAAAAAAAAAAAAAAAAAAAA",
                  "rendering": "textarea"
                },
                "validators": []
              },
              {
                "label": "Examination Findings",
                "type": "obs",
                "id": "examFindings",
                "questionOptions": {
                  "concept": "166823AAAAAAAAAAAAAAAAAAAAAAAAAAAAAA",
                  "rendering": "checkbox",
                  "answers": [
                    {
                      "concept": "1107AAAAAAAAAAAAAAAAAAAAAAAAAAAAAAAA",
                      "label": "None"
                    },
                    {
                      "concept": "149957AAAAAAAAAAAAAAAAAAAAAAAAAAAAAA",
                      "label": "Acromegalyy",
                      "disableWhenExpression": "myValue === '1107AAAAAAAAAAAAAAAAAAAAAAAAAAAAAAAA'"
                    },
                    {
                      "concept": "80AAAAAAAAAAAAAAAAAAAAAAAAAAAAAAAAAA",
                      "label": "Arthralgia",
                      "disableWhenExpression": "myValue === '1107AAAAAAAAAAAAAAAAAAAAAAAAAAAAAAAA'"
                    },
                    {
                      "concept": "146862AAAAAAAAAAAAAAAAAAAAAAAAAAAAAA",
                      "label": "Bruit",
                      "disableWhenExpression": "myValue === '1107AAAAAAAAAAAAAAAAAAAAAAAAAAAAAAAA'"
                    },
                    {
                      "concept": "162509AAAAAAAAAAAAAAAAAAAAAAAAAAAAAA",
                      "label": "Cold extremities ",
                      "disableWhenExpression": "myValue === '1107AAAAAAAAAAAAAAAAAAAAAAAAAAAAAAAA'"
                    },
                    {
                      "concept": "142401AAAAAAAAAAAAAAAAAAAAAAAAAAAAAA",
                      "label": "Diastolic murmur",
                      "disableWhenExpression": "myValue === '1107AAAAAAAAAAAAAAAAAAAAAAAAAAAAAAAA'"
                    },
                    {
                      "concept": "126398AAAAAAAAAAAAAAAAAAAAAAAAAAAAAA",
                      "label": "Gangrene",
                      "disableWhenExpression": "myValue === '1107AAAAAAAAAAAAAAAAAAAAAAAAAAAAAAAA'"
                    },
                    {
                      "concept": "116214AAAAAAAAAAAAAAAAAAAAAAAAAAAAAA",
                      "label": "Hypotension",
                      "disableWhenExpression": "myValue === '1107AAAAAAAAAAAAAAAAAAAAAAAAAAAAAAAA'"
                    },
                    {
                      "concept": "136394AAAAAAAAAAAAAAAAAAAAAAAAAAAAAA",
                      "label": "Jugular venous distention",
                      "disableWhenExpression": "myValue === '1107AAAAAAAAAAAAAAAAAAAAAAAAAAAAAAAA'"
                    },
                    {
                      "concept": "114367AAAAAAAAAAAAAAAAAAAAAAAAAAAAAA",
                      "label": "Papilledema",
                      "disableWhenExpression": "myValue === '1107AAAAAAAAAAAAAAAAAAAAAAAAAAAAAAAA'"
                    },
                    {
                      "concept": "130428AAAAAAAAAAAAAAAAAAAAAAAAAAAAAA",
                      "label": "Peripheral oedema",
                      "disableWhenExpression": "myValue === '1107AAAAAAAAAAAAAAAAAAAAAAAAAAAAAAAA'"
                    },
                    {
                      "concept": "130054AAAAAAAAAAAAAAAAAAAAAAAAAAAAAA",
                      "label": "Pleural Friction Rub",
                      "disableWhenExpression": "myValue === '1107AAAAAAAAAAAAAAAAAAAAAAAAAAAAAAAA'"
                    },
                    {
                      "concept": "128091AAAAAAAAAAAAAAAAAAAAAAAAAAAAAA",
                      "label": "Pulsus paradoxus",
                      "disableWhenExpression": "myValue === '1107AAAAAAAAAAAAAAAAAAAAAAAAAAAAAAAA'"
                    },
                    {
                      "concept": "125072AAAAAAAAAAAAAAAAAAAAAAAAAAAAAA",
                      "label": "Systolic murmur",
                      "disableWhenExpression": "myValue === '1107AAAAAAAAAAAAAAAAAAAAAAAAAAAAAAAA'"
                    },
                    {
                      "concept": "135966AAAAAAAAAAAAAAAAAAAAAAAAAAAAAA",
                      "label": "Swelling of the leg",
                      "disableWhenExpression": "myValue === '1107AAAAAAAAAAAAAAAAAAAAAAAAAAAAAAAA'"
                    },
                    {
                      "concept": "125063AAAAAAAAAAAAAAAAAAAAAAAAAAAAAA",
                      "label": "Tachycardia",
                      "disableWhenExpression": "myValue === '1107AAAAAAAAAAAAAAAAAAAAAAAAAAAAAAAA'"
                    },
                    {
                      "concept": "125061AAAAAAAAAAAAAAAAAAAAAAAAAAAAAA",
                      "label": "Tachypnea",
                      "disableWhenExpression": "myValue === '1107AAAAAAAAAAAAAAAAAAAAAAAAAAAAAAAA'"
                    },
                    {
                      "concept": "123346AAAAAAAAAAAAAAAAAAAAAAAAAAAAAA",
                      "label": "Varicose Veins",
                      "disableWhenExpression": "myValue === '1107AAAAAAAAAAAAAAAAAAAAAAAAAAAAAAAA'"
                    },
                    {
                      "concept": "123257AAAAAAAAAAAAAAAAAAAAAAAAAAAAAA",
                      "label": "Venous Ulcer of Leg",
                      "disableWhenExpression": "myValue === '1107AAAAAAAAAAAAAAAAAAAAAAAAAAAAAAAA'"
                    },
                    {
                      "concept": "5622AAAAAAAAAAAAAAAAAAAAAAAAAAAAAAAA",
                      "label": "Other",
                      "disableWhenExpression": "myValue === '1107AAAAAAAAAAAAAAAAAAAAAAAAAAAAAAAA'"
                    }
                  ]
                }
              },
              {
                "label": "Specify other complaints",
                "type": "obs",
                "id": "OtherSpecificComplaints",
                "questionOptions": {
                  "concept": "20395601-257c-490c-86c2-acffb627f91f",
                  "rendering": "textarea"
                },
                "validators": [],
                "hide": {
                  "hideWhenExpression": "examFindings !== '5622AAAAAAAAAAAAAAAAAAAAAAAAAAAAAAAA'"
                }
              },
              {
                "label": "Clinical Notes",
                "type": "obs",
                "id": "clinicalNotes",
                "questionOptions": {
                  "concept": "160629AAAAAAAAAAAAAAAAAAAAAAAAAAAAAA",
                  "rendering": "textarea"
                },
                "validators": []
              },
              {
                "label": "Clinical Diagnosis",
                "id": "clinicalDiagnosisId",
                "type": "diagnosis",
                "questionOptions": {
                  "rendering": "repeating",
                  "dataSource": "diagnoses",
                  "rank": 1
                }
              },
              {
                "label": "Lab Order",
                "required": false,
                "id": "labsWorkspaceLauncher",
                "questionOptions": {
                  "rendering": "workspace-launcher",
                  "buttonLabel": "Add lab order",
                  "workspaceName": "add-lab-order"
                }
              }
            ]
          }
        ]
      },
      {
        "label": "Patient Management",
        "sections": [
          {
            "label": "Treatment/Management Plan",
            "isExpanded": "true",
            "questions": [
              {
                "label": "Final Diagnosis",
                "id": "finalDiagnosisId",
                "type": "diagnosis",
                "questionOptions": {
                  "rendering": "repeating",
                  "dataSource": "diagnoses",
                  "rank": 2
                }
              },
              {
                "label": "Drug Order",
                "required": false,
                "id": "drugsWorkspaceLauncher",
                "questionOptions": {
                  "rendering": "workspace-launcher",
                  "buttonLabel": "Add drug order",
                  "workspaceName": "add-drug-order"
                }
              },
              {
                "label": "Any Procedure prescribed?",
                "type": "obs",
                "id": "procedureOrdered",
                "questionOptions": {
                  "concept": "164204AAAAAAAAAAAAAAAAAAAAAAAAAAAAAA",
                  "rendering": "checkbox",
                  "answers": [
                    {
                      "concept": "1107AAAAAAAAAAAAAAAAAAAAAAAAAAAAAAAA",
                      "label": "None"
                    },
                    {
                      "concept": "161898AAAAAAAAAAAAAAAAAAAAAAAAAAAAAA",
                      "label": "Compression stockings",
                      "disableWhenExpression": "myValue === '1107AAAAAAAAAAAAAAAAAAAAAAAAAAAAAAAA'"
                    },
                    {
                      "concept": "165944AAAAAAAAAAAAAAAAAAAAAAAAAAAAAA",
                      "label": "Continuous positive airway pressure (CPAP)",
                      "disableWhenExpression": "myValue === '1107AAAAAAAAAAAAAAAAAAAAAAAAAAAAAAAA'"
                    },
                    {
                      "concept": "165935AAAAAAAAAAAAAAAAAAAAAAAAAAAAAA",
                      "label": "Endotracheal intubation",
                      "disableWhenExpression": "myValue === '1107AAAAAAAAAAAAAAAAAAAAAAAAAAAAAAAA'"
                    },
                    {
                      "concept": "165998AAAAAAAAAAAAAAAAAAAAAAAAAAAAAA",
                      "label": "Mechanical ventilation",
                      "disableWhenExpression": "myValue === '1107AAAAAAAAAAAAAAAAAAAAAAAAAAAAAAAA'"
                    },
                    {
                      "concept": "2c4168b3-3501-4546-a79a-0c6edf3081fa",
                      "label": "Oxygen administration",
                      "disableWhenExpression": "myValue === '1107AAAAAAAAAAAAAAAAAAAAAAAAAAAAAAAA'"
                    },
                    {
                      "concept": "dfd74bee-44f3-4b62-bb6e-e5b74bcc8a7e",
                      "label": "Urinary catheter",
                      "disableWhenExpression": "myValue === '1107AAAAAAAAAAAAAAAAAAAAAAAAAAAAAAAA'"
                    },
                    {
                      "concept": "5622AAAAAAAAAAAAAAAAAAAAAAAAAAAAAAAA",
                      "label": "Other",
                      "disableWhenExpression": "myValue === '1107AAAAAAAAAAAAAAAAAAAAAAAAAAAAAAAA'"
                    }
                  ]
                }
              },
              {
                "label": "Other (Specify)",
                "type": "obs",
                "id": "otherDevicesOrderd",
                "questionOptions": {
                  "rendering": "text",
                  "concept": "160632AAAAAAAAAAAAAAAAAAAAAAAAAAAAAA"
                },
                "hide": {
                  "hideWhenExpression": "isEmpty(procedureOrdered) || !arrayContains(procedureOrdered, '5622AAAAAAAAAAAAAAAAAAAAAAAAAAAAAAAA')"
                }
              },
              {
                "label": "Patient Outcome ",
                "type": "obs",
                "id": "outcomePatient",
                "questionOptions": {
                  "concept": "160433AAAAAAAAAAAAAAAAAAAAAAAAAAAAAA",
                  "rendering": "radio",
                  "answers": [
                    {
                      "concept": "160429AAAAAAAAAAAAAAAAAAAAAAAAAAAAAA",
                      "label": "Released Home"
                    },
                    {
                      "concept": "1654AAAAAAAAAAAAAAAAAAAAAAAAAAAAAAAA",
                      "label": "Admit"
                    },
                    {
                      "concept": "1693AAAAAAAAAAAAAAAAAAAAAAAAAAAAAAAA",
                      "label": "Referral"
                    },
                    {
                      "concept": "159AAAAAAAAAAAAAAAAAAAAAAAAAAAAAAAAA",
                      "label": "Deceased"
                    }
                  ]
                }
              },
              {
                "label": "Appointments",
                "required": false,
                "id": "appointmentWorkspaceLauncher",
                "questionOptions": {
                  "rendering": "workspace-launcher",
                  "buttonLabel": "Add appointments",
                  "workspaceName": "appointments-form-workspace"
                },
                "hide": {
                  "hideWhenExpression": "outcomePatient !=='160429AAAAAAAAAAAAAAAAAAAAAAAAAAAAAA'"
                }
              },
              {
                "label": "Reffered For?",
                "type": "obs",
                "id": "refferalsOrderd",
                "questionOptions": {
                  "concept": "160632AAAAAAAAAAAAAAAAAAAAAAAAAAAAAA",
                  "rendering": "textarea"
                },
                "hide": {
                  "hideWhenExpression": "outcomePatient !=='1693AAAAAAAAAAAAAAAAAAAAAAAAAAAAAAAA'"
                }
              },
              {
                "label": "Referred to?",
                "type": "obs",
                "id": "referralTo",
                "questionOptions": {
                  "concept": "163145AAAAAAAAAAAAAAAAAAAAAAAAAAAAAA",
                  "rendering": "select",
                  "answers": [
                    {
                      "concept": "164407AAAAAAAAAAAAAAAAAAAAAAAAAAAAAA",
                      "label": "Other health facility"
                    },
                    {
                      "concept": "163266AAAAAAAAAAAAAAAAAAAAAAAAAAAAAA",
                      "label": "This health facility"
                    },
                    {
                      "concept": "4fcf003e-71cf-47a5-a967-47d24aa61092",
                      "label": "Community Health Unit"
                    }
                  ]
                },
                "hide": {
                  "hideWhenExpression": "outcomePatient !=='1693AAAAAAAAAAAAAAAAAAAAAAAAAAAAAAAA'"
                }
              },
              {
                "label": "Transfer to Facility:",
                "type": "obs",
                "id": "transferToFacility",
                "questionOptions": {
                  "concept": "159495AAAAAAAAAAAAAAAAAAAAAAAAAAAAAA",
                  "rendering": "encounterLocation"
                },
                "hide": {
                  "hideWhenExpression": "referralTo !=='164407AAAAAAAAAAAAAAAAAAAAAAAAAAAAAA'"
                }
              },
              {
                "label": "Service Referred for:",
                "type": "obs",
                "id": "thisfacility",
                "questionOptions": {
                  "concept": "162724AAAAAAAAAAAAAAAAAAAAAAAAAAAAAA",
                  "rendering": "text"
                },
                "hide": {
                  "hideWhenExpression": "referralTo !=='163266AAAAAAAAAAAAAAAAAAAAAAAAAAAAAA'"
                }
              }
            ]
          },
          {
            "label": "Admission Details",
            "isExpanded": "true",
            "questions": [
              {
                "label": "Date of Admission",
                "type": "obs",
                "id": "dateOfPatientAdmission",
                "questionOptions": {
                  "concept": "1640AAAAAAAAAAAAAAAAAAAAAAAAAAAAAAAA",
                  "rendering": "date"
                },
                "hide": {
                  "hideWhenExpression": "outcomePatient !== '1654AAAAAAAAAAAAAAAAAAAAAAAAAAAAAAAA'"
                },
                "validators": [
                  {
                    "type": "date",
                    "allowFutureDates": "false"
                  }
                ]
              },
              {
                "label": "Reason for admission",
                "type": "obs",
                "id": "admiPatientReason",
                "questionOptions": {
                  "concept": "162879AAAAAAAAAAAAAAAAAAAAAAAAAAAAAA",
                  "rendering": "text"
                },
                "hide": {
                  "hideWhenExpression": "outcomePatient !== '1654AAAAAAAAAAAAAAAAAAAAAAAAAAAAAAAA'"
                }
              },
              {
                "label": "Type of Admission?",
                "type": "obs",
                "id": "admissionType",
                "questionOptions": {
                  "concept": "162477AAAAAAAAAAAAAAAAAAAAAAAAAAAAAA",
                  "rendering": "radio",
                  "answers": [
                    {
                      "concept": "164180AAAAAAAAAAAAAAAAAAAAAAAAAAAAAA",
                      "label": "New"
                    },
                    {
                      "concept": "159833AAAAAAAAAAAAAAAAAAAAAAAAAAAAAA",
                      "label": "Readmission"
                    }
                  ]
                },
                "hide": {
                  "hideWhenExpression": "outcomePatient !== '1654AAAAAAAAAAAAAAAAAAAAAAAAAAAAAAAA'"
                }
              },
              {
                "label": "Priority of Admission?",
                "type": "obs",
                "id": "priorityOfAdmission",
                "questionOptions": {
                  "concept": "1655AAAAAAAAAAAAAAAAAAAAAAAAAAAAAAAA",
                  "rendering": "radio",
                  "answers": [
                    {
                      "concept": "160473AAAAAAAAAAAAAAAAAAAAAAAAAAAAAA",
                      "label": "Emergency"
                    },
                    {
                      "concept": "159310AAAAAAAAAAAAAAAAAAAAAAAAAAAAAA",
                      "label": "Direct"
                    },
                    {
                      "concept": "242d8a86-47d2-433c-b393-5d1dc43b96ec",
                      "label": "Scheduled"
                    }
                  ]
                },
                "hide": {
                  "hideWhenExpression": "admissionType !== '164180AAAAAAAAAAAAAAAAAAAAAAAAAAAAAA'"
                }
              },
              {
                "label": "Priority of Admission?",
                "type": "obs",
                "id": "priorityOfAdmissionReadmit",
                "questionOptions": {
                  "concept": "1655AAAAAAAAAAAAAAAAAAAAAAAAAAAAAAAA",
                  "rendering": "radio",
                  "answers": [
                    {
                      "concept": "160473AAAAAAAAAAAAAAAAAAAAAAAAAAAAAA",
                      "label": "Emergency"
                    },
                    {
                      "concept": "159310AAAAAAAAAAAAAAAAAAAAAAAAAAAAAA",
                      "label": "Direct"
                    },
                    {
                      "concept": "242d8a86-47d2-433c-b393-5d1dc43b96ec",
                      "label": "Scheduled"
                    }
                  ]
                },
                "hide": {
                  "hideWhenExpression": "admissionType !== '159833AAAAAAAAAAAAAAAAAAAAAAAAAAAAAA'"
                }
              },
              {
                "label": "Admission Ward",
                "type": "obs",
                "id": "admissionWardMale",
                "questionOptions": {
                  "concept": "5fc29316-0869-4b3b-ae2f-cc37c6014eb7",
                  "rendering": "select",
                  "answers": [
                    {
                      "concept": "b665252a-06f5-401b-872b-d197e79cfc65",
                      "label": "Male Medical"
                    },
                    {
                      "concept": "c3e4d9e6-8555-4b61-a2ed-e3b8c2d407e1",
                      "label": "Male Surgical"
                    },
                    {
                      "concept": "161629AAAAAAAAAAAAAAAAAAAAAAAAAAAAAA",
                      "label": "Observation Ward"
                    },
                    {
                      "concept": "162680AAAAAAAAAAAAAAAAAAAAAAAAAAAAAA",
                      "label": "Recovery Ward"
                    },
                    {
                      "concept": "71f67c66-3efc-4532-b4fb-b1e5db28f2b2",
                      "label": "Psychiatric Ward"
                    },
                    {
                      "concept": "8e0f5466-7646-44ff-b049-a17572fb26b0",
                      "label": "Isolation Ward"
                    },
                    {
                      "concept": "161936AAAAAAAAAAAAAAAAAAAAAAAAAAAAAA",
                      "label": "Intensive Care Unit"
                    },
                    {
                      "concept": "1fdfb8bd-cbe2-484e-aeda-5160b0f6ba09",
                      "label": "Amenity Ward "
                    },
                    {
                      "concept": "167396AAAAAAAAAAAAAAAAAAAAAAAAAAAAAA",
                      "label": "High Dependecy Unit"
                    }
                  ]
                },
                "hide": {
                  "hideWhenExpression": "outcomePatient !=='1654AAAAAAAAAAAAAAAAAAAAAAAAAAAAAAAA' || sex !== 'M' ||!(age >12) "
                }
              },
              {
                "label": "Admission Ward",
                "type": "obs",
                "id": "admissionWardFemale",
                "questionOptions": {
                  "concept": "5fc29316-0869-4b3b-ae2f-cc37c6014eb7",
                  "rendering": "select",
                  "answers": [
                    {
                      "concept": "0d0ff617-7e40-475c-b010-2376c8a13684",
                      "label": "Female medical"
                    },
                    {
                      "concept": "24cb4537-f5c5-4e3b-8cdb-1d8369e623ce",
                      "label": "Female Surgical"
                    },
                    {
                      "concept": "90462a4e-a449-4c39-87b2-ddff230ec175",
                      "label": "Maternity Ward"
                    },
                    {
                      "concept": "164835AAAAAAAAAAAAAAAAAAAAAAAAAAAAAA",
                      "label": "Labor and Delivery Unit"
                    },
                    {
                      "concept": "161629AAAAAAAAAAAAAAAAAAAAAAAAAAAAAA",
                      "label": "Observation Ward"
                    },
                    {
                      "concept": "162680AAAAAAAAAAAAAAAAAAAAAAAAAAAAAA",
                      "label": "Recovery Ward"
                    },
                    {
                      "concept": "71f67c66-3efc-4532-b4fb-b1e5db28f2b2",
                      "label": "Psychiatric Ward"
                    },
                    {
                      "concept": "8e0f5466-7646-44ff-b049-a17572fb26b0",
                      "label": "Isolation Ward"
                    },
                    {
                      "concept": "161936AAAAAAAAAAAAAAAAAAAAAAAAAAAAAA",
                      "label": "Intensive Care Unit"
                    },
                    {
                      "concept": "1fdfb8bd-cbe2-484e-aeda-5160b0f6ba09",
                      "label": "Amenity Ward "
                    },
                    {
                      "concept": "123e624b-f460-4877-8ea9-2ea61b7146a2",
                      "label": "Gynaecological Ward"
                    },
                    {
                      "concept": "167396AAAAAAAAAAAAAAAAAAAAAAAAAAAAAA",
                      "label": "High Dependecy Unit"
                    }
                  ]
                },
                "hide": {
                  "hideWhenExpression": "outcomePatient !=='1654AAAAAAAAAAAAAAAAAAAAAAAAAAAAAAAA' || sex !== 'F' || !(age >12) "
                }
              },
              {
                "label": "Admission Ward",
                "type": "obs",
                "id": "admissionWardChild",
                "questionOptions": {
                  "concept": "5fc29316-0869-4b3b-ae2f-cc37c6014eb7",
                  "rendering": "select",
                  "answers": [
                    {
                      "concept": "385e4ad3-be6b-4b71-bb46-12f494d7fe3e",
                      "label": "Pediatric Ward"
                    },
                    {
                      "concept": "db1ba5ed-1da0-430d-9744-4dcc006f98b0",
                      "label": "Surgical Ward"
                    },
                    {
                      "concept": "162680AAAAAAAAAAAAAAAAAAAAAAAAAAAAAA",
                      "label": "Recovery Ward"
                    },
                    {
                      "concept": "71f67c66-3efc-4532-b4fb-b1e5db28f2b2",
                      "label": "Psychiatric Ward"
                    },
                    {
                      "concept": "8e0f5466-7646-44ff-b049-a17572fb26b0",
                      "label": "Isolation Ward"
                    },
                    {
                      "concept": "161936AAAAAAAAAAAAAAAAAAAAAAAAAAAAAA",
                      "label": "Intensive Care Unit"
                    },
                    {
                      "concept": "1fdfb8bd-cbe2-484e-aeda-5160b0f6ba09",
                      "label": "Amenity Ward "
                    },
                    {
                      "concept": "167396AAAAAAAAAAAAAAAAAAAAAAAAAAAAAA",
                      "label": "High Dependecy Unit"
                    }
                  ]
                },
                "hide": {
                  "hideWhenExpression": "outcomePatient !=='1654AAAAAAAAAAAAAAAAAAAAAAAAAAAAAAAA' ||  !(age >=0.0766613962 && age <=12)"
                }
              },
              {
                "label": "Admission Ward",
                "type": "obs",
                "id": "admissionWardneonates",
                "questionOptions": {
                  "concept": "5fc29316-0869-4b3b-ae2f-cc37c6014eb7",
                  "rendering": "select",
                  "answers": [
                    {
                      "concept": "db1ba5ed-1da0-430d-9744-4dcc006f98b0",
                      "label": "Surgical Ward"
                    },
                    {
                      "concept": "162680AAAAAAAAAAAAAAAAAAAAAAAAAAAAAA",
                      "label": "Recovery Ward"
                    },
                    {
                      "concept": "71f67c66-3efc-4532-b4fb-b1e5db28f2b2",
                      "label": "Psychiatric Ward"
                    },
                    {
                      "concept": "8e0f5466-7646-44ff-b049-a17572fb26b0",
                      "label": "Isolation Ward"
                    },
                    {
                      "concept": "161936AAAAAAAAAAAAAAAAAAAAAAAAAAAAAA",
                      "label": "Intensive Care Unit"
                    },
                    {
                      "concept": "1fdfb8bd-cbe2-484e-aeda-5160b0f6ba09",
                      "label": "Amenity Ward "
                    },
                    {
                      "concept": "a7fe93d1-2fd3-4738-acf8-d98626efe4a2",
                      "label": "Nursery Unit/Newborn Unit"
                    },
                    {
                      "concept": "167396AAAAAAAAAAAAAAAAAAAAAAAAAAAAAA",
                      "label": "High Dependecy Unit"
                    },
                    {
                      "concept": "165644AAAAAAAAAAAAAAAAAAAAAAAAAAAAAA",
                      "label": "Neonatal Intensive Care Unit"
                    }
                  ]
                },
                "hide": {
                  "hideWhenExpression": "outcomePatient !=='1654AAAAAAAAAAAAAAAAAAAAAAAAAAAAAAAA' || !(age < 0.0766613962)"
                }
              },
              {
                "label": "Type of hospital stay?",
                "type": "obs",
                "id": "hospitalStay",
                "questionOptions": {
                  "concept": "1896AAAAAAAAAAAAAAAAAAAAAAAAAAAAAAAA",
                  "rendering": "radio",
                  "answers": [
                    {
                      "concept": "1072AAAAAAAAAAAAAAAAAAAAAAAAAAAAAAAA",
                      "label": "Daycase"
                    },
                    {
                      "concept": "161018AAAAAAAAAAAAAAAAAAAAAAAAAAAAAA",
                      "label": "Overnight"
                    },
                    {
                      "concept": "1275AAAAAAAAAAAAAAAAAAAAAAAAAAAAAAAA",
                      "label": "Longer stay"
                    }
                  ]
                },
                "hide": {
                  "hideWhenExpression": "outcomePatient !=='1654AAAAAAAAAAAAAAAAAAAAAAAAAAAAAAAA'"
                }
              },
              {
                "label": "Admitting Doctor:",
                "type": "encounterProvider",
                "id": "admittingDoctor ",
                "default": "",
                "questionOptions": {
                  "rendering": "ui-select-extended"
                },
                "hide": {
                  "hideWhenExpression": "outcomePatient !=='1654AAAAAAAAAAAAAAAAAAAAAAAAAAAAAAAA'"
                }
              }
            ]
          }
        ]
      }
    ],
    "processor": "EncounterFormProcessor",
    "encounterType": "465a92f2-baf8-42e9-9612-53064be868e8",
    "referencedForms": []
  }