{
  "name": "Cardex Nursing Plan",
  "description": "Cardex Nursing Plan Form",
  "version": "1",
  "published": true,
  "uuid": "1f81d5e2-3569-40cf-bbb9-361a53ba409b",
  "retired": false,
  "encounter": "Nursing Cardex",
  "pages": [
    {
      "label": "Visit Details",
      "sections": [
        {
          "label": "Encounter Details",
          "isExpanded": "true",
          "questions": [
            {
              "label": "Visit date:",
              "type": "encounterDatetime",
              "required": "true",
              "id": "encDate",
              "questionOptions": {
                "rendering": "date"
              },
              "validators": [
                {
                  "type": "date",
                  "allowFutureDates": "false"
                }
              ]
            },
            {
              "label": "Provider:",
              "type": "encounterProvider",
              "questionOptions": {
                "rendering": "ui-select-extended"
              },
              "id": "encProvider "
            },
            {
              "label": "Location:",
              "type": "encounterLocation",
              "questionOptions": {
                "rendering": "ui-select-extended"
              },
              "id": "encLocation"
            }
          ]
        }
      ]
    },
    {
      "label": "Social History",
      "sections": [
        {
          "label": "Social History",
          "isExpanded": "true",
          "questions": [
            {
              "label": "Social History Taking",
              "type": "obsGroup",
              "questionOptions": {
                "rendering": "group",
                "concept": "160531AAAAAAAAAAAAAAAAAAAAAAAAAAAAAA"
              },
              "questions": [
                {
                  "label": "Tobacco Use?",
                  "type": "obs",
                  "id": "tobaCCoUse",
                  "questionOptions": {
                    "concept": "163731AAAAAAAAAAAAAAAAAAAAAAAAAAAAAA",
                    "rendering": "radio",
                    "answers": [
                      {
                        "concept": "1065AAAAAAAAAAAAAAAAAAAAAAAAAAAAAAAA",
                        "label": "Yes"
                      },
                      {
                        "concept": "1066AAAAAAAAAAAAAAAAAAAAAAAAAAAAAAAA",
                        "label": "No"
                      }
                    ]
                  }
                },
                {
                  "label": "Alcohol Use?",
                  "type": "obs",
                  "id": "tobaCCoUse",
                  "questionOptions": {
                    "concept": "159449AAAAAAAAAAAAAAAAAAAAAAAAAAAAAA",
                    "rendering": "radio",
                    "answers": [
                      {
                        "concept": "1065AAAAAAAAAAAAAAAAAAAAAAAAAAAAAAAA",
                        "label": "Yes"
                      },
                      {
                        "concept": "1066AAAAAAAAAAAAAAAAAAAAAAAAAAAAAAAA",
                        "label": "No"
                      }
                    ]
                  }
                },
                {
                  "label": "Substance Use?",
                  "type": "obs",
                  "id": "suBstaNceUse",
                  "questionOptions": {
                    "concept": "160246AAAAAAAAAAAAAAAAAAAAAAAAAAAAAA",
                    "rendering": "radio",
                    "answers": [
                      {
                        "concept": "1065AAAAAAAAAAAAAAAAAAAAAAAAAAAAAAAA",
                        "label": "Yes"
                      },
                      {
                        "concept": "1066AAAAAAAAAAAAAAAAAAAAAAAAAAAAAAAA",
                        "label": "No"
                      }
                    ]
                  }
                },
                {
                  "label": "Any recent travels?",
                  "type": "obs",
                  "id": "rEceNtRavels",
                  "questionOptions": {
                    "concept": "165656AAAAAAAAAAAAAAAAAAAAAAAAAAAAAA",
                    "rendering": "radio",
                    "answers": [
                      {
                        "concept": "1065AAAAAAAAAAAAAAAAAAAAAAAAAAAAAAAA",
                        "label": "Yes"
                      },
                      {
                        "concept": "1066AAAAAAAAAAAAAAAAAAAAAAAAAAAAAAAA",
                        "label": "No"
                      }
                    ]
                  }
                },
                {
                  "label": "Living with Pets/any contact with animal?",
                  "type": "obs",
                  "id": "livingCondiTions",
                  "questionOptions": {
                    "concept": "165834AAAAAAAAAAAAAAAAAAAAAAAAAAAAAA",
                    "rendering": "radio",
                    "answers": [
                      {
                        "concept": "1065AAAAAAAAAAAAAAAAAAAAAAAAAAAAAAAA",
                        "label": "Yes"
                      },
                      {
                        "concept": "1066AAAAAAAAAAAAAAAAAAAAAAAAAAAAAAAA",
                        "label": "No"
                      }
                    ]
                  }
                }
              ]
            }
          ]
        }
      ]
    },
    {
      "label": "OBS/Gynae History",
      "sections": [
        {
          "label": "OBS/Gynae History",
          "isExpanded": "true",
          "questions": [
            {
              "label": "LMP Date",
              "type": "obs",
              "id": "lmPdAte",
              "questionOptions": {
                "concept": "1427AAAAAAAAAAAAAAAAAAAAAAAAAAAAAAAA",
                "rendering": "date"
              },
              "historicalExpression": "_.isEmpty(HD.getObject('prevEnc').getValue('1427AAAAAAAAAAAAAAAAAAAAAAAAAAAAAAAA')) ? undefined : HD.getObject('prevEnc').getValue('1427AAAAAAAAAAAAAAAAAAAAAAAAAAAAAAAA')",
              "validators": [
                {
                  "type": "date",
                  "allowFutureDate": "false"
                },
                {
                  "type": "js_expression",
                  "failsWhenExpression": "isEmpty(myValue) && !isEmpty(hasLMP) && hasLMP === '1065AAAAAAAAAAAAAAAAAAAAAAAAAAAAAAAA'",
                  "message": "Required!"
                },
                {
                  "type": "js_expression",
                  "failsWhenExpression": "(new moment(encDate)).isBefore((new moment(myValue)), 'day')",
                  "message": "LMP date should not be greater than the encounter date."
                }
              ],
              "hide": {
                "hideWhenExpression": "sex !== 'F' || age < 15"
              }
            },
            {
              "label": "Parity Abortion",
              "type": "obs",
              "id": "pariTyabOrtioN",
              "questionOptions": {
                "concept": "1823AAAAAAAAAAAAAAAAAAAAAAAAAAAAAAAA",
                "rendering": "number",
                "min": "0"
              },
              "hide": {
                "hideWhenExpression": "sex !== 'F' || age < 15"
              }
            },
            {
              "label": "Gravida:",
              "type": "obs",
              "id": "graVidA",
              "questionOptions": {
                "concept": "5624AAAAAAAAAAAAAAAAAAAAAAAAAAAAAAAA",
                "rendering": "number",
                "calculate": {
                  "calculateExpression": "(+parItYtErm + +pariTyabOrtioN) +1"
                }
              },
              "hide": {
                "hideWhenExpression": "sex !== 'F' || age < 15"
              }
            },
            {
              "label": "EDD:",
              "type": "obs",
              "id": "patientEdd",
              "questionOptions": {
                "concept": "5596AAAAAAAAAAAAAAAAAAAAAAAAAAAAAAAA",
                "rendering": "date"
              },
              "validators": [
                {
                  "type": "date",
                  "allowFutureDates": "true"
                },
                {
                  "type": "js_expression",
                  "failsWhenExpression": "(new moment(encDate)).isAfter((new moment(myValue)), 'day')",
                  "message": "EDD date should be greater than the encounter date."
                }
              ],
              "hide": {
                "hideWhenExpression": "sex !== 'F' || age < 15"
              }
            }
          ]
        }
      ]
    },
    {
      "label": "Pediatric History",
      "sections": [
        {
          "label": "Pediatric History",
          "isExpanded": "true",
          "questions": [
            {
              "label": "Gestational Age",
              "type": "obs",
              "id": "maturity",
              "questionOptions": {
                "concept": "1438AAAAAAAAAAAAAAAAAAAAAAAAAAAAAAAA",
                "rendering": "number",
                "min": "0",
                "max": "45"
              },
              "hide": {
                "hideWhenExpression": "age > 1"
              }
            },
            {
              "label": "Mode of Delivery:",
              "type": "obs",
              "id": "deliveryMode",
              "questionOptions": {
                "concept": "5630AAAAAAAAAAAAAAAAAAAAAAAAAAAAAAAA",
                "rendering": "select",
                "answers": [
                  {
                    "concept": "1170AAAAAAAAAAAAAAAAAAAAAAAAAAAAAAAA",
                    "label": "Spontaneous vaginal delivery"
                  },
                  {
                    "concept": "159260AAAAAAAAAAAAAAAAAAAAAAAAAAAAAA",
                    "label": "vacuum extractor delivery"
                  },
                  {
                    "concept": "159901AAAAAAAAAAAAAAAAAAAAAAAAAAAAAA",
                    "label": "Forceps delivery"
                  },
                  {
                    "concept": "1172AAAAAAAAAAAAAAAAAAAAAAAAAAAAAAAA",
                    "label": "Breech delivery"
                  },
                  {
                    "concept": "155886AAAAAAAAAAAAAAAAAAAAAAAAAAAAAA",
                    "label": "Elective Cesarean section"
                  },
                  {
                    "concept": "159739AAAAAAAAAAAAAAAAAAAAAAAAAAAAAA",
                    "label": "Emergency Cesarean section"
                  }
                ]
              },
              "hide": {
                "hideWhenExpression": "age > 1"
              }
            },
            {
              "label": "Birth Weight",
              "type": "obs",
              "id": "birtWeight",
              "questionOptions": {
                "concept": "5916AAAAAAAAAAAAAAAAAAAAAAAAAAAAAAAA",
                "rendering": "number",
                "min": "0",
                "max": "0"
              },
              "hide": {
                "hideWhenExpression": "age > 1"
              }
            }
          ]
        },
        {
          "label": "Neonatal period",
          "isExpanded": "true",
          "questions": [
            {
              "label": "Did the child have any neonatal problems?",
              "type": "obs",
              "id": "prOblemSneOn",
              "questionOptions": {
                "concept": "164122AAAAAAAAAAAAAAAAAAAAAAAAAAAAAAAA",
                "rendering": "checkbox",
                "answers": [
                  {
                    "concept": "1107AAAAAAAAAAAAAAAAAAAAAAAAAAAAAAAA",
                    "label": "None"
                  },
                  {
                    "concept": "115368AAAAAAAAAAAAAAAAAAAAAAAAAAAAAAAA",
                    "label": "Jaundice",
                    "disableWhenExpression": "myValue === '1107AAAAAAAAAAAAAAAAAAAAAAAAAAAAAAAA'"
                  },
                  {
                    "concept": "157902AAAAAAAAAAAAAAAAAAAAAAAAAAAAAAAA",
                    "label": "Cyanosis",
                    "disableWhenExpression": "myValue === '1107AAAAAAAAAAAAAAAAAAAAAAAAAAAAAAAA'"
                  },
                  {
                    "concept": "127639AAAAAAAAAAAAAAAAAAAAAAAAAAAAAAAA",
                    "label": "Respiratory distress",
                    "disableWhenExpression": "myValue === '1107AAAAAAAAAAAAAAAAAAAAAAAAAAAAAAAA'"
                  },
                  {
                    "concept": "143388AAAAAAAAAAAAAAAAAAAAAAAAAAAAAA",
                    "label": "Fits",
                    "disableWhenExpression": "myValue === '1107AAAAAAAAAAAAAAAAAAAAAAAAAAAAAAAA'"
                  },
                  {
                    "concept": "140474AAAAAAAAAAAAAAAAAAAAAAAAAAAAAA",
                    "label": "Feeding Problems",
                    "disableWhenExpression": "myValue === '1107AAAAAAAAAAAAAAAAAAAAAAAAAAAAAAAA'"
                  }
                ]
              },
              "hide": {
                "hideWhenExpression": "age > 1"
              }
            },
            {
              "label": "Immunization History",
              "type": "obs",
              "id": "iMMuNHist",
              "questionOptions": {
                "concept": "164464AAAAAAAAAAAAAAAAAAAAAAAAAAAAAA",
                "rendering": "select",
                "answers": [
                  {
                    "concept": "164463AAAAAAAAAAAAAAAAAAAAAAAAAAAAAA",
                    "label": "Not Started"
                  },
                  {
                    "concept": "5585AAAAAAAAAAAAAAAAAAAAAAAAAAAAAA",
                    "label": "Immunization up to date"
                  },
                  {
                    "concept": "164468AAAAAAAAAAAAAAAAAAAAAAAAAAAAAA",
                    "label": "Not up to date with immunizations"
                  },
                  {
                    "concept": "164134AAAAAAAAAAAAAAAAAAAAAAAAAAAAAA",
                    "label": "Completed"
                  }
                ]
              },
              "hide": {
                "hideWhenExpression": "age > 1"
              }
            },
            {
              "label": "Developmental Milestone History",
              "type": "obs",
              "id": "deVhistOry",
              "questionOptions": {
                "concept": "167871AAAAAAAAAAAAAAAAAAAAAAAAAAAAAA",
                "rendering": "radio",
                "answers": [
                  {
                    "concept": "167870AAAAAAAAAAAAAAAAAAAAAAAAAAAAAA",
                    "label": "Achieved"
                  },
                  {
                    "concept": "6022AAAAAAAAAAAAAAAAAAAAAAAAAAAAAA",
                    "label": "Delayed(Specify)"
                  },
                  {
                    "concept": "6025AAAAAAAAAAAAAAAAAAAAAAAAAAAAAA",
                    "label": "Regressed(Specify)"
                  }
                ]
              },
              "hide": {
                "hideWhenExpression": "age > 1"
              }
            },
            {
              "label": "Delayed(Specify)",
              "type": "obs",
              "id": "delaYedNotes",
              "questionOptions": {
                "concept": "164231AAAAAAAAAAAAAAAAAAAAAAAAAAAAAA",
                "rendering": "textarea"
              },
              "hide": {
                "hideWhenExpression": "deVhistOry !== '6022AAAAAAAAAAAAAAAAAAAAAAAAAAAAAA'"
              }
            },
            {
              "label": "Regressed(Specify)",
              "type": "obs",
              "id": "regRessEdNotes",
              "questionOptions": {
                "concept": "164231AAAAAAAAAAAAAAAAAAAAAAAAAAAAAA",
                "rendering": "textarea"
              },
              "hide": {
                "hideWhenExpression": "deVhistOry !== '6025AAAAAAAAAAAAAAAAAAAAAAAAAAAAAA'"
              }
            }
          ]
        },
        {
          "label": "Review of systems",
          "isExpanded": "true",
          "questions": [
            {
              "label": "System Reviews",
              "type": "obs",
              "id": "allsystemReview",
              "questionOptions": {
                "concept": "1069AAAAAAAAAAAAAAAAAAAAAAAAAAAAAAAA",
                "rendering": "checkbox",
                "answers": [
                  {
                    "concept": "1119AAAAAAAAAAAAAAAAAAAAAAAAAAAAAAAA",
                    "label": "Physical Assessment"
                  },
                  {
                    "concept": "160981AAAAAAAAAAAAAAAAAAAAAAAAAAAAAA",
                    "label": "Skin"
                  },
                  {
                    "concept": "163046AAAAAAAAAAAAAAAAAAAAAAAAAAAAAAAAA",
                    "label": "CVS"
                  },
                  {
                    "concept": "160689AAAAAAAAAAAAAAAAAAAAAAAAAAAAAAAA",
                    "label": "Respiratory"
                  },
                  {
                    "concept": "1078AAAAAAAAAAAAAAAAAAAAAAAAAAAAAAAA",
                    "label": "Gastrointestinal"
                  },
                  {
                    "concept": "166363AAAAAAAAAAAAAAAAAAAAAAAAAAAAAA",
                    "label": "Genitourinary"
                  },
                  {
                    "concept": "133613AAAAAAAAAAAAAAAAAAAAAAAAAAAAAA",
                    "label": "Musculoskeletal"
                  }
                ]
              },
              "hide": {
                "hideWhenExpression": "syStemsRevieW !=='1116AAAAAAAAAAAAAAAAAAAAAAAAAAAAAAAA'"
              }
            },
            {
              "label": "Physical Assessment findings:",
              "required": "true",
              "type": "obs",
              "questionOptions": {
                "rendering": "checkbox",
                "concept": "162737AAAAAAAAAAAAAAAAAAAAAAAAAAAAAA",
                "answers": [
                  {
                    "concept": "1107AAAAAAAAAAAAAAAAAAAAAAAAAAAAAAAA",
                    "label": "None"
                  },
                  {
                    "concept": "136443AAAAAAAAAAAAAAAAAAAAAAAAAAAAAA",
                    "label": "Jaundice",
                    "disableWhenExpression": "myValue === '1107AAAAAAAAAAAAAAAAAAAAAAAAAAAAAAAA'"
                  },
                  {
                    "concept": "460AAAAAAAAAAAAAAAAAAAAAAAAAAAAAAAAA",
                    "label": "Oedema",
                    "disableWhenExpression": "myValue === '1107AAAAAAAAAAAAAAAAAAAAAAAAAAAAAAAA'"
                  },
                  {
                    "concept": "5334AAAAAAAAAAAAAAAAAAAAAAAAAAAAAAAA",
                    "label": "Oral thrush",
                    "disableWhenExpression": "myValue === '1107AAAAAAAAAAAAAAAAAAAAAAAAAAAAAAAA'"
                  },
                  {
                    "concept": "5245AAAAAAAAAAAAAAAAAAAAAAAAAAAAAAAA",
                    "label": "Pallor",
                    "disableWhenExpression": "myValue === '1107AAAAAAAAAAAAAAAAAAAAAAAAAAAAAAAA'"
                  },
                  {
                    "concept": "140125AAAAAAAAAAAAAAAAAAAAAAAAAAAAAA",
                    "label": "Finger Clubbing",
                    "disableWhenExpression": "myValue === '1107AAAAAAAAAAAAAAAAAAAAAAAAAAAAAAAA'"
                  },
                  {
                    "concept": "126952AAAAAAAAAAAAAAAAAAAAAAAAAAAAAA",
                    "label": "Lymph Node Axillary",
                    "disableWhenExpression": "myValue === '1107AAAAAAAAAAAAAAAAAAAAAAAAAAAAAAAA'"
                  },
                  {
                    "concept": "143050AAAAAAAAAAAAAAAAAAAAAAAAAAAAAA",
                    "label": "Cyanosis",
                    "disableWhenExpression": "myValue === '1107AAAAAAAAAAAAAAAAAAAAAAAAAAAAAAAA'"
                  },
                  {
                    "concept": "126939AAAAAAAAAAAAAAAAAAAAAAAAAAAAAA",
                    "label": "Lymph Nodes Inguinal",
                    "disableWhenExpression": "myValue === '1107AAAAAAAAAAAAAAAAAAAAAAAAAAAAAAAA'"
                  },
                  {
                    "concept": "823AAAAAAAAAAAAAAAAAAAAAAAAAAAAAAAAA",
                    "label": "Wasting",
                    "disableWhenExpression": "myValue === '1107AAAAAAAAAAAAAAAAAAAAAAAAAAAAAAAA'"
                  },
                  {
                    "concept": "142630AAAAAAAAAAAAAAAAAAAAAAAAAAAAAA",
                    "label": "Dehydration",
                    "disableWhenExpression": "myValue === '1107AAAAAAAAAAAAAAAAAAAAAAAAAAAAAAAA'"
                  },
                  {
                    "concept": "116334AAAAAAAAAAAAAAAAAAAAAAAAAAAAAA",
                    "label": "Lethargic",
                    "disableWhenExpression": "myValue === '1107AAAAAAAAAAAAAAAAAAAAAAAAAAAAAAAA'"
                  }
                ]
              },
              "validators": [],
              "hide": {
                "hideWhenExpression": "!arrayContains(allsystemReview, '1119AAAAAAAAAAAAAAAAAAAAAAAAAAAAAAAA')"
              },
              "id": "genExamFindings"
            },
            {
              "label": "Skin findings",
              "type": "obs",
              "id": "SkinFinDings",
              "questionOptions": {
                "concept": "1120AAAAAAAAAAAAAAAAAAAAAAAAAAAAAAAA",
                "rendering": "checkbox",
                "answers": [
                  {
                    "concept": "125201AAAAAAAAAAAAAAAAAAAAAAAAAAAAAA",
                    "label": "Swelling/Growth"
                  },
                  {
                    "concept": "1249AAAAAAAAAAAAAAAAAAAAAAAAAAAAAAAA",
                    "label": "Skin eruptions/Rashes"
                  },
                  {
                    "concept": "135591AAAAAAAAAAAAAAAAAAAAAAAAAAAAAA",
                    "label": "Hair Loss"
                  },
                  {
                    "concept": "5244AAAAAAAAAAAAAAAAAAAAAAAAAAAAAAAA",
                    "label": "Oral sores"
                  },
                  {
                    "concept": "507AAAAAAAAAAAAAAAAAAAAAAAAAAAAAAAAA",
                    "label": "Kaposi Sarcoma"
                  },
                  {
                    "concept": "136455AAAAAAAAAAAAAAAAAAAAAAAAAAAAAA",
                    "label": "Itching"
                  },
                  {
                    "concept": "150555AAAAAAAAAAAAAAAAAAAAAAAAAAAAAA",
                    "label": "Abscess"
                  }
                ]
              },
              "hide": {
                "hideWhenExpression": "!arrayContains(allsystemReview, '160981AAAAAAAAAAAAAAAAAAAAAAAAAAAAAA')"
              }
            },
            {
              "label": "Skin finding notes",
              "type": "obs",
              "id": "SkInNotes",
              "questionOptions": {
                "concept": "160981AAAAAAAAAAAAAAAAAAAAAAAAAAAAAA",
                "rendering": "textarea"
              },
              "hide": {
                "hideWhenExpression": "!arrayContains(allsystemReview, '160981AAAAAAAAAAAAAAAAAAAAAAAAAAAAAA')"
              }
            },
            {
              "label": "CVS findings",
              "type": "obs",
              "id": "CvSfiNdInGs",
              "questionOptions": {
                "concept": "1124AAAAAAAAAAAAAAAAAAAAAAAAAAAAAAAA",
                "rendering": "checkbox",
                "answers": [
                  {
                    "concept": "562AAAAAAAAAAAAAAAAAAAAAAAAAAAAAAAAA",
                    "label": "Cardiac murmur"
                  },
                  {
                    "concept": "130560AAAAAAAAAAAAAAAAAAAAAAAAAAAAAA",
                    "label": "Cardiac rub"
                  },
                  {
                    "concept": "136522AAAAAAAAAAAAAAAAAAAAAAAAAAAAAA",
                    "label": "Irregular heartbeat"
                  },
                  {
                    "concept": "140147AAAAAAAAAAAAAAAAAAAAAAAAAAAAAA",
                    "label": "Elevated blood pressure"
                  }
                ]
              },
              "hide": {
                "hideWhenExpression": "!arrayContains(allsystemReview, '163046AAAAAAAAAAAAAAAAAAAAAAAAAAAAAAAAA')"
              }
            },
            {
              "label": "CVS findings notes",
              "type": "obs",
              "id": "cVsNoTes",
              "questionOptions": {
                "concept": "163046AAAAAAAAAAAAAAAAAAAAAAAAAAAAAA",
                "rendering": "textarea"
              },
              "hide": {
                "hideWhenExpression": "!arrayContains(allsystemReview, '163046AAAAAAAAAAAAAAAAAAAAAAAAAAAAAAAAA')"
              }
            },
            {
              "label": "Respiratory findings",
              "type": "obs",
              "id": "cHeStFindinGs",
              "questionOptions": {
                "concept": "1123AAAAAAAAAAAAAAAAAAAAAAAAAAAAAAAA",
                "rendering": "checkbox",
                "answers": [
                  {
                    "concept": "5209AAAAAAAAAAAAAAAAAAAAAAAAAAAAAAAA",
                    "label": "Wheezing"
                  },
                  {
                    "concept": "127639AAAAAAAAAAAAAAAAAAAAAAAAAAAAAA",
                    "label": "Respiratory distress"
                  },
                  {
                    "concept": "127640AAAAAAAAAAAAAAAAAAAAAAAAAAAAAA",
                    "label": "Crackles"
                  },
                  {
                    "concept": "145712AAAAAAAAAAAAAAAAAAAAAAAAAAAAAA",
                    "label": "Dullness"
                  },
                  {
                    "concept": "164440AAAAAAAAAAAAAAAAAAAAAAAAAAAAAA",
                    "label": "Reduced breathing"
                  },
                  {
                    "concept": "146893AAAAAAAAAAAAAAAAAAAAAAAAAAAAAA",
                    "label": "Bronchial breathing"
                  }
                ]
              },
              "hide": {
                "hideWhenExpression": "!arrayContains(allsystemReview, '160689AAAAAAAAAAAAAAAAAAAAAAAAAAAAAAAA')"
              }
            },
            {
              "label": "Respiratory findings",
              "type": "obs",
              "id": "childRespirationFindinGs",
              "questionOptions": {
                "concept": "1123AAAAAAAAAAAAAAAAAAAAAAAAAAAAAAAA",
                "rendering": "checkbox",
                "answers": [
                  {
                    "concept": "5209AAAAAAAAAAAAAAAAAAAAAAAAAAAAAAAA",
                    "label": "Wheezing"
                  },
                  {
                    "concept": "127639AAAAAAAAAAAAAAAAAAAAAAAAAAAAAA",
                    "label": "Respiratory distress"
                  },
                  {
                    "concept": "127640AAAAAAAAAAAAAAAAAAAAAAAAAAAAAA",
                    "label": "Crackles"
                  },
                  {
                    "concept": "145712AAAAAAAAAAAAAAAAAAAAAAAAAAAAAA",
                    "label": "Dullness"
                  },
                  {
                    "concept": "164440AAAAAAAAAAAAAAAAAAAAAAAAAAAAAA",
                    "label": "Reduced breathing"
                  },
                  {
                    "concept": "146893AAAAAAAAAAAAAAAAAAAAAAAAAAAAAA",
                    "label": "Bronchial breathing"
                  },
                  {
                    "concept": "156534AAAAAAAAAAAAAAAAAAAAAAAAAAAAAA",
                    "label": "Grunting"
                  },
                  {
                    "concept": "136790AAAAAAAAAAAAAAAAAAAAAAAAAAAAAA",
                    "label": "Stridor"
                  },
                  {
                    "concept": "136768AAAAAAAAAAAAAAAAAAAAAAAAAAAAAA",
                    "label": "Chest in-drawing"
                  }
                ]
              },
              "hide": {
                "hideWhenExpression": "!arrayContains(allsystemReview, '160689AAAAAAAAAAAAAAAAAAAAAAAAAAAAAAAA')|| !(age <=5)"
              }
            },
            {
              "label": "Respiratory findings notes",
              "type": "obs",
              "id": "ChestfiNdinGsNotes",
              "questionOptions": {
                "concept": "163042AAAAAAAAAAAAAAAAAAAAAAAAAAAAAA",
                "rendering": "textarea"
              },
              "hide": {
                "hideWhenExpression": "!arrayContains(allsystemReview, '160689AAAAAAAAAAAAAAAAAAAAAAAAAAAAAAAA')"
              }
            },
            {
              "label": "Genitourinary findings",
              "type": "obs",
              "id": "GenItourinAryFins",
              "questionOptions": {
                "concept": "1126AAAAAAAAAAAAAAAAAAAAAAAAAAAAAAAA",
                "rendering": "checkbox",
                "answers": [
                  {
                    "concept": "123529AAAAAAAAAAAAAAAAAAAAAAAAAAAAAA",
                    "label": "Urethral discharge"
                  },
                  {
                    "concept": "154311AAAAAAAAAAAAAAAAAAAAAAAAAAAAAA",
                    "label": "Rectal discharge"
                  },
                  {
                    "concept": "147241AAAAAAAAAAAAAAAAAAAAAAAAAAAAAA",
                    "label": "Bleeding"
                  },
                  {
                    "concept": "124087AAAAAAAAAAAAAAAAAAAAAAAAAAAAAA",
                    "label": "Ulceration"
                  },
                  {
                    "concept": "123396AAAAAAAAAAAAAAAAAAAAAAAAAAAAAA",
                    "label": "Vaginal discharge"
                  }
                ]
              },
              "hide": {
                "hideWhenExpression": "!arrayContains(allsystemReview, '166363AAAAAAAAAAAAAAAAAAAAAAAAAAAAAA')"
              }
            },
            {
              "label": "Genitourinary findings notes",
              "type": "obs",
              "id": "GenItouriNaryFinoTeS",
              "questionOptions": {
                "concept": "163047AAAAAAAAAAAAAAAAAAAAAAAAAAAAAA",
                "rendering": "textarea"
              },
              "hide": {
                "hideWhenExpression": "!arrayContains(allsystemReview, '166363AAAAAAAAAAAAAAAAAAAAAAAAAAAAAA')"
              }
            },
            {
              "label": "Musculoskeletal findings",
              "type": "obs",
              "id": "musculoskelatFindns",
              "questionOptions": {
                "concept": "1128AAAAAAAAAAAAAAAAAAAAAAAAAAAAAAAA",
                "rendering": "checkbox",
                "answers": [
                  {
                    "concept": "150823AAAAAAAAAAAAAAAAAAAAAAAAAAAAAA",
                    "label": "Abnormal Posture/Movement"
                  },
                  {
                    "concept": "155871AAAAAAAAAAAAAAAAAAAAAAAAAAAAAA",
                    "label": "Deformity"
                  },
                  {
                    "concept": "160395AAAAAAAAAAAAAAAAAAAAAAAAAAAAAA",
                    "label": "Restriction of movement"
                  },
                  {
                    "concept": "163851AAAAAAAAAAAAAAAAAAAAAAAAAAAAAA",
                    "label": "Muscle Wasting"
                  },
                  {
                    "concept": "116557AAAAAAAAAAAAAAAAAAAAAAAAAAAAAA",
                    "label": "Diffuse pain and tenderness"
                  },
                  {
                    "concept": "163894AAAAAAAAAAAAAAAAAAAAAAAAAAAAAA",
                    "label": "Swelling"
                  },
                  {
                    "concept": "122764AAAAAAAAAAAAAAAAAAAAAAAAAAAAAA",
                    "label": "Ulcers"
                  },
                  {
                    "concept": "167237AAAAAAAAAAAAAAAAAAAAAAAAAAAAAA",
                    "label": "Increased of local temperature"
                  },
                  {
                    "concept": "139047AAAAAAAAAAAAAAAAAAAAAAAAAAAAAA",
                    "label": "Heberdens nodes"
                  },
                  {
                    "concept": "130166AAAAAAAAAAAAAAAAAAAAAAAAAAAAAA",
                    "label": "Pitting/Non pitting oedema"
                  },
                  {
                    "concept": "152959AAAAAAAAAAAAAAAAAAAAAAAAAAAAAA",
                    "label": "Tendon sheath crepitus"
                  },
                  {
                    "concept": "136421AAAAAAAAAAAAAAAAAAAAAAAAAAAAAA",
                    "label": "Joint crepitus"
                  },
                  {
                    "concept": "115476AAAAAAAAAAAAAAAAAAAAAAAAAAAAAA",
                    "label": "Joint stiffness"
                  },
                  {
                    "concept": "115476AAAAAAAAAAAAAAAAAAAAAAAAAAAAAA",
                    "label": "Muscle weakness"
                  }
                ]
              },
              "hide": {
                "hideWhenExpression": "!arrayContains(allsystemReview, '133613AAAAAAAAAAAAAAAAAAAAAAAAAAAAAA')"
              }
            },
            {
              "label": "Musculoskeletal findings notes",
              "type": "obs",
              "id": "musculoskeletalFindingNotes",
              "questionOptions": {
                "concept": "163048AAAAAAAAAAAAAAAAAAAAAAAAAAAAAA",
                "rendering": "textarea"
              },
              "hide": {
                "hideWhenExpression": "!arrayContains(allsystemReview, '133613AAAAAAAAAAAAAAAAAAAAAAAAAAAAAA')"
              }
            }
          ]
        }
      ]
    },
    {
      "label": "Nursing Notes",
      "sections": [
        {
          "label": "Nursing Detailed Notes",
          "isExpanded": "true",
          "questions": [
            {
              "label": "Notes",
              "type": "obs",
              "id": "nursingNotes",
              "required": "true",
              "questionOptions": {
                "concept": "164231AAAAAAAAAAAAAAAAAAAAAAAAAAAAAA",
                "rendering": "textarea"
              }
            },
            {
              "label": "Medication Administered?",
              "type": "obs",
              "id": "actionTaKen",
              "questionOptions": {
                "concept": "1282AAAAAAAAAAAAAAAAAAAAAAAAAAAAAA",
                "rendering": "radio",
                "answers": [
                  {
                    "concept": "1065AAAAAAAAAAAAAAAAAAAAAAAAAAAAAAAA",
                    "label": "Yes"
                  },
                  {
                    "concept": "1066AAAAAAAAAAAAAAAAAAAAAAAAAAAAAAAA",
                    "label": "No"
                  }
                ]
              }
            },
            {
              "label": "Medication Given",
              "type": "obsGroup",
              "id": "medsRepeat",
              "questionOptions": {
                "concept": "159369AAAAAAAAAAAAAAAAAAAAAAAAAAAAAA",
                "rendering": "repeating"
              },
              "hide": {
                "hideWhenExpression": "isEmpty(actionTaKen) || actionTaKen !== '1065AAAAAAAAAAAAAAAAAAAAAAAAAAAAAAAA'"
              },
              "questions": [
                {
                  "label": "Name of Medication",
                  "type": "obs",
                  "id": "medicatIonName",
                  "required": "true",
                  "questionOptions": {
                    "concept": "164231AAAAAAAAAAAAAAAAAAAAAAAAAAAAAA",
                    "rendering": "text"
                  }
                },
                {
                  "label": "Time Taken",
                  "type": "obs",
                  "id": "TtakEn",
                  "datePickerFormat": "timer",
                  "questionOptions": {
                    "concept": "a9e7c05e-7381-4e2b-a968-05d5d6a884f6",
                    "rendering": "date"
                  }
                }
              ]
            },
            {
              "label": "Fluids Administered?",
              "type": "obs",
              "id": "actionTaKenIVfluids",
              "questionOptions": {
                "concept": "1765AAAAAAAAAAAAAAAAAAAAAAAAAAAAAAAA",
                "rendering": "radio",
                "answers": [
                  {
                    "concept": "true",
                    "label": "Yes"
                  },
                  {
                    "concept": "false",
                    "label": "No"
                  }
                ]
              }
            },
            {
              "label": "Fluids Given",
              "type": "obsGroup",
              "id": "fluiDsRepeat",
              "questionOptions": {
                "concept": "161911AAAAAAAAAAAAAAAAAAAAAAAAAAAAAA",
                "rendering": "repeating"
              },
              "hide": {
                "hideWhenExpression": "actionTaKenIVfluids !== 'true'"
              },
              "questions": [
                {
                  "label": "Name of Fluid Given",
                  "type": "obs",
                  "id": "flUidName",
                  "required": "true",
                  "questionOptions": {
                    "concept": "164231AAAAAAAAAAAAAAAAAAAAAAAAAAAAAA",
                    "rendering": "text"
                  }
                },
                {
                  "label": "Time Taken",
                  "type": "obs",
                  "id": "fluiDsTtakEn",
                  "datePickerFormat": "timer",
                  "questionOptions": {
                    "concept": "a9e7c05e-7381-4e2b-a968-05d5d6a884f6",
                    "rendering": "date"
                  }
                }
              ]
            }
          ]
        }
      ]
    }
  ],
  "encounterType": "b6569074-3b8c-43ba-bd4a-98c445405035"
}