{
	"name": "Cervical Cancer Assessment Form",
	"description": "Cervical Cancer Assessment Form",
	"version": "1",
	"published": true,
	"uuid": "48f2235ca-cc77-49cb-83e6-f526d5a5f174",
	"retired": false,
	"encounter": "Cervical cancer screening",
	"pages": [
		{
			"label": "POC Cervical Cancer Assessment ",
			"sections": [
				{
					"label": "Visit Details",
					"isExpanded": "true",
					"questions": [
						{
							"label": "Date:",
							"type": "encounterDatetime",
							"questionOptions": {
								"rendering": "ui-select-extended"
							},
							"validators": [
								{
									"type": "date",
									"allowFutureDates": "false"
								}
							],
							"id": "encDate"
						},
						{
							"label": "Provider:",
							"type": "encounterProvider",
							"questionOptions": {
								"rendering": "ui-select-extended"
							},
							"id": "encProvider "
						},
						{
							"label": "Location:",
							"type": "encounterLocation",
							"questionOptions": {
								"rendering": "ui-select-extended"
							},
							"id": "encLocation"
						}
					]
				},
				{
					"label": "Cervical Cancer Assessment",
					"isExpanded": "true",
					"questions": [
						{
							"label": "Have you been screened for cervical cancer within the past one year:",
							"type": "obs",
							"questionOptions": {
								"concept": "06398e78-0d3e-43d5-8017-f2fc3865e2e0",
								"rendering": "radio",
								"answers": [
									{
										"concept": "1066AAAAAAAAAAAAAAAAAAAAAAAAAAAAAAAA",
										"label": "No"
									},
									{
										"concept": "1065AAAAAAAAAAAAAAAAAAAAAAAAAAAAAAAA",
										"label": "Yes"
									}
								]
							},
							"id": "screened_before",
							"required": "true"
						},
						{
							"label": "Refer for screening?",
							"type": "obs",
							"questionOptions": {
								"concept": "6f886f9f-ee0a-4be0-8055-5e23af125c49",
								"rendering": "radio",
								"answers": [
									{
										"concept": "1066AAAAAAAAAAAAAAAAAAAAAAAAAAAAAAAA",
										"label": "No"
									},
									{
										"concept": "1065AAAAAAAAAAAAAAAAAAAAAAAAAAAAAAAA",
										"label": "Yes"
									}
								]
							},
							"id": "refer_for_screening",
							"required": "true"
						},
						{
							"label": "Name of Reviewing Officer",
							"type": "obs",
							"id": "nameOfficer",
							"required": "true",
							"questionOptions": {
								"concept": "844bf107-32e6-4d5d-8d40-de8978f79cb3",
								"rendering": "textarea"
							}
						}
					]
				}
			]
		}
	],
	"processor": "EncounterFormProcessor",
	"referencedForms": []
}