{
    "name": "Cross Border Referral ",
    "version": "1.0",
    "published": true,
    "retired": false,
    "encounter": "Cross Border Referral",
    "pages": [
      {
        "label": "Visit details",
        "sections": [
          {
            "label": "Visit details",
            "isExpanded": "true",
            "questions": [
              {
                "label": "Screening Date",
                "type": "encounterDatetime",
                "required": true,
                "id": "screeningDate",
                "questionOptions": {
                  "rendering": "ui-select-extended"
                },
                "validators": [
                  {
                    "type": "date",
                    "allowFutureDates": "false"
                  }
                ]
              },
              {
                "label": "Screening by:",
                "type": "encounterProvider",
                "required": false,
                "id": "screeningBy",
                "questionOptions": {
                  "rendering": "ui-select-extended"
                },
                "validators": []
              },
              {
                "label": "Screening Venue",
                "type": "encounterLocation",
                "required": true,
                "id": "screeningVenue",
                "questionOptions": {
                  "rendering": "ui-select-extended"
                },
                "validators": []
              }
            ]
          },
          {
            "label": "Referral",
            "isExpanded": "true",
            "questions": [
              {
                "label": "Nationality",
                "type": "obs",
                "required": false,
                "id": "nationality",
                "questionOptions": {
                  "rendering": "select",
                  "concept": "08a53430-e304-4c3f-a154-8473b4cbd8f2",
                  "answers": [
                    {
                      "concept": "162883AAAAAAAAAAAAAAAAAAAAAAAAAAAAAA",
                      "label": "Kenya"
                    },
                    {
                      "concept": "162884AAAAAAAAAAAAAAAAAAAAAAAAAAAAAA",
                      "label": "Uganda"
                    },
                    {
                      "concept": "165752AAAAAAAAAAAAAAAAAAAAAAAAAAAAAA",
                      "label": "Rwanda"
                    },
                    {
                      "concept": "165639AAAAAAAAAAAAAAAAAAAAAAAAAAAAAA",
                      "label": "United Republic of Tanzania"
                    },
                    {
                      "concept": "165744AAAAAAAAAAAAAAAAAAAAAAAAAAAAAA",
                      "label": "Burundi"
                    },
                    {
                      "concept": "165765AAAAAAAAAAAAAAAAAAAAAAAAAAAAAA",
                      "label": "South Sudan"
                    }
                  ]
                },
                "validators": []
              },
              {
                "label": "Referring facility name",
                "type": "obs",
                "required": false,
                "id": "referringFacilityName",
                "questionOptions": {
                  "rendering": "text",
                  "concept": "161550AAAAAAAAAAAAAAAAAAAAAAAAAAAAAA",
                  "conceptMappings": [
                    {
                      "relationship": "NARROWER-THAN",
                      "type": "SNOMED NP",
                      "value": "397670001"
                    },
                    {
                      "relationship": "SAME-AS",
                      "type": "CIEL",
                      "value": "161550"
                    }
                  ]
                },
                "validators": []
              },
              {
                "label": "Referred facility name",
                "type": "obs",
                "required": false,
                "id": "referredFacilityName",
                "questionOptions": {
                  "rendering": "text",
                  "concept": "162724AAAAAAAAAAAAAAAAAAAAAAAAAAAAAA",
                  "conceptMappings": [
                    {
                      "relationship": "SAME-AS",
                      "type": "CIEL",
                      "value": "162724"
                    },
                    {
                      "relationship": "NARROWER-THAN",
                      "type": "SNOMED NP",
                      "value": "398321007"
                    }
                  ]
                },
                "validators": []
              },
              {
                "label": "Type of care",
                "type": "obs",
                "required": false,
                "id": "typeOfCare",
                "questionOptions": {
                  "rendering": "select",
                  "concept": "d7a3441d-6aeb-49be-b7d6-b2a3bb39e78d",
                  "answers": [
                    {
                      "concept": "7e5eac79-31d5-4a31-a8ee-1b07f824aa67",
                      "label": "Recurrent sex under influence of alcohol"
                    },
                    {
                      "concept": "160541AAAAAAAAAAAAAAAAAAAAAAAAAAAAAA",
                      "label": "Tuberculosis treatment program"
                    },
                    {
                      "concept": "5483AAAAAAAAAAAAAAAAAAAAAAAAAAAAAAAA",
                      "label": "Family planning services"
                    },
                    {
                      "concept": "159937AAAAAAAAAAAAAAAAAAAAAAAAAAAAAA",
                      "label": "Maternal and child health program"
                    },
                    {
                      "concept": "160546AAAAAAAAAAAAAAAAAAAAAAAAAAAAAA",
                      "label": "Sexually transmitted infection program/clinic"
                    },
                    {
                      "concept": "164849AAAAAAAAAAAAAAAAAAAAAAAAAAAAAA",
                      "label": "Referred for HIV care and treatment"
                    },
                    {
                      "concept": "5622AAAAAAAAAAAAAAAAAAAAAAAAAAAAAAAA",
                      "label": "Other"
                    }
                  ]
                },
                "validators": []
              },
              {
                "label": "Date of referral",
                "type": "obs",
                "required": false,
                "id": "dateOfReferral",
                "datePickerFormat": "both",
                "questionOptions": {
                  "rendering": "date",
                  "concept": "163181AAAAAAAAAAAAAAAAAAAAAAAAAAAAAA",
                  "conceptMappings": [
                    {
                      "relationship": "NARROWER-THAN",
                      "type": "SNOMED NP",
                      "value": "416342005"
                    },
                    {
                      "relationship": "SAME-AS",
                      "type": "CIEL",
                      "value": "163181"
                    }
                  ]
                },
                "validators": []
              },
              {
                "label": "Target Population",
                "type": "obs",
                "required": false,
                "id": "targetPopulation",
                "questionOptions": {
                  "rendering": "select",
                  "concept": "166433AAAAAAAAAAAAAAAAAAAAAAAAAAAAAA",
                  "answers": [
                    {
                      "concept": "166513AAAAAAAAAAAAAAAAAAAAAAAAAAAAAA",
                      "label": "Female sex worker"
                    },
                    {
                      "concept": "162198AAAAAAAAAAAAAAAAAAAAAAAAAAAAAA",
                      "label": "Long distance truck driver"
                    },
                    {
                      "concept": "125da4f7-fc76-415e-b8fb-4768e4daafdf",
                      "label": "Clearing and forwarding agents"
                    },
                    {
                      "concept": "159674AAAAAAAAAAAAAAAAAAAAAAAAAAAAAA",
                      "label": "Fisherfolk"
                    },
                    {
                      "concept": "160578AAAAAAAAAAAAAAAAAAAAAAAAAAAAAA",
                      "label": "Male who has sex with men"
                    },
                    {
                      "concept": "8bf32cfc-76e2-4236-99ae-85003a1ca61c",
                      "label": "Vulnerable Women and Girls"
                    },
                    {
                      "concept": "c8ae2850-abab-4b9c-927c-129ecc2c2752",
                      "label": "Injecting drug user with shared needles or syringes,"
                    },
                    {
                      "concept": "1169AAAAAAAAAAAAAAAAAAAAAAAAAAAAAAAA",
                      "label": "HIV Positive"
                    },
                    {
                      "concept": "5622AAAAAAAAAAAAAAAAAAAAAAAAAAAAAAAA",
                      "label": "Other"
                    }
                  ]
                },
                "validators": []
              },
              {
                "label": "Reason for referral",
                "type": "obs",
                "required": false,
                "id": "reasonForReferral",
                "questionOptions": {
                  "rendering": "select",
                  "concept": "1887AAAAAAAAAAAAAAAAAAAAAAAAAAAAAAAA",
                  "conceptMappings": [],
                  "answers": [
                    {
                      "concept": "160631AAAAAAAAAAAAAAAAAAAAAAAAAAAAAA",
                      "label": "HIV Program"
                    },
                    {
                      "concept": "160541AAAAAAAAAAAAAAAAAAAAAAAAAAAAAA",
                      "label": "Tuberculosis treatment program"
                    },
                    {
                      "concept": "5483AAAAAAAAAAAAAAAAAAAAAAAAAAAAAAAA",
                      "label": "Family planning services"
                    },
                    {
                      "concept": "159937AAAAAAAAAAAAAAAAAAAAAAAAAAAAAA",
                      "label": "Maternal and child health program"
                    },
                    {
                      "concept": "7e5eac79-31d5-4a31-a8ee-1b07f824aa67",
                      "label": "Recurrent sex under influence of alcohol"
                    },
                    {
                      "concept": "160546AAAAAAAAAAAAAAAAAAAAAAAAAAAAAA",
                      "label": "Sexually transmitted infection program/clinic"
                    },
                    {
                      "concept": "164849AAAAAAAAAAAAAAAAAAAAAAAAAAAAAA",
                      "label": "Referred for HIV care and treatment"
                    },
                    {
                      "concept": "5622AAAAAAAAAAAAAAAAAAAAAAAAAAAAAAAA",
                      "label": "Other"
                    }
                  ]
                },
                "validators": []
              },
              {
                "label": "General comments if referred for ART",
                "type": "obs",
                "required": false,
                "id": "commentsReferredArt",
                "questionOptions": {
                  "rendering": "text",
                  "concept": "161011AAAAAAAAAAAAAAAAAAAAAAAAAAAAAA",
                  "conceptMappings": [
                    {
                      "relationship": "SAME-AS",
                      "type": "CIEL",
                      "value": "161011"
                    },
                    {
                      "relationship": "NARROWER-THAN",
                      "type": "LOINC",
                      "value": "48767-8"
                    }
                  ]
                },
                "validators": []
              },
              {
                "label": "Referral Recommendations",
                "type": "obs",
                "required": false,
                "id": "referralRecommendations",
                "questionOptions": {
                  "rendering": "text",
                  "concept": "160632AAAAAAAAAAAAAAAAAAAAAAAAAAAAAA",
                  "conceptMappings": [
                    {
                      "relationship": "SAME-AS",
                      "type": "CIEL",
                      "value": "160632"
                    },
                    {
                      "relationship": "SAME-AS",
                      "type": "AMPATH",
                      "value": "1915"
                    },
                    {
                      "relationship": "NARROWER-THAN",
                      "type": "LOINC",
                      "value": "48767-8"
                    }
                  ]
                },
                "validators": []
              },
              {
                "label": "Referring HC Provider (Full Names)",
                "type": "obs",
                "required": false,
                "id": "referrringProvider",
                "questionOptions": {
                  "rendering": "text",
                  "concept": "161103AAAAAAAAAAAAAAAAAAAAAAAAAAAAAA",
                  "conceptMappings": [
                    {
                      "relationship": "SAME-AS",
                      "type": "CIEL",
                      "value": "161103"
                    }
                  ]
                },
                "validators": []
              },
              {
                "label": "Referring HC Provider (Email)",
                "type": "obs",
                "required": false,
                "id": "referringProviderEmail",
                "questionOptions": {
                  "rendering": "text",
                  "concept": "bd33a088-b7bb-456f-8c1a-cc0d6ebddbee"
                },
                "validators": []
              },
              {
                "label": "Referring HC Provider (Telephone Number with Country Code)",
                "type": "obs",
                "required": false,
                "id": "referringProviderPhone",
                "questionOptions": {
                  "rendering": "text",
                  "concept": "163152AAAAAAAAAAAAAAAAAAAAAAAAAAAAAA",
                  "conceptMappings": [
                    {
                      "relationship": "SAME-AS",
                      "type": "CIEL",
                      "value": "163152"
                    }
                  ]
                },
                "validators": []
              },
              {
                "label": "Referring HC Provider (Cadre)",
                "type": "obs",
                "required": false,
                "id": "referringHcProviderCadre",
                "questionOptions": {
                  "rendering": "select",
                  "concept": "163556AAAAAAAAAAAAAAAAAAAAAAAAAAAAAA",
                  "answers": [
                    {
                      "concept": "1577AAAAAAAAAAAAAAAAAAAAAAAAAAAAAAAA",
                      "label": "Nurse"
                    },
                    {
                      "concept": "1555AAAAAAAAAAAAAAAAAAAAAAAAAAAAAAAA",
                      "label": "Cummunity Health care worker"
                    },
                    {
                      "concept": "1574AAAAAAAAAAAAAAAAAAAAAAAAAAAAAAAA",
                      "label": "Clinical Officer/Doctor"
                    },
                    {
                      "concept": "1578AAAAAAAAAAAAAAAAAAAAAAAAAAAAAAAA",
                      "label": "Midwife"
                    },
                    {
                      "concept": "5622AAAAAAAAAAAAAAAAAAAAAAAAAAAAAAAA",
                      "label": "Other"
                    }
                  ],
                  "conceptMappings": [
                    {
                      "relationship": "SAME-AS",
                      "type": "CIEL",
                      "value": "163556"
                    }
                  ]
                },
                "validators": []
              }
            ]
          }
        ]
      }
    ],
    "processor": "EncounterFormProcessor",
    "encounterType": "5C6DA02B-51E8-4B3D-BB67-BE8F75C4CCE1",
    "referencedForms": [],
    "uuid": "01839000-c275-11ed-9fc5-0b220ae9bf59",
    "description": "Cross border referral"
  } 
  