{
	"name": "CWC Follow Up",
	"description": "CWC Follow Up",
	"version": "1",
	"published": true,
	"uuid": "755b59e6-acbb-4853-abaf-be302039f902",
	"retired": false,
	"encounter": "CWC Consultation",
	"pages": [
	  {
		"label": "CWC Follow Up",
		"sections": [
		  {
			"label": "Visit Details",
			"isExpanded": "true",
			"questions": [
			  {
				"label": "Date:",
				"type": "encounterDatetime",
				"questionOptions": {
				  "rendering": "ui-select-extended"
				},
				"validators": [
				  {
					"type": "date",
					"allowFutureDates": "false"
				  }
				],
				"id": "encDate"
			  },
			  {
				"label": "Provider:",
				"type": "encounterProvider",
				"questionOptions": {
				  "rendering": "ui-select-extended"
				},
				"id": "encProvider "
			  },
			  {
				"label": "Location:",
				"type": "encounterLocation",
				"questionOptions": {
				  "rendering": "ui-select-extended"
				},
				"id": "encLocation"
			  }
			]
		  },
		  {
			"label": "Growth, Nutrition and Development Monitoring",
			"isExpanded": "true",
			"questions": [
			  {
				"label": "Visit Date",
				"type": "obs",
				"questionOptions": {
				  "rendering": "date",
				  "concept": "163260AAAAAAAAAAAAAAAAAAAAAAAAAAAAAA",
				  "weeksList": "",
				  "conceptMappings": [
					{
					  "type": "SNOMED-CT",
					  "value": "406543005"
					}
				  ]
				},
				"validators": [
				  {
					"type": "date",
					"allowFutureDates": "false"
				  }
				],
				"id": "visitDate"
			  },
			  {
				"label": "Follow-up",
				"type": "obs",
				"id": "followupfor",
				"questionOptions": {
				  "concept": "167079AAAAAAAAAAAAAAAAAAAAAAAAAAAAAA",
				  "rendering": "radio",
				  "answers": [
					{
					  "concept": "160552AAAAAAAAAAAAAAAAAAAAAAAAAAAAAA",
					  "label": "Nutrion services"
					},
					{
					  "concept": "161624AAAAAAAAAAAAAAAAAAAAAAAAAAAAAA",
					  "label": "Rehabilitaon services"
					},
					{
					  "concept": "5622AAAAAAAAAAAAAAAAAAAAAAAAAAAAAAAA",
					  "label": "Other"
					}
				  ]
				}
			  },
			  {
				"label": "Specify :",
				"type": "obs",
				"id": "otherspecifyfollowup",
				"questionOptions": {
				  "concept": "160632AAAAAAAAAAAAAAAAAAAAAAAAAAAAAA",
				  "rendering": "text"
				},
				"hide": {
				  "hideWhenExpression": "isEmpty(followupfor) || followupfor != '5622AAAAAAAAAAAAAAAAAAAAAAAAAAAAAAAA'"
				}
			  },
			  {
				"label": "Revisit this year?",
				"type": "obs",
				"id": "revisitThisYear",
				"questionOptions": {
				  "concept": "164142AAAAAAAAAAAAAAAAAAAAAAAAAAAAAA",
				  "rendering": "radio",
				  "answers": [
					{
					  "concept": "1065AAAAAAAAAAAAAAAAAAAAAAAAAAAAAAAA",
					  "label": "Yes"
					},
					{
					  "concept": "1066AAAAAAAAAAAAAAAAAAAAAAAAAAAAAAAA",
					  "label": "No"
					}
				  ]
				}
			  },
			  {
				"label": "Primary care give ?",
				"type": "obs",
				"id": "primaryCaregiver",
				"questionOptions": {
				  "concept": "160640AAAAAAAAAAAAAAAAAAAAAAAAAAAAAA",
				  "rendering": "select",
				  "answers": [
					{
					  "concept": "973AAAAAAAAAAAAAAAAAAAAAAAAAAAAAAAAA",
					  "label": "Grandparent"
					},
					{
					  "concept": "972AAAAAAAAAAAAAAAAAAAAAAAAAAAAAAAAA",
					  "label": "Sibling"
					},
					{
					  "concept": "970AAAAAAAAAAAAAAAAAAAAAAAAAAAAAAAAA",
					  "label": "Mother"
					},
					{
					  "concept": "160639AAAAAAAAAAAAAAAAAAAAAAAAAAAAAA",
					  "label": "Guardian"
					},
					{
					  "concept": "5622AAAAAAAAAAAAAAAAAAAAAAAAAAAAAAAA",
					  "label": "Other"
					}
				  ]
				}
			  },
			  {
				"label": "Specify :",
				"type": "obs",
				"id": "otherspecifyfollowup",
				"questionOptions": {
				  "concept": "160632AAAAAAAAAAAAAAAAAAAAAAAAAAAAAA",
				  "rendering": "text"
				},
				"hide": {
				  "hideWhenExpression": "isEmpty(primaryCaregiver) || primaryCaregiver != '5622AAAAAAAAAAAAAAAAAAAAAAAAAAAAAAAA'"
				}
			  },
			  {
				"label": "Mother's Viral Load: cp/ml",
				"type": "obs",
				"id": "motherVL",
				"questionOptions": {
				  "concept": "856AAAAAAAAAAAAAAAAAAAAAAAAAAAAAAAAA",
				  "rendering": "number",
				  "min": "0"
				},
				"hide": {
				  "hideWhenExpression": "isEmpty(primaryCaregiver) || primaryCaregiver != '970AAAAAAAAAAAAAAAAAAAAAAAAAAAAAAAAA'"
				}
			  },
			  {
				"label": "Age (Weeks/Months)",
				"type": "obs",
				"questionOptions": {
				  "rendering": "number",
				  "concept": "1073AAAAAAAAAAAAAAAAAAAAAAAAAAAAAAAA",
				  "max": "300",
				  "min": "0",
				  "showDate": "false",
				  "conceptMappings": [
					{
					  "type": "AMPATH",
					  "value": "1073"
					},
					{
					  "type": "PIH",
					  "value": "2160"
					},
					{
					  "type": "SNOMED-CT",
					  "value": "258705008"
					}
				  ]
				},
				"id": "weekMonths"
			  },
			  {
				"label": "Infant Feeding",
				"type": "obs",
				"id": "infantFeeding",
				"questionOptions": {
				  "concept": "1151AAAAAAAAAAAAAAAAAAAAAAAAAAAAAAAA",
				  "rendering": "radio",
				  "answers": [
					{
					  "concept": "5526AAAAAAAAAAAAAAAAAAAAAAAAAAAAAAAA",
					  "label": "Exclusive breastfeeding <6 Months(EBF)"
					},
					{
					  "concept": "5632AAAAAAAAAAAAAAAAAAAAAAAAAAAAAAAA",
					  "label": "Infant Breastfeeding >6 months (BF)"
					},
					{
					  "concept": "164478AAAAAAAAAAAAAAAAAAAAAAAAAAAAAA",
					  "label": "Not Breastfeeding(NBF)"
					}
				  ]
				}
			  },
			  {
				"label": "Height/Length (k)",
				"type": "obs",
				"id": "",
				"questionOptions": {
				  "concept": "164088AAAAAAAAAAAAAAAAAAAAAAAAAAAAAA",
				  "rendering": "radio",
				  "answers": [
					{
					  "concept": "1115AAAAAAAAAAAAAAAAAAAAAAAAAAAAAAAA",
					  "label": "Normal"
					},
					{
					  "concept": "164085AAAAAAAAAAAAAAAAAAAAAAAAAAAAAA",
					  "label": "Stunted"
					},
					{
					  "concept": "164086AAAAAAAAAAAAAAAAAAAAAAAAAAAAAA",
					  "label": "Severe stunted"
					}
				  ]
				}
			  },
			  {
				"label": "Any Danger Signs (l)",
				"type": "obs",
				"id": "",
				"questionOptions": {
				  "concept": "159860AAAAAAAAAAAAAAAAAAAAAAAAAAAAAA",
				  "rendering": "radio",
				  "answers": [
					{
					  "concept": "159861AAAAAAAAAAAAAAAAAAAAAAAAAAAAAA",
					  "label": "Unable to drink or breastfeed"
					},
					{
					  "concept": "1983AAAAAAAAAAAAAAAAAAAAAAAAAAAAAAAA",
					  "label": "Unable to drink fluids"
					},
					{
					  "concept": "164482AAAAAAAAAAAAAAAAAAAAAAAAAAAAAA",
					  "label": "Vomiting everything"
					},
					{
					  "concept": "138868AAAAAAAAAAAAAAAAAAAAAAAAAAAAAA",
					  "label": "Hemorrhagic diarrhea"
					},
					{
					  "concept": "460AAAAAAAAAAAAAAAAAAAAAAAAAAAAAAAAA",
					  "label": "Oedema"
					},
					{
					  "concept": "164483AAAAAAAAAAAAAAAAAAAAAAAAAAAAAA",
					  "label": "Currently convulsing"
					}
				  ]
				}
			  },
			  {
				"label": "Medication Given If HIV Exposed",
				"type": "obs",
				"id": "Medication",
				"questionOptions": {
				  "concept": "966AAAAAAAAAAAAAAAAAAAAAAAAAAAAAAAAA",
				  "rendering": "checkbox",
				  "answers": [
					{
					  "concept": "86663AAAAAAAAAAAAAAAAAAAAAAAAAAAAAAA",
					  "label": "ZIDOVUDINE (AZT)"
					},
					{
					  "concept": "80586AAAAAAAAAAAAAAAAAAAAAAAAAAAAAAA",
					  "label": "NEVIRAPINE (NVP)"
					},
					{
					  "concept": "105281AAAAAAAAAAAAAAAAAAAAAAAAAAAAAA",
					  "label": "SULFAMETHOXAZOLE / TRIMETHOPRIM (CTX)"
					},
					{
					  "concept": "461AAAAAAAAAAAAAAAAAAAAAAAAAAAAAAAAA",
					  "label": "MULTIVITAMIN (M/vit)"
					}
				  ]
				}
			  },
			  {
				"label": "TB Assessment Outcome",
				"type": "obs",
				"id": "btAssesmentOutcome",
				"questionOptions": {
				  "concept": "1659AAAAAAAAAAAAAAAAAAAAAAAAAAAAAAAA",
				  "rendering": "select",
				  "answers": [
					{
					  "concept": "1660AAAAAAAAAAAAAAAAAAAAAAAAAAAAAAAA",
					  "label": "No signs"
					},
					{
					  "concept": "1679AAAAAAAAAAAAAAAAAAAAAAAAAAAAAAAA",
					  "label": "TPT"
					},
					{
					  "concept": "142177AAAAAAAAAAAAAAAAAAAAAAAAAAAAAA",
					  "label": "Presumed TB"
					},
					{
					  "concept": "1661AAAAAAAAAAAAAAAAAAAAAAAAAAAAAAAA",
					  "label": "Confirmed"
					},
					{
					  "concept": "1662AAAAAAAAAAAAAAAAAAAAAAAAAAAAAAAA",
					  "label": "TB Rx"
					},
					{
					  "concept": "160737AAAAAAAAAAAAAAAAAAAAAAAAAAAAAA",
					  "label": "Not done"
					}
				  ]
				}
			  },
			  {
				"label": "Immunization status upto date?",
				"type": "obs",
				"id": "immunizationStatus",
				"questionOptions": {
				  "concept": "164464AAAAAAAAAAAAAAAAAAAAAAAAAAAAAA",
				  "rendering": "radio",
				  "answers": [
					{
					  "concept": "1065AAAAAAAAAAAAAAAAAAAAAAAAAAAAAAAA",
					  "label": "Yes"
					},
					{
					  "concept": "1066AAAAAAAAAAAAAAAAAAAAAAAAAAAAAAAA",
					  "label": "No"
					}
				  ]
				}
			  },
			  {
				"label": "Date of Next Appointment:",
				"type": "obs",
				"id": "nextAppointmentDate",
				"questionOptions": {
				  "concept": "5096AAAAAAAAAAAAAAAAAAAAAAAAAAAAAAAA",
				  "rendering": "date"
				},
				"validators": [
				  {
					"type": "js_expression",
					"failsWhenExpression": "(new moment(encDate)).isAfter((new moment(myValue)), 'day') || (new moment(encDate)).isSame((new moment(myValue)), 'day')",
					"message": "Next Appointment date should be greater than the encounter date."
				  }
				]
			  },
			  {
				"label": "Referred?:",
				"type": "obs",
				"id": "referralQuestion",
				"questionOptions": {
				  "concept": "1788AAAAAAAAAAAAAAAAAAAAAAAAAAAAAAAA",
				  "rendering": "radio",
				  "answers": [
					{
					  "concept": "1065AAAAAAAAAAAAAAAAAAAAAAAAAAAAAAAA",
					  "label": "Yes"
					},
					{
					  "concept": "1066AAAAAAAAAAAAAAAAAAAAAAAAAAAAAAAA",
					  "label": "No"
					}
				  ]
				}
			  },
			  {
				"label": "Reason for Referral Specify:",
				"type": "obs",
				"id": "referralReason",
				"questionOptions": {
				  "concept": "164359AAAAAAAAAAAAAAAAAAAAAAAAAAAAAA",
				  "rendering": "text"
				},
				"hide": {
				  "hideWhenExpression": "isEmpty(referralQuestion) || referralQuestion !== '1065AAAAAAAAAAAAAAAAAAAAAAAAAAAAAAAA'"
				}
			  },
			  {
				"label": "Referral from:",
				"type": "obs",
				"id": "referralFrom",
				"questionOptions": {
				  "concept": "160481AAAAAAAAAAAAAAAAAAAAAAAAAAAAAA",
				  "rendering": "radio",
				  "answers": [
					{
					  "concept": "160543AAAAAAAAAAAAAAAAAAAAAAAAAAAAAA",
					  "label": "Community Unit"
					},
					{
					  "concept": "1537AAAAAAAAAAAAAAAAAAAAAAAAAAAAAAAA",
					  "label": "Other Health facility"
					}
				  ]
				},
				"hide": {
				  "hideWhenExpression": "isEmpty(referralQuestion) || referralQuestion !== '1065AAAAAAAAAAAAAAAAAAAAAAAAAAAAAAAA'"
				}
			  },
			  {
				"label": "Specify:",
				"type": "obs",
				"id": "specify",
				"questionOptions": {
				  "concept": "161550AAAAAAAAAAAAAAAAAAAAAAAAAAAAAA",
				  "rendering": "text"
				},
				"hide": {
				  "hideWhenExpression": "isEmpty(referralFrom) || referralFrom !== '1537AAAAAAAAAAAAAAAAAAAAAAAAAAAAAAAA'"
				}
			  },
			  {
				"label": "Referral to:",
				"type": "obs",
				"id": "referralTo",
				"questionOptions": {
				  "concept": "163145AAAAAAAAAAAAAAAAAAAAAAAAAAAAAA",
				  "rendering": "radio",
				  "answers": [
					{
					  "concept": "160543AAAAAAAAAAAAAAAAAAAAAAAAAAAAAA",
					  "label": "Community Unit"
					},
					{
					  "concept": "1537AAAAAAAAAAAAAAAAAAAAAAAAAAAAAAAA",
					  "label": "Other Health facility"
					}
				  ]
				},
				"hide": {
				  "hideWhenExpression": "isEmpty(referralQuestion) || referralQuestion !== '1065AAAAAAAAAAAAAAAAAAAAAAAAAAAAAAAA'"
				}
			  },
			  {
				"label": "Specify:",
				"type": "obs",
				"id": "referralToSpecify",
				"questionOptions": {
				  "concept": "162724AAAAAAAAAAAAAAAAAAAAAAAAAAAAAA",
				  "rendering": "text"
				},
				"hide": {
				  "hideWhenExpression": "isEmpty(referralTo) || referralTo !== '1537AAAAAAAAAAAAAAAAAAAAAAAAAAAAAAAA'"
				}
			  }
			]
		  },
		  {
			"label": "Milestones",
			"isExpanded": "true",
			"questions": [
			  {
				"label": "Development Milestones by Age",
				"id": "developmentMilestones",
				"type": "obs",
				"questionOptions": {
				  "rendering": "checkbox",
				  "concept": "162069AAAAAAAAAAAAAAAAAAAAAAAAAAAAAA",
				  "answers": [
					{
					  "concept": "162056AAAAAAAAAAAAAAAAAAAAAAAAAAAAAA",
					  "label": "Social Smile"
					},
					{
					  "concept": "162057AAAAAAAAAAAAAAAAAAAAAAAAAAAAAA",
					  "label": "Head Holding/Control"
					},
					{
					  "concept": "162058AAAAAAAAAAAAAAAAAAAAAAAAAAAAAA",
					  "label": "Turns towards the origin of sound"
					},
					{
					  "concept": "162059AAAAAAAAAAAAAAAAAAAAAAAAAAAAAA",
					  "label": "Extends hand to grasp a toy"
					},
					{
					  "concept": "162061AAAAAAAAAAAAAAAAAAAAAAAAAAAAAA",
					  "label": "Sitting"
					},
					{
					  "concept": "162062AAAAAAAAAAAAAAAAAAAAAAAAAAAAAA",
					  "label": "Standing"
					},
					{
					  "concept": "162063AAAAAAAAAAAAAAAAAAAAAAAAAAAAAA",
					  "label": "Walking"
					},
					{
					  "concept": "162060AAAAAAAAAAAAAAAAAAAAAAAAAAAAAA",
					  "label": "Talking"
					}
				  ]
				}
			  },
			  {
				"label": "Achieving Milestones?",
				"type": "obs",
				"id": "achievingMilestones",
				"questionOptions": {
				  "concept": "1189AAAAAAAAAAAAAAAAAAAAAAAAAAAAAAAA",
				  "rendering": "radio",
				  "answers": [
					{
					  "concept": "6022AAAAAAAAAAAAAAAAAAAAAAAAAAAAAAAA",
					  "label": "Delayed(D)"
					},
					{
					  "concept": "1115AAAAAAAAAAAAAAAAAAAAAAAAAAAAAAAA",
					  "label": "Normal(N)"
					},
					{
					  "concept": "6025AAAAAAAAAAAAAAAAAAAAAAAAAAAAAAAA",
					  "label": "Regressed(R)"
					}
				  ]
				}
			  },
			  {
				"label": "Weight Category",
				"type": "obs",
				"id": "weighCategory",
				"questionOptions": {
				  "concept": "1854AAAAAAAAAAAAAAAAAAAAAAAAAAAAAAAA",
				  "rendering": "radio",
				  "answers": [
					{
					  "concept": "123814AAAAAAAAAAAAAAAAAAAAAAAAAAAAAA",
					  "label": "Underweight(UW)"
					},
					{
					  "concept": "126598AAAAAAAAAAAAAAAAAAAAAAAAAAAAAA",
					  "label": "Severely Underweight(SUW)"
					},
					{
					  "concept": "114413AAAAAAAAAAAAAAAAAAAAAAAAAAAAAA",
					  "label": "Overweight(OW)"
					},
					{
					  "concept": "115115AAAAAAAAAAAAAAAAAAAAAAAAAAAAAA",
					  "label": "Obese(O)"
					},
					{
					  "concept": "1115AAAAAAAAAAAAAAAAAAAAAAAAAAAAAAAA",
					  "label": "Normal(N)"
					}
				  ]
				}
			  },
			  {
				"label": "Type of followup",
				"type": "obs",
				"id": "typeFollowup",
				"questionOptions": {
				  "concept": "159402AAAAAAAAAAAAAAAAAAAAAAAAAAAAAA",
				  "rendering": "radio",
				  "answers": [
					{
					  "concept": "132636AAAAAAAAAAAAAAAAAAAAAAAAAAAAAA",
					  "label": "Marasmus"
					},
					{
					  "concept": "116474AAAAAAAAAAAAAAAAAAAAAAAAAAAAAA",
					  "label": "Kwashiorkor"
					},
					{
					  "concept": "115122AAAAAAAAAAAAAAAAAAAAAAAAAAAAAA",
					  "label": "Mulnutrition"
					},
					{
					  "concept": "5622AAAAAAAAAAAAAAAAAAAAAAAAAAAAAAAA",
					  "label": "Other"
					}
				  ]
				}
			  },
			  {
				"label": "Specify:",
				"type": "obs",
				"id": "followupSpecify",
				"questionOptions": {
				  "concept": "162724AAAAAAAAAAAAAAAAAAAAAAAAAAAAAA",
				  "rendering": "text"
				},
				"hide": {
				  "hideWhenExpression": "isEmpty(typeFollowup) || typeFollowup !== '5622AAAAAAAAAAAAAAAAAAAAAAAAAAAAAAAA'"
				}
			  }
			]
		  },
		  {
			"label": "Labaratory Information",
			"isExpanded": "true",
			"questions": [
			  {
				"id": "dnaPcr",
				"label": "Laboratory Information",
				"type": "obsGroup",
				"questionOptions": {
				  "rendering": "repeating",
				  "concept": "162085AAAAAAAAAAAAAAAAAAAAAAAAAAAAAA"
				},
				"questions": [
				  {
					"label": "Type of Test",
					"type": "obs",
					"id": "typeofTest",
					"questionOptions": {
					  "concept": "b61c1482-1697-404c-ab96-fd698d5fd317",
					  "rendering": "select",
					  "answers": [
						{
						  "concept": "844AAAAAAAAAAAAAAAAAAAAAAAAAAAAAAAAA",
						  "label": "1st DNA PCR"
						},
						{
						  "concept": "167015AAAAAAAAAAAAAAAAAAAAAAAAAAAAAA",
						  "label": "2nd DNA PCR at 6 months"
						},
						{
						  "concept": "bbd5d81e-d694-48e6-a948-ed82e63e2030",
						  "label": "3rd DNA PCR at 12 months"
						},
						{
						  "concept": "1030AAAAAAAAAAAAAAAAAAAAAAAAAAAAAAAA",
						  "label": "Confirmatory PCR for positives"
						},
						{
						  "concept": "4da97634-7e25-4b96-8d21-62106c7e1c68",
						  "label": "Baseline viral load for positives"
						},
						{
						  "concept": "164860AAAAAAAAAAAAAAAAAAAAAAAAAAAAAA",
						  "label": "Final antibody at 18 months"
						}
					  ]
					}
				  },
				  {
					"label": "Date of Sample Collection",
					"type": "obs",
					"id": "dateOfSampleCollectionDna",
					"questionOptions": {
					  "concept": "159951AAAAAAAAAAAAAAAAAAAAAAAAAAAAAA",
					  "rendering": "date"
					},
					"validators": [
					  {
						"type": "date",
						"allowFutureDates": "false"
					  }
					]
				  },
				  {
					"label": "Test Contextual Status",
					"type": "obs",
					"id": "testContextualStatusDna",
					"questionOptions": {
					  "concept": "162084AAAAAAAAAAAAAAAAAAAAAAAAAAAAAA",
					  "rendering": "select",
					  "answers": [
						{
						  "concept": "162080AAAAAAAAAAAAAAAAAAAAAAAAAAAAAA",
						  "label": "Initial"
						},
						{
						  "concept": "162082AAAAAAAAAAAAAAAAAAAAAAAAAAAAAA",
						  "label": "Confirmation"
						},
						{
						  "concept": "162083AAAAAAAAAAAAAAAAAAAAAAAAAAAAAA",
						  "label": "Final test (end of pediatric window)"
						},
						{
						  "concept": "162081AAAAAAAAAAAAAAAAAAAAAAAAAAAAAA",
						  "label": "Repeat"
						}
					  ]
					}
				  },
				  {
					"label": "Results",
					"type": "obs",
					"id": "resultsDna",
					"questionOptions": {
					  "concept": "1030AAAAAAAAAAAAAAAAAAAAAAAAAAAAAAAA",
					  "rendering": "select",
					  "answers": [
						{
						  "concept": "1138AAAAAAAAAAAAAAAAAAAAAAAAAAAAAAAA",
						  "label": "INDETERMINATE"
						},
						{
						  "concept": "1304AAAAAAAAAAAAAAAAAAAAAAAAAAAAAAAA",
						  "label": "POOR SAMPLE QUALITY"
						},
						{
						  "concept": "703AAAAAAAAAAAAAAAAAAAAAAAAAAAAAAAAA",
						  "label": "POSITIVE"
						},
						{
						  "concept": "664AAAAAAAAAAAAAAAAAAAAAAAAAAAAAAAAA",
						  "label": "NEGATIVE"
						}
					  ]
					}
				  },
				  {
					"label": "DBS Sample Code",
					"type": "obs",
					"id": "dBSSampleCodeDna",
					"questionOptions": {
					  "concept": "162086AAAAAAAAAAAAAAAAAAAAAAAAAAAAAA",
					  "rendering": "text"
					}
				  },
				  {
					"label": "Date Results Collected",
					"type": "obs",
					"id": "dateResultsCollectedDna",
					"questionOptions": {
					  "concept": "160082AAAAAAAAAAAAAAAAAAAAAAAAAAAAAA",
					  "rendering": "date"
					},
					"validators": [
					  {
						"type": "js_expression",
						"failsWhenExpression": "(new moment(dateOfSampleCollectionDna)).isAfter((new moment(myValue)), 'day') || (new moment(dateOfSampleCollectionDna)).isSame((new moment(myValue)), 'day')",
						"message": "Date results collected should be greater than the sample collection date."
					  }
					]
				  }
				]
			  }
			]
		  }
		]
	  },
	  {
		"label": "Early Eye Examination and Deworming",
		"sections": [
		  {
			"label": "Eye Care Assessment",
			"isExpanded": "true",
			"questions": [
			  {
				"label": "Tetracycline Eye Ointment (TEO) Given?",
				"type": "obs",
				"id": "tetracyclineGeven",
				"questionOptions": {
				  "concept": "162077AAAAAAAAAAAAAAAAAAAAAAAAAAAAAA",
				  "rendering": "radio",
				  "answers": [
					{
					  "concept": "1065AAAAAAAAAAAAAAAAAAAAAAAAAAAAAAAA",
					  "label": "Yes"
					},
					{
					  "concept": "1066AAAAAAAAAAAAAAAAAAAAAAAAAAAAAAAA",
					  "label": "No"
					}
				  ]
				}
			  },
			  {
				"label": "PUPIL",
				"type": "obs",
				"id": "pupilExamination",
				"questionOptions": {
				  "concept": "162064AAAAAAAAAAAAAAAAAAAAAAAAAAAAAA",
				  "rendering": "radio",
				  "answers": [
					{
					  "concept": "162065AAAAAAAAAAAAAAAAAAAAAAAAAAAAAA",
					  "label": "Black"
					},
					{
					  "concept": "1075AAAAAAAAAAAAAAAAAAAAAAAAAAAAAAAA",
					  "label": "White"
					}
				  ]
				}
			  },
			  {
				"label": "SIGHT",
				"type": "obs",
				"id": "sightExamination",
				"questionOptions": {
				  "concept": "162067AAAAAAAAAAAAAAAAAAAAAAAAAAAAAA",
				  "rendering": "radio",
				  "answers": [
					{
					  "concept": "1066AAAAAAAAAAAAAAAAAAAAAAAAAAAAAAAA",
					  "label": "Not Following Objects"
					},
					{
					  "concept": "1065AAAAAAAAAAAAAAAAAAAAAAAAAAAAAAAA",
					  "label": "Following Objects"
					}
				  ]
				}
			  },
			  {
				"label": "SQUINT (Crossed Eyes)",
				"type": "obs",
				"id": "squint",
				"questionOptions": {
				  "concept": "162066AAAAAAAAAAAAAAAAAAAAAAAAAAAAAA",
				  "rendering": "radio",
				  "answers": [
					{
					  "concept": "1066AAAAAAAAAAAAAAAAAAAAAAAAAAAAAAAA",
					  "label": "No Squint"
					},
					{
					  "concept": "1065AAAAAAAAAAAAAAAAAAAAAAAAAAAAAAAA",
					  "label": "Squint"
					}
				  ]
				}
			  }
			]
		  },
		  {
			"label": "Deworming and Vitamin A SUPP.",
			"isExpanded": "true",
			"questions": [
			  {
				"label": "DEWORMING and VITAMIN A SUPP.",
				"type": "obsGroup",
				"questionOptions": {
				  "concept": "1442AAAAAAAAAAAAAAAAAAAAAAAAAAAAAAAA",
				  "rendering": "group"
				},
				"questions": [
				  {
					"label": "Drug Given",
					"type": "obs",
					"id": "drugGiven",
					"questionOptions": {
					  "concept": "159369AAAAAAAAAAAAAAAAAAAAAAAAAAAAAA",
					  "rendering": "radio",
					  "answers": [
						{
						  "concept": "79413AAAAAAAAAAAAAAAAAAAAAAAAAAAAAAA",
						  "label": "Mebendazole"
						},
						{
						  "concept": "70439AAAAAAAAAAAAAAAAAAAAAAAAAAAAAAA",
						  "label": "Albendazole"
						}
					  ]
					}
				  },
				  {
					"label": "AGE",
					"type": "obs",
					"id": "age",
					"questionOptions": {
					  "concept": "163541AAAAAAAAAAAAAAAAAAAAAAAAAAAAAA",
					  "rendering": "number",
					  "min": "0"
					}
				  },
				  {
					"label": "Dosage",
					"type": "obs",
					"id": "dosage",
					"questionOptions": {
					  "concept": "1443AAAAAAAAAAAAAAAAAAAAAAAAAAAAAAAA",
					  "rendering": "number",
					  "min": "0"
					}
				  },
				  {
					"label": "Units",
					"type": "obs",
					"id": "units",
					"questionOptions": {
					  "concept": "161563AAAAAAAAAAAAAAAAAAAAAAAAAAAAAA",
					  "rendering": "select",
					  "answers": [
						{
						  "concept": "1513AAAAAAAAAAAAAAAAAAAAAAAAAAAAAAAA",
						  "label": "Tablet"
						},
						{
						  "concept": "161554AAAAAAAAAAAAAAAAAAAAAAAAAAAAAA",
						  "label": "Gram"
						},
						{
						  "concept": "161553AAAAAAAAAAAAAAAAAAAAAAAAAAAAAA",
						  "label": "Milligram"
						}
					  ]
					}
				  },
				  {
					"label": "Date Of Next Visit",
					"type": "obs",
					"id": "dateOfNextVisit",
					"questionOptions": {
					  "concept": "5096AAAAAAAAAAAAAAAAAAAAAAAAAAAAAAAA",
					  "rendering": "date"
					},
					"validators": [
					  {
						"type": "js_expression",
						"failsWhenExpression": "(new moment(encDate)).isAfter((new moment(myValue)), 'day') || (new moment(encDate)).isSame((new moment(myValue)), 'day')",
						"message": "Date of next visit should be greater than the encounter date."
					  }
					]
				  }
				],
				"id": "__r2ovtspGn"
			  },
			  {
				"label": "Vitamin A",
				"type": "obs",
				"id": "vitaminA",
				"questionOptions": {
				  "concept": "161534AAAAAAAAAAAAAAAAAAAAAAAAAAAAAA",
				  "rendering": "radio",
				  "answers": [
					{
					  "concept": "1065AAAAAAAAAAAAAAAAAAAAAAAAAAAAAAAA",
					  "label": "Yes"
					},
					{
					  "concept": "1066AAAAAAAAAAAAAAAAAAAAAAAAAAAAAAAA",
					  "label": "No"
					}
				  ]
				}
			  },
			  {
				"label": "Any disability?",
				"type": "obs",
				"id": "anyDisability",
				"questionOptions": {
				  "concept": "162558AAAAAAAAAAAAAAAAAAAAAAAAAAAAAA",
				  "rendering": "radio",
				  "answers": [
					{
					  "concept": "1065AAAAAAAAAAAAAAAAAAAAAAAAAAAAAAAA",
					  "label": "Yes"
					},
					{
					  "concept": "1066AAAAAAAAAAAAAAAAAAAAAAAAAAAAAAAA",
					  "label": "No"
					}
				  ]
				}
			  }
			]
		  },
		  {
			"label": "Other Parameters",
			"isExpanded": "true",
			"questions": [
			  {
				"label": "Counseled On?",
				"type": "obs",
				"id": "counseledOn",
				"questionOptions": {
				  "concept": "1379AAAAAAAAAAAAAAAAAAAAAAAAAAAAAAAA",
				  "rendering": "radio",
				  "answers": [
					{
					  "concept": "1914AAAAAAAAAAAAAAAAAAAAAAAAAAAAAAAA",
					  "label": "HIV"
					},
					{
					  "concept": "1380AAAAAAAAAAAAAAAAAAAAAAAAAAAAAAAA",
					  "label": "Nutrition"
					}
				  ]
				}
			  },
			  {
				"label": "Supplemented with MNPS 6-23 Months?",
				"type": "obs",
				"id": "supplementedWith",
				"questionOptions": {
				  "concept": "5484AAAAAAAAAAAAAAAAAAAAAAAAAAAAAAAA",
				  "rendering": "radio",
				  "answers": [
					{
					  "concept": "161649AAAAAAAAAAAAAAAAAAAAAAAAAAAAAA",
					  "label": "Yes"
					},
					{
					  "concept": "1107AAAAAAAAAAAAAAAAAAAAAAAAAAAAAAAA",
					  "label": "No"
					}
				  ]
				}
			  },
			  {
				"label": "Long-lasting insecticidal nets (LLIN) given to less than 1 Year old?",
				"type": "obs",
				"id": "longLasting-net",
				"questionOptions": {
				  "concept": "159855AAAAAAAAAAAAAAAAAAAAAAAAAAAAAA",
				  "rendering": "radio",
				  "answers": [
					{
					  "concept": "1065AAAAAAAAAAAAAAAAAAAAAAAAAAAAAAAA",
					  "label": "Yes"
					},
					{
					  "concept": "1066AAAAAAAAAAAAAAAAAAAAAAAAAAAAAAAA",
					  "label": "No"
					}
				  ]
				}
			  }
			]
		  },
		  {
			"label": "Physical features",
			"isExpanded": "true",
			"questions": [
			  {
				"label": "Physical features: ",
				"type": "obs",
				"id": "physicalFeatures",
				"questionOptions": {
				  "concept": "1391AAAAAAAAAAAAAAAAAAAAAAAAAAAAAAAA",
				  "rendering": "textarea"
				}
			  },
			  {
				"label": "Clinician's Notes",
				"type": "obs",
				"id": "cliniciansNotes",
				"questionOptions": {
				  "concept": "159395AAAAAAAAAAAAAAAAAAAAAAAAAAAAAA",
				  "rendering": "textarea"
				}
			  }
			]
		  }
		]
	  }
	],
	"processor": "EncounterFormProcessor",
	"referencedForms": [],
	"encounterType": "bcc6da85-72f2-4291-b206-789b8186a021"
  }