{
	"name": "Depression Screening PHQ-9",
	"description": "Depression Screening PHQ-9",
	"version": "2.0",
	"published": true,
	"uuid": "5fe533ee-0c40-4a1f-a071-dc4d0fbb0c17",
	"retired": false,
	"encounter": "KP Depression screening",
	"pages": [
		{
			"label": "Depression Screening PHQ9",
			"sections": [
				{
					"label": "Visit Details",
					"isExpanded": "true",
					"questions": [
						{
							"label": "Date:",
							"type": "encounterDatetime",
							"questionOptions": {
								"rendering": "ui-select-extended"
							},
							"id": "encDate",
							"validators": [
								{
									"type": "date",
									"allowFutureDates": "false"
								}
							]
						},
						{
							"label": "Provider:",
							"type": "encounterProvider",
							"questionOptions": {
								"rendering": "ui-select-extended"
							},
							"id": "encProvider "
						},
						{
							"label": "Location:",
							"type": "encounterLocation",
							"questionOptions": {
								"rendering": "ui-select-extended"
							},
							"id": "encLocation"
						}
					]
				},
				{
					"label": "Over the last 2 weeks, how often have you been bothered by any of the following problems?",
					"isExpanded": "true",
					"questions": [
						{
							"label": "1. Little interest or pleasure in doing things",
							"type": "control",
							"required": true,
							"id": "noInterest",
							"questionOptions": {
								"concept": "",
								"rendering": "radio",
								"answers": [
									{
										"concept": "163733AAAAAAAAAAAAAAAAAAAAAAAAAAAAAA",
										"label": "Not at all"
									},
									{
										"concept": "163734AAAAAAAAAAAAAAAAAAAAAAAAAAAAAA",
										"label": "Several days "
									},
									{
										"concept": "163735AAAAAAAAAAAAAAAAAAAAAAAAAAAAAA",
										"label": "More than half the days"
									},
									{
										"concept": "163736AAAAAAAAAAAAAAAAAAAAAAAAAAAAAA",
										"label": "Nearly every day"
									}
								]
							}
						},
						{
							"label": "2. Feeling down, depressed, or hopeless",
							"type": "control",
							"id": "depressed",
							"required": true,
							"questionOptions": {
								"concept": "",
								"rendering": "radio",
								"answers": [
									{
										"concept": "163733AAAAAAAAAAAAAAAAAAAAAAAAAAAAAA",
										"label": "Not at all"
									},
									{
										"concept": "163734AAAAAAAAAAAAAAAAAAAAAAAAAAAAAA",
										"label": "Several days "
									},
									{
										"concept": "163735AAAAAAAAAAAAAAAAAAAAAAAAAAAAAA",
										"label": "More than half the days"
									},
									{
										"concept": "163736AAAAAAAAAAAAAAAAAAAAAAAAAAAAAA",
										"label": "Nearly every day"
									}
								]
							}
						},
						{
							"label": "3. Trouble falling or staying asleep, or sleeping too much ",
							"type": "control",
							"id": "sleep",
							"questionOptions": {
								"concept": "",
								"rendering": "radio",
								"answers": [
									{
										"concept": "163733AAAAAAAAAAAAAAAAAAAAAAAAAAAAAA",
										"label": "Not at all"
									},
									{
										"concept": "163734AAAAAAAAAAAAAAAAAAAAAAAAAAAAAA",
										"label": "Several days "
									},
									{
										"concept": "163735AAAAAAAAAAAAAAAAAAAAAAAAAAAAAA",
										"label": "More than half the days"
									},
									{
										"concept": "163736AAAAAAAAAAAAAAAAAAAAAAAAAAAAAA",
										"label": "Nearly every day"
									}
								]
							},
							"hide": {
								"hideWhenExpression": "isEmpty(noInterest) || noInterest !== '163734AAAAAAAAAAAAAAAAAAAAAAAAAAAAAA' && noInterest !== '163735AAAAAAAAAAAAAAAAAAAAAAAAAAAAAA' && noInterest !== '163736AAAAAAAAAAAAAAAAAAAAAAAAAAAAAA' && depressed !== '163734AAAAAAAAAAAAAAAAAAAAAAAAAAAAAA' && depressed !== '163735AAAAAAAAAAAAAAAAAAAAAAAAAAAAAA' && depressed !== '163736AAAAAAAAAAAAAAAAAAAAAAAAAAAAAA'"
							}
						},
						{
							"label": "4. Feeling tired or having little energy",
							"type": "control",
							"id": "feelingTired",
							"questionOptions": {
								"concept": "",
								"rendering": "radio",
								"answers": [
									{
										"concept": "163733AAAAAAAAAAAAAAAAAAAAAAAAAAAAAA",
										"label": "Not at all"
									},
									{
										"concept": "163734AAAAAAAAAAAAAAAAAAAAAAAAAAAAAA",
										"label": "Several days "
									},
									{
										"concept": "163735AAAAAAAAAAAAAAAAAAAAAAAAAAAAAA",
										"label": "More than half the days"
									},
									{
										"concept": "163736AAAAAAAAAAAAAAAAAAAAAAAAAAAAAA",
										"label": "Nearly every day"
									}
								]
							},
							"hide": {
								"hideWhenExpression": "isEmpty(noInterest) || noInterest !== '163734AAAAAAAAAAAAAAAAAAAAAAAAAAAAAA' && noInterest !== '163735AAAAAAAAAAAAAAAAAAAAAAAAAAAAAA' && noInterest !== '163736AAAAAAAAAAAAAAAAAAAAAAAAAAAAAA' && depressed !== '163734AAAAAAAAAAAAAAAAAAAAAAAAAAAAAA' && depressed !== '163735AAAAAAAAAAAAAAAAAAAAAAAAAAAAAA' && depressed !== '163736AAAAAAAAAAAAAAAAAAAAAAAAAAAAAA'"
							}
						},
						{
							"label": "5. Poor appetite or overeating",
							"type": "control",
							"id": "poorAppetite",
							"questionOptions": {
								"concept": "",
								"rendering": "radio",
								"answers": [
									{
										"concept": "163733AAAAAAAAAAAAAAAAAAAAAAAAAAAAAA",
										"label": "Not at all"
									},
									{
										"concept": "163734AAAAAAAAAAAAAAAAAAAAAAAAAAAAAA",
										"label": "Several days "
									},
									{
										"concept": "163735AAAAAAAAAAAAAAAAAAAAAAAAAAAAAA",
										"label": "More than half the days"
									},
									{
										"concept": "163736AAAAAAAAAAAAAAAAAAAAAAAAAAAAAA",
										"label": "Nearly every day"
									}
								]
							},
							"hide": {
								"hideWhenExpression": "isEmpty(noInterest) || noInterest !== '163734AAAAAAAAAAAAAAAAAAAAAAAAAAAAAA' && noInterest !== '163735AAAAAAAAAAAAAAAAAAAAAAAAAAAAAA' && noInterest !== '163736AAAAAAAAAAAAAAAAAAAAAAAAAAAAAA' && depressed !== '163734AAAAAAAAAAAAAAAAAAAAAAAAAAAAAA' && depressed !== '163735AAAAAAAAAAAAAAAAAAAAAAAAAAAAAA' && depressed !== '163736AAAAAAAAAAAAAAAAAAAAAAAAAAAAAA'"
							}
						},
						{
							"label": "6. Feeling bad about yourself, or that you are a failure,or that you have let yourself or your family down",
							"type": "control",
							"id": "feelingBad",
							"questionOptions": {
								"concept": "",
								"rendering": "radio",
								"answers": [
									{
										"concept": "163733AAAAAAAAAAAAAAAAAAAAAAAAAAAAAA",
										"label": "Not at all"
									},
									{
										"concept": "163734AAAAAAAAAAAAAAAAAAAAAAAAAAAAAA",
										"label": "Several days "
									},
									{
										"concept": "163735AAAAAAAAAAAAAAAAAAAAAAAAAAAAAA",
										"label": "More than half the days"
									},
									{
										"concept": "163736AAAAAAAAAAAAAAAAAAAAAAAAAAAAAA",
										"label": "Nearly every day"
									}
								]
							},
							"hide": {
								"hideWhenExpression": "isEmpty(noInterest) || noInterest !== '163734AAAAAAAAAAAAAAAAAAAAAAAAAAAAAA' && noInterest !== '163735AAAAAAAAAAAAAAAAAAAAAAAAAAAAAA' && noInterest !== '163736AAAAAAAAAAAAAAAAAAAAAAAAAAAAAA' && depressed !== '163734AAAAAAAAAAAAAAAAAAAAAAAAAAAAAA' && depressed !== '163735AAAAAAAAAAAAAAAAAAAAAAAAAAAAAA' && depressed !== '163736AAAAAAAAAAAAAAAAAAAAAAAAAAAAAA'"
							}
						},
						{
							"label": "7. Trouble concentrating on things (linked with patient usual activities,such as reading the newspaper or listening to a radio programme)",
							"type": "control",
							"id": "troubled",
							"questionOptions": {
								"concept": "",
								"rendering": "radio",
								"answers": [
									{
										"concept": "163733AAAAAAAAAAAAAAAAAAAAAAAAAAAAAA",
										"label": "Not at all"
									},
									{
										"concept": "163734AAAAAAAAAAAAAAAAAAAAAAAAAAAAAA",
										"label": "Several days "
									},
									{
										"concept": "163735AAAAAAAAAAAAAAAAAAAAAAAAAAAAAA",
										"label": "More than half the days"
									},
									{
										"concept": "163736AAAAAAAAAAAAAAAAAAAAAAAAAAAAAA",
										"label": "Nearly every day"
									}
								]
							},
							"hide": {
								"hideWhenExpression": "isEmpty(noInterest) || noInterest !== '163734AAAAAAAAAAAAAAAAAAAAAAAAAAAAAA' && noInterest !== '163735AAAAAAAAAAAAAAAAAAAAAAAAAAAAAA' && noInterest !== '163736AAAAAAAAAAAAAAAAAAAAAAAAAAAAAA' && depressed !== '163734AAAAAAAAAAAAAAAAAAAAAAAAAAAAAA' && depressed !== '163735AAAAAAAAAAAAAAAAAAAAAAAAAAAAAA' && depressed !== '163736AAAAAAAAAAAAAAAAAAAAAAAAAAAAAA'"
							}
						},
						{
							"label": "8. Moving or speaking so slowly that other people could have noticed.Or the opposite, being so fidgety or restless that you have been moving around a lot more than usual",
							"type": "control",
							"id": "speakingSlowly",
							"questionOptions": {
								"concept": "",
								"rendering": "radio",
								"answers": [
									{
										"concept": "163733AAAAAAAAAAAAAAAAAAAAAAAAAAAAAA",
										"label": "Not at all"
									},
									{
										"concept": "163734AAAAAAAAAAAAAAAAAAAAAAAAAAAAAA",
										"label": "Several days "
									},
									{
										"concept": "163735AAAAAAAAAAAAAAAAAAAAAAAAAAAAAA",
										"label": "More than half the days"
									},
									{
										"concept": "163736AAAAAAAAAAAAAAAAAAAAAAAAAAAAAA",
										"label": "Nearly every day"
									}
								]
							},
							"hide": {
								"hideWhenExpression": "isEmpty(noInterest) || noInterest !== '163734AAAAAAAAAAAAAAAAAAAAAAAAAAAAAA' && noInterest !== '163735AAAAAAAAAAAAAAAAAAAAAAAAAAAAAA' && noInterest !== '163736AAAAAAAAAAAAAAAAAAAAAAAAAAAAAA' && depressed !== '163734AAAAAAAAAAAAAAAAAAAAAAAAAAAAAA' && depressed !== '163735AAAAAAAAAAAAAAAAAAAAAAAAAAAAAA' && depressed !== '163736AAAAAAAAAAAAAAAAAAAAAAAAAAAAAA'"
							}
						},
						{
							"label": "9. Thoughts that you would be better off dead or of hurting yourself in some way",
							"type": "control",
							"id": "betterDead",
							"questionOptions": {
								"concept": "",
								"rendering": "radio",
								"answers": [
									{
										"concept": "163733AAAAAAAAAAAAAAAAAAAAAAAAAAAAAA",
										"label": "Not at all"
									},
									{
										"concept": "163734AAAAAAAAAAAAAAAAAAAAAAAAAAAAAA",
										"label": "Several days "
									},
									{
										"concept": "163735AAAAAAAAAAAAAAAAAAAAAAAAAAAAAA",
										"label": "More than half the days"
									},
									{
										"concept": "163736AAAAAAAAAAAAAAAAAAAAAAAAAAAAAA",
										"label": "Nearly every day"
									}
								]
							},
							"hide": {
								"hideWhenExpression": "isEmpty(noInterest) || noInterest !== '163734AAAAAAAAAAAAAAAAAAAAAAAAAAAAAA' && noInterest !== '163735AAAAAAAAAAAAAAAAAAAAAAAAAAAAAA' && noInterest !== '163736AAAAAAAAAAAAAAAAAAAAAAAAAAAAAA' && depressed !== '163734AAAAAAAAAAAAAAAAAAAAAAAAAAAAAA' && depressed !== '163735AAAAAAAAAAAAAAAAAAAAAAAAAAAAAA' && depressed !== '163736AAAAAAAAAAAAAAAAAAAAAAAAAAAAAA'"
							}
						}
					]
				},
				{
					"label": "Depression Assessment Score",
					"isExpanded": "true",
					"questions": [
						{
							"label": "Depression Assessment Score",
							"type": "obs",
							"id": "assessmentOutcome",
							"questionOptions": {
								"concept": "33bb96f8-e009-482a-ba68-212281780fb8",
								"rendering": "radio",
								"readOnly": "true",
								"answers": [
									{
										"concept": "1115AAAAAAAAAAAAAAAAAAAAAAAAAAAAAAAA",
										"label": "Depression unlikely"
									},
									{
										"concept": "157790AAAAAAAAAAAAAAAAAAAAAAAAAAAAAA",
										"label": "Mild depression"
									},
									{
										"concept": "134011AAAAAAAAAAAAAAAAAAAAAAAAAAAAAA",
										"label": "Moderate depression"
									},
									{
										"concept": "134017AAAAAAAAAAAAAAAAAAAAAAAAAAAAAA",
										"label": "Moderate severe depression"
									},
									{
										"concept": "126627AAAAAAAAAAAAAAAAAAAAAAAAAAAAAA",
										"label": "Severe depression"
									}
								],
								"calculate": {
									"calculateExpression": "getAssessmentCode(noInterest,depressed,speakingSlowly,betterDead,sleep,feelingTired,poorAppetite,troubled,feelingBad)"
								}
							}
						}
					]
				},
				{
					"label": "Psychological First Aid",
					"isExpanded": "true",
					"questions": [
						{
							"label": "Psychological First Aid (PFA) offered?",
							"type": "obs",
							"required": false,
							"id": "psychologicalFirstAidOffered",
							"questionOptions": {
								"rendering": "radio",
								"concept": "63da4194-a26a-4aa5-b5d5-4125b4822cf7",
								"answers": [
									{
										"concept": "1065AAAAAAAAAAAAAAAAAAAAAAAAAAAAAAAA",
										"label": "Yes"
									},
									{
										"concept": "1066AAAAAAAAAAAAAAAAAAAAAAAAAAAAAAAA",
										"label": "No"
									}
								]
							},
							"validators": [],
							"hide": {
								"hideWhenExpression": "isEmpty(assessmentOutcome) || assessmentOutcome === '1115AAAAAAAAAAAAAAAAAAAAAAAAAAAAAAAA'"
							}
						}
					]
				},
				{
					"label": "Referrals",
					"isExpanded": "true",
					"questions": [
						{
							"label": "Client referred? ",
							"type": "obs",
							"required": false,
							"id": "clientReferred",
							"questionOptions": {
								"rendering": "radio",
								"concept": "166656AAAAAAAAAAAAAAAAAAAAAAAAAAAAAA",
								"conceptMappings": [
									{
										"relationship": "NARROWER-THAN",
										"type": "SNOMED CT",
										"value": "309018005"
									},
									{
										"relationship": "SAME-AS",
										"type": "KenyaEMR",
										"value": "165093"
									},
									{
										"relationship": "SAME-AS",
										"type": "CIEL",
										"value": "166656"
									}
								],
								"answers": [
									{
										"concept": "1065AAAAAAAAAAAAAAAAAAAAAAAAAAAAAAAA",
										"label": "Yes"
									},
									{
										"concept": "1066AAAAAAAAAAAAAAAAAAAAAAAAAAAAAAAA",
										"label": "No"
									}
								]
							},
							"validators": [],
							"hide": {
								"hideWhenExpression": "isEmpty(assessmentOutcome) || assessmentOutcome === '1115AAAAAAAAAAAAAAAAAAAAAAAAAAAAAAAA' || assessmentOutcome === '157790AAAAAAAAAAAAAAAAAAAAAAAAAAAAAA' || psychologicalFirstAidOffered !== '1065AAAAAAAAAAAAAAAAAAAAAAAAAAAAAAAA'"
							}
						},
						{
							"label": "Facility referred?",
							"type": "obs",
							"required": true,
							"id": "facilityReffered",
							"questionOptions": {
								"rendering": "radio",
								"concept": "166636AAAAAAAAAAAAAAAAAAAAAAAAAAAAAA",
								"conceptMappings": [],
								"answers": [
									{
										"concept": "163266AAAAAAAAAAAAAAAAAAAAAAAAAAAAAA",
										"label": "This facility"
									},
									{
										"concept": "164407AAAAAAAAAAAAAAAAAAAAAAAAAAAAAA",
										"label": "Other health facility"
									}
								]
							},
							"validators": [],
							"hide": {
								"hideWhenExpression": "isEmpty(clientReferred) || clientReferred !== '1065AAAAAAAAAAAAAAAAAAAAAAAAAAAAAAAA'"
							}
						},
						{
							"label": "Other Facility:",
							"type": "obs",
							"id": "otherfacility",
							"questionOptions": {
								"concept": "162724AAAAAAAAAAAAAAAAAAAAAAAAAAAAAA",
								"rendering": "text"
							},
							"hide": {
								"hideWhenExpression": "isEmpty(facilityReffered) || facilityReffered !== '164407AAAAAAAAAAAAAAAAAAAAAAAAAAAAAA'"
							}
						},
						{
							"label": "This Facility:",
							"type": "obs",
							"id": "thisfacility",
							"questionOptions": {
								"concept": "162724AAAAAAAAAAAAAAAAAAAAAAAAAAAAAA",
								"rendering": "text",
								"calculate": {
									"calculateExpression": "facilityReffered === '163266AAAAAAAAAAAAAAAAAAAAAAAAAAAAAA' && userLocation.display"
								}
							},
							"hide": {
								"hideWhenExpression": "isEmpty(facilityReffered) || facilityReffered !== '163266AAAAAAAAAAAAAAAAAAAAAAAAAAAAAA'"
							}
						},
						{
							"label": "Service referred for?",
							"type": "obs",
							"required": true,
							"id": "serviceReferredFor",
							"questionOptions": {
								"rendering": "checkbox",
								"concept": "d7a3441d-6aeb-49be-b7d6-b2a3bb39e78d",
								"conceptMappings": [],
								"answers": [
									{
										"concept": "167061AAAAAAAAAAAAAAAAAAAAAAAAAAAAAA",
										"label": "Psychiatric service"
									},
									{
										"concept": "163312AAAAAAAAAAAAAAAAAAAAAAAAAAAAAA",
										"label": "Psychotherapy service "
									}
								]
							},
							"validators": [],
							"hide": {
								"hideWhenExpression": "isEmpty(clientReferred) || clientReferred !== '1065AAAAAAAAAAAAAAAAAAAAAAAAAAAAAAAA'"
							}
						}
					]
				}
			]
		}
	],
	"processor": "EncounterFormProcessor",
	"referencedForms": [],
	"encounterType": "899d64ad-be13-4071-a879-2153847206b7"
}