{
    "name": "Dermatology Clinical Form",
    "description": "A form used to capture dermatology clinical Cases",
    "version": "2.0",
    "published": true,
    "uuid": "efa2f992-44af-487e-aaa7-c92813a34612",
    "retired": false,
    "encounter": "Dermatology Clinic",
    "pages": [
      {
        "label": "Visit Details",
        "sections": [
          {
            "label": "Encounter Details",
            "isExpanded": "true",
            "questions": [
              {
                "label": "Visit date:",
                "type": "encounterDatetime",
                "required": "true",
                "id": "encDate",
                "questionOptions": {
                  "rendering": "date"
                },
                "validators": [
                  {
                    "type": "date",
                    "allowFutureDates": "false"
                  }
                ]
              },
              {
                "label": "Provider:",
                "type": "encounterProvider",
                "questionOptions": {
                  "rendering": "ui-select-extended"
                },
                "id": "encProvider "
              },
              {
                "label": "Location:",
                "type": "encounterLocation",
                "questionOptions": {
                  "rendering": "ui-select-extended"
                },
                "id": "encLocation"
              }
            ]
          },
          {
            "label": "Patient Details",
            "isExpanded": "true",
            "questions": [
              {
                "label": "Visit Type?",
                "type": "obs",
                "required": "true",
                "id": "visitType",
                "questionOptions": {
                  "rendering": "radio",
                  "concept": "164181AAAAAAAAAAAAAAAAAAAAAAAAAAAAAA",
                  "conceptMappings": [
                    {
                      "relationship": "SAME-AS",
                      "type": "CIEL",
                      "value": "164181"
                    }
                  ],
                  "answers": [
                    {
                      "concept": "164180AAAAAAAAAAAAAAAAAAAAAAAAAAAAAA",
                      "label": "New visit"
                    },
                    {
                      "concept": "160530AAAAAAAAAAAAAAAAAAAAAAAAAAAAAA",
                      "label": "Return Visit"
                    },
                    {
                      "concept": "160563AAAAAAAAAAAAAAAAAAAAAAAAAAAAAA",
                      "label": "Referrals"
                    }
                  ]
                }
              },
              {
                "label": "Referral from",
                "type": "obs",
                "required": true,
                "id": "referralSpecification",
                "questionOptions": {
                  "rendering": "radio",
                  "concept": "160338AAAAAAAAAAAAAAAAAAAAAAAAAAAAAA",
                  "conceptMappings": [],
                  "answers": [
                    {
                      "concept": "164407AAAAAAAAAAAAAAAAAAAAAAAAAAAAAA",
                      "label": "From other facilities"
                    },
                    {
                      "concept": "1759AAAAAAAAAAAAAAAAAAAAAAAAAAAAAAAA",
                      "label": "Referred from CHU "
                    },
                    {
                      "concept": "164918AAAAAAAAAAAAAAAAAAAAAAAAAAAAAA",
                      "label": "Internal(Department)"
                    }
                  ]
                },
                "hide": {
                  "hideWhenExpression": "isEmpty(visitType) || visitType !== '160563AAAAAAAAAAAAAAAAAAAAAAAAAAAAAA'"
                }
              },
              {
                "label": "Specify Referring Department",
                "type": "obs",
                "required": true,
                "id": "departmentSpecify",
                "questionOptions": {
                  "rendering": "radio",
                  "concept": "160478AAAAAAAAAAAAAAAAAAAAAAAAAAAAAA",
                  "conceptMappings": [],
                  "answers": [
                    {
                      "concept": "160542AAAAAAAAAAAAAAAAAAAAAAAAAAAAAA",
                      "label": "Outpatient Department"
                    },
                    {
                      "concept": "167050AAAAAAAAAAAAAAAAAAAAAAAAAAAAAA",
                      "label": "Inpatient Department"
                    },
                    {
                      "concept": "160454AAAAAAAAAAAAAAAAAAAAAAAAAAAAAA",
                      "label": "Ophthalmology (Eye)Clinic"
                    },
                    {
                      "concept": "160455AAAAAAAAAAAAAAAAAAAAAAAAAAAAAA",
                      "label": "Ear, Nose, and Throat(ENT)Clinic"
                    },
                    {
                      "concept": "2a030791-14b4-4996-95ad-39c54b25f2b6",
                      "label": "Physiotherapy clinic"
                    },
                    {
                      "concept": "164164AAAAAAAAAAAAAAAAAAAAAAAAAAAAAA",
                      "label": "Surgical Outpatient Clinic"
                    },
                    {
                      "concept": "160457AAAAAAAAAAAAAAAAAAAAAAAAAAAAAA",
                      "label": "Paediatrics clinics"
                    },
                    {
                      "concept": "1d7d7c76-d807-4f33-8c7e-2531e28126ed",
                      "label": "Maxillofacial Clinic"
                    },
                    {
                      "concept": "160448AAAAAAAAAAAAAAAAAAAAAAAAAAAAAA",
                      "label": "Medical Outpatient clinic"
                    },
                    {
                      "concept": "66710a6d-5894-4f7d-a874-b449df77314d",
                      "label": "Oncology Clinic"
                    },
                    {
                      "concept": "30aff715-92de-4662-aa33-fa6b6179fed0",
                      "label": "Dental clinic"
                    },
                    {
                      "concept": "160475AAAAAAAAAAAAAAAAAAAAAAAAAAAAAA",
                      "label": "Renal Clinic"
                    },
                    {
                      "concept": "5489AAAAAAAAAAAAAAAAAAAAAAAAAAAAAAAA",
                      "label": "Mental Health"
                    },
                    {
                      "concept": "160460AAAAAAAAAAAAAAAAAAAAAAAAAAAAAA",
                      "label": "Dermatology Clinic"
                    },
                    {
                      "concept": "164103AAAAAAAAAAAAAAAAAAAAAAAAAAAAAA",
                      "label": "Diabetic Clinic"
                    },
                    {
                      "concept": "c2f85aed-695f-49b1-973e-002c37cbdebf",
                      "label": "Occupational Therapy Clinic"
                    },
                    {
                      "concept": "160465AAAAAAAAAAAAAAAAAAAAAAAAAAAAAA",
                      "label": "Orthopaedic Clinic"
                    },
                    {
                      "concept": "5622AAAAAAAAAAAAAAAAAAAAAAAAAAAAAAAA",
                      "label": "Others specify"
                    }
                  ]
                },
                "hide": {
                  "hideWhenExpression": "isEmpty(referralSpecification) || referralSpecification !== '164918AAAAAAAAAAAAAAAAAAAAAAAAAAAAAA'"
                }
              },
              {
                "label": "Specify Department",
                "type": "obs",
                "required": true,
                "id": "specifyDepartment",
                "questionOptions": {
                  "rendering": "text",
                  "concept": "160632AAAAAAAAAAAAAAAAAAAAAAAAAAAAAA",
                  "conceptMappings": []
                },
                "hide": {
                  "hideWhenExpression": "isEmpty(departmentSpecify) || departmentSpecify !== '5622AAAAAAAAAAAAAAAAAAAAAAAAAAAAAAAA'"
                }
              }
            ]
          }
        ]
      },
      {
        "label": "Patient History",
        "sections": [
          {
            "label": "Complaints and History of complaints",
            "isExpanded": "true",
            "questions": [
              {
                "label": "Patient having complaint(s) today?",
                "type": "obs",
                "id": "complaintsToday",
                "required": "true",
                "questionOptions": {
                  "concept": "5219AAAAAAAAAAAAAAAAAAAAAAAAAAAAAAAA",
                  "rendering": "radio",
                  "answers": [
                    {
                      "concept": "1065AAAAAAAAAAAAAAAAAAAAAAAAAAAAAAAA",
                      "label": "Yes"
                    },
                    {
                      "concept": "1066AAAAAAAAAAAAAAAAAAAAAAAAAAAAAAAA",
                      "label": "No"
                    }
                  ]
                },
                "hide": {
                  "hideWhenExpression": "visitTo === '167050AAAAAAAAAAAAAAAAAAAAAAAAAAAAAA'"
                }
              },
              {
                "label": "Presenting complaints",
                "type": "obsGroup",
                "id": "ComplaintLodgeByClient",
                "questionOptions": {
                  "concept": "160531AAAAAAAAAAAAAAAAAAAAAAAAAAAAAA",
                  "rendering": "repeating"
                },
                "validators": [],
                "hide": {
                  "hideWhenExpression": "complaintsToday !== '1065AAAAAAAAAAAAAAAAAAAAAAAAAAAAAAAA'"
                },
                "questions": [
                  {
                    "label": "Complaint",
                    "type": "obs",
                    "id": "cOmplaIntField",
                    "questionOptions": {
                      "concept": "5219AAAAAAAAAAAAAAAAAAAAAAAAAAAAAAAA",
                      "rendering": "select",
                      "answers": [
                        {
                          "concept": "146625AAAAAAAAAAAAAAAAAAAAAAAAAAAAAA",
                          "label": "Burning/stinging sensations"
                        },
                        {
                          "concept": "126075AAAAAAAAAAAAAAAAAAAAAAAAAAAAAA",
                          "label": "Brusing /easy bleeding"
                        },
                        {
                          "concept": "130311AAAAAAAAAAAAAAAAAAAAAAAAAAAAAA",
                          "label": "Dryness/scaling"
                        },
                        {
                          "concept": "140104AAAAAAAAAAAAAAAAAAAAAAAAAAAAAA",
                          "label": "Fissure in Skin"
                        },
                        {
                          "concept": "135591AAAAAAAAAAAAAAAAAAAAAAAAAAAAAA",
                          "label": "Hair loss"
                        },
                        {
                          "concept": "879AAAAAAAAAAAAAAAAAAAAAAAAAAAAAAAAA",
                          "label": "Itching/pruritis"
                        },
                        {
                          "concept": "114403AAAAAAAAAAAAAAAAAAAAAAAAAAAAAA",
                          "label": "Pain or discomfort"
                        },
                        {
                          "concept": "512AAAAAAAAAAAAAAAAAAAAAAAAAAAAAAAAA",
                          "label": " Rash"
                        },
                        {
                          "concept": "155973AAAAAAAAAAAAAAAAAAAAAAAAAAAAAA",
                          "label": "Skin discoloration"
                        },
                        {
                          "concept": "112938AAAAAAAAAAAAAAAAAAAAAAAAAAAAAA",
                          "label": "Skin Lesion"
                        },
                        {
                          "concept": "d4e9d96a-a895-4750-8886-90a233c1c547",
                          "label": "Skin sensitivity"
                        },
                        {
                          "concept": "163894AAAAAAAAAAAAAAAAAAAAAAAAAAAAAA",
                          "label": "Swelling"
                        },
                        {
                          "concept": "5622AAAAAAAAAAAAAAAAAAAAAAAAAAAAAAAA",
                          "label": "Other"
                        }
                      ]
                    }
                  },
                  {
                    "label": "Specify other complaints",
                    "type": "obs",
                    "id": "OtherSpecificComplaints",
                    "questionOptions": {
                      "concept": "20395601-257c-490c-86c2-acffb627f91f",
                      "rendering": "textarea"
                    },
                    "validators": [],
                    "hide": {
                      "hideWhenExpression": "cOmplaIntField !== '5622AAAAAAAAAAAAAAAAAAAAAAAAAAAAAAAA'"
                    }
                  },
                  {
                    "label": "Duration (Days)",
                    "type": "obs",
                    "id": "complaint-duration",
                    "questionOptions": {
                      "concept": "159368AAAAAAAAAAAAAAAAAAAAAAAAAAAAAA",
                      "rendering": "number",
                      "min": "0"
                    },
                    "validators": []
                  },
                  {
                    "label": "Onset Status",
                    "type": "obs",
                    "id": "onsetStatus",
                    "questionOptions": {
                      "concept": "d7a3441d-6aeb-49be-b7d6-b2a3bb39e78d",
                      "rendering": "select",
                      "answers": [
                        {
                          "concept": "1499AAAAAAAAAAAAAAAAAAAAAAAAAAAAAAAA",
                          "label": "Gradual"
                        },
                        {
                          "concept": "162707AAAAAAAAAAAAAAAAAAAAAAAAAAAAAA",
                          "label": "Sudden"
                        }
                      ]
                    }
                  },
                  {
                    "label": "Site of onset",
                    "type": "obs",
                    "id": "siteOnset",
                    "questionOptions": {
                      "concept": "160430AAAAAAAAAAAAAAAAAAAAAAAAAAAAAA",
                      "rendering": "textarea"
                    },
                    "hide": {
                      "hideWhenExpression": "visitTo === '167050AAAAAAAAAAAAAAAAAAAAAAAAAAAAAA' || cOmplaIntField !== '512AAAAAAAAAAAAAAAAAAAAAAAAAAAAAAAAA' && cOmplaIntField !== '879AAAAAAAAAAAAAAAAAAAAAAAAAAAAAAAAA' && cOmplaIntField !== '155973AAAAAAAAAAAAAAAAAAAAAAAAAAAAAA' && cOmplaIntField !== 'd4e9d96a-a895-4750-8886-90a233c1c547' && cOmplaIntField !== '163894AAAAAAAAAAAAAAAAAAAAAAAAAAAAAA'"
                    },
                    "validators": []
                  },
                  {
                    "label": "Mode of spread",
                    "type": "obs",
                    "id": "spreadMode",
                    "questionOptions": {
                      "concept": "160430AAAAAAAAAAAAAAAAAAAAAAAAAAAAAA",
                      "rendering": "textarea"
                    },
                    "hide": {
                      "hideWhenExpression": "visitTo === '167050AAAAAAAAAAAAAAAAAAAAAAAAAAAAAA' || cOmplaIntField !== '512AAAAAAAAAAAAAAAAAAAAAAAAAAAAAAAAA' && cOmplaIntField !== '879AAAAAAAAAAAAAAAAAAAAAAAAAAAAAAAAA' && cOmplaIntField !== '155973AAAAAAAAAAAAAAAAAAAAAAAAAAAAAA' && cOmplaIntField !== 'd4e9d96a-a895-4750-8886-90a233c1c547' && cOmplaIntField !== '163894AAAAAAAAAAAAAAAAAAAAAAAAAAAAAA'"
                    },
                    "validators": []
                  }
                ]
              },
              {
                "label": "History of present illness (HPI)",
                "type": "obs",
                "id": "ClinICNotes",
                "questionOptions": {
                  "concept": "160430AAAAAAAAAAAAAAAAAAAAAAAAAAAAAA",
                  "rendering": "textarea"
                },
                "hide": {
                  "hideWhenExpression": "visitTo === '167050AAAAAAAAAAAAAAAAAAAAAAAAAAAAAA'"
                },
                "validators": []
              }
            ]
          },
          {
            "label": "Past medical history",
            "isExpanded": "true",
            "questions": [
              {
                "label": "Patient taking any medication?",
                "type": "obs",
                "id": "medHis",
                "questionOptions": {
                  "rendering": "radio",
                  "concept": "1628AAAAAAAAAAAAAAAAAAAAAAAAAAAAAAAA",
                  "answers": [
                    {
                      "concept": "1065AAAAAAAAAAAAAAAAAAAAAAAAAAAAAAAA",
                      "label": "Yes"
                    },
                    {
                      "concept": "1066AAAAAAAAAAAAAAAAAAAAAAAAAAAAAAAA",
                      "label": "No"
                    }
                  ]
                },
                "hide": {
                  "hideWhenExpression": "visitTo === '167050AAAAAAAAAAAAAAAAAAAAAAAAAAAAAA'"
                }
              },
              {
                "label": "Medication Name",
                "type": "obs",
                "id": "druG",
                "questionOptions": {
                  "concept": "162725AAAAAAAAAAAAAAAAAAAAAAAAAAAAAA",
                  "rendering": "text"
                },
                "hide": {
                  "hideWhenExpression": "medHis !== '1065AAAAAAAAAAAAAAAAAAAAAAAAAAAAAAAA'"
                }
              },
              {
                "label": "Duration (Days)",
                "type": "obs",
                "id": "complaintDur",
                "questionOptions": {
                  "concept": "159368AAAAAAAAAAAAAAAAAAAAAAAAAAAAAA",
                  "rendering": "number",
                  "min": "0"
                },
                "hide": {
                  "hideWhenExpression": "medHis !== '1065AAAAAAAAAAAAAAAAAAAAAAAAAAAAAAAA'"
                },
                "validators": []
              },
              {
                "label": "Any History of Skin disease",
                "id": "skinCondition",
                "type": "obs",
                "questionOptions": {
                  "rendering": "checkbox",
                  "concept": "162737AAAAAAAAAAAAAAAAAAAAAAAAAAAAAA",
                  "answers": [
                    {
                      "concept": "1107AAAAAAAAAAAAAAAAAAAAAAAAAAAAAAAA",
                      "label": "None"
                    },
                    {
                      "concept": "121375AAAAAAAAAAAAAAAAAAAAAAAAAAAAAA",
                      "label": "Asthma",
                      "disableWhenExpression": "myValue === '1107AAAAAAAAAAAAAAAAAAAAAAAAAAAAAAAA'"
                    },
                    {
                      "concept": "119481AAAAAAAAAAAAAAAAAAAAAAAAAAAAAA",
                      "label": "Diabetes",
                      "disableWhenExpression": "myValue === '1107AAAAAAAAAAAAAAAAAAAAAAAAAAAAAAAA'"
                    },
                    {
                      "concept": "118731AAAAAAAAAAAAAAAAAAAAAAAAAAAAAA",
                      "label": "Eczema",
                      "disableWhenExpression": "myValue === '1107AAAAAAAAAAAAAAAAAAAAAAAAAAAAAAAA'"
                    },
                    {
                      "concept": "121690AAAAAAAAAAAAAAAAAAAAAAAAAAAAAA",
                      "label": "Hay Fever",
                      "disableWhenExpression": "myValue === '1107AAAAAAAAAAAAAAAAAAAAAAAAAAAAAAAA'"
                    },
                    {
                      "concept": "137197AAAAAAAAAAAAAAAAAAAAAAAAAAAAAA",
                      "label": "Inflammatory Bowel Disease",
                      "disableWhenExpression": "myValue === '1107AAAAAAAAAAAAAAAAAAAAAAAAAAAAAAAA'"
                    },
                    {
                      "concept": "159351AAAAAAAAAAAAAAAAAAAAAAAAAAAAAA",
                      "label": "Skin cancer",
                      "disableWhenExpression": "myValue === '1107AAAAAAAAAAAAAAAAAAAAAAAAAAAAAAAA'"
                    },
                    {
                      "concept": "5622AAAAAAAAAAAAAAAAAAAAAAAAAAAAAAAA",
                      "label": "Other",
                      "disableWhenExpression": "myValue === '1107AAAAAAAAAAAAAAAAAAAAAAAAAAAAAAAA'"
                    }
                  ]
                },
                "hide": {
                  "hideWhenExpression": "visitTo === '167050AAAAAAAAAAAAAAAAAAAAAAAAAAAAAA'"
                }
              },
              {
                "label": "Other (Specify)",
                "type": "obs",
                "id": "otherfCndtnd",
                "questionOptions": {
                  "rendering": "text",
                  "concept": "160632AAAAAAAAAAAAAAAAAAAAAAAAAAAAAA"
                },
                "hide": {
                  "hideWhenExpression": "isEmpty(skinCondition) || !arrayContains(skinCondition, '5622AAAAAAAAAAAAAAAAAAAAAAAAAAAAAAAA')"
                }
              },
              {
                "label": "Family History with skin Disease?",
                "type": "obs",
                "id": "skinHis",
                "questionOptions": {
                  "rendering": "radio",
                  "concept": "30fe6669-75f3-4a1d-89c3-753a060d559a",
                  "answers": [
                    {
                      "concept": "1065AAAAAAAAAAAAAAAAAAAAAAAAAAAAAAAA",
                      "label": "Yes"
                    },
                    {
                      "concept": "1066AAAAAAAAAAAAAAAAAAAAAAAAAAAAAAAA",
                      "label": "No"
                    }
                  ]
                },
                "hide": {
                  "hideWhenExpression": "visitTo === '167050AAAAAAAAAAAAAAAAAAAAAAAAAAAAAA'"
                }
              }
            ]
          },
          {
            "label": "Social /Occupational History",
            "isExpanded": "true",
            "questions": [
              {
                "label": "Are you exposed to any chemicals or irritants at your working place?",
                "type": "obs",
                "id": "chemExposure",
                "questionOptions": {
                  "rendering": "radio",
                  "concept": "8742743d-a74f-41c4-8f54-6010418a755f",
                  "answers": [
                    {
                      "concept": "1065AAAAAAAAAAAAAAAAAAAAAAAAAAAAAAAA",
                      "label": "Yes"
                    },
                    {
                      "concept": "1066AAAAAAAAAAAAAAAAAAAAAAAAAAAAAAAA",
                      "label": "No"
                    }
                  ]
                },
                "hide": {
                  "hideWhenExpression": "visitTo === '167050AAAAAAAAAAAAAAAAAAAAAAAAAAAAAA'"
                }
              },
              {
                "label": "Have you travelled anywhere recently(locally/internationally)?",
                "type": "obs",
                "id": "travelHis",
                "questionOptions": {
                  "rendering": "radio",
                  "concept": "165656AAAAAAAAAAAAAAAAAAAAAAAAAAAAAA",
                  "answers": [
                    {
                      "concept": "1065AAAAAAAAAAAAAAAAAAAAAAAAAAAAAAAA",
                      "label": "Yes"
                    },
                    {
                      "concept": "1066AAAAAAAAAAAAAAAAAAAAAAAAAAAAAAAA",
                      "label": "No"
                    }
                  ]
                },
                "hide": {
                  "hideWhenExpression": "visitTo === '167050AAAAAAAAAAAAAAAAAAAAAAAAAAAAAA'"
                }
              },
              {
                "label": "Have you noticed any changes in your skin since returning from your travel?",
                "type": "obs",
                "id": "skinChanges",
                "questionOptions": {
                  "rendering": "radio",
                  "concept": "30fe6669-75f3-4a1d-89c3-753a060d559a",
                  "answers": [
                    {
                      "concept": "1065AAAAAAAAAAAAAAAAAAAAAAAAAAAAAAAA",
                      "label": "Yes"
                    },
                    {
                      "concept": "1066AAAAAAAAAAAAAAAAAAAAAAAAAAAAAAAA",
                      "label": "No"
                    }
                  ]
                },
                "hide": {
                  "hideWhenExpression": "travelHis !== '1065AAAAAAAAAAAAAAAAAAAAAAAAAAAAAAAA'"
                }
              },
              {
                "label": "History of family/social contact",
                "type": "obs",
                "id": "socCont",
                "questionOptions": {
                  "rendering": "radio",
                  "concept": "165656AAAAAAAAAAAAAAAAAAAAAAAAAAAAAA",
                  "answers": [
                    {
                      "concept": "1065AAAAAAAAAAAAAAAAAAAAAAAAAAAAAAAA",
                      "label": "Yes"
                    },
                    {
                      "concept": "1066AAAAAAAAAAAAAAAAAAAAAAAAAAAAAAAA",
                      "label": "No"
                    }
                  ]
                },
                "hide": {
                  "hideWhenExpression": "visitTo === '167050AAAAAAAAAAAAAAAAAAAAAAAAAAAAAA'"
                }
              }
            ]
          }
        ]
      },
      {
        "label": "Patient Examination",
        "sections": [
          {
            "label": "General Examination Findings",
            "isExpanded": "true",
            "questions": [
              {
                "label": "Skin Examination",
                "required": "true",
                "id": "skinExam",
                "type": "obs",
                "questionOptions": {
                  "rendering": "checkbox",
                  "concept": "162737AAAAAAAAAAAAAAAAAAAAAAAAAAAAAA",
                  "answers": [
                    {
                      "concept": "1107AAAAAAAAAAAAAAAAAAAAAAAAAAAAAAAA",
                      "label": "None"
                    },
                    {
                      "concept": "141692AAAAAAAAAAAAAAAAAAAAAAAAAAAAAA",
                      "label": "Dry Skin",
                      "disableWhenExpression": "myValue === '1107AAAAAAAAAAAAAAAAAAAAAAAAAAAAAAAA'"
                    },
                    {
                      "concept": "153515AAAAAAAAAAAAAAAAAAAAAAAAAAAAAA",
                      "label": "Oily skin",
                      "disableWhenExpression": "myValue === '1107AAAAAAAAAAAAAAAAAAAAAAAAAAAAAAAA'"
                    },
                    {
                      "concept": "155973AAAAAAAAAAAAAAAAAAAAAAAAAAAAAA",
                      "label": "Rough Skin",
                      "disableWhenExpression": "myValue === '1107AAAAAAAAAAAAAAAAAAAAAAAAAAAAAAAA'"
                    },
                    {
                      "concept": "126325AAAAAAAAAAAAAAAAAAAAAAAAAAAAAA",
                      "label": "Smooth Skin",
                      "disableWhenExpression": "myValue === '1107AAAAAAAAAAAAAAAAAAAAAAAAAAAAAAAA'"
                    },
                    {
                      "concept": "523AAAAAAAAAAAAAAAAAAAAAAAAAAAAAAAAA",
                      "label": "Scaly",
                      "disableWhenExpression": "myValue === '1107AAAAAAAAAAAAAAAAAAAAAAAAAAAAAAAA'"
                    },
                    {
                      "concept": "126384AAAAAAAAAAAAAAAAAAAAAAAAAAAAAA",
                      "label": "Skin tenderness",
                      "disableWhenExpression": "myValue === '1107AAAAAAAAAAAAAAAAAAAAAAAAAAAAAAAA'"
                    },
                    {
                      "concept": "148177AAAAAAAAAAAAAAAAAAAAAAAAAAAAAA",
                      "label": "Atrophic",
                      "disableWhenExpression": "myValue === '1107AAAAAAAAAAAAAAAAAAAAAAAAAAAAAAAA'"
                    },
                    {
                      "concept": "138147AAAAAAAAAAAAAAAAAAAAAAAAAAAAAA",
                      "label": "Hypertrophic",
                      "disableWhenExpression": "myValue === '1107AAAAAAAAAAAAAAAAAAAAAAAAAAAAAAAA'"
                    },
                    {
                      "concept": "167237AAAAAAAAAAAAAAAAAAAAAAAAAAAAAA",
                      "label": "Increased local temperature",
                      "disableWhenExpression": "myValue === '1107AAAAAAAAAAAAAAAAAAAAAAAAAAAAAAAA'"
                    },
                    {
                      "concept": "117427AAAAAAAAAAAAAAAAAAAAAAAAAAAAAA",
                      "label": "Depigmentation",
                      "disableWhenExpression": "myValue === '1107AAAAAAAAAAAAAAAAAAAAAAAAAAAAAAAA'"
                    },
                    {
                      "concept": "136443AAAAAAAAAAAAAAAAAAAAAAAAAAAAAA",
                      "label": "Jaundiced",
                      "disableWhenExpression": "myValue === '1107AAAAAAAAAAAAAAAAAAAAAAAAAAAAAAAA'"
                    },
                    {
                      "concept": "138235AAAAAAAAAAAAAAAAAAAAAAAAAAAAAA",
                      "label": "Hyperpigmentation of Skin",
                      "disableWhenExpression": "myValue === '1107AAAAAAAAAAAAAAAAAAAAAAAAAAAAAAAA'"
                    },
                    {
                      "concept": "110205AAAAAAAAAAAAAAAAAAAAAAAAAAAAAA",
                      "label": "Hypopigmentation",
                      "disableWhenExpression": "myValue === '1107AAAAAAAAAAAAAAAAAAAAAAAAAAAAAAAA'"
                    },
                    {
                      "concept": "5622AAAAAAAAAAAAAAAAAAAAAAAAAAAAAAAA",
                      "label": "Other",
                      "disableWhenExpression": "myValue === '1107AAAAAAAAAAAAAAAAAAAAAAAAAAAAAAAA'"
                    }
                  ]
                },
                "hide": {
                  "hideWhenExpression": "visitTo === '167050AAAAAAAAAAAAAAAAAAAAAAAAAAAAAA'"
                },
                "validators": []
              },
              {
                "label": "Specify other complaints",
                "type": "obs",
                "id": "OtherSpecificCond",
                "questionOptions": {
                  "concept": "20395601-257c-490c-86c2-acffb627f91f",
                  "rendering": "textarea"
                },
                "validators": [],
                "hide": {
                  "hideWhenExpression": "isEmpty(skinExam) || !arrayContains(skinExam, '5622AAAAAAAAAAAAAAAAAAAAAAAAAAAAAAAA')"
                }
              },
              {
                "label": "Skin Lesions findings",
                "type": "obs",
                "id": "skinLesions",
                "questionOptions": {
                  "concept": "1070AAAAAAAAAAAAAAAAAAAAAAAAAAAAAAAA",
                  "rendering": "multiCheckbox",
                  "answers": [
                    {
                      "concept": "127142AAAAAAAAAAAAAAAAAAAAAAAAAAAAAA",
                      "label": "Macule"
                    },
                    {
                      "concept": "128320AAAAAAAAAAAAAAAAAAAAAAAAAAAAAA",
                      "label": "Papule"
                    },
                    {
                      "concept": "130088AAAAAAAAAAAAAAAAAAAAAAAAAAAAAA",
                      "label": "Plaque"
                    },
                    {
                      "concept": "130218AAAAAAAAAAAAAAAAAAAAAAAAAAAAAA",
                      "label": "Nodules"
                    },
                    {
                      "concept": "130090AAAAAAAAAAAAAAAAAAAAAAAAAAAAAA",
                      "label": "Papilloma"
                    },
                    {
                      "concept": "138883AAAAAAAAAAAAAAAAAAAAAAAAAAAAAA",
                      "label": "Vesicle"
                    },
                    {
                      "concept": "124207AAAAAAAAAAAAAAAAAAAAAAAAAAAAAA",
                      "label": "Bulla"
                    },
                    {
                      "concept": "128047AAAAAAAAAAAAAAAAAAAAAAAAAAAAAA",
                      "label": "Pustule"
                    },
                    {
                      "concept": "111061AAAAAAAAAAAAAAAAAAAAAAAAAAAAAA",
                      "label": "Wheal"
                    },
                    {
                      "concept": "125014AAAAAAAAAAAAAAAAAAAAAAAAAAAAAA",
                      "label": "Telangiectasia"
                    },
                    {
                      "concept": "113478AAAAAAAAAAAAAAAAAAAAAAAAAAAAAA",
                      "label": "Purpura"
                    },
                    {
                      "concept": "141559AAAAAAAAAAAAAAAAAAAAAAAAAAAAAA",
                      "label": "Ecchymosis"
                    },
                    {
                      "concept": "130324AAAAAAAAAAAAAAAAAAAAAAAAAAAAAA",
                      "label": "Petechiae"
                    },
                    {
                      "concept": "129982AAAAAAAAAAAAAAAAAAAAAAAAAAAAAA",
                      "label": "Poikiloderma"
                    },
                    {
                      "concept": "118536AAAAAAAAAAAAAAAAAAAAAAAAAAAAAA",
                      "label": "Erythema"
                    },
                    {
                      "concept": "144554AAAAAAAAAAAAAAAAAAAAAAAAAAAAAA",
                      "label": "Comedo"
                    },
                    {
                      "concept": "143131AAAAAAAAAAAAAAAAAAAAAAAAAAAAAA",
                      "label": "Crust"
                    },
                    {
                      "concept": "140930AAAAAAAAAAAAAAAAAAAAAAAAAAAAAA",
                      "label": "Excoriation"
                    },
                    {
                      "concept": "135808AAAAAAAAAAAAAAAAAAAAAAAAAAAAAA",
                      "label": "Lichenification"
                    },
                    {
                      "concept": "140104AAAAAAAAAAAAAAAAAAAAAAAAAAAAAA",
                      "label": "Fissure"
                    },
                    {
                      "concept": "150632AAAAAAAAAAAAAAAAAAAAAAAAAAAAAA",
                      "label": "Abscess"
                    },
                    {
                      "concept": "146419AAAAAAAAAAAAAAAAAAAAAAAAAAAAAA",
                      "label": "Carbuncle/Boil"
                    },
                    {
                      "concept": "154317AAAAAAAAAAAAAAAAAAAAAAAAAAAAAA",
                      "label": "Desquamation"
                    },
                    {
                      "concept": "137561AAAAAAAAAAAAAAAAAAAAAAAAAAAAAA",
                      "label": "Induration of Skin"
                    },
                    {
                      "concept": "5622AAAAAAAAAAAAAAAAAAAAAAAAAAAAAAAA",
                      "label": "Other"
                    }
                  ]
                }
              },
              {
                "label": "Specify other complaints",
                "type": "obs",
                "id": "otherLesion",
                "questionOptions": {
                  "concept": "20395601-257c-490c-86c2-acffb627f91f",
                  "rendering": "textarea"
                },
                "validators": [],
                "hide": {
                  "hideWhenExpression": "isEmpty(skinLesions) || !arrayContains(skinLesions, '5622AAAAAAAAAAAAAAAAAAAAAAAAAAAAAAAA')"
                }
              },
              {
                "label": "Hair Examination",
                "required": "true",
                "id": "hairExam",
                "type": "obs",
                "questionOptions": {
                  "rendering": "checkbox",
                  "concept": "162737AAAAAAAAAAAAAAAAAAAAAAAAAAAAAA",
                  "answers": [
                    {
                      "concept": "1107AAAAAAAAAAAAAAAAAAAAAAAAAAAAAAAA",
                      "label": "None"
                    },
                    {
                      "concept": "114131AAAAAAAAAAAAAAAAAAAAAAAAAAAAAA",
                      "label": "Dandruff",
                      "disableWhenExpression": "myValue === '1107AAAAAAAAAAAAAAAAAAAAAAAAAAAAAAAA'"
                    },
                    {
                      "concept": "146909AAAAAAAAAAAAAAAAAAAAAAAAAAAAAA",
                      "label": "Brittle Hair",
                      "disableWhenExpression": "myValue === '1107AAAAAAAAAAAAAAAAAAAAAAAAAAAAAAAA'"
                    },
                    {
                      "concept": "144672AAAAAAAAAAAAAAAAAAAAAAAAAAAAAA",
                      "label": "Coarse Hair",
                      "disableWhenExpression": "myValue === '1107AAAAAAAAAAAAAAAAAAAAAAAAAAAAAAAA'"
                    },
                    {
                      "concept": "124904AAAAAAAAAAAAAAAAAAAAAAAAAAAAAA",
                      "label": "Thin Hair",
                      "disableWhenExpression": "myValue === '1107AAAAAAAAAAAAAAAAAAAAAAAAAAAAAAAA'"
                    },
                    {
                      "concept": "135591AAAAAAAAAAAAAAAAAAAAAAAAAAAAAA",
                      "label": "Hair Loss",
                      "disableWhenExpression": "myValue === '1107AAAAAAAAAAAAAAAAAAAAAAAAAAAAAAAA'"
                    },
                    {
                      "concept": "134576AAAAAAAAAAAAAAAAAAAAAAAAAAAAAA",
                      "label": "Excess hair ",
                      "disableWhenExpression": "myValue === '1107AAAAAAAAAAAAAAAAAAAAAAAAAAAAAAAA'"
                    },
                    {
                      "concept": "141231AAAAAAAAAAAAAAAAAAAAAAAAAAAAAA",
                      "label": "Ridged Hair",
                      "disableWhenExpression": "myValue === '1107AAAAAAAAAAAAAAAAAAAAAAAAAAAAAAAA'"
                    },
                    {
                      "concept": "141065AAAAAAAAAAAAAAAAAAAAAAAAAAAAAA",
                      "label": "Xanthoma",
                      "disableWhenExpression": "myValue === '1107AAAAAAAAAAAAAAAAAAAAAAAAAAAAAAAA'"
                    },
                    {
                      "concept": "5622AAAAAAAAAAAAAAAAAAAAAAAAAAAAAAAA",
                      "label": "Other",
                      "disableWhenExpression": "myValue === '1107AAAAAAAAAAAAAAAAAAAAAAAAAAAAAAAA'"
                    }
                  ]
                },
                "hide": {
                  "hideWhenExpression": "visitTo === '167050AAAAAAAAAAAAAAAAAAAAAAAAAAAAAA'"
                },
                "validators": []
              },
              {
                "label": "Specify other complaints",
                "type": "obs",
                "id": "otherHair",
                "questionOptions": {
                  "concept": "20395601-257c-490c-86c2-acffb627f91f",
                  "rendering": "textarea"
                },
                "validators": [],
                "hide": {
                  "hideWhenExpression": "isEmpty(hairExam) || !arrayContains(hairExam, '5622AAAAAAAAAAAAAAAAAAAAAAAAAAAAAAAA')"
                }
              },
              {
                "label": "Nail Examination findings",
                "type": "obs",
                "id": "nailExamination",
                "questionOptions": {
                  "concept": "1070AAAAAAAAAAAAAAAAAAAAAAAAAAAAAAAA",
                  "rendering": "multiCheckbox",
                  "answers": [
                    {
                      "concept": "122757AAAAAAAAAAAAAAAAAAAAAAAAAAAAAA",
                      "label": "Yellow Nails"
                    },
                    {
                      "concept": "162065AAAAAAAAAAAAAAAAAAAAAAAAAAAAAA",
                      "label": "Black colour"
                    },
                    {
                      "concept": "147107AAAAAAAAAAAAAAAAAAAAAAAAAAAAAA",
                      "label": "Blue Colour"
                    },
                    {
                      "concept": "147096AAAAAAAAAAAAAAAAAAAAAAAAAAAAAA",
                      "label": "Pale Colour"
                    },
                    {
                      "concept": "130165AAAAAAAAAAAAAAAAAAAAAAAAAAAAAA",
                      "label": "Pitting of Nails"
                    },
                    {
                      "concept": "132390AAAAAAAAAAAAAAAAAAAAAAAAAAAAAA",
                      "label": "Onycholysis"
                    },
                    {
                      "concept": "588AAAAAAAAAAAAAAAAAAAAAAAAAAAAAAAAA",
                      "label": "Clubbing"
                    },
                    {
                      "concept": "130794AAAAAAAAAAAAAAAAAAAAAAAAAAAAAA",
                      "label": "Paronychia"
                    },
                    {
                      "concept": "147929AAAAAAAAAAAAAAAAAAAAAAAAAAAAAA",
                      "label": "Beau's Lines"
                    },
                    {
                      "concept": "136231AAAAAAAAAAAAAAAAAAAAAAAAAAAAAA",
                      "label": "Koilonychia"
                    },
                    {
                      "concept": "112441AAAAAAAAAAAAAAAAAAAAAAAAAAAAAA",
                      "label": "Nail Thickening"
                    },
                    {
                      "concept": "124260AAAAAAAAAAAAAAAAAAAAAAAAAAAAAA",
                      "label": "Transverse ridges"
                    },
                    {
                      "concept": "135845AAAAAAAAAAAAAAAAAAAAAAAAAAAAAA",
                      "label": "Leukonychia"
                    },
                    {
                      "concept": "162065AAAAAAAAAAAAAAAAAAAAAAAAAAAAAA",
                      "label": "Black discolouration "
                    },
                    {
                      "concept": "125581AAAAAAAAAAAAAAAAAAAAAAAAAAAAAA",
                      "label": "Subungual Hyperkeratosis"
                    },
                    {
                      "concept": "132389AAAAAAAAAAAAAAAAAAAAAAAAAAAAAA",
                      "label": "Onychomadesis"
                    },
                    {
                      "concept": "135613AAAAAAAAAAAAAAAAAAAAAAAAAAAAAA",
                      "label": "Longitudinal Split Nail"
                    },
                    {
                      "concept": "149948AAAAAAAAAAAAAAAAAAAAAAAAAAAAAA",
                      "label": "Hutchinsons sign"
                    },
                    {
                      "concept": "143050AAAAAAAAAAAAAAAAAAAAAAAAAAAAAA",
                      "label": "Cyanosis"
                    },
                    {
                      "concept": "5622AAAAAAAAAAAAAAAAAAAAAAAAAAAAAAAA",
                      "label": "Other"
                    }
                  ]
                }
              },
              {
                "label": "Specify other complaints",
                "type": "obs",
                "id": "otherNailexam",
                "questionOptions": {
                  "concept": "20395601-257c-490c-86c2-acffb627f91f",
                  "rendering": "textarea"
                },
                "validators": [],
                "hide": {
                  "hideWhenExpression": "isEmpty(nailExamination) || !arrayContains(nailExamination, '5622AAAAAAAAAAAAAAAAAAAAAAAAAAAAAAAA')"
                }
              },
              {
                "label": "Clinical Notes",
                "type": "obs",
                "id": "cliNicalnotes",
                "questionOptions": {
                  "concept": "160430AAAAAAAAAAAAAAAAAAAAAAAAAAAAAA",
                  "rendering": "textarea"
                },
                "validators": [],
                "hide": {
                  "hideWhenExpression": "visitTo === '167050AAAAAAAAAAAAAAAAAAAAAAAAAAAAAA'"
                }
              }
            ]
          },
          {
            "label": "Diagnosis",
            "isExpanded": "true",
            "questions": [
              {
                "label": "Clinical Diagnosis",
                "id": "clinicalDiagnosisId",
                "type": "diagnosis",
                "questionOptions": {
                  "rendering": "repeating",
                  "dataSource": "diagnoses",
                  "rank": 1
                },
                "hide": {
                  "hideWhenExpression": "visitTo === '167050AAAAAAAAAAAAAAAAAAAAAAAAAAAAAA'"
                }
              }
            ]
          },
          {
            "label": "Investigations",
            "isExpanded": "true",
            "questions": [
              {
                "label": "Order any Investigation?",
                "type": "obs",
                "id": "investigationOrderd",
                "questionOptions": {
                  "rendering": "radio",
                  "concept": "0179f241-8c1d-47c1-8128-841f6508e251",
                  "answers": [
                    {
                      "concept": "1065AAAAAAAAAAAAAAAAAAAAAAAAAAAAAAAA",
                      "label": "Yes"
                    },
                    {
                      "concept": "1066AAAAAAAAAAAAAAAAAAAAAAAAAAAAAAAA",
                      "label": "No"
                    }
                  ]
                },
                "hide": {
                  "hideWhenExpression": "visitTo === '167050AAAAAAAAAAAAAAAAAAAAAAAAAAAAAA'"
                }
              },
              {
                "label": "Lab Order",
                "required": false,
                "id": "labsWorkspaceLauncher",
                "questionOptions": {
                  "rendering": "workspace-launcher",
                  "buttonLabel": "Add lab order",
                  "workspaceName": "add-lab-order"
                },
                "hide": {
                  "hideWhenExpression": "investigationOrderd !== '1065AAAAAAAAAAAAAAAAAAAAAAAAAAAAAAAA'"
                }
              }
            ]
          }
        ]
      },
      {
        "label": "Patient Management",
        "sections": [
          {
            "label": "Diagnosis",
            "isExpanded": "true",
            "questions": [
              {
                "label": "Final Diagnosis",
                "id": "finalDiagnosisId",
                "type": "diagnosis",
                "questionOptions": {
                  "rendering": "repeating",
                  "dataSource": "diagnoses",
                  "rank": 2
                }
              }
            ]
          },
          {
            "label": "Treatment/Management Plan",
            "isExpanded": "true",
            "questions": [
              {
                "label": "Drug Order",
                "required": false,
                "id": "drugsWorkspaceLauncher",
                "questionOptions": {
                  "rendering": "workspace-launcher",
                  "buttonLabel": "Add drug order",
                  "workspaceName": "add-drug-order"
                }
              },
              {
                "label": "Patient Outcome ",
                "type": "obs",
                "id": "outcomePatient",
                "questionOptions": {
                  "concept": "160433AAAAAAAAAAAAAAAAAAAAAAAAAAAAAA",
                  "rendering": "radio",
                  "answers": [
                    {
                      "concept": "160429AAAAAAAAAAAAAAAAAAAAAAAAAAAAAA",
                      "label": "Released Home"
                    },
                    {
                      "concept": "1654AAAAAAAAAAAAAAAAAAAAAAAAAAAAAAAA",
                      "label": "Admit"
                    },
                    {
                      "concept": "1693AAAAAAAAAAAAAAAAAAAAAAAAAAAAAAAA",
                      "label": "Referral"
                    },
                    {
                      "concept": "159AAAAAAAAAAAAAAAAAAAAAAAAAAAAAAAAA",
                      "label": "Deceased"
                    }
                  ]
                }
              },
              {
                "label": "Appointments",
                "required": false,
                "id": "appointmentWorkspaceLauncher",
                "questionOptions": {
                  "rendering": "workspace-launcher",
                  "buttonLabel": "Add appointments",
                  "workspaceName": "appointments-form-workspace"
                },
                "hide": {
                  "hideWhenExpression": "outcomePatient !=='160429AAAAAAAAAAAAAAAAAAAAAAAAAAAAAA'"
                }
              },
              {
                "label": "Reffered For?",
                "type": "obs",
                "id": "refferalsOrderd",
                "questionOptions": {
                  "concept": "160632AAAAAAAAAAAAAAAAAAAAAAAAAAAAAA",
                  "rendering": "textarea"
                },
                "hide": {
                  "hideWhenExpression": "outcomePatient !=='1693AAAAAAAAAAAAAAAAAAAAAAAAAAAAAAAA'"
                }
              },
              {
                "label": "Referred to?",
                "type": "obs",
                "id": "referralTo",
                "questionOptions": {
                  "concept": "163145AAAAAAAAAAAAAAAAAAAAAAAAAAAAAA",
                  "rendering": "select",
                  "answers": [
                    {
                      "concept": "164407AAAAAAAAAAAAAAAAAAAAAAAAAAAAAA",
                      "label": "Other health facility"
                    },
                    {
                      "concept": "163266AAAAAAAAAAAAAAAAAAAAAAAAAAAAAA",
                      "label": "This health facility"
                    }
                  ]
                },
                "hide": {
                  "hideWhenExpression": "outcomePatient !=='1693AAAAAAAAAAAAAAAAAAAAAAAAAAAAAAAA'"
                }
              },
              {
                "label": "Transfer to Facility:",
                "type": "obs",
                "id": "transferToFacility",
                "questionOptions": {
                  "concept": "159495AAAAAAAAAAAAAAAAAAAAAAAAAAAAAA",
                  "rendering": "encounterLocation"
                },
                "hide": {
                  "hideWhenExpression": "referralTo !=='164407AAAAAAAAAAAAAAAAAAAAAAAAAAAAAA'"
                }
              },
              {
                "label": "This Facility:",
                "type": "obs",
                "id": "thisfacility",
                "questionOptions": {
                  "concept": "162724AAAAAAAAAAAAAAAAAAAAAAAAAAAAAA",
                  "rendering": "text",
                  "calculate": {
                    "calculateExpression": "referralTo === '163266AAAAAAAAAAAAAAAAAAAAAAAAAAAAAA' && userLocation.display"
                  }
                },
                "hide": {
                  "hideWhenExpression": "referralTo !=='163266AAAAAAAAAAAAAAAAAAAAAAAAAAAAAA'"
                }
              },
              {
                "label": "Department referred to",
                "type": "obs",
                "id": "depRefer",
                "questionOptions": {
                  "concept": "160632AAAAAAAAAAAAAAAAAAAAAAAAAAAAAA",
                  "rendering": "textarea"
                },
                "hide": {
                  "hideWhenExpression": "referralTo !=='163266AAAAAAAAAAAAAAAAAAAAAAAAAAAAAA'"
                }
              }
            ]
          },
          {
            "label": "Admission Details",
            "isExpanded": "true",
            "questions": [
              {
                "label": "Date of Admission",
                "type": "obs",
                "id": "dateOfPatientAdmission",
                "questionOptions": {
                  "concept": "1640AAAAAAAAAAAAAAAAAAAAAAAAAAAAAAAA",
                  "rendering": "date"
                },
                "hide": {
                  "hideWhenExpression": "outcomePatient !== '1654AAAAAAAAAAAAAAAAAAAAAAAAAAAAAAAA'"
                },
                "validators": [
                  {
                    "type": "date",
                    "allowFutureDates": "false"
                  }
                ]
              },
              {
                "label": "Reason for admission",
                "type": "obs",
                "id": "admiPatientReason",
                "questionOptions": {
                  "concept": "162879AAAAAAAAAAAAAAAAAAAAAAAAAAAAAA",
                  "rendering": "text"
                },
                "hide": {
                  "hideWhenExpression": "outcomePatient !== '1654AAAAAAAAAAAAAAAAAAAAAAAAAAAAAAAA'"
                }
              },
              {
                "label": "Type of Admission?",
                "type": "obs",
                "id": "admissionType",
                "questionOptions": {
                  "concept": "162477AAAAAAAAAAAAAAAAAAAAAAAAAAAAAA",
                  "rendering": "radio",
                  "answers": [
                    {
                      "concept": "164180AAAAAAAAAAAAAAAAAAAAAAAAAAAAAA",
                      "label": "New"
                    },
                    {
                      "concept": "159833AAAAAAAAAAAAAAAAAAAAAAAAAAAAAA",
                      "label": "Readmission"
                    }
                  ]
                },
                "hide": {
                  "hideWhenExpression": "outcomePatient !== '1654AAAAAAAAAAAAAAAAAAAAAAAAAAAAAAAA'"
                }
              },
              {
                "label": "Priority of Admission?",
                "type": "obs",
                "id": "priorityOfAdmission",
                "questionOptions": {
                  "concept": "1655AAAAAAAAAAAAAAAAAAAAAAAAAAAAAAAA",
                  "rendering": "radio",
                  "answers": [
                    {
                      "concept": "160473AAAAAAAAAAAAAAAAAAAAAAAAAAAAAA",
                      "label": "Emergency"
                    },
                    {
                      "concept": "159310AAAAAAAAAAAAAAAAAAAAAAAAAAAAAA",
                      "label": "Direct"
                    },
                    {
                      "concept": "242d8a86-47d2-433c-b393-5d1dc43b96ec",
                      "label": "Scheduled"
                    }
                  ]
                },
                "hide": {
                  "hideWhenExpression": "admissionType !== '164180AAAAAAAAAAAAAAAAAAAAAAAAAAAAAA'"
                }
              },
              {
                "label": "Priority of Admission?",
                "type": "obs",
                "id": "priorityOfAdmissionReadmit",
                "questionOptions": {
                  "concept": "1655AAAAAAAAAAAAAAAAAAAAAAAAAAAAAAAA",
                  "rendering": "radio",
                  "answers": [
                    {
                      "concept": "160473AAAAAAAAAAAAAAAAAAAAAAAAAAAAAA",
                      "label": "Emergency"
                    },
                    {
                      "concept": "159310AAAAAAAAAAAAAAAAAAAAAAAAAAAAAA",
                      "label": "Direct"
                    },
                    {
                      "concept": "242d8a86-47d2-433c-b393-5d1dc43b96ec",
                      "label": "Scheduled"
                    }
                  ]
                },
                "hide": {
                  "hideWhenExpression": "admissionType !== '159833AAAAAAAAAAAAAAAAAAAAAAAAAAAAAA'"
                }
              },
              {
                "label": "Admission Ward",
                "type": "obs",
                "id": "admissionWardMale",
                "questionOptions": {
                  "concept": "5fc29316-0869-4b3b-ae2f-cc37c6014eb7",
                  "rendering": "select",
                  "answers": [
                    {
                      "concept": "b665252a-06f5-401b-872b-d197e79cfc65",
                      "label": "Male Medical"
                    },
                    {
                      "concept": "c3e4d9e6-8555-4b61-a2ed-e3b8c2d407e1",
                      "label": "Male Surgical"
                    },
                    {
                      "concept": "161629AAAAAAAAAAAAAAAAAAAAAAAAAAAAAA",
                      "label": "Observation Ward"
                    },
                    {
                      "concept": "162680AAAAAAAAAAAAAAAAAAAAAAAAAAAAAA",
                      "label": "Recovery Ward"
                    },
                    {
                      "concept": "71f67c66-3efc-4532-b4fb-b1e5db28f2b2",
                      "label": "Psychiatric Ward"
                    },
                    {
                      "concept": "8e0f5466-7646-44ff-b049-a17572fb26b0",
                      "label": "Isolation Ward"
                    },
                    {
                      "concept": "161936AAAAAAAAAAAAAAAAAAAAAAAAAAAAAA",
                      "label": "Intensive Care Unit"
                    },
                    {
                      "concept": "1fdfb8bd-cbe2-484e-aeda-5160b0f6ba09",
                      "label": "Amenity Ward "
                    },
                    {
                      "concept": "167396AAAAAAAAAAAAAAAAAAAAAAAAAAAAAA",
                      "label": "High Dependecy Unit"
                    }
                  ]
                },
                "hide": {
                  "hideWhenExpression": "outcomePatient !=='1654AAAAAAAAAAAAAAAAAAAAAAAAAAAAAAAA' || sex !== 'M' ||!(age >12) "
                }
              },
              {
                "label": "Admission Ward",
                "type": "obs",
                "id": "admissionWardFemale",
                "questionOptions": {
                  "concept": "5fc29316-0869-4b3b-ae2f-cc37c6014eb7",
                  "rendering": "select",
                  "answers": [
                    {
                      "concept": "0d0ff617-7e40-475c-b010-2376c8a13684",
                      "label": "Female medical"
                    },
                    {
                      "concept": "24cb4537-f5c5-4e3b-8cdb-1d8369e623ce",
                      "label": "Female Surgical"
                    },
                    {
                      "concept": "90462a4e-a449-4c39-87b2-ddff230ec175",
                      "label": "Maternity Ward"
                    },
                    {
                      "concept": "164835AAAAAAAAAAAAAAAAAAAAAAAAAAAAAA",
                      "label": "Labor and Delivery Unit"
                    },
                    {
                      "concept": "161629AAAAAAAAAAAAAAAAAAAAAAAAAAAAAA",
                      "label": "Observation Ward"
                    },
                    {
                      "concept": "162680AAAAAAAAAAAAAAAAAAAAAAAAAAAAAA",
                      "label": "Recovery Ward"
                    },
                    {
                      "concept": "71f67c66-3efc-4532-b4fb-b1e5db28f2b2",
                      "label": "Psychiatric Ward"
                    },
                    {
                      "concept": "8e0f5466-7646-44ff-b049-a17572fb26b0",
                      "label": "Isolation Ward"
                    },
                    {
                      "concept": "161936AAAAAAAAAAAAAAAAAAAAAAAAAAAAAA",
                      "label": "Intensive Care Unit"
                    },
                    {
                      "concept": "1fdfb8bd-cbe2-484e-aeda-5160b0f6ba09",
                      "label": "Amenity Ward "
                    },
                    {
                      "concept": "123e624b-f460-4877-8ea9-2ea61b7146a2",
                      "label": "Gynaecological Ward"
                    },
                    {
                      "concept": "167396AAAAAAAAAAAAAAAAAAAAAAAAAAAAAA",
                      "label": "High Dependecy Unit"
                    }
                  ]
                },
                "hide": {
                  "hideWhenExpression": "outcomePatient !=='1654AAAAAAAAAAAAAAAAAAAAAAAAAAAAAAAA' || sex !== 'F' || !(age >12) "
                }
              },
              {
                "label": "Admission Ward",
                "type": "obs",
                "id": "admissionWardChild",
                "questionOptions": {
                  "concept": "5fc29316-0869-4b3b-ae2f-cc37c6014eb7",
                  "rendering": "select",
                  "answers": [
                    {
                      "concept": "385e4ad3-be6b-4b71-bb46-12f494d7fe3e",
                      "label": "Pediatric Ward"
                    },
                    {
                      "concept": "162680AAAAAAAAAAAAAAAAAAAAAAAAAAAAAA",
                      "label": "Recovery Ward"
                    },
                    {
                      "concept": "71f67c66-3efc-4532-b4fb-b1e5db28f2b2",
                      "label": "Psychiatric Ward"
                    },
                    {
                      "concept": "8e0f5466-7646-44ff-b049-a17572fb26b0",
                      "label": "Isolation Ward"
                    },
                    {
                      "concept": "161936AAAAAAAAAAAAAAAAAAAAAAAAAAAAAA",
                      "label": "Intensive Care Unit"
                    },
                    {
                      "concept": "1fdfb8bd-cbe2-484e-aeda-5160b0f6ba09",
                      "label": "Amenity Ward "
                    },
                    {
                      "concept": "167396AAAAAAAAAAAAAAAAAAAAAAAAAAAAAA",
                      "label": "High Dependecy Unit"
                    }
                  ]
                },
                "hide": {
                  "hideWhenExpression": "outcomePatient !=='1654AAAAAAAAAAAAAAAAAAAAAAAAAAAAAAAA' ||  !(age >=0.0766613962 && age <=12)"
                }
              },
              {
                "label": "Admission Ward",
                "type": "obs",
                "id": "admissionWardneonates",
                "questionOptions": {
                  "concept": "5fc29316-0869-4b3b-ae2f-cc37c6014eb7",
                  "rendering": "select",
                  "answers": [
                    {
                      "concept": "162680AAAAAAAAAAAAAAAAAAAAAAAAAAAAAA",
                      "label": "Recovery Ward"
                    },
                    {
                      "concept": "71f67c66-3efc-4532-b4fb-b1e5db28f2b2",
                      "label": "Psychiatric Ward"
                    },
                    {
                      "concept": "8e0f5466-7646-44ff-b049-a17572fb26b0",
                      "label": "Isolation Ward"
                    },
                    {
                      "concept": "161936AAAAAAAAAAAAAAAAAAAAAAAAAAAAAA",
                      "label": "Intensive Care Unit"
                    },
                    {
                      "concept": "1fdfb8bd-cbe2-484e-aeda-5160b0f6ba09",
                      "label": "Amenity Ward "
                    },
                    {
                      "concept": "a7fe93d1-2fd3-4738-acf8-d98626efe4a2",
                      "label": "Nursery Unit/Newborn Unit"
                    },
                    {
                      "concept": "167396AAAAAAAAAAAAAAAAAAAAAAAAAAAAAA",
                      "label": "High Dependecy Unit"
                    },
                    {
                      "concept": "165644AAAAAAAAAAAAAAAAAAAAAAAAAAAAAA",
                      "label": "Neonatal Intensive Care Unit"
                    }
                  ]
                },
                "hide": {
                  "hideWhenExpression": "outcomePatient !=='1654AAAAAAAAAAAAAAAAAAAAAAAAAAAAAAAA' || !(age < 0.0766613962)"
                }
              },
              {
                "label": "Type of hospital stay?",
                "type": "obs",
                "id": "hospitalStay",
                "questionOptions": {
                  "concept": "1896AAAAAAAAAAAAAAAAAAAAAAAAAAAAAAAA",
                  "rendering": "radio",
                  "answers": [
                    {
                      "concept": "1072AAAAAAAAAAAAAAAAAAAAAAAAAAAAAAAA",
                      "label": "Daycase"
                    },
                    {
                      "concept": "161018AAAAAAAAAAAAAAAAAAAAAAAAAAAAAA",
                      "label": "Overnight"
                    },
                    {
                      "concept": "1275AAAAAAAAAAAAAAAAAAAAAAAAAAAAAAAA",
                      "label": "Longer stay"
                    }
                  ]
                },
                "hide": {
                  "hideWhenExpression": "outcomePatient !=='1654AAAAAAAAAAAAAAAAAAAAAAAAAAAAAAAA'"
                }
              },
              {
                "label": "Admitting Doctor:",
                "type": "encounterProvider",
                "id": "admittingDoctor ",
                "default": "",
                "questionOptions": {
                  "rendering": "ui-select-extended"
                },
                "hide": {
                  "hideWhenExpression": "outcomePatient !=='1654AAAAAAAAAAAAAAAAAAAAAAAAAAAAAAAA'"
                }
              }
            ]
          }
        ]
      }
    ],
    "encounterType": "e6eb6328-3f24-43f8-9f75-92daccb6ac48",
    "referencedForms": []
  }