{
  "name": "Family Planning",
  "description": "Family Planning Form",
  "version": "1",
  "published": true,
  "uuid": "a52c57d4-110f-4879-82ae-907b0d90add6",
  "retired": false,
  "encounter": "Family Planning",
  "pages": [
    {
      "label": "Visit Details",
      "sections": [
        {
          "label": "Encounter Details",
          "isExpanded": "true",
          "questions": [
            {
              "label": "Date:",
              "type": "encounterDatetime",
              "questionOptions": {
                "rendering": "ui-select-extended",
                "allowFutureDates": "false"
              },
              "id": "encDate"
            },
            {
              "label": "Provider:",
              "type": "encounterProvider",
              "questionOptions": {
                "rendering": "ui-select-extended"
              },
              "id": "encProvider "
            },
            {
              "label": "Location:",
              "type": "encounterLocation",
              "questionOptions": {
                "rendering": "ui-select-extended"
              },
              "id": "encLocation"
            }
          ]
        },
        {
          "label": "Family Planning",
          "isExpanded": "true",
          "questions": [
            {
              "label": "First ever user of contraceptive",
              "type": "obs",
              "required": true,
              "id": "firstEverUser",
              "questionOptions": {
                "rendering": "radio",
                "concept": "160653AAAAAAAAAAAAAAAAAAAAAAAAAAAAAA",
                "conceptMappings": [
                  {
                    "relationship": "NARROWER-THAN",
                    "type": "SNOMED NP",
                    "value": "423925001"
                  },
                  {
                    "relationship": "SAME-AS",
                    "type": "CIEL",
                    "value": "160653"
                  }
                ],
                "answers": [
                  {
                    "concept": "1065AAAAAAAAAAAAAAAAAAAAAAAAAAAAAAAA",
                    "label": "Yes"
                  },
                  {
                    "concept": "1066AAAAAAAAAAAAAAAAAAAAAAAAAAAAAAAA",
                    "label": "No"
                  }
                ]
              },
              "validators": [],
              "hide": {
                "hideWhenExpression": "age < 15"
              }
            },
            {
              "label": "Counselled on family planning?",
              "type": "obs",
              "required": true,
              "id": "counselledOnFamilyPlanning",
              "questionOptions": {
                "rendering": "radio",
                "concept": "1382AAAAAAAAAAAAAAAAAAAAAAAAAAAAAAAA",
                "conceptMappings": [
                  {
                    "relationship": "SAME-AS",
                    "type": "SNOMED CT",
                    "value": "410290005"
                  },
                  {
                    "relationship": "SAME-AS",
                    "type": "CIEL",
                    "value": "1382"
                  }
                ],
                "answers": [
                  {
                    "concept": "1065AAAAAAAAAAAAAAAAAAAAAAAAAAAAAAAA",
                    "label": "Yes"
                  },
                  {
                    "concept": "1066AAAAAAAAAAAAAAAAAAAAAAAAAAAAAAAA",
                    "label": "No"
                  }
                ]
              },
              "validators": [],
              "hide": {
                "hideWhenExpression": "age < 15"
              }
            },
            {
              "label": "Contraceptive dispensed at this visit?",
              "type": "obs",
              "required": false,
              "id": "contraceptiveDispensedF",
              "questionOptions": {
                "rendering": "select",
                "concept": "374AAAAAAAAAAAAAAAAAAAAAAAAAAAAAAAAA",
                "answers": [
                  {
                    "concept": "159783AAAAAAAAAAAAAAAAAAAAAAAAAAAAAA",
                    "label": "Combined oral contraceptive pills"
                  },
                  {
                    "concept": "159784AAAAAAAAAAAAAAAAAAAAAAAAAAAAAA",
                    "label": "Progestrone only pills"
                  },
                  {
                    "concept": "160570AAAAAAAAAAAAAAAAAAAAAAAAAAAAAA",
                    "label": "Emergency contraceptive pills"
                  },
                  {
                    "concept": "907AAAAAAAAAAAAAAAAAAAAAAAAAAAAAAAAA",
                    "label": "MEDROXYPROGESTERONE ACETATE (DMPA-IM)"
                  },
                  {
                    "concept": "79494AAAAAAAAAAAAAAAAAAAAAAAAAAAAAAA",
                    "label": "MEDROXYPROGESTERONE (DMPA-SC)"
                  },
                  {
                    "concept": "76022AAAAAAAAAAAAAAAAAAAAAAAAAAAAAAA",
                    "label": "1 rod Implanon"
                  },
                  {
                    "concept": "162422AAAAAAAAAAAAAAAAAAAAAAAAAAAAAA",
                    "label": "2 rods Implanon"
                  },
                  {
                    "concept": "1873AAAAAAAAAAAAAAAAAAAAAAAAAAAAAAAA",
                    "label": "2 rod (Jadelle)"
                  },
                  {
                    "concept": "165464AAAAAAAAAAAAAAAAAAAAAAAAAAAAAA",
                    "label": "IUD Hormonal"
                  },
                  {
                    "concept": "162794AAAAAAAAAAAAAAAAAAAAAAAAAAAAAA",
                    "label": "IUD Non hormonal"
                  },
                  {
                    "concept": "164814AAAAAAAAAAAAAAAAAAAAAAAAAAAAAA",
                    "label": "Female condom"
                  },
                  {
                    "concept": "1472AAAAAAAAAAAAAAAAAAAAAAAAAAAAAAAA",
                    "label": "Tubal ligation procedure (BLT)"
                  },
                  {
                    "concept": "1489AAAAAAAAAAAAAAAAAAAAAAAAAAAAAAAA",
                    "label": "Vasectomy (Partner)"
                  }
                ]
              },
              "validators": [],
              "hide": {
                "hideWhenExpression": "age < 15 || sex !== 'F'"
              }
            },
            {
              "label": "Contraceptive dispensed at this visit?",
              "type": "obs",
              "required": false,
              "id": "contraceptiveDispensedM",
              "historicalExpression": "HD.getObject('prevEnc').getValue('374AAAAAAAAAAAAAAAAAAAAAAAAAAAAAAAAA')",
              "questionOptions": {
                "rendering": "select",
                "concept": "374AAAAAAAAAAAAAAAAAAAAAAAAAAAAAAAAA",
                "answers": [
                  {
                    "concept": "164813AAAAAAAAAAAAAAAAAAAAAAAAAAAAAA",
                    "label": "Male condom"
                  },
                  {
                    "concept": "1489AAAAAAAAAAAAAAAAAAAAAAAAAAAAAAAA",
                    "label": "Vasectomy"
                  }
                ]
              },
              "validators": [],
              "hide": {
                "hideWhenExpression": "age < 15 || sex !== 'M'"
              }
            },
            {
              "label": "Type of visit for method",
              "type": "obs",
              "required": true,
              "id": "typeOfVisitForMethod1",
              "questionOptions": {
                "rendering": "select",
                "concept": "167523AAAAAAAAAAAAAAAAAAAAAAAAAAAAAA",
                "answers": [
                  {
                    "concept": "164180AAAAAAAAAAAAAAAAAAAAAAAAAAAAAA",
                    "label": "New"
                  },
                  {
                    "concept": "164142AAAAAAAAAAAAAAAAAAAAAAAAAAAAAA",
                    "label": "Re-visit"
                  }
                ]
              },
              "validators": [],
              "hide": {
                "hideWhenExpression": "isEmpty(contraceptiveDispensed) || age < 15 || contraceptiveDispensed === '160570AAAAAAAAAAAAAAAAAAAAAAAAAAAAAA' || contraceptiveDispensed === '1873AAAAAAAAAAAAAAAAAAAAAAAAAAAAAAAA' || contraceptiveDispensed === '162422AAAAAAAAAAAAAAAAAAAAAAAAAAAAAA' || contraceptiveDispensed === '76022AAAAAAAAAAAAAAAAAAAAAAAAAAAAAAA' || contraceptiveDispensed === '162794AAAAAAAAAAAAAAAAAAAAAAAAAAAAAA' || contraceptiveDispensed === '165464AAAAAAAAAAAAAAAAAAAAAAAAAAAAAA' || contraceptiveDispensed === '1472AAAAAAAAAAAAAAAAAAAAAAAAAAAAAAAA' || contraceptiveDispensed === '1489AAAAAAAAAAAAAAAAAAAAAAAAAAAAAAAA'"
              }
            },
            {
              "label": "Type of visit for method",
              "type": "obs",
              "required": true,
              "id": "typeOfVisitForMethod2",
              "questionOptions": {
                "rendering": "select",
                "concept": "1386AAAAAAAAAAAAAAAAAAAAAAAAAAAAAAAA",
                "answers": [
                  {
                    "concept": "164180AAAAAAAAAAAAAAAAAAAAAAAAAAAAAA",
                    "label": "1st time insertion"
                  },
                  {
                    "concept": "164161AAAAAAAAAAAAAAAAAAAAAAAAAAAAAA",
                    "label": "Removal"
                  },
                  {
                    "concept": "d5ea1533-7346-4e0b-8626-9bff6cd183b2",
                    "label": "Re-insertion"
                  },
                  {
                    "concept": "356f0bfc-a3e1-44a3-8a15-efe2845cb18f",
                    "label": "Check-up"
                  }
                ]
              },
              "validators": [],
              "hide": {
                "hideWhenExpression": "isEmpty(contraceptiveDispensed) || age < 15 || sex !== 'F' || contraceptiveDispensed !== '162794AAAAAAAAAAAAAAAAAAAAAAAAAAAAAA' && contraceptiveDispensed !== '165464AAAAAAAAAAAAAAAAAAAAAAAAAAAAAA' && contraceptiveDispensed !== '1873AAAAAAAAAAAAAAAAAAAAAAAAAAAAAAAA' && contraceptiveDispensed !== '162422AAAAAAAAAAAAAAAAAAAAAAAAAAAAAA' && contraceptiveDispensed !== '76022AAAAAAAAAAAAAAAAAAAAAAAAAAAAAAA'"
              }
            },
            {
              "label": "Quantity dispensed",
              "type": "obs",
              "required": true,
              "id": "quantityDispensed",
              "questionOptions": {
                "rendering": "number",
                "concept": "166864AAAAAAAAAAAAAAAAAAAAAAAAAAAAAA",
                "conceptMappings": [
                  {
                    "relationship": "SAME-AS",
                    "type": "CIEL",
                    "value": "166864"
                  }
                ],
                "answers": []
              },
              "validators": [],
              "hide": {
                "hideWhenExpression": "isEmpty(contraceptiveDispensed) || age < 15 || contraceptiveDispensed !== '164814AAAAAAAAAAAAAAAAAAAAAAAAAAAAAA' && contraceptiveDispensed !== '164813AAAAAAAAAAAAAAAAAAAAAAAAAAAAAA' && contraceptiveDispensed !== '160570AAAAAAAAAAAAAAAAAAAAAAAAAAAAAA' && contraceptiveDispensed !== '159784AAAAAAAAAAAAAAAAAAAAAAAAAAAAAA' && contraceptiveDispensed !== '159783AAAAAAAAAAAAAAAAAAAAAAAAAAAAAA'"
              }
            },
            {
              "label": "Reasons For LARC Removal",
              "type": "obs",
              "required": false,
              "id": "reasonsForLarcRemoval",
              "questionOptions": {
                "rendering": "select",
                "concept": "164901AAAAAAAAAAAAAAAAAAAAAAAAAAAAAA",
                "answers": [
                  {
                    "concept": "161638AAAAAAAAAAAAAAAAAAAAAAAAAAAAAA",
                    "label": "Maturity"
                  },
                  {
                    "concept": "160571AAAAAAAAAAAAAAAAAAAAAAAAAAAAAA",
                    "label": "Desire to get pregnant"
                  },
                  {
                    "concept": "164154AAAAAAAAAAAAAAAAAAAAAAAAAAAAAA",
                    "label": "Health corcens/Side effects"
                  },
                  {
                    "concept": "163494AAAAAAAAAAAAAAAAAAAAAAAAAAAAAA",
                    "label": "Method Switch"
                  },
                  {
                    "concept": "160693AAAAAAAAAAAAAAAAAAAAAAAAAAAAAA",
                    "label": "Method Failure"
                  },
                  {
                    "concept": "5622AAAAAAAAAAAAAAAAAAAAAAAAAAAAAAAA",
                    "label": "Others(Specify)"
                  }
                ]
              },
              "validators": [],
              "hide": {
                "hideWhenExpression": "isEmpty(typeOfVisitForMethod2) || typeOfVisitForMethod2 !== '164161AAAAAAAAAAAAAAAAAAAAAAAAAAAAAA' || sex !== 'F' || age < 15"
              }
            },
            {
              "label": "Specify",
              "type": "obs",
              "required": true,
              "id": "otherSpecify",
              "questionOptions": {
                "rendering": "text",
                "concept": "160632AAAAAAAAAAAAAAAAAAAAAAAAAAAAAA",
                "conceptMappings": [
                  {
                    "relationship": "SAME-AS",
                    "type": "CIEL",
                    "value": "160632"
                  },
                  {
                    "relationship": "SAME-AS",
                    "type": "AMPATH",
                    "value": "1915"
                  },
                  {
                    "relationship": "NARROWER-THAN",
                    "type": "LOINC",
                    "value": "48767-8"
                  }
                ],
                "answers": []
              },
              "validators": [],
              "hide": {
                "hideWhenExpression": "reasonsForLarcRemoval !== '5622AAAAAAAAAAAAAAAAAAAAAAAAAAAAAAAA'"
              }
            },
            {
              "label": "Counselled for natural FP?",
              "type": "obs",
              "required": "true",
              "id": "counselledOnNaturalFp",
              "questionOptions": {
                "rendering": "radio",
                "concept": "1379AAAAAAAAAAAAAAAAAAAAAAAAAAAAAAAA",
                "answers": [
                  {
                    "concept": "1065AAAAAAAAAAAAAAAAAAAAAAAAAAAAAAAA",
                    "label": "Yes"
                  },
                  {
                    "concept": "1066AAAAAAAAAAAAAAAAAAAAAAAAAAAAAAAA",
                    "label": "No"
                  }
                ]
              },
              "validators": [],
              "hide": {
                "hideWhenExpression": "age < 15"
              }
            },
            {
              "label": "Circle Beads given",
              "type": "obs",
              "id": "circleBeadsGiven",
              "questionOptions": {
                "rendering": "radio",
                "concept": "166866AAAAAAAAAAAAAAAAAAAAAAAAAAAAAA",
                "conceptMappings": [
                  {
                    "relationship": "SAME-AS",
                    "type": "CIEL",
                    "value": "166866"
                  }
                ],
                "answers": [
                  {
                    "concept": "1065AAAAAAAAAAAAAAAAAAAAAAAAAAAAAAAA",
                    "label": "Yes"
                  },
                  {
                    "concept": "1066AAAAAAAAAAAAAAAAAAAAAAAAAAAAAAAA",
                    "label": "No"
                  }
                ]
              },
              "validators": [],
              "hide": {
                "hideWhenExpression": "isEmpty(counselledOnNaturalFp) || counselledOnNaturalFp !== '1065AAAAAAAAAAAAAAAAAAAAAAAAAAAAAAAA' || sex !== 'F' || age < 15"
              }
            },
            {
              "label": "Client receiving postpartum FP?",
              "type": "obs",
              "id": "clientReceivingPostpartumFp",
              "questionOptions": {
                "rendering": "select",
                "concept": "1177AAAAAAAAAAAAAAAAAAAAAAAAAAAAAAAA",
                "answers": [
                  {
                    "concept": "162253AAAAAAAAAAAAAAAAAAAAAAAAAAAAAA",
                    "label": "immediate post partum(< 48 hrs)"
                  },
                  {
                    "concept": "c14ae81a-bce4-4f53-8b36-7e582f79759d",
                    "label": "post partum (> 48 hrs to 6 weeks)"
                  },
                  {
                    "concept": "164820AAAAAAAAAAAAAAAAAAAAAAAAAAAAAA",
                    "label": "post abortion (within 7 days)"
                  }
                ]
              },
              "validators": [],
              "hide": {
                "hideWhenExpression": "sex !== 'F' || age < 15"
              }
            },
            {
              "label": "Experienced intimate partner violence/reproductive coertion",
              "type": "obs",
              "required": "true",
              "id": "experiencedIntimatePartner",
              "questionOptions": {
                "rendering": "select",
                "concept": "167255AAAAAAAAAAAAAAAAAAAAAAAAAAAAAA",
                "answers": [
                  {
                    "concept": "167243AAAAAAAAAAAAAAAAAAAAAAAAAAAAAA",
                    "label": "Intimate partner violence"
                  },
                  {
                    "concept": "965AAAAAAAAAAAAAAAAAAAAAAAAAAAAAAAAA",
                    "label": "reproductive coertion"
                  },
                  {
                    "concept": "1175AAAAAAAAAAAAAAAAAAAAAAAAAAAAAAAA",
                    "label": "Not Applicable"
                  }
                ]
              },
              "validators": [],
              "hide": {
                "hideWhenExpression": "age < 15"
              }
            },
            {
              "label": "Client referred for FP services",
              "type": "obs",
              "required": "true",
              "id": "clientReferredForFpServices",
              "questionOptions": {
                "rendering": "radio",
                "concept": "166515AAAAAAAAAAAAAAAAAAAAAAAAAAAAAA",
                "conceptMappings": [],
                "answers": [
                  {
                    "concept": "1065AAAAAAAAAAAAAAAAAAAAAAAAAAAAAAAA",
                    "label": "Yes"
                  },
                  {
                    "concept": "1066AAAAAAAAAAAAAAAAAAAAAAAAAAAAAAAA",
                    "label": "No"
                  }
                ]
              },
              "validators": [],
              "hide": {
                "hideWhenExpression": "age < 15"
              }
            },
            {
              "label": "Referred from",
              "type": "obs",
              "required": false,
              "id": "referredFrom",
              "questionOptions": {
                "rendering": "select",
                "concept": "160481AAAAAAAAAAAAAAAAAAAAAAAAAAAAAA",
                "answers": [
                  {
                    "concept": "163488AAAAAAAAAAAAAAAAAAAAAAAAAAAAAA",
                    "label": "Community"
                  },
                  {
                    "concept": "164407AAAAAAAAAAAAAAAAAAAAAAAAAAAAAA",
                    "label": "Another Health facility"
                  },
                  {
                    "concept": "1175AAAAAAAAAAAAAAAAAAAAAAAAAAAAAAAA",
                    "label": "Not Applicable"
                  }
                ]
              },
              "validators": [],
              "hide": {
                "hideWhenExpression": "clientReferredForFpServices !== '1065AAAAAAAAAAAAAAAAAAAAAAAAAAAAAAAA' || age < 15"
              }
            },
            {
              "label": "Referred to ",
              "type": "obs",
              "required": false,
              "id": "referredTo",
              "questionOptions": {
                "rendering": "select",
                "concept": "163145AAAAAAAAAAAAAAAAAAAAAAAAAAAAAA",
                "conceptMappings": [
                  {
                    "relationship": "SAME-AS",
                    "type": "CIEL",
                    "value": "163145"
                  },
                  {
                    "relationship": "NARROWER-THAN",
                    "type": "SNOMED NP",
                    "value": "440379008"
                  }
                ],
                "answers": [
                  {
                    "concept": "163488AAAAAAAAAAAAAAAAAAAAAAAAAAAAAA",
                    "label": "Community"
                  },
                  {
                    "concept": "164407AAAAAAAAAAAAAAAAAAAAAAAAAAAAAA",
                    "label": "Another Health facility"
                  },
                  {
                    "concept": "1175AAAAAAAAAAAAAAAAAAAAAAAAAAAAAAAA",
                    "label": "Not Applicable"
                  }
                ]
              },
              "validators": [],
              "hide": {
                "hideWhenExpression": "clientReferredForFpServices !== '1065AAAAAAAAAAAAAAAAAAAAAAAAAAAAAAAA' || age < 15"
              }
            },
            {
              "label": "Reasons for referral (specify)",
              "type": "obs",
              "required": false,
              "id": "reasonsForReferral",
              "questionOptions": {
                "rendering": "text",
                "concept": "164359AAAAAAAAAAAAAAAAAAAAAAAAAAAAAA",
                "conceptMappings": [
                  {
                    "relationship": "SAME-AS",
                    "type": "CIEL",
                    "value": "164359"
                  },
                  {
                    "relationship": "NARROWER-THAN",
                    "type": "SNOMED NP",
                    "value": "3457005"
                  }
                ],
                "answers": []
              },
              "validators": [],
              "hide": {
                "hideWhenExpression": "clientReferredForFpServices !== '1065AAAAAAAAAAAAAAAAAAAAAAAAAAAAAAAA' || age < 15"
              }
            },
            {
              "label": "Remarks",
              "type": "obs",
              "required": false,
              "id": "remarks",
              "questionOptions": {
                "rendering": "text",
                "concept": "160632AAAAAAAAAAAAAAAAAAAAAAAAAAAAAA"
              },
              "validators": []
            }
          ]
        }
      ]
    }
  ],
  "encounterType": "465a92f2-baf8-42e9-9612-53064be868e8"
}
