{
    "name": "GBV PERPETRATOR DETAILS",
    "description": "GBV Perpetrator Details",
    "version": "1.0.0",
    "published": false,
    "retired": false,
    "processor": "EncounterFormProcessor",
    "encounterType": "189e128f-3212-47ca-9d89-ee1876c394a9",
    "referencedForms": [],
    "uuid": "f37d7e0e-95e8-430d-96a3-8e22664f74d6",
    "pages": [
    {
    "label": "Starter page",
    "sections": [
    {
    "label": "Starter section",
    "isExpanded": true,
    "questions": [
    {
    "label": "Perpetrator number",
    "type": "obs",
    "id": "ppNumber",
    "questionOptions": {
    "concept": "163151AAAAAAAAAAAAAAAAAAAAAAAAAAAAAA",
    "rendering": "text"
    }
    },
    {
    "label": "Phone number",
    "type": "obs",
    "id": "phoneNumber",
    "questionOptions": {
    "concept": "163152AAAAAAAAAAAAAAAAAAAAAAAAAAAAAA",
    "rendering": "text"
    }
    },
    {
    "label": "Residence",
    "type": "obs",
    "id": "residence",
    "questionOptions": {
    "concept": "167131AAAAAAAAAAAAAAAAAAAAAAAAAAAAAA",
    "rendering": "text"
    }
    },
    {
    "label": "Occupation",
    "type": "obs",
    "id": "occupation",
    "questionOptions": {
    "concept": "1542AAAAAAAAAAAAAAAAAAAAAAAAAAAAAAAA",
    "rendering": "select",
    "answers": [
    {
    "concept": "123801AAAAAAAAAAAAAAAAAAAAAAAAAAAAAA",
    "label": "Unemployed"
    },
    {
        "concept": "1538AAAAAAAAAAAAAAAAAAAAAAAAAAAAAAAA",
        "label": "Farmer"
    },
    {
        "concept": "1539AAAAAAAAAAAAAAAAAAAAAAAAAAAAAAAA",
        "label": "Trader"
        },
    {
            "concept": "1540AAAAAAAAAAAAAAAAAAAAAAAAAAAAAAAA",
            "label": "Employee"
            },
    {
                "concept": "159464AAAAAAAAAAAAAAAAAAAAAAAAAAAAAA",
                "label": "Housework"
             },
             {
                "concept": "159465AAAAAAAAAAAAAAAAAAAAAAAAAAAAAA",
                "label": "Student"
                },
                {
                    "concept": "159466AAAAAAAAAAAAAAAAAAAAAAAAAAAAAA",
                    "label": "Driver"
                    },
                    {
                        "concept": "162946AAAAAAAAAAAAAAAAAAAAAAAAAAAAAA",
                        "label": "Teacher"
                        },
                        {
                            "concept": "1067AAAAAAAAAAAAAAAAAAAAAAAAAAAAAAAA",
                            "label": "Other"
                            }
    ]
    }
    },
    {
    "label": "Specify other occupation",
    "type": "obs",
    "id": "specify-occupation",
    "questionOptions": {
    "concept": "160632AAAAAAAAAAAAAAAAAAAAAAAAAAAAAA",
    "rendering": "textarea"
    }
    },
    {
    "label": "Presenting Issues",
    "type": "obs",
    "id": "presenting-issue",
    "questionOptions": {
    "concept": "d7f01f09-1e8b-4129-bdf6-dbae6e9aa69c",
    "rendering": "textarea"
    }
    },
    {
    "label": "Plan of action for presenting issues",
    "type": "obs",
    "id": "action-plan",
    "questionOptions": {
    "concept": "163104AAAAAAAAAAAAAAAAAAAAAAAAAAAAAA",
    "rendering": "textarea"
    }
    },
    {
    "label": "PEP given",
    "type": "obs",
    "id": "pep-given",
    "questionOptions": {
    "concept": "d3f845d4-3a6a-447e-9c68-89a32830071d",
    "rendering": "radio",
    "answers": [
    {
    "concept": "1066AAAAAAAAAAAAAAAAAAAAAAAAAAAAAAAA",
    "label": "No"
    },
    {
    "concept": "1065AAAAAAAAAAAAAAAAAAAAAAAAAAAAAAAA",
    "label": "Yes"
    }
    ]
    }
    },
    {
    "label": "Reason for not giving PEP?",
    "type": "obs",
    "id": "rson-not-given-pep",
    "questionOptions": {
    "concept": "162169AAAAAAAAAAAAAAAAAAAAAAAAAAAAAA",
    "rendering": "textarea"
    }
    },
    {
    "label": "ECP given",
    "type": "obs",
    "id": "ecp-given",
    "questionOptions": {
    "concept": "374AAAAAAAAAAAAAAAAAAAAAAAAAAAAAAAAA",
    "rendering": "radio",
    "answers": [
    {
    "concept": "1066AAAAAAAAAAAAAAAAAAAAAAAAAAAAAAAA",
    "label": "No"
    },
    {
    "concept": "1065AAAAAAAAAAAAAAAAAAAAAAAAAAAAAAAA",
    "label": "Yes"
    }
    ]
    }
    },
    {
    "label": "Reason for not giving ECP?",
    "type": "obs",
    "id": "reason-not-given-ecp",
    "questionOptions": {
    "concept": "160845AAAAAAAAAAAAAAAAAAAAAAAAAAAAAA",
    "rendering": "textarea"
    }
    },
    {
    "label": "STI treatment given",
    "type": "obs",
    "id": "stiTrxGiven",
    "questionOptions": {
    "concept": "d7b6a98f-025e-4732-b0b2-2fe8b00e6b4c",
    "rendering": "radio",
    "answers": [
    {
    "concept": "1066AAAAAAAAAAAAAAAAAAAAAAAAAAAAAAAA",
    "label": "No"
    },
    {
    "concept": "1065AAAAAAAAAAAAAAAAAAAAAAAAAAAAAAAA",
    "label": "Yes"
    }
    ]
    }
    }
    ]
    }
    ]
    }
    ]
    }