{
    "name": "Violence Trauma Counselling",
    "description": "Violence Trauma Counselling Encounter form",
    "version": "2.0",
    "published": false,
    "retired": false,
    "encounter": "GBV Trauma Counselling Encounter",
    "processor": "EncounterFormProcessor",
    "encounterType": "16048e65-24c6-4833-a342-29000143298f",
    "uuid": "e983d758-5adf-4917-8172-0f4be4d8116a",
    "pages": [
      {
        "label": "Trauma Counselling",
        "sections": [
          {
            "label": "Encounter Details",
            "isExpanded": "true",
            "questions": [
              {
                "label": "Encounter Date:",
                "type": "encounterDatetime",
                "questionOptions": {
                  "rendering": "ui-select-extended"
                },
                "id": "encDate",
                "validators": [
                  {
                    "type": "date",
                    "allowFutureDates": "false"
                  }
                ]
              },
              {
                "label": "Provider:",
                "type": "encounterProvider",
                "questionOptions": {
                  "rendering": "ui-select-extended"
                },
                "id": "encProvider "
              },
              {
                "label": "Location:",
                "type": "encounterLocation",
                "questionOptions": {
                  "rendering": "ui-select-extended"
                },
                "id": "encLocation"
              }
            ]
          },
          {
            "label": "Counselling Details",
            "isExpanded": true,
            "questions": [
              {
                "label": "Counselling Session number",
                "type": "obs",
                "id": "visit-number",
                "questionOptions": {
                  "concept": "1724AAAAAAAAAAAAAAAAAAAAAAAAAAAAAAAA",
                  "rendering": "select",
                  "answers": [
                    {
                      "concept": "162080AAAAAAAAAAAAAAAAAAAAAAAAAAAAAA",
                      "label": "Initial Visit"
                    },
                    {
                      "concept": "1722AAAAAAAAAAAAAAAAAAAAAAAAAAAAAAAA",
                      "label": "Week-2 Session"
                    },
                    {
                      "concept": "fb42b101-1f14-4b1c-9d6f-be9487c91b3a",
                      "label": "Week-4 Session"
                    },
                    {
                      "concept": "1721AAAAAAAAAAAAAAAAAAAAAAAAAAAAAAAA",
                      "label": "Week-6 Session"
                    },
                    {
                      "concept": "1723AAAAAAAAAAAAAAAAAAAAAAAAAAAAAAAA",
                      "label": "Week-12 Session"
                    }
                  ]
                }
              },
              {
                "label": "Presenting Issues",
                "type": "obs",
                "id": "presentingIssues",
                "questionOptions": {
                  "concept": "160632AAAAAAAAAAAAAAAAAAAAAAAAAAAAAA",
                  "rendering": "textarea"
                }
              },
              {
                "label": "Emerging Issues",
                "type": "obs",
                "id": "emerging-issue",
                "questionOptions": {
                  "concept": "161011AAAAAAAAAAAAAAAAAAAAAAAAAAAAAA",
                  "rendering": "textarea"
                }
              },
              {
                "label": "Action Plan",
                "type": "obs",
                "id": "action-plan",
                "questionOptions": {
                  "concept": "163104AAAAAAAAAAAAAAAAAAAAAAAAAAAAAA",
                  "rendering": "textarea"
                }
              },
              {
                "label": "Return Visit Date:",
                "id": "appointmentWorkspaceLauncher",
                "questionOptions": {
                  "rendering": "workspace-launcher",
                  "buttonLabel": "Add appointments",
                  "workspaceName": "appointments-form-workspace"
                }
              }
            ]
          }
        ]
      }
    ]
  }