{
    "name": "Physical and Emotional Violence Form",
    "description": "Physical and Emotional violence",
    "version": "2.0",
    "published": false,
    "retired": false,
    "encounter": "GBV Physical and Emotional Abuse Encounter",
    "processor": "EncounterFormProcessor",
    "encounterType": "39d9350b-6eba-4653-a0cf-c554f44f6e91",
    "referencedForms": [],
    "uuid": "a0943862-f0fe-483d-9f11-44f62abae063",
    "pages": [
        {
            "label": "Starter page",
            "sections": [
                {
                    "label": "Encounter Details",
                    "isExpanded": "true",
                    "questions": [
                      {
                        "label": "Visit date:",
                        "type": "encounterDatetime",
                        "required": "true",
                        "id": "encDate",
                        "questionOptions": {
                          "rendering": "date"
                        },
                        "validators": [
                          {
                            "type": "date",
                            "allowFutureDates": "false"
                          }
                        ]
                      },
                      {
                        "label": "Provider:",
                        "type": "encounterProvider",
                        "questionOptions": {
                          "rendering": "ui-select-extended"
                        },
                        "id": "encProvider "
                      },
                      {
                        "label": "Location:",
                        "type": "encounterLocation",
                        "questionOptions": {
                          "rendering": "ui-select-extended"
                        },
                        "id": "encLocation"
                      }
                    ]
                  },
                {
                    "label": "Starter section",
                    "isExpanded": true,
                    "questions": [
                        {
                            "label": "Violence Number (format for the number VS-MFLCODE-YY-XXXXX)",
                            "type": "obs",
                            "id": "gbvNumber",
                            "questionOptions": {
                                "concept": "1646AAAAAAAAAAAAAAAAAAAAAAAAAAAAAAAA",
                                "rendering": "text"
                            }
                        },
                        {
                            "label": "Referred From",
                            "type": "obs",
                            "id": "referred-from",
                            "questionOptions": {
                                "concept": "1272AAAAAAAAAAAAAAAAAAAAAAAAAAAAAAAA",
                                "rendering": "radio",
                                "answers": [
                                    {
                                        "concept": "978AAAAAAAAAAAAAAAAAAAAAAAAAAAAAAAAA",
                                        "label": "Self"
                                    },
                                    {
                                        "concept": "160543AAAAAAAAAAAAAAAAAAAAAAAAAAAAAA",
                                        "label": "Community Outreach"
                                    },
                                    {
                                        "concept": "5486AAAAAAAAAAAAAAAAAAAAAAAAAAAAAAAA",
                                        "label": "Police"
                                    },
                                    {
                                        "concept": "1275AAAAAAAAAAAAAAAAAAAAAAAAAAAAAAAA",
                                        "label": "Health Facility"
                                    },
                                    {
                                        "concept": "5622AAAAAAAAAAAAAAAAAAAAAAAAAAAAAAAA",
                                        "label": "Other (specify)"
                                    }
                                ]
                            }
                        },
                        {
                            "label": "Indicate Department:",
                            "type": "obs",
                            "id": "entry-point",
                            "questionOptions": {
                                "concept": "160540AAAAAAAAAAAAAAAAAAAAAAAAAAAAAA",
                                "rendering": "select",
                                "answers": [
                                    {
                                        "concept": "163096AAAAAAAAAAAAAAAAAAAAAAAAAAAAAA",
                                        "label": "Community Testing"
                                    },
                                    {
                                        "concept": "159938AAAAAAAAAAAAAAAAAAAAAAAAAAAAAA",
                                        "label": "Home Based Testing"
                                    },
                                    {
                                        "concept": "162223AAAAAAAAAAAAAAAAAAAAAAAAAAAAAA",
                                        "label": "VMMC"
                                    },
                                    {
                                        "concept": "162181AAAAAAAAAAAAAAAAAAAAAAAAAAAAAA",
                                        "label": "Peadiatric Clinic"
                                    },
                                    {
                                        "concept": "160538AAAAAAAAAAAAAAAAAAAAAAAAAAAAAA",
                                        "label": "PMTCT - ANC"
                                    },
                                    {
                                        "concept": "160522AAAAAAAAAAAAAAAAAAAAAAAAAAAAAA",
                                        "label": "Emergency"
                                    },
                                    {
                                        "concept": "160546AAAAAAAAAAAAAAAAAAAAAAAAAAAAAA",
                                        "label": "STI Clinic"
                                    },
                                    {
                                        "concept": "160542AAAAAAAAAAAAAAAAAAAAAAAAAAAAAA",
                                        "label": "Out Patient Department(OPD)"
                                    },
                                    {
                                        "concept": "1623AAAAAAAAAAAAAAAAAAAAAAAAAAAAAAAA",
                                        "label": "PMTCT - PNC"
                                    },
                                    {
                                        "concept": "5622AAAAAAAAAAAAAAAAAAAAAAAAAAAAAAAA",
                                        "label": "Other"
                                    },
                                    {
                                        "concept": "160456AAAAAAAAAAAAAAAAAAAAAAAAAAAAAA",
                                        "label": "PMTCT - MAT"
                                    },
                                    {
                                        "concept": "160552AAAAAAAAAAAAAAAAAAAAAAAAAAAAAA",
                                        "label": "Nutrition Clinic"
                                    },
                                    {
                                        "concept": "159940AAAAAAAAAAAAAAAAAAAAAAAAAAAAAA",
                                        "label": "VCT"
                                    },
                                    {
                                        "concept": "160541AAAAAAAAAAAAAAAAAAAAAAAAAAAAAA",
                                        "label": "TB"
                                    },
                                    {
                                        "concept": "159939AAAAAAAAAAAAAAAAAAAAAAAAAAAAAA",
                                        "label": "Mobile Outreach"
                                    },
                                    {
                                        "concept": "5485AAAAAAAAAAAAAAAAAAAAAAAAAAAAAAAA",
                                        "label": "In Patient Department(IPD)"
                                    }
                                ]
                            }
                        },
                        {
                            "label": "Specify other referral source",
                            "type": "obs",
                            "id": "otherReferralSource",
                            "questionOptions": {
                                "concept": "98e43640-85cf-4da0-890b-e02f12631799",
                                "rendering": "textarea"
                            }
                        },
                        {
                            "label": "Type of Violence",
                            "type": "obs",
                            "id": "typeOfViolence",
                            "questionOptions": {
                                "concept": "0b37e771-aea2-4745-8632-80be809d70a8",
                                "rendering": "multiCheckbox",
                                "answers": [
                                    {
                                        "concept": "167243AAAAAAAAAAAAAAAAAAAAAAAAAAAAAA",
                                        "label": "Intimate Partner Violence (IPV)"
                                    },
                                    {
                                        "concept": "117510AAAAAAAAAAAAAAAAAAAAAAAAAAAAAA",
                                        "label": "Emotional Violence"
                                    },
                                    {
                                        "concept": "158358AAAAAAAAAAAAAAAAAAAAAAAAAAAAAA",
                                        "label": "Physical Violence"
                                    }
                                ]
                            }
                        },
                        {
                            "label": "Date & Time of Incident",
                            "type": "obs",
                            "id": "dateTimeOfIncidence",
                            "questionOptions": {
                                "concept": "162869AAAAAAAAAAAAAAAAAAAAAAAAAAAAAA",
                                "rendering": "date"
                            }
                        },
                        {
                            "label": "Trauma Counselling",
                            "type": "obs",
                            "id": "traumaCounselling",
                            "questionOptions": {
                                "concept": "600cf489-4a92-488e-aa71-96beafe634bb",
                                "rendering": "radio",
                                "answers": [
                                   
                                    {
                                        "concept": "1065AAAAAAAAAAAAAAAAAAAAAAAAAAAAAAAA",
                                        "label": "Yes"
                                    },
                                    {
                                        "concept": "1066AAAAAAAAAAAAAAAAAAAAAAAAAAAAAAAA",
                                        "label": "No"
                                    }
                                ]
                            }
                        },
                        {
                            "label": "Trauma counselling comments",
                            "type": "obs",
                            "id": "traumaCounsellingComment",
                            "questionOptions": {
                                "concept": "161011AAAAAAAAAAAAAAAAAAAAAAAAAAAAAA",
                                "rendering": "textarea"
                            }
                        },
                        {
                            "label": "Referrals to (Tick all that apply)",
                            "type": "obs",
                            "id": "referralTo",
                            "questionOptions": {
                                "concept": "1272AAAAAAAAAAAAAAAAAAAAAAAAAAAAAAAA",
                                "rendering": "multiCheckbox",
                                "answers": [
                                    {
                                        "concept": "1459AAAAAAAAAAAAAAAAAAAAAAAAAAAAAAAA",
                                        "label": "HIV Testing/Re-testing services"
                                    },
                                    {
                                        "concept": "253b40ec-54da-4e92-9ab1-2d99075b19e8",
                                        "label": "Police station"
                                    },
                                    {
                                        "concept": "1691AAAAAAAAAAAAAAAAAAAAAAAAAAAAAAAA",
                                        "label": "Post-exposure Prophylaxis"
                                    },
                                    {
                                        "concept": "1610AAAAAAAAAAAAAAAAAAAAAAAAAAAAAAAA",
                                        "label": "Care and Treatment"
                                    },
                                    {
                                        "concept": "5486AAAAAAAAAAAAAAAAAAAAAAAAAAAAAAAA",
                                        "label": "Alternative dispute resolution"
                                    },
                                    {
                                        "concept": "160546AAAAAAAAAAAAAAAAAAAAAAAAAAAAAA",
                                        "label": "STI Screening/treatment"
                                    },
                                    {
                                        "concept": "1606AAAAAAAAAAAAAAAAAAAAAAAAAAAAAAAA",
                                        "label": "Radiology services (X-ray)"
                                    },
                                    {
                                        "concept": "5490AAAAAAAAAAAAAAAAAAAAAAAAAAAAAAAA",
                                        "label": "Psychosocial Support"
                                    },
                                    {
                                        "concept": "bd06bd90-8380-49f9-8814-d5d087e9afdd",
                                        "label": "Safe space"
                                    },
                                    {
                                        "concept": "135914AAAAAAAAAAAAAAAAAAAAAAAAAAAAAA",
                                        "label": "Legal Support"
                                    },
                                    {
                                        "concept": "5622AAAAAAAAAAAAAAAAAAAAAAAAAAAAAAAA",
                                        "label": "Other (Specify)"
                                    }
                                ]
                            }
                        },
                        {
                            "label": "Specify other referrals",
                            "type": "obs",
                            "id": "specifyOtherReferralTo",
                            "questionOptions": {
                                "concept": "160632AAAAAAAAAAAAAAAAAAAAAAAAAAAAAA",
                                "rendering": "textarea"
                            }
                        },
                        {
                            "label": "Next review date:",
                            "required": false,
                            "id": "appointmentWorkspaceLauncher",
                            "questionOptions": {
                              "rendering": "workspace-launcher",
                              "buttonLabel": "Add appointments",
                              "workspaceName": "appointments-form-workspace"
                            }
                          }
                    ]
                }
            ]
        }
    ]
}