{
  "name": "GBV PRC CONSENT Form",
  "description": "GBV Consent Form",
  "version": "1.0.0",
  "published": false,
  "retired": false,
  "encounter": "Gender Based Violence Screening",
  "processor": "EncounterFormProcessor",
  "encounterType": "f091b067-bea5-4657-8445-cfec05dc46a2",
  "referencedForms": [],
  "uuid": "d720a8b3-52cc-41e2-9a75-3fd0d67744e5",
  "pages": [
    {
      "label": "GBV PRC Consent Form",
      "sections": [
        {
          "label": "Encounter Details",
          "isExpanded": "true",
          "questions": [
            {
              "label": "Visit date:",
              "type": "encounterDatetime",
              "required": "true",
              "id": "encDate",
              "questionOptions": {
                "rendering": "date"
              },
              "validators": [
                {
                  "type": "date",
                  "allowFutureDates": "false"
                }
              ]
            },
            {
              "label": "Provider:",
              "type": "encounterProvider",
              "questionOptions": {
                "rendering": "ui-select-extended"
              },
              "id": "encProvider "
            },
            {
              "label": "Location:",
              "type": "encounterLocation",
              "questionOptions": {
                "rendering": "ui-select-extended"
              },
              "id": "encLocation"
            }
          ]
        },
        {
          "label": "GBV PRC Consent",
          "isExpanded": true,
          "questions": [
            {
              "label": "Conduct a medical examination,including pelvic examination:",
              "type": "obs",
              "id": "conductMedicalExamination",
              "questionOptions": {
                "concept": "06f943ab-f813-4832-87b4-d2345b709427",
                "rendering": "radio",
                "answers": [
                  {
                    "concept": "1065AAAAAAAAAAAAAAAAAAAAAAAAAAAAAAAA",
                    "label": "Yes"
                  },
                  {
                    "concept": "1066AAAAAAAAAAAAAAAAAAAAAAAAAAAAAAAA",
                    "label": "No"
                  }
                ]
              }
            },
            {
              "label": "Collect evidence,such as body fluid samples,collection of clothing,hair combings,scraping or cuttings of finger nails, blood samples and photographs:",
              "type": "obs",
              "id": "collectEvidence",
              "questionOptions": {
                "concept": "161934AAAAAAAAAAAAAAAAAAAAAAAAAAAAAA",
                "rendering": "radio",
                "answers": [
                  {
                    "concept": "1065AAAAAAAAAAAAAAAAAAAAAAAAAAAAAAAA",
                    "label": "Yes"
                  },
                  {
                    "concept": "1066AAAAAAAAAAAAAAAAAAAAAAAAAAAAAAAA",
                    "label": "No"
                  }
                ]
              }
            },
            {
              "label": "Provide evidence and medical information to the police and law courts concerning my case; this information will be limited to the results of this examination and any relevant follow-up care provided",
              "type": "obs",
              "id": "provideMedicalInformation",
              "questionOptions": {
                "concept": "c164ae06-1d22-4abb-afdc-4bb96dec4835",
                "rendering": "radio",
                "answers": [
                  {
                    "concept": "1065AAAAAAAAAAAAAAAAAAAAAAAAAAAAAAAA",
                    "label": "Yes"
                  },
                  {
                    "concept": "1066AAAAAAAAAAAAAAAAAAAAAAAAAAAAAAAA",
                    "label": "No"
                  }
                ]
              }
            },
            {
              "label": "Client signature(Initial)",
              "type": "obs",
              "id": "clientSignature",
              "questionOptions": {
                "concept": "167018AAAAAAAAAAAAAAAAAAAAAAAAAAAAAA",
                "rendering": "text"
              }
            },
            {
              "label": "Consenting Date",
              "type": "obs",
              "id": "consentingDate",
              "questionOptions": {
                "concept": "1711AAAAAAAAAAAAAAAAAAAAAAAAAAAAAAAA",
                "rendering": "date"
              },
              "validators": [
                {
                  "type": "date",
                  "allowFutureDates": "false"
                }
              ]
            },
            {
              "label": "Name of witness:",
              "type": "obs",
              "id": "witnessName",
              "questionOptions": {
                "concept": "164141AAAAAAAAAAAAAAAAAAAAAAAAAAAAAA",
                "rendering": "text"
              }
            },
            {
              "label": "Witness signature (Initial):",
              "type": "obs",
              "id": "witnessSignature",
              "questionOptions": {
                "concept": "163258AAAAAAAAAAAAAAAAAAAAAAAAAAAAAA",
                "rendering": "text"
              }
            },
            {
              "label": "Name of Health care provider (HCP):",
              "type": "obs",
              "id": "hcpName",
              "questionOptions": {
                "concept": "1473AAAAAAAAAAAAAAAAAAAAAAAAAAAAAAAA",
                "rendering": "text"
              }
            },
            {
              "label": "HCP signature (or Initial):",
              "type": "obs",
              "id": "hcpSignature",
              "questionOptions": {
                "concept": "163258AAAAAAAAAAAAAAAAAAAAAAAAAAAAAA",
                "rendering": "text"
              }
            }
          ]
        }
      ]
    }
  ]
}