{
	"name": "Gender Based Violence",
	"description": "Gender Based Violence",
	"version": "1",
	"published": true,
	"uuid": "94eec122-83a1-11ea-bc55-0242ac130003",
	"retired": false,
	"encounter": "KP Gender Based Violence",
	"pages": [
		{
		"label": "Gender Based Violence Screening",
		"sections": [
		  {
			"label": "GBV Screening Questions",
			"isExpanded": "true",
			"questions": [
				{
					"label": "Choose a screening question to begin",
					"type": "obsGroup",
					"id": "screeNqUiz",
					"questionOptions": {
						"concept": "7a58e4da-3544-457b-84eb-014f65a01d83",
						"rendering": "repeating"
					},
					"questions": [
						{
							"label": "What are you screening for today?",
							"type": "obs",
							"id": "allQuizzes",
							"required": "true",
							"questionOptions": {
								"concept": "164082AAAAAAAAAAAAAAAAAAAAAAAAAAAAAA",
								"rendering": "select",
								"answers": [
									{
										"concept": "159890AAAAAAAAAAAAAAAAAAAAAAAAAAAAAA",
										"label": "Within the past year, have you been hit, slapped, kicked or physically hurt by someone in any way?"
									},
									{
										"concept": "113353AAAAAAAAAAAAAAAAAAAAAAAAAAAAAA",
										"label": "Are you in a relationship with a person who physically hit you?"
									},
									{
										"concept": "167071AAAAAAAAAAAAAAAAAAAAAAAAAAAAAA",
										"label": "Are you in a relationship with a person who threatens, frightens or insults you or treats you badly?"
									},
									{
										"concept": "158805AAAAAAAAAAAAAAAAAAAAAAAAAAAAAA",
										"label": "Are you in relationship with a person who forces you to participate in sexual activities that make you feel uncomfortable?"
									},
									{
										"concept": "161675AAAAAAAAAAAAAAAAAAAAAAAAAAAAAA",
										"label": "Have you ever experienced any of the above with someone you do not have a relationship with?"	
									}
								]
							}
						},
						{
							"label": "State the perpetrator",
							"type": "obs",
							"id": "perperTratorE",
							"questionOptions": {
							  "concept": "f45b2051-0212-48e0-a0ae-b52809c5ba0c",
							  "rendering": "checkbox",
							  "answers": [
								{
								  "concept": "163565AAAAAAAAAAAAAAAAAAAAAAAAAAAAAA",
								  "label": "Sexual Partner"
								},
								{
								  "concept": "163567AAAAAAAAAAAAAAAAAAAAAAAAAAAAAA",
								  "label": "Boyfriend"
								},
								{
								  "concept": "5620AAAAAAAAAAAAAAAAAAAAAAAAAAAAAAAA",
								  "label": "Relative"
								},
								{
								  "concept": "5622AAAAAAAAAAAAAAAAAAAAAAAAAAAAAAAA",
								  "label": "Other"
								}
							  ]
							},
							"validators": [],
							"hide": {
							  "hideWhenExpression": "isEmpty(allQuizzes) || sex !== 'F'"
							}
						  },
						  {
							"label": "Other (Specify name) ",
							"type": "obs",
							"questionOptions": {
							  "rendering": "text",
							  "concept": "60632AAAAAAAAAAAAAAAAAAAAAAAAAAAAAA"
							},
							"id": "otheRperPs",
							"validators": [],
							"hide": {
							  "hideWhenExpression": "isEmpty(perperTratorE) || !arrayContains(['5622AAAAAAAAAAAAAAAAAAAAAAAAAAAAAAAA'], perperTratorE) || sex !== 'F'"
							}
						  },
						  {
							"label": "State the perpetrator",
							"type": "obs",
							"id": "perperTratorEMale",
							"questionOptions": {
							  "concept": "f45b2051-0212-48e0-a0ae-b52809c5ba0c",
							  "rendering": "checkbox",
							  "answers": [
								{
								  "concept": "163565AAAAAAAAAAAAAAAAAAAAAAAAAAAAAA",
								  "label": "Sexual Partner"
								},
								{
								  "concept": "163566AAAAAAAAAAAAAAAAAAAAAAAAAAAAAA",
								  "label": "Girlfriend"
								},
								{
								  "concept": "5620AAAAAAAAAAAAAAAAAAAAAAAAAAAAAAAA",
								  "label": "Relative"
								},
								{
								  "concept": "5622AAAAAAAAAAAAAAAAAAAAAAAAAAAAAAAA",
								  "label": "Other"
								}
							  ]
							},
							"validators": [],
							"hide": {
							  "hideWhenExpression": "isEmpty(allQuizzes) || sex !== 'M'"
							}
						  },
						  {
							"label": "Other (Specify name) ",
							"type": "obs",
							"questionOptions": {
							  "rendering": "textMale",
							  "concept": "160632AAAAAAAAAAAAAAAAAAAAAAAAAAAAAA"
							},
							"id": "personPresentName",
							"validators": [],
							"hide": {
							  "hideWhenExpression": "isEmpty(perperTratorE) || !arrayContains(['5622AAAAAAAAAAAAAAAAAAAAAAAAAAAAAAAA'], perperTratorE) || sex !== 'M'"
							}
						  }
					]
				}
			]
		  },
		  {
			"label": "Action Taken",
			"isExpanded": "true",
			"questions": [
			  {
				"label": "Did you seek help?",
				"type": "obs",
				"id": "DidseekHelp",
				"questionOptions": {
				  "concept": "1563AAAAAAAAAAAAAAAAAAAAAAAAAAAAAAAA",
				  "rendering": "radio",
				  "answers": [
					{
						"concept": "1065AAAAAAAAAAAAAAAAAAAAAAAAAAAAAAAA",
						"label": "Yes"
					  },
					{
					  "concept": "1066AAAAAAAAAAAAAAAAAAAAAAAAAAAAAAAA",
					  "label": "No"
					}
				  ]
				}
			  },
			  {
				"label": "Action",
				"type": "obsGroup",
				"questionOptions": {
				  "rendering": "repeating",
				  "concept": "d79488b7-eb63-49ba-b99c-a52f777a1a7f"
				},
				"id": "ActionTaken",
				"hide": {
					"hideWhenExpression": "isEmpty(DidseekHelp) || DidseekHelp !== '1065AAAAAAAAAAAAAAAAAAAAAAAAAAAAAAAA'"
				},
				"questions": [
				  {
					"label": "Where did you seek help?",
					"type": "obs",
					"id": "placeOfHelP",
					"questionOptions": {
					  "concept": "1562AAAAAAAAAAAAAAAAAAAAAAAAAAAAAAAA",
					  "rendering": "checkbox",
					  "answers": [
						{
						  "concept": "1589AAAAAAAAAAAAAAAAAAAAAAAAAAAAAAAA",
						  "label": "Hospital"
						},
						{
							"concept": "165284AAAAAAAAAAAAAAAAAAAAAAAAAAAAAA",
							"label": "Police"
						  },
						  {
							"concept": "165037AAAAAAAAAAAAAAAAAAAAAAAAAAAAAA",
							"label": "Peer Educator"
						  },
						  {
							"concept": "1560AAAAAAAAAAAAAAAAAAAAAAAAAAAAAA",
							"label": "Family"
						  },
						  {
							"concept": "165294AAAAAAAAAAAAAAAAAAAAAAAAAAAAAA",
							"label": "Peers"
						  },
						  {
							"concept": "5618AAAAAAAAAAAAAAAAAAAAAAAAAAAAAA",
							"label": "Friends"
						  },
						  {
							"concept": "165290AAAAAAAAAAAAAAAAAAAAAAAAAAAAAA",
							"label": "Religious Leader"
						  },
						  {
							"concept": "165350AAAAAAAAAAAAAAAAAAAAAAAAAAAAAA",
							"label": "Dice"
						  },
						  {
							"concept": "162690AAAAAAAAAAAAAAAAAAAAAAAAAAAAAA",
							"label": "Chief"
						  },
						  {
							"concept": "5622AAAAAAAAAAAAAAAAAAAAAAAAAAAAAAAA",
							"label": "Other"
						  }
					  ]
					}
				  },
				  {
					"label": "Other Specify",
					"type": "obs",
					"id": "otherHelp",
					"questionOptions": {
					  "concept": "160632AAAAAAAAAAAAAAAAAAAAAAAAAAAAAA",
					  "rendering": "text"
					},
					"hide": {
						"hideWhenExpression":"isEmpty(placeOfHelP) || !arrayContains(['5622AAAAAAAAAAAAAAAAAAAAAAAAAAAAAAAA'], placeOfHelP)"
					}
				  },
				  {
					"label": "Date",
					"type": "obs",
					"id": "firstDateSeen",
					"questionOptions": {
					  "concept": "162869AAAAAAAAAAAAAAAAAAAAAAAAAAAAAA",
					  "rendering": "date"
					},
					"hide": {
						"hideWhenExpression": "isEmpty(placeOfHelP)"
					}
				  }
				]
			  },
			  {
				"label": "What was the outcome?",
				"type": "obs",
				"id": "OutComeHelp",
				"questionOptions": {
				  "concept": "162875AAAAAAAAAAAAAAAAAAAAAAAAAAAAAA",
				  "rendering": "checkbox",
				  "answers": [
					{
					  "concept": "1066AAAAAAAAAAAAAAAAAAAAAAAAAAAAAAAA",
					  "label": "No action taken"
					},
					{
					  "concept": "bfe0cbb2-eea0-4431-a5c5-d0f49a4ed21b",
					  "label": "Counselling"
					},
					{
					  "concept": "160570AAAAAAAAAAAAAAAAAAAAAAAAAAAAAA",
					  "label": "Emergency pills"
					},
					{
					  "concept": "164163AAAAAAAAAAAAAAAAAAAAAAAAAAAAAA",
					  "label": "HIV Testing"
					},
					{
					  "concept": "0179f241-8c1d-47c1-8128-841f6508e251",
					  "label": "Investigation done"
					},
					{
					  "concept": "334d4b72-26fb-442e-a148-a2cd469f5796",
					  "label": "Matter presented to court"
					},
					{
					  "concept": "9eb0698f-4582-4ac6-b276-bf3b625005f2",
					  "label": "P3 form issued"
					},
					{
					  "concept": "1691AAAAAAAAAAAAAAAAAAAAAAAAAAAAAAAA",
					  "label": "PEP given"
					},
					{
					  "concept": "156761AAAAAAAAAAAAAAAAAAAAAAAAAAAAAA",
					  "label": "Perpetrator arrested"
					},
					{
					  "concept": "165995AAAAAAAAAAAAAAAAAAAAAAAAAAAAAA",
					  "label": "Post rape care"
					},
					{
					  "concept": "166536AAAAAAAAAAAAAAAAAAAAAAAAAAAAAA",
					  "label": "PrEP given"
					},
					{
					  "concept": "5618AAAAAAAAAAAAAAAAAAAAAAAAAAAAAA",
					  "label": "Reconciliation"
					},
					{
					  "concept": "163316AAAAAAAAAAAAAAAAAAAAAAAAAAAAAA",
					  "label": "Referred back to the family"
					},
					{
					  "concept": "1648AAAAAAAAAAAAAAAAAAAAAAAAAAAAAAAA",
					  "label": "Referred to hospital"
					},
					{
					  "concept": "161908AAAAAAAAAAAAAAAAAAAAAAAAAAAAAA",
					  "label": "Statement taken"
					},
					{
					  "concept": "cfd5aeef-ded4-4375-a2f5-9cc8f39d2e4f",
					  "label": "STI Prophylaxis"
					},
					{
					  "concept": "163317AAAAAAAAAAAAAAAAAAAAAAAAAAAAAA",
					  "label": "Trauma counselling done"
					},
					{
					  "concept": "1185AAAAAAAAAAAAAAAAAAAAAAAAAAAAAAAA",
					  "label": "Treatment"
					},
					{
					  "concept": "5622AAAAAAAAAAAAAAAAAAAAAAAAAAAAAAAA",
					  "label": "Other"
					}
				  ]
				},
				"hide": {
					"hideWhenExpression": "isEmpty(DidseekHelp) || DidseekHelp !== '1065AAAAAAAAAAAAAAAAAAAAAAAAAAAAAAAA'"
				}
			  },
			  {
				"label": "Other Specify",
				"type": "obs",
				"id": "otherOutcome",
				"questionOptions": {
				  "concept": "160632AAAAAAAAAAAAAAAAAAAAAAAAAAAAAA",
				  "rendering": "text"
				},
				"hide": {
					"hideWhenExpression": "isEmpty(OutComeHelp) || !arrayContains(['5622AAAAAAAAAAAAAAAAAAAAAAAAAAAAAAAA'], placeOfHelP)"
				}
			  },
			  {
				"label": "Reason(s) for not reporting",
				"type": "obs",
				"id": "notReporting",
				"questionOptions": {
				  "concept": "1743AAAAAAAAAAAAAAAAAAAAAAAAAAAAAAAA",
				  "rendering": "checkbox",
				  "answers": [
					{
					  "concept": "1067AAAAAAAAAAAAAAAAAAAAAAAAAAAAAAAA",
					  "label": "Did not know where to report"
					},
					{
					  "concept": "1811AAAAAAAAAAAAAAAAAAAAAAAAAAAAAA",
					  "label": "Distance"
					},
					{
					  "concept": "140923AAAAAAAAAAAAAAAAAAAAAAAAAAAAAA",
					  "label": "Exhaustion/Lack of energy"
					},
					{
					  "concept": "163473AAAAAAAAAAAAAAAAAAAAAAAAAAAAAA",
					  "label": "Fear shame"
					},
					{
					  "concept": "159418AAAAAAAAAAAAAAAAAAAAAAAAAAAAAA",
					  "label": "Lack of faith in system"
					},
					{
					  "concept": "162951AAAAAAAAAAAAAAAAAAAAAAAAAAAAAA",
					  "label": "Lack of knowledge"
					},
					{
					  "concept": "664AAAAAAAAAAAAAAAAAAAAAAAAAAAAAAAAA",
					  "label": "Negative attitude of the person reported to"
					},
					{
					  "concept": "143100AAAAAAAAAAAAAAAAAAAAAAAAAAAAAA",
					  "label": "Not allowed culturally"
					},
					{
					  "concept": "915a7e4e-a2b5-4b39-aa9f-c731817b574c",
					  "label": "Perpetrator above the law"
					},
					{
					  "concept": "163475AAAAAAAAAAAAAAAAAAAAAAAAAAAAAA",
					  "label": "Self blame"
					},
					{
					  "concept": "5622AAAAAAAAAAAAAAAAAAAAAAAAAAAAAAAA",
					  "label": "Other"
					}
				  ]
				},
				"hide": {
					"hideWhenExpression": "isEmpty(DidseekHelp) || DidseekHelp !== '1066AAAAAAAAAAAAAAAAAAAAAAAAAAAAAAAA'"
				}
			  },
			  {
				"label": "Other Specify",
				"type": "obs",
				"id": "otherText",
				"questionOptions": {
				  "concept": "160632AAAAAAAAAAAAAAAAAAAAAAAAAAAAAA",
				  "rendering": "text"
				},
				"hide": {
					"hideWhenExpression": "isEmpty(notReporting) || !arrayContains(['5622AAAAAAAAAAAAAAAAAAAAAAAAAAAAAAAA'], notReporting)"
				}
			  }
			]
		  }
		]
	  }
	],
	"processor": "EncounterFormProcessor",
	"referencedForms": []
}
