{
	"name": "Initial Registration Form",
	"pages": [
		{
			"label": "Initial Form",
			"sections": [
				{
					"label": "Intial",
					"isExpanded": "true",
					"questions": [
						{
							"label": "Client Type",
							"type": "obs",
							"questionOptions": {
								"rendering": "radio",
								"concept": "164181AAAAAAAAAAAAAAAAAAAAAAAAAAAAAA",
								"answers": [
									{
										"concept": "164180AAAAAAAAAAAAAAAAAAAAAAAAAAAAAA",
										"label": "New",
										"conceptMappings": [
											{
												"type": "CIEL",
												"value": "164180"
											},
											{
												"type": "SNOMED NP",
												"value": "NP: 103324002"
											}
										]
									},
									{
										"concept": "160530AAAAAAAAAAAAAAAAAAAAAAAAAAAAAA",
										"label": "Transfer In",
										"conceptMappings": [
											{
												"type": "CIEL",
												"value": "160530"
											},
											{
												"type": "PIH Malawi",
												"value": "Malawi: 6190"
											}
										]
									}
								]
							},
							"id": "clientType"
						},
						{
							"label": "Have you ever received  MAT services elsewhere",
							"type": "obs",
							"questionOptions": {
								"rendering": "radio",
								"concept": "167666AAAAAAAAAAAAAAAAAAAAAAAAAAAAAA",
								"answers": [
									{
										"concept": "1065AAAAAAAAAAAAAAAAAAAAAAAAAAAAAA",
										"label": "Yes"
									},
									{
										"concept": "1066AAAAAAAAAAAAAAAAAAAAAAAAAAAAAA",
										"label": "No"
									}
								]
							},
							"id": "receivedMAT"
						},
						{
							"label": "If Yes, MAT ID",
							"type": "obs",
							"questionOptions": {
								"rendering": "number",
								"concept": "5325AAAAAAAAAAAAAAAAAAAAAAAAAAAAAAAA",
								"max": "",
								"min": "",
								"showDate": "",
								"conceptMappings": [
									{
										"type": "AMPATH",
										"value": "5074"
									},
									{
										"type": "AMPATH",
										"value": "5890"
									},
									{
										"type": "AMPATH",
										"value": "5683"
									},
									{
										"type": "AMPATH",
										"value": "5700"
									},
									{
										"type": "AMPATH",
										"value": "5899"
									},
									{
										"type": "AMPATH",
										"value": "5941"
									},
									{
										"type": "AMPATH",
										"value": "5325"
									},
									{
										"type": "SNOMED MVP",
										"value": "MVP: 53251000105003"
									},
									{
										"type": "CIEL",
										"value": "5325"
									},
									{
										"type": "AMPATH",
										"value": "5908"
									},
									{
										"type": "AMPATH",
										"value": "5686"
									},
									{
										"type": "AMPATH",
										"value": "5003"
									},
									{
										"type": "AMPATH",
										"value": "5677"
									},
									{
										"type": "AMPATH",
										"value": "5903"
									},
									{
										"type": "SNOMED NP",
										"value": "NP: 396278008"
									},
									{
										"type": "AMPATH",
										"value": "5058"
									},
									{
										"type": "AMPATH",
										"value": "5691"
									},
									{
										"type": "AMPATH",
										"value": "5553"
									}
								]
							},
							"id": "matID"
						},
						{
							"label": "Type of referral",
							"type": "obs",
							"questionOptions": {
								"rendering": "radio",
								"concept": "166636AAAAAAAAAAAAAAAAAAAAAAAAAAAAAA",
								"answers": [
									{
										"concept": "160551AAAAAAAAAAAAAAAAAAAAAAAAAAAAAA",
										"label": "Self"
									},
									{
										"concept": "160480AAAAAAAAAAAAAAAAAAAAAAAAAAAAAA",
										"label": "GOK Facility"
									},
									{
										"concept": "160479AAAAAAAAAAAAAAAAAAAAAAAAAAAAAA",
										"label": "Private Clinic"
									},
									{
										"concept": "166576AAAAAAAAAAAAAAAAAAAAAAAAAAAAAA",
										"label": "CSO"
									},
									{
										"concept": "167667AAAAAAAAAAAAAAAAAAAAAAAAAAAAAA",
										"label": "Criminal Justice System"
									},
									{
										"concept": "5622AAAAAAAAAAAAAAAAAAAAAAAAAAAAAA",
										"label": "Other"
									}
								]
							},
							"id": "referralType"
						},
						{
							"label": " Other Specify ",
							"type": "obs",
							"id": "OtherSpecify",
							"questionOptions": {
							  "concept": "20395601-257c-490c-86c2-acffb627f91f",
							  "rendering": "textarea"
							},
							"validators": [],
							"hide": {
							  "hideWhenExpression": "isEmpty(referralType) || referralType !== '5622AAAAAAAAAAAAAAAAAAAAAAAAAAAAAA'"
							}
						  },
						{
							"label": "Name of Referring facility:",
							"type": "obs",
							"id": "matFacReferral",
							"questionOptions": {
							  "concept": "161550AAAAAAAAAAAAAAAAAAAAAAAAAAAAAA",
							  "rendering": "text"
							}
							
						  },
						  {
							"label": "Referring facilitys client registration number:",
							"type": "obs",
							"id": "facClientNumber",
							"questionOptions": {
							  "concept": "1886AAAAAAAAAAAAAAAAAAAAAAAAAAAAAA",
							  "rendering": "number"
							}

						  },
						  {
							"label": "Accompined By",
							"type": "obs",
							"questionOptions": {
								"rendering": "radio",
								"concept": "160112AAAAAAAAAAAAAAAAAAAAAAAAAAAAAA",
								"answers": [
									{
										"concept": "1527AAAAAAAAAAAAAAAAAAAAAAAAAAAAAA",
										"label": "Parent"
									},
									{
										"concept": "5617AAAAAAAAAAAAAAAAAAAAAAAAAAAAAA",
										"label": "Partner"
									},
									{
										"concept": "5618AAAAAAAAAAAAAAAAAAAAAAAAAAAAAA",
										"label": "Friend"
									},
									{
										"concept": "1555AAAAAAAAAAAAAAAAAAAAAAAAAAAAAA",
										"label": "Outreach worker"
									},
									
									{
										"concept": "5622AAAAAAAAAAAAAAAAAAAAAAAAAAAAAA",
										"label": "Other"
									}
								]
							},
							"id": "accompBy"
						},
						{
							"label": " Other Specify ",
							"type": "obs",
							"id": "OtSpecify",
							"questionOptions": {
							  "concept": "20395601-257c-490c-86c2-acffb627f91f",
							  "rendering": "textarea"
							},
							"validators": [],
							"hide": {
							  "hideWhenExpression": "isEmpty(accompBy) || accompBy !== '5622AAAAAAAAAAAAAAAAAAAAAAAAAAAAAA'"
							}
						  },
						  {
							"label": "Outreach workers name:",
							"type": "obs",
							"id": "workerName",
							"questionOptions": {
							  "concept": "161141AAAAAAAAAAAAAAAAAAAAAAAAAAAAAA",
							  "rendering": "text"
							}
							
						  },
						  {
							"label": "Cell phone number:",
							"type": "obs",
							"id": "phoneNumber",
							"questionOptions": {
							  "concept": "1631520AAAAAAAAAAAAAAAAAAAAAAAAAAAAAA",
							  "rendering": "text"
							}
							
						  },
						  {
							"label": "Name of Treatment supporter:",
							"type": "obs",
							"id": "supporterName",
							"questionOptions": {
							  "concept": "161642AAAAAAAAAAAAAAAAAAAAAAAAAAAAAA",
							  "rendering": "text"
							}
							
						  },
						  {
							"label": "Cell phone number:",
							"type": "obs",
							"id": "cellPhoneNo",
							"questionOptions": {
							  "concept": "159635AAAAAAAAAAAAAAAAAAAAAAAAAAAAAA",
							  "rendering": "text"
							}
							
						  }, 
						  {
							"label": "Name of Service Provider:",
							"type": "obs",
							"id": "serviceProvName",
							"questionOptions": {
							  "concept": "1473AAAAAAAAAAAAAAAAAAAAAAAAAAAAAA",
							  "rendering": "text"
							}
							
						  },
						  {
							"label": "Date service was provided:",
							"type": "obs",
							"id": "dateProv",
							"questionOptions": {
							  "concept": "163181AAAAAAAAAAAAAAAAAAAAAAAAAAAAAA",
							  "rendering": "date"
							}
							
						  }
					]
				}
			]
		}
	],
	"processor": "EncounterFormProcessor",
	"uuid": "xxxx",
	"referencedForms": []
}