{
    "name": "KP Diagnosis",
    "description": "Form for updating diagnosis",
    "version": "1",
    "published": true,
    "retired": false,
    "processor": "EncounterFormProcessor",
    "encounter": "KP Diagnosis",
    "referencedForms": [],
    "uuid": "119214e8-06d6-11ea-8d71-362b9e155667",
    "pages": [
      {
        "label": "Systemic examination",
        "sections": [
          {
            "label": "System Examination",
            "isExpanded": "true",
            "questions": [
              {
                "label": "Finding(s) on systems review?",
                "type": "obs",
                "required": "true",
                "id": "syStemsRevieW",
                "questionOptions": {
                  "concept": "159615AAAAAAAAAAAAAAAAAAAAAAAAAAAAAA",
                  "rendering": "radio",
                  "answers": [
                    {
                      "concept": "1115AAAAAAAAAAAAAAAAAAAAAAAAAAAAAAAA",
                      "label": "Normal"
                    },
                    {
                      "concept": "1116AAAAAAAAAAAAAAAAAAAAAAAAAAAAAAAA",
                      "label": "Abnormal"
                    }
                  ]
                },
                "hide": {
                  "hideWhenExpression": "isEmpty(visitScheduled) || personPresent !== '978AAAAAAAAAAAAAAAAAAAAAAAAAAAAAAAAA'"
                }
              },
              {
                "label": "System Reviews",
                "type": "obs",
                "id": "allsystemReview",
                "questionOptions": {
                  "concept": "1069AAAAAAAAAAAAAAAAAAAAAAAAAAAAAAAA",
                  "rendering": "checkbox",
                  "answers": [
                    {
                      "concept": "160981AAAAAAAAAAAAAAAAAAAAAAAAAAAAAA",
                      "label": "Skin"
                    },
                    {
                      "concept": "164938AAAAAAAAAAAAAAAAAAAAAAAAAAAAAAAA",
                      "label": "Eye"
                    },
                    {
                      "concept": "166442AAAAAAAAAAAAAAAAAAAAAAAAAAAAAA",
                      "label": "ENT"
                    },
                    {
                      "concept": "160689AAAAAAAAAAAAAAAAAAAAAAAAAAAAAAAA",
                      "label": "Respiratory"
                    },
                    {
                      "concept": "163046AAAAAAAAAAAAAAAAAAAAAAAAAAAAAAAAA",
                      "label": "CVS"
                    },
                    {
                      "concept": "160947AAAAAAAAAAAAAAAAAAAAAAAAAAAAAA",
                      "label": "Abdominal"
                    },
                    {
                      "concept": "112101AAAAAAAAAAAAAAAAAAAAAAAAAAAAAA",
                      "label": "CNS"
                    },
                    {
                      "concept": "166363AAAAAAAAAAAAAAAAAAAAAAAAAAAAAA",
                      "label": "Genitourinary"
                    }
                  ]
                },
                "hide": {
                  "hideWhenExpression": "syStemsRevieW !=='1116AAAAAAAAAAAAAAAAAAAAAAAAAAAAAAAA'"
                }
              },
              {
                "label": "Skin findings",
                "type": "obs",
                "id": "SkinFinDings",
                "questionOptions": {
                  "concept": "1120AAAAAAAAAAAAAAAAAAAAAAAAAAAAAAAA",
                  "rendering": "checkbox",
                  "answers": [
                    {
                      "concept": "125201AAAAAAAAAAAAAAAAAAAAAAAAAAAAAA",
                      "label": "Swelling/Growth"
                    },
                    {
                      "concept": "1249AAAAAAAAAAAAAAAAAAAAAAAAAAAAAAAA",
                      "label": "Skin eruptions/Rashes"
                    },
                    {
                      "concept": "135591AAAAAAAAAAAAAAAAAAAAAAAAAAAAAA",
                      "label": "Hair Loss"
                    },
                    {
                      "concept": "5244AAAAAAAAAAAAAAAAAAAAAAAAAAAAAAAA",
                      "label": "Oral sores"
                    },
                    {
                      "concept": "507AAAAAAAAAAAAAAAAAAAAAAAAAAAAAAAAA",
                      "label": "Kaposi Sarcoma"
                    },
                    {
                      "concept": "136455AAAAAAAAAAAAAAAAAAAAAAAAAAAAAA",
                      "label": "Itching"
                    },
                    {
                      "concept": "150555AAAAAAAAAAAAAAAAAAAAAAAAAAAAAA",
                      "label": "Abscess"
                    }
                  ]
                },
                "hide": {
                  "hideWhenExpression": "!arrayContains(allsystemReview, '160981AAAAAAAAAAAAAAAAAAAAAAAAAAAAAA')"
                }
              },
              {
                "label": "Skin finding notes",
                "type": "obs",
                "id": "SkInNotes",
                "questionOptions": {
                  "concept": "160981AAAAAAAAAAAAAAAAAAAAAAAAAAAAAA",
                  "rendering": "textarea"
                },
                "hide": {
                  "hideWhenExpression": "!arrayContains(allsystemReview, '160981AAAAAAAAAAAAAAAAAAAAAAAAAAAAAA')"
                }
              },
              {
                "label": "Eyes findings",
                "type": "obs",
                "id": "EyeFiNdings",
                "questionOptions": {
                  "concept": "163309AAAAAAAAAAAAAAAAAAAAAAAAAAAAAA",
                  "rendering": "checkbox",
                  "answers": [
                    {
                      "concept": "123074AAAAAAAAAAAAAAAAAAAAAAAAAAAAAA",
                      "label": "Visual Disturbance"
                    },
                    {
                      "concept": "131040AAAAAAAAAAAAAAAAAAAAAAAAAAAAAA",
                      "label": "Eye pain"
                    },
                    {
                      "concept": "140827AAAAAAAAAAAAAAAAAAAAAAAAAAAAAA",
                      "label": "Light sensitive"
                    },
                    {
                      "concept": "140940AAAAAAAAAAAAAAAAAAAAAAAAAAAAAA",
                      "label": "Excessive tearing"
                    },
                    {
                      "concept": "127777AAAAAAAAAAAAAAAAAAAAAAAAAAAAAA",
                      "label": "Eye redness"
                    },
                    {
                      "concept": "139100AAAAAAAAAAAAAAAAAAAAAAAAAAAAAA",
                      "label": "Itchy eyes"
                    }
                  ]
                },
                "hide": {
                  "hideWhenExpression": "!arrayContains(allsystemReview, '164938AAAAAAAAAAAAAAAAAAAAAAAAAAAAAAAA')"
                }
              },
              {
                "label": "Eyes findings notes",
                "type": "obs",
                "id": "EyeFinDingNotes",
                "questionOptions": {
                  "concept": "850a960b-e8b5-4775-ba74-aaddb2abbf51",
                  "rendering": "textarea"
                },
                "hide": {
                  "hideWhenExpression": "!arrayContains(allsystemReview, '164938AAAAAAAAAAAAAAAAAAAAAAAAAAAAAAAA')"
                }
              },
              {
                "label": "ENT findings",
                "type": "obs",
                "id": "EnTFinDiNgs",
                "questionOptions": {
                  "concept": "f8fd8181-655e-4b32-97e3-4ae539c6de45",
                  "rendering": "checkbox",
                  "answers": [
                    {
                      "concept": "123919AAAAAAAAAAAAAAAAAAAAAAAAAAAAAA",
                      "label": "Ulcers"
                    },
                    {
                      "concept": "138554AAAAAAAAAAAAAAAAAAAAAAAAAAAAAA",
                      "label": "Hoarseness"
                    },
                    {
                      "concept": "5244AAAAAAAAAAAAAAAAAAAAAAAAAAAAAAAA",
                      "label": "Oral sores"
                    },
                    {
                      "concept": "111525AAAAAAAAAAAAAAAAAAAAAAAAAAAAAA",
                      "label": "Vertigo"
                    },
                    {
                      "concept": "128055AAAAAAAAAAAAAAAAAAAAAAAAAAAAAA",
                      "label": "Nasal discharge"
                    },
                    {
                      "concept": "124601AAAAAAAAAAAAAAAAAAAAAAAAAAAAAA",
                      "label": "Toothache"
                    },
                    {
                      "concept": "106AAAAAAAAAAAAAAAAAAAAAAAAAAAAAAAAA",
                      "label": "Frequent colds"
                    },
                    {
                      "concept": "148517AAAAAAAAAAAAAAAAAAAAAAAAAAAAAA",
                      "label": "Apnea"
                    },
                    {
                      "concept": "5334AAAAAAAAAAAAAAAAAAAAAAAAAAAAAAAA",
                      "label": "Thrush"
                    },
                    {
                      "concept": "133499AAAAAAAAAAAAAAAAAAAAAAAAAAAAAA",
                      "label": "Nosebleed"
                    },
                    {
                      "concept": "126423AAAAAAAAAAAAAAAAAAAAAAAAAAAAAA",
                      "label": "Sinus problems"
                    },
                    {
                      "concept": "160285AAAAAAAAAAAAAAAAAAAAAAAAAAAAAA",
                      "label": "Pain"
                    },
                    {
                      "concept": "119558AAAAAAAAAAAAAAAAAAAAAAAAAAAAAA",
                      "label": "Dental caries"
                    },
                    {
                      "concept": "118536AAAAAAAAAAAAAAAAAAAAAAAAAAAAAA",
                      "label": "Erythema"
                    },
                    {
                      "concept": "135841AAAAAAAAAAAAAAAAAAAAAAAAAAAAAA",
                      "label": "Hairy cell leukoplakia"
                    },
                    {
                      "concept": "126318AAAAAAAAAAAAAAAAAAAAAAAAAAAAAA",
                      "label": "Snoring"
                    },
                    {
                      "concept": "123588AAAAAAAAAAAAAAAAAAAAAAAAAAAAAA",
                      "label": "Tinnitus"
                    },
                    {
                      "concept": "507AAAAAAAAAAAAAAAAAAAAAAAAAAAAAAAAA",
                      "label": "Kaposi Sarcoma"
                    },
                    {
                      "concept": "158843AAAAAAAAAAAAAAAAAAAAAAAAAAAAAA",
                      "label": "Sore thoat"
                    },
                    {
                      "concept": "152228AAAAAAAAAAAAAAAAAAAAAAAAAAAAAA",
                      "label": "Masses"
                    },
                    {
                      "concept": "139075AAAAAAAAAAAAAAAAAAAAAAAAAAAAAA",
                      "label": "Hearing disorder"
                    },
                    {
                      "concept": "147230AAAAAAAAAAAAAAAAAAAAAAAAAAAAAA",
                      "label": "Gingival bleeding"
                    },
                    {
                      "concept": "117698AAAAAAAAAAAAAAAAAAAAAAAAAAAAAA",
                      "label": "Hearing loss"
                    },
                    {
                      "concept": "110099AAAAAAAAAAAAAAAAAAAAAAAAAAAAAA",
                      "label": "Post nasal discharge"
                    }
                  ]
                },
                "hide": {
                  "hideWhenExpression": "!arrayContains(allsystemReview, '166442AAAAAAAAAAAAAAAAAAAAAAAAAAAAAA')"
                }
              },
              {
                "label": "ENT findings notes",
                "type": "obs",
                "id": "EntfinDingsNotes",
                "questionOptions": {
                  "concept": "462bfb69-b97e-425c-b387-ddd3a5c8653c",
                  "rendering": "textarea"
                },
                "hide": {
                  "hideWhenExpression": "!arrayContains(allsystemReview, '166442AAAAAAAAAAAAAAAAAAAAAAAAAAAAAA')"
                }
              },
              {
                "label": "Chest findings",
                "type": "obs",
                "id": "cHeStFindinGs",
                "questionOptions": {
                  "concept": "1123AAAAAAAAAAAAAAAAAAAAAAAAAAAAAAAA",
                  "rendering": "checkbox",
                  "answers": [
                    {
                      "concept": "5209AAAAAAAAAAAAAAAAAAAAAAAAAAAAAAAA",
                      "label": "Wheezing"
                    },
                    {
                      "concept": "127639AAAAAAAAAAAAAAAAAAAAAAAAAAAAAA",
                      "label": "Respiratory distress"
                    },
                    {
                      "concept": "127640AAAAAAAAAAAAAAAAAAAAAAAAAAAAAA",
                      "label": "Crackles"
                    },
                    {
                      "concept": "145712AAAAAAAAAAAAAAAAAAAAAAAAAAAAAA",
                      "label": "Dullness"
                    },
                    {
                      "concept": "164440AAAAAAAAAAAAAAAAAAAAAAAAAAAAAA",
                      "label": "Reduced breathing"
                    },
                    {
                      "concept": "146893AAAAAAAAAAAAAAAAAAAAAAAAAAAAAA",
                      "label": "Bronchial breathing"
                    }
                  ]
                },
                "hide": {
                  "hideWhenExpression": "!arrayContains(allsystemReview, '160689AAAAAAAAAAAAAAAAAAAAAAAAAAAAAAAA')"
                }
              },
              {
                "label": "Chest findings notes",
                "type": "obs",
                "id": "ChestfiNdinGsNotes",
                "questionOptions": {
                  "concept": "163042AAAAAAAAAAAAAAAAAAAAAAAAAAAAAA",
                  "rendering": "textarea"
                },
                "hide": {
                  "hideWhenExpression": "!arrayContains(allsystemReview, '160689AAAAAAAAAAAAAAAAAAAAAAAAAAAAAAAA')"
                }
              },
              {
                "label": "CVS findings",
                "type": "obs",
                "id": "CvSfiNdInGs",
                "questionOptions": {
                  "concept": "1124AAAAAAAAAAAAAAAAAAAAAAAAAAAAAAAA",
                  "rendering": "checkbox",
                  "answers": [
                    {
                      "concept": "562AAAAAAAAAAAAAAAAAAAAAAAAAAAAAAAAA",
                      "label": "Cardiac murmur"
                    },
                    {
                      "concept": "130560AAAAAAAAAAAAAAAAAAAAAAAAAAAAAA",
                      "label": "Cardiac rub"
                    },
                    {
                      "concept": "136522AAAAAAAAAAAAAAAAAAAAAAAAAAAAAA",
                      "label": "Irregular heartbeat"
                    },
                    {
                      "concept": "140147AAAAAAAAAAAAAAAAAAAAAAAAAAAAAA",
                      "label": "Elevated blood pressure"
                    }
                  ]
                },
                "hide": {
                  "hideWhenExpression": "!arrayContains(allsystemReview, '163046AAAAAAAAAAAAAAAAAAAAAAAAAAAAAAAAA')"
                }
              },
              {
                "label": "CVS findings notes",
                "type": "obs",
                "id": "cVsNoTes",
                "questionOptions": {
                  "concept": "163046AAAAAAAAAAAAAAAAAAAAAAAAAAAAAA",
                  "rendering": "textarea"
                },
                "hide": {
                  "hideWhenExpression": "!arrayContains(allsystemReview, '163046AAAAAAAAAAAAAAAAAAAAAAAAAAAAAAAAA')"
                }
              },
              {
                "label": "Abdomen findings",
                "type": "obs",
                "id": "abdOmeNfinDinGs",
                "questionOptions": {
                  "concept": "1125AAAAAAAAAAAAAAAAAAAAAAAAAAAAAAAA",
                  "rendering": "checkbox",
                  "answers": [
                    {
                      "concept": "150915AAAAAAAAAAAAAAAAAAAAAAAAAAAAAA",
                      "label": "Abdominal distension"
                    },
                    {
                      "concept": "5103AAAAAAAAAAAAAAAAAAAAAAAAAAAAAAAA",
                      "label": "Abdominal mass"
                    },
                    {
                      "concept": "5009AAAAAAAAAAAAAAAAAAAAAAAAAAAAAAAA",
                      "label": "Splenomegaly"
                    },
                    {
                      "concept": "5008AAAAAAAAAAAAAAAAAAAAAAAAAAAAAAAA",
                      "label": "Hepatomegaly"
                    },
                    {
                      "concept": "5105AAAAAAAAAAAAAAAAAAAAAAAAAAAAAAAA",
                      "label": "Abdominal tenderness"
                    }
                  ]
                },
                "hide": {
                  "hideWhenExpression": "!arrayContains(allsystemReview, '160947AAAAAAAAAAAAAAAAAAAAAAAAAAAAAA')"
                }
              },
              {
                "label": "Abdomen findings notes",
                "type": "obs",
                "id": "abdoMenFindNoteS",
                "questionOptions": {
                  "concept": "160948AAAAAAAAAAAAAAAAAAAAAAAAAAAAAA",
                  "rendering": "textarea"
                },
                "hide": {
                  "hideWhenExpression": "!arrayContains(allsystemReview, '160947AAAAAAAAAAAAAAAAAAAAAAAAAAAAAA')"
                }
              },
              {
                "label": "CNS findings",
                "type": "obs",
                "id": "cNsFiNdinGs",
                "questionOptions": {
                  "concept": "752132fb-235c-45cd-8914-854c388e358f",
                  "rendering": "checkbox",
                  "answers": [
                    {
                      "concept": "118872AAAAAAAAAAAAAAAAAAAAAAAAAAAAAA",
                      "label": "Altered sensations"
                    },
                    {
                      "concept": "157498AAAAAAAAAAAAAAAAAAAAAAAAAAAAAA",
                      "label": "Limb weakness"
                    },
                    {
                      "concept": "1836AAAAAAAAAAAAAAAAAAAAAAAAAAAAAAAA",
                      "label": "Bulging fontenelle"
                    },
                    {
                      "concept": "112721AAAAAAAAAAAAAAAAAAAAAAAAAAAAAA",
                      "label": "Stiff neck"
                    },
                    {
                      "concept": "136282AAAAAAAAAAAAAAAAAAAAAAAAAAAAAA",
                      "label": "Kernicterus"
                    },
                    {
                      "concept": "150817AAAAAAAAAAAAAAAAAAAAAAAAAAAAAA",
                      "label": "Abnormal reflexes"
                    },
                    {
                      "concept": "120345AAAAAAAAAAAAAAAAAAAAAAAAAAAAAA",
                      "label": "Confusion"
                    }
                  ]
                },
                "hide": {
                  "hideWhenExpression": "!arrayContains(allsystemReview, '112101AAAAAAAAAAAAAAAAAAAAAAAAAAAAAA')"
                }
              },
              {
                "label": "CNS findings notes",
                "type": "obs",
                "id": "CnSNotES",
                "questionOptions": {
                  "concept": "160994AAAAAAAAAAAAAAAAAAAAAAAAAAAAAA",
                  "rendering": "textarea"
                },
                "hide": {
                  "hideWhenExpression": "!arrayContains(allsystemReview, '112101AAAAAAAAAAAAAAAAAAAAAAAAAAAAAA')"
                }
              },
              {
                "label": "Genitourinary findings",
                "type": "obs",
                "id": "GenItourinAryFins",
                "questionOptions": {
                  "concept": "1126AAAAAAAAAAAAAAAAAAAAAAAAAAAAAAAA",
                  "rendering": "checkbox",
                  "answers": [
                    {
                      "concept": "123529AAAAAAAAAAAAAAAAAAAAAAAAAAAAAA",
                      "label": "Urethral discharge"
                    },
                    {
                      "concept": "154311AAAAAAAAAAAAAAAAAAAAAAAAAAAAAA",
                      "label": "Rectal discharge"
                    },
                    {
                      "concept": "147241AAAAAAAAAAAAAAAAAAAAAAAAAAAAAA",
                      "label": "Bleeding"
                    },
                    {
                      "concept": "124087AAAAAAAAAAAAAAAAAAAAAAAAAAAAAA",
                      "label": "Ulceration"
                    },
                    {
                      "concept": "123396AAAAAAAAAAAAAAAAAAAAAAAAAAAAAA",
                      "label": "Vaginal discharge"
                    }
                  ]
                },
                "hide": {
                  "hideWhenExpression": "!arrayContains(allsystemReview, '166363AAAAAAAAAAAAAAAAAAAAAAAAAAAAAA')"
                }
              },
              {
                "label": "Genitourinary findings notes",
                "type": "obs",
                "id": "GenItouriNaryFinoTeS",
                "questionOptions": {
                  "concept": "163047AAAAAAAAAAAAAAAAAAAAAAAAAAAAAA",
                  "rendering": "textarea"
                },
                "hide": {
                  "hideWhenExpression": "!arrayContains(allsystemReview, '166363AAAAAAAAAAAAAAAAAAAAAAAAAAAAAA')"
                }
              }
            ]
          }
        ]
      },
      {
        "label": "Diagnosis",
        "sections": [
          {
            "label": "Treatment/Management Plan",
            "isExpanded": "true",
            "questions": [
              {
                "label": "Diagnosis",
                "id": "DiagNosIS",
                "type": "diagnosis",
                "questionOptions": {
                  "rendering": "repeating",
                  "dataSource": "diagnoses",
                  "rank": 1
                }
              },
              {
                "label": "Treatment",
                "type": "obsGroup",
                "questionOptions": {
                  "rendering": "repeating",
                  "concept": "159947AAAAAAAAAAAAAAAAAAAAAAAAAAAAAA"
                },
                "id": "Treatement",
                "questions": [
                  {
                    "label": "Treatment Plan",
                    "type": "obs",
                    "id": "TreatMentPlan",
                    "questionOptions": {
                      "concept": "163104AAAAAAAAAAAAAAAAAAAAAAAAAAAAAA",
                      "rendering": "textarea"
                    }
                  }
                ]
              }
            ]
          }
        ]
      },
      {
        "label": "Clinical Notes",
        "sections": [
          {
            "label": "Notes",
            "isExpanded": "true",
            "questions": [
              {
                "label": "Clinical Notes",
                "type": "obs",
                "id": "CliniCnOtes",
                "questionOptions": {
                  "concept": "163047AAAAAAAAAAAAAAAAAAAAAAAAAAAAAA",
                  "rendering": "textarea"
                }
              }
            ]
          }
        ]
      }
    ],
    "encounterType": "119217a4-06d6-11ea-8d71-362b9e155667"
  }