{
	"name": "KVP HIV Treatment Verification",
	"description": "KP HIV Treatment Verification",
	"version": "1",
	"published": true,
	"uuid": "a70a1132-75b3-11ea-bc55-0242ac130003",
	"retired": false,
	"encounter": "KP kpTreatmentVerification",
	"pages": [
		{
			"label": "HIV Treatment Verification ",
			"sections": [
				{
					"label": "Visit Details",
					"isExpanded": "true",
					"questions": [
						{
							"label": "Date:",
							"type": "encounterDatetime",
							"questionOptions": {
								"rendering": "ui-select-extended"
							},
							"validators": [
								{
									"type": "date",
									"allowFutureDates": "false"
								}
							],
							"id": "encDate"
						},
						{
							"label": "Provider:",
							"type": "encounterProvider",
							"questionOptions": {
								"rendering": "ui-select-extended"
							},
							"id": "encProvider "
						},
						{
							"label": "Location:",
							"type": "encounterLocation",
							"questionOptions": {
								"rendering": "ui-select-extended"
							},
							"id": "encLocation"
						}
					]
				},
				{
					"label": "HIV ART History",
					"isExpanded": "true",
					"questions": [
						{
							"label": "Date Diagnosis HIV Positive",
							"type": "obs",
							"questionOptions": {
								"rendering": "date",
								"concept": "159948AAAAAAAAAAAAAAAAAAAAAAAAAAAAAA"
							},
							"id": "dateDiagnosed",
							"validators": [
								{
									"type": "date",
									"allowFutureDates": "false"
								}
							],
							"required": "Yes"
						},
						{
							"label": "Name of health facility accessing ART",
							"type": "obs",
							"questionOptions": {
								"rendering": "text",
								"concept": "162724AAAAAAAAAAAAAAAAAAAAAAAAAAAAAA"
							},
							"id": "healthFacility",
							"required": "Yes"
						},
						{
							"label": "CCC Number",
							"type": "obs",
							"id": "cccNumber",
							"questionOptions": {
								"concept": "162053AAAAAAAAAAAAAAAAAAAAAAAAAAAAAA",
								"rendering": "number"
							}
						},
						{
							"label": "Pepfar Site",
							"type": "obs",
							"questionOptions": {
								"rendering": "radio",
								"concept": "1768AAAAAAAAAAAAAAAAAAAAAAAAAAAAAAAA",
								"answers": [
									{
										"concept": "1065AAAAAAAAAAAAAAAAAAAAAAAAAAAAAAAA",
										"label": "Yes"
									},
									{
										"concept": "1066AAAAAAAAAAAAAAAAAAAAAAAAAAAAAAAA",
										"label": "No"
									},
									{
										"concept": "1067AAAAAAAAAAAAAAAAAAAAAAAAAAAAAAAA",
										"label": "Unknown"
									}
								]
							},
							"id": "pepfarSite",
							"required": "Yes"
						},
						{
							"label": "Date Initiated On Art",
							"type": "obs",
							"id": "dateInitiatedOnArt",
							"validators": [
								{
									"type": "date",
									"allowFutureDates": "false"
								}
							],
							"questionOptions": {
								"concept": "159599AAAAAAAAAAAAAAAAAAAAAAAAAAAAAA",
								"rendering": "date"
							}
						},
						{
							"label": "Current Regimen",
							"type": "obs",
							"id": "currentRegimen",
							"questionOptions": {
								"concept": "164515AAAAAAAAAAAAAAAAAAAAAAAAAAAAAA",
								"rendering": "select",
								"answers": [
									{
										"concept": "c6372744-9e06-40cf-83e5-c794c985b6bf",
										"label": "RAL/3TC/DRV/RTV/TDF"
									},
									{
										"concept": "1995c4a1-a625-4449-ab28-aae88d0f80e6",
										"label": "ETV/3TC/DRV/RTV"
									},
									{
										"concept": "792AAAAAAAAAAAAAAAAAAAAAAAAAAAAAAAAA",
										"label": "D4T/3TC/NVP"
									},
									{
										"concept": "98e38a9c-435d-4a94-9b66-5ca524159d0e",
										"label": "TDF/3TC/AZT"
									},
									{
										"concept": "9fb85385-b4fb-468c-b7c1-22f75834b4b0",
										"label": "TDF/3TC/DTG"
									},
									{
										"concept": "6dec7d7d-0fda-4e8d-8295-cb6ef426878d",
										"label": "AZT/3TC/DTG"
									},
									{
										"concept": "162560AAAAAAAAAAAAAAAAAAAAAAAAAAAAAA",
										"label": "D4T/3TC/LPV/r"
									},
									{
										"concept": "164512AAAAAAAAAAAAAAAAAAAAAAAAAAAAAA",
										"label": "TDF/3TC/ATV/r"
									},
									{
										"concept": "5f429c76-2976-4374-a69e-d2d138dd16bf",
										"label": "TDF/3TC/DTG/DRV/r"
									},
									{
										"concept": "162201AAAAAAAAAAAAAAAAAAAAAAAAAAAAAA",
										"label": "TDF/3TC/LPV/r"
									},
									{
										"concept": "5b8e4955-897a-423b-ab66-7e202b9c304c",
										"label": "RAL/3TC/DRV/RTV"
									},
									{
										"concept": "162565AAAAAAAAAAAAAAAAAAAAAAAAAAAAAA",
										"label": "TDF/3TC/NVP"
									},
									{
										"concept": "160124AAAAAAAAAAAAAAAAAAAAAAAAAAAAAA",
										"label": "AZT/3TC/EFV"
									},
									{
										"concept": "7a6c51c4-2b68-4d5a-b5a2-7ba420dde203",
										"label": "ETR/TDF/3TC/LPV/r"
									},
									{
										"concept": "f2acaf9b-3da9-4d71-b0cf-fd6af1073c9e",
										"label": "TDF/3TC/DTG/EFV/DRV/r"
									},
									{
										"concept": "dddd9cf2-2b9c-4c52-84b3-38cfe652529a",
										"label": "ABC/3TC/ATV/r"
									},
									{
										"concept": "162200AAAAAAAAAAAAAAAAAAAAAAAAAAAAAA",
										"label": "ABC/3TC/LPV/r"
									},
									{
										"concept": "164511AAAAAAAAAAAAAAAAAAAAAAAAAAAAAA",
										"label": "AZT/3TC/ATV/r"
									},
									{
										"concept": "4dc0119b-b2a6-4565-8d90-174b97ba31db",
										"label": "ABC/3TC/DTG"
									},
									{
										"concept": "164505AAAAAAAAAAAAAAAAAAAAAAAAAAAAAA",
										"label": "TDF/3TC/EFV"
									},
									{
										"concept": "9b9817dd-4c84-4093-95c3-690d65d24b99",
										"label": "TDF/3TC/RAL/DRV/r"
									},
									{
										"concept": "1652AAAAAAAAAAAAAAAAAAAAAAAAAAAAAAAA",
										"label": "AZT/3TC/NVP"
									},
									{
										"concept": "337b6cfd-9fa7-47dc-82b4-d479c39ef355",
										"label": "ETR/RAL/DRV/RTV"
									},
									{
										"concept": "162561AAAAAAAAAAAAAAAAAAAAAAAAAAAAAA",
										"label": "AZT/3TC/LPV/r"
									},
									{
										"concept": "092604d3-e9cb-4589-824e-9e17e3cb4f5e",
										"label": "RAL/3TC/DRV/RTV/AZT"
									},
									{
										"concept": "c421d8e7-4f43-43b4-8d2f-c7d4cfb976a4",
										"label": "AZT/TDF/3TC/LPV/r"
									},
									{
										"concept": "160104AAAAAAAAAAAAAAAAAAAAAAAAAAAAAA",
										"label": "D4T/3TC/EFV"
									}
								]
							}
						},
						{
							"label": "Source of information",
							"type": "obs",
							"questionOptions": {
								"rendering": "radio",
								"concept": "162568AAAAAAAAAAAAAAAAAAAAAAAAAAAAAA",
								"answers": [
									{
										"concept": "162969AAAAAAAAAAAAAAAAAAAAAAAAAAAAAA",
										"label": "SMS"
									},
									{
										"concept": "d54a0a64-cfb6-49e6-90d5-94eada87f152",
										"label": "Appointment card"
									},
									{
										"concept": "1650AAAAAAAAAAAAAAAAAAAAAAAAAAAAAAAA",
										"label": "Phone call"
									},
									{
										"concept": "163787AAAAAAAAAAAAAAAAAAAAAAAAAAAAAA",
										"label": "Verbal report"
									},
									{
										"concept": "1238AAAAAAAAAAAAAAAAAAAAAAAAAAAAAAAA",
										"label": "Written record"
									},
									{
										"concept": "160526AAAAAAAAAAAAAAAAAAAAAAAAAAAAAA",
										"label": "EID dashboard"
									}
								]
							},
							"id": "sourceOfInformation",
							"required": "Yes"
						}
					]
				},
				{
					"label": "HIV Monitoring",
					"isExpanded": "true",
					"questions": [
						{
							"label": "CD4 Panel",
							"type": "obsGroup",
							"questionOptions": {
								"concept": "657AAAAAAAAAAAAAAAAAAAAAAAAAAAAAAAAA",
								"rendering": "repeating"
							},
							"questions": [
								{
									"label": "CD4 Test Date",
									"type": "obs",
									"id": "cd4TestDate",
									"validators": [
										{
											"type": "date",
											"allowFutureDates": "false"
										}
									],
									"questionOptions": {
										"concept": "160103AAAAAAAAAAAAAAAAAAAAAAAAAAAAAA",
										"rendering": "date"
									}
								},
								{
									"label": "CD4 Test Value",
									"type": "obs",
									"id": "cd4TestValue",
									"questionOptions": {
										"concept": "5497AAAAAAAAAAAAAAAAAAAAAAAAAAAAAAAA",
										"rendering": "number"
									}
								}
							],
							"id": "cd4TestGroup"
						},
						{
							"label": "Viral load results",
							"type": "obsGroup",
							"questionOptions": {
								"concept": "acdae6ac-0a51-407b-884a-3ee6a0924d0a",
								"rendering": "repeating"
							},
							"questions": [
								{
									"label": "Viral Test Date",
									"type": "obs",
									"id": "vlTestDate",
									"validators": [
										{
											"type": "date",
											"allowFutureDates": "false"
										}
									],
									"questionOptions": {
										"concept": "163281AAAAAAAAAAAAAAAAAAAAAAAAAAAAAA",
										"rendering": "date"
									}
								},
								{
									"label": "Viral Load Result",
									"type": "obs",
									"id": "freeTextGeneral",
									"questionOptions": {
										"concept": "160632AAAAAAAAAAAAAAAAAAAAAAAAAAAAAA",
										"rendering": "text"
									}
								}
							],
							"id": "viralTestGroup"
						},
						{
							"label": "Status Disclosure",
							"type": "obs",
							"id": "statusDisclosure",
							"questionOptions": {
								"concept": "163524AAAAAAAAAAAAAAAAAAAAAAAAAAAAAA",
								"rendering": "radio",
								"answers": [
									
									{
										"concept": "1065AAAAAAAAAAAAAAAAAAAAAAAAAAAAAAAA",
										"label": "Yes"
									},
									{
										"concept": "1066AAAAAAAAAAAAAAAAAAAAAAAAAAAAAAAA",
										"label": "No"
									}
								]
							}
						},
						{
							"label": "Disclosure To Who",
							"type": "obs",
							"id": "disclosureToWho",
							"questionOptions": {
								"concept": "5616AAAAAAAAAAAAAAAAAAAAAAAAAAAAAAAA",
								"rendering": "multiCheckbox",
								"answers": [
									{
										"concept": "159423AAAAAAAAAAAAAAAAAAAAAAAAAAAAAA",
										"label": "Sexual Partner"
									},
									{
										"concept": "1560AAAAAAAAAAAAAAAAAAAAAAAAAAAAAAAA",
										"label": "Family member"
									},
									{
										"concept": "161642AAAAAAAAAAAAAAAAAAAAAAAAAAAAAA",
										"label": "Treatment partner"
									},
									{
										"concept": "160639AAAAAAAAAAAAAAAAAAAAAAAAAAAAAA",
										"label": "Spiritual leader"
									},
									{
										"concept": "5622AAAAAAAAAAAAAAAAAAAAAAAAAAAAAAAA",
										"label": "Other (Specify)"
									}
								]
							},
							"validators": [],
							"hide": {
								"hideWhenExpression": "statusDisclosure !== '1065AAAAAAAAAAAAAAAAAAAAAAAAAAAAAAAA'"
							}
						},
						{
							"label": "Other Disclosure",
							"type": "obs",
							"id": "otherDisclosure",
							"questionOptions": {
								"concept": "163101AAAAAAAAAAAAAAAAAAAAAAAAAAAAAA",
								"rendering": "text"
							},
							"validators": [],
							"hide": {
								"hideWhenExpression": "isEmpty(disclosureToWho) || !arrayContains(disclosureToWho,'5622AAAAAAAAAAAAAAAAAAAAAAAAAAAAAAAA')"
							}
						}
					]
				},
				{
					"label": "IPT",
					"isExpanded": "true",
					"questions": [
						{
							"label": "Ipt Start Date",
							"type": "obs",
							"id": "iptStartDate",
							"questionOptions": {
								"concept": "162320AAAAAAAAAAAAAAAAAAAAAAAAAAAAAA",
								"rendering": "date"
							}
						},
						{
							"label": "Ipt Completion Date",
							"type": "obs",
							"id": "iptCompletionDate",
							"validators": [
								{
									"type": "date",
									"allowFutureDates": "false"
								}
							],
							"questionOptions": {
								"concept": "162279AAAAAAAAAAAAAAAAAAAAAAAAAAAAAA",
								"rendering": "date"
							}
						}
					]
				},
				{
					"label": "Care Model",
					"isExpanded": "true",
					"questions": [
						{
							"label": "Differentiated Care",
							"type": "obs",
							"id": "differentiatedCare",
							"questionOptions": {
								"concept": "1a2dba33-55d6-477a-b171-c09a489bc37f",
								"rendering": "radio",
								"answers": [
									
									{
										"concept": "1065AAAAAAAAAAAAAAAAAAAAAAAAAAAAAAAA",
										"label": "Yes"
									},
									{
										"concept": "1066AAAAAAAAAAAAAAAAAAAAAAAAAAAAAAAA",
										"label": "No"
									}
								]
							}
						},
						{
							"label": "Support Group",
							"type": "obs",
							"id": "supportGroup",
							"questionOptions": {
								"concept": "63da4194-a26a-4aa5-b5d5-4125b4822cf7",
								"rendering": "radio",
								"answers": [
									
									{
										"concept": "1065AAAAAAAAAAAAAAAAAAAAAAAAAAAAAAAA",
										"label": "Yes"
									},
									{
										"concept": "1066AAAAAAAAAAAAAAAAAAAAAAAAAAAAAAAA",
										"label": "No"
									}
								]
							}
						},
						{
							"label": "Program",
							"type": "obs",
							"id": "supportGroupName",
							"questionOptions": {
								"concept": "844bf107-32e6-4d5d-8d40-de8978f79cb3",
								"rendering": "text"
							},
							"validators": [],
							"hide": {
								"hideWhenExpression": "supportGroup !== '1065AAAAAAAAAAAAAAAAAAAAAAAAAAAAAAAA'"
							}
						}
					]
				},
				{
					"label": "Opportunistic Infections ",
					"isExpanded": "true",
					"questions": [
						{
							"label": "Opportunistic Infectious Disease",
							"type": "obsGroup",
							"questionOptions": {
								"concept": "131768AAAAAAAAAAAAAAAAAAAAAAAAAAAAAA",
								"rendering": "repeating"
							},
							"questions": [
								{
									"label": "Route of potential exposure to infectious disease",
									"type": "obs",
									"id": "opportunisticInfections",
									"questionOptions": {
										"concept": "162634AAAAAAAAAAAAAAAAAAAAAAAAAAAAAA",
										"rendering": "select",
										"answers": [
											{
												"concept": "112141AAAAAAAAAAAAAAAAAAAAAAAAAAAAAA",
												"label": "Tuberculosis"
											},
											{
												"concept": "123118AAAAAAAAAAAAAAAAAAAAAAAAAAAAAA",
												"label": "HIV encephalitis"
											},
											{
												"concept": "117543AAAAAAAAAAAAAAAAAAAAAAAAAAAAAA",
												"label": "Herpes Zoster"
											},
											{
												"concept": "116104AAAAAAAAAAAAAAAAAAAAAAAAAAAAAA",
												"label": "Lymphoma"
											},
											{
												"concept": "130021AAAAAAAAAAAAAAAAAAAAAAAAAAAAAA",
												"label": "Pneumocystosis carinii pneumonia"
											},
											{
												"concept": "114100AAAAAAAAAAAAAAAAAAAAAAAAAAAAAA",
												"label": "Pneumonia"
											},
											{
												"concept": "136326AAAAAAAAAAAAAAAAAAAAAAAAAAAAAA",
												"label": "Kaposi Sarcoma"
											},
											{
												"concept": "990AAAAAAAAAAAAAAAAAAAAAAAAAAAAAAAAA",
												"label": "Toxoplasmosis"
											},
											{
												"concept": "120939AAAAAAAAAAAAAAAAAAAAAAAAAAAAAA",
												"label": "Candidiasis"
											},
											{
												"concept": "1219AAAAAAAAAAAAAAAAAAAAAAAAAAAAAAAA",
												"label": "Cryptococcosis"
											},
											{
												"concept": "154119AAAAAAAAAAAAAAAAAAAAAAAAAAAAAA",
												"label": "Cytomegalovirus (CMV)"
											},
											{
												"concept": "5622AAAAAAAAAAAAAAAAAAAAAAAAAAAAAAAA",
												"label": "Other"
											}
										]
									}
								},
								{
									"label": "Diagnosis Date",
									"type": "obs",
									"id": "diagnosedDate",
									"validators": [
										{
											"type": "date",
											"allowFutureDates": "false"
										}
									],
									"questionOptions": {
										"concept": "159948AAAAAAAAAAAAAAAAAAAAAAAAAAAAAA",
										"rendering": "date"
									}
								},
								{
									"label": "RX  Start Date",
									"type": "obs",
									"id": "rxOnsetDate",
									"validators": [
										{
											"type": "date",
											"allowFutureDates": "false"
										}
									],
									"questionOptions": {
										"concept": "160753AAAAAAAAAAAAAAAAAAAAAAAAAAAAAA",
										"rendering": "date"
									}
								},
								{
									"label": "RX End Date",
									"type": "obs",
									"id": "rxEndDate",
									"validators": [
										{
											"type": "date",
											"allowFutureDates": "true"
										}
									],
									"questionOptions": {
										"concept": "162868AAAAAAAAAAAAAAAAAAAAAAAAAAAAAA",
										"rendering": "date"
									}
								}
							],
							"id": "rxStartEnd"
						}
					]
				},
				{
					"label": "Comments",
					"isExpanded": "true",
					"questions": [
						{
							"label": "Comment(s):",
							"type": "obs",
							"id": "comments",
							"questionOptions": {
								"concept": "161011AAAAAAAAAAAAAAAAAAAAAAAAAAAAAA",
								"rendering": "textarea"
							}
						}
					]
				}
			]
		}
	],
	"processor": "EncounterFormProcessor",
	"referencedForms": []
}