{
  "name": "MAT CLINICAL ELIGIBILITY ASSESSMENT & REFFERAL 16 YRS+",
  "description": "A form used to collect data on eligibility",
  "version": "1.0",
  "published": true,
  "retired": false,
  "processor": "EncounterFormProcessor",
  "encounterType": "465a92f2-baf8-42e9-9612-53064be868e8",
  "encounter": "KP Diagnosis and Treatment",
  "referencedForms": [],
  "uuid": "542b8087-c785-468f-afd8-71f1144db650",
  "pages": [
    {
      "label": "ELIGIBILITY ASSESSMENT",
      "sections": [
        {
          "label": "Visit Details",
          "isExpanded": "true",
          "questions": [
            {
              "label": "Date:",
              "type": "encounterDatetime",
              "questionOptions": {
                "rendering": "ui-select-extended"
              },
              "id": "encDate",
              "validators": [
                {
                  "type": "date",
                  "allowFutureDates": "false"
                }
              ]
            },
            {
              "label": "Provider:",
              "type": "encounterProvider",
              "questionOptions": {
                "rendering": "ui-select-extended"
              },
              "id": "encProvider "
            },
            {
              "label": "Location:",
              "type": "encounterLocation",
              "questionOptions": {
                "rendering": "ui-select-extended"
              },
              "id": "encLocation"
            }
          ]
        },
        {
          "label": "SECTION B: DSM-5 Criteria",
          "isExpanded": "true",
          "questions": [
            {
              "label": "Opioids are often taken in larger amounts or over a longer period of time than intended.",
              "type": "obs",
              "required": true,
              "id": "opioidTake",
              "questionOptions": {
                "rendering": "radio",
                "concept": "167534AAAAAAAAAAAAAAAAAAAAAAAAAAAAAA",
                "answers": [
                  {
                    "concept": "1065AAAAAAAAAAAAAAAAAAAAAAAAAAAAAA",
                    "label": "Yes"
                  },
                  {
                    "concept": "10664AAAAAAAAAAAAAAAAAAAAAAAAAAAAAA",
                    "label": "No"
                  }
                ]
              },
              "validators": []
            }
          ]
        },
        {
          "label": "SECTION B: DSM-5 Criteria",
          "isExpanded": "true",
          "questions": [
            {
              "label": "There is a persistent desire or unsuccessful efforts to cut down or control opioid use.",
              "type": "obs",
              "required": true,
              "id": "opioidDep",
              "questionOptions": {
                "rendering": "radio",
                "concept": "160666AAAAAAAAAAAAAAAAAAAAAAAAAAAAAA",
                "answers": [
                  {
                    "concept": "1065AAAAAAAAAAAAAAAAAAAAAAAAAAAAAA",
                    "label": "Yes"
                  },
                  {
                    "concept": "10664AAAAAAAAAAAAAAAAAAAAAAAAAAAAAA",
                    "label": "No"
                  }
                ]
              },
              "validators": []
            },
            {
              "label": "A great deal of time is spent in activities necessary to obtain the opioid, use the opioid.",
              "type": "obs",
              "required": true,
              "id": "opioidUsageEffort",
              "questionOptions": {
                "rendering": "radio",
                "concept": "165241",
                "answers": [
                  {
                    "concept": "1065AAAAAAAAAAAAAAAAAAAAAAAAAAAAAA",
                    "label": "Yes"
                  },
                  {
                    "concept": "10664AAAAAAAAAAAAAAAAAAAAAAAAAAAAAA",
                    "label": "No"
                  }
                ]
              },
              "validators": []
            },
            {
              "label": "Craving, or a strong desire to use opioids.",
              "type": "obs",
              "required": true,
              "id": "opioidCraving",
              "questionOptions": {
                "rendering": "radio",
                "concept": "162556AAAAAAAAAAAAAAAAAAAAAAAAAAAAAA",
                "answers": [
                  {
                    "concept": "1065AAAAAAAAAAAAAAAAAAAAAAAAAAAAAA",
                    "label": "Yes"
                  },
                  {
                    "concept": "10664AAAAAAAAAAAAAAAAAAAAAAAAAAAAAA",
                    "label": "No"
                  }
                ]
              },
              "validators": []
            },
            {
              "label": "Recurrent opioid use resulting in failure to fulfill major role obligations at work, school or home.",
              "type": "obs",
              "required": true,
              "id": "opioidAdverseEffects",
              "questionOptions": {
                "rendering": "radio",
                "concept": "165525AAAAAAAAAAAAAAAAAAAAAAAAAAAAAA",
                "answers": [
                  {
                    "concept": "1065AAAAAAAAAAAAAAAAAAAAAAAAAAAAAA",
                    "label": "Yes"
                  },
                  {
                    "concept": "10664AAAAAAAAAAAAAAAAAAAAAAAAAAAAAA",
                    "label": "No"
                  }
                ]
              },
              "validators": []
            },
            {
              "label": "Continued opioid use despite having persistent or recurrent social or interpersonal .",
              "type": "obs",
              "required": true,
              "id": "opioidUsageEffects",
              "questionOptions": {
                "rendering": "radio",
                "concept": "165139",
                "answers": [
                  {
                    "concept": "1065AAAAAAAAAAAAAAAAAAAAAAAAAAAAAA",
                    "label": "Yes"
                  },
                  {
                    "concept": "10664AAAAAAAAAAAAAAAAAAAAAAAAAAAAAA",
                    "label": "No"
                  }
                ]
              },
              "validators": []
            },
            {
              "label": "Important social, occupational, or recreational activities are given up or reduced because of opioid use.",
              "type": "obs",
              "required": true,
              "id": "opioidSocialEffects",
              "questionOptions": {
                "rendering": "radio",
                "concept": "165302",
                "answers": [
                  {
                    "concept": "1065AAAAAAAAAAAAAAAAAAAAAAAAAAAAAA",
                    "label": "Yes"
                  },
                  {
                    "concept": "10664AAAAAAAAAAAAAAAAAAAAAAAAAAAAAA",
                    "label": "No"
                  }
                ]
              },
              "validators": []
            },
            {
              "label": "Recurrent opioid use in situations in which it is physically hazardous.",
              "type": "obs",
              "required": true,
              "id": "opioidUsageHazardous",
              "questionOptions": {
                "rendering": "radio",
                "concept": "165291",
                "answers": [
                  {
                    "concept": "1065AAAAAAAAAAAAAAAAAAAAAAAAAAAAAA",
                    "label": "Yes"
                  },
                  {
                    "concept": "10664AAAAAAAAAAAAAAAAAAAAAAAAAAAAAA",
                    "label": "No"
                  }
                ]
              },
              "validators": []
            },
            {
              "label": "Continued use despite knowledge of having a persistent or recurrent physical or",
              "type": "obs",
              "required": true,
              "id": "opioidPhysicalEffects",
              "questionOptions": {
                "rendering": "radio",
                "concept": "165034",
                "answers": [
                  {
                    "concept": "1065AAAAAAAAAAAAAAAAAAAAAAAAAAAAAA",
                    "label": "Yes"
                  },
                  {
                    "concept": "10664AAAAAAAAAAAAAAAAAAAAAAAAAAAAAA",
                    "label": "No"
                  }
                ]
              },
              "validators": []
            },
            {
              "label": "Psychological problem that is likely to have been caused or exacerbated by opioids.",
              "type": "obs",
              "required": true,
              "id": "opioidPsychologicalProblem",
              "questionOptions": {
                "rendering": "radio",
                "concept": "6042AAAAAAAAAAAAAAAAAAAAAAAAAAAAAAAA",
                "answers": [
                  {
                    "concept": "1065AAAAAAAAAAAAAAAAAAAAAAAAAAAAAA",
                    "label": "Yes"
                  },
                  {
                    "concept": "10664AAAAAAAAAAAAAAAAAAAAAAAAAAAAAA",
                    "label": "No"
                  }
                ]
              },
              "validators": []
            },
            {
              "label": "Has the client been dependent on opioids for at least a year?",
              "type": "obs",
              "required": true,
              "id": "opioidPeriod",
              "questionOptions": {
                "rendering": "radio",
                "concept": "167682",
                "answers": [
                  {
                    "concept": "1065AAAAAAAAAAAAAAAAAAAAAAAAAAAAAA",
                    "label": "Yes"
                  },
                  {
                    "concept": "10664AAAAAAAAAAAAAAAAAAAAAAAAAAAAAA",
                    "label": "No"
                  }
                ]
              },
              "validators": []
            }
          ]
        }
      ]
    }
  ]
}