{
  "name": "MAT Cessation Form",
  "description": "A form used to assess eligibility for dose reduction ",
  "uuid": "fa58cbc1-91c8-4920-813b-fde7fd69533b",
  "version": "1.0",
  "published": true,
  "retired": false,
  "processor": "EncounterFormProcessor",
  "encounter": "MAT Cessation Encounter",
  "referencedForms": [],
  "pages": [
    {
      "label": "Assessment Checklist",
      "sections": [
        {
          "label": "Visit Details",
          "isExpanded": "true",
          "questions": [
            {
              "label": "Date:",
              "type": "encounterDatetime",
              "questionOptions": {
                "rendering": "ui-select-extended"
              },
              "id": "encDate",
              "validators": [
                {
                  "type": "date",
                  "allowFutureDates": "false"
                }
              ]
            },
            {
              "label": "Provider:",
              "type": "encounterProvider",
              "questionOptions": {
                "rendering": "ui-select-extended"
              },
              "id": "encProvider "
            },
            {
              "label": "Location:",
              "type": "encounterLocation",
              "questionOptions": {
                "rendering": "ui-select-extended"
              },
              "id": "encLocation"
            }
          ]
        },
        {
          "label": "Assessment Checklist",
          "isExpanded": "true",
          "questions": [
            {
              "label": "Have you been abstaining from drugs of addiction, such as heroin, cannabis, benzodiazepines, etc.?",
              "type": "obs",
              "id": "heroinAddiction",
              "required": true,
              "questionOptions": {
                "rendering": "radio",
                "concept": "a34b8694-ec30-4654-96d5-03d69191b8ae",
                "answers": [
                  {
                    "concept": "1065AAAAAAAAAAAAAAAAAAAAAAAAAAAAAAAA",
                    "label": "Yes"
                  },
                  {
                    "concept": "1066AAAAAAAAAAAAAAAAAAAAAAAAAAAAAAAA",
                    "label": "No"
                  }
                ]
              },
              "validators": []
            },
            {
              "label": "If yes, how long?(Months)",
              "type": "obs",
              "id": "herionDuration",
              "questionOptions": {
                "concept": "162603AAAAAAAAAAAAAAAAAAAAAAAAAAAAAA",
                "rendering": "number",
                "min": "0",
                "max": "100000"
              },
              "validators": [],
              "hide": {
                "hideWhenExpression": "heroinAddiction !== '1065AAAAAAAAAAAAAAAAAAAAAAAAAAAAAAAA'"
              }
            },
            {
              "label": "Do you have a supportive family or non-drug using friends that you spend time with?",
              "type": "obs",
              "id": "supportiveFam",
              "required": true,
              "questionOptions": {
                "rendering": "radio",
                "concept": "165995AAAAAAAAAAAAAAAAAAAAAAAAAAAAAA",
                "answers": [
                  {
                    "concept": "1065AAAAAAAAAAAAAAAAAAAAAAAAAAAAAAAA",
                    "label": "Yes"
                  },
                  {
                    "concept": "1066AAAAAAAAAAAAAAAAAAAAAAAAAAAAAAAA",
                    "label": "No"
                  }
                ]
              },
              "validators": []
            },
            {
              "label": "Do you have a stable living arrangement?",
              "type": "obs",
              "id": "stableArrangment",
              "required": true,
              "questionOptions": {
                "rendering": "radio",
                "concept": "163577AAAAAAAAAAAAAAAAAAAAAAAAAAAAAA",
                "answers": [
                  {
                    "concept": "1065AAAAAAAAAAAAAAAAAAAAAAAAAAAAAAAA",
                    "label": "Yes"
                  },
                  {
                    "concept": "1066AAAAAAAAAAAAAAAAAAAAAAAAAAAAAAAA",
                    "label": "No"
                  }
                ]
              },
              "validators": []
            },
            {
              "label": "Is the client in good mental and physical health?",
              "type": "obs",
              "id": "goodHealth",
              "required": true,
              "questionOptions": {
                "rendering": "radio",
                "concept": "644504bd-23bc-4f1e-b9a0-d44f81f4148e",
                "answers": [
                  {
                    "concept": "1065AAAAAAAAAAAAAAAAAAAAAAAAAAAAAAAA",
                    "label": "Yes"
                  },
                  {
                    "concept": "1066AAAAAAAAAAAAAAAAAAAAAAAAAAAAAAAA",
                    "label": "No"
                  }
                ]
              },
              "validators": []
            },
            {
              "label": "Has the client been on methadone at least for the past 12 months without interruption?",
              "type": "obs",
              "id": "methUse",
              "required": true,
              "questionOptions": {
                "rendering": "radio",
                "concept": "164075AAAAAAAAAAAAAAAAAAAAAAAAAAAAAA",
                "answers": [
                  {
                    "concept": "1065AAAAAAAAAAAAAAAAAAAAAAAAAAAAAAAA",
                    "label": "Yes"
                  },
                  {
                    "concept": "1066AAAAAAAAAAAAAAAAAAAAAAAAAAAAAAAA",
                    "label": "No"
                  }
                ]
              },
              "validators": []
            },
            {
              "label": "Do you really want to get off methadone, buprenorphine or naltrexone?",
              "type": "obs",
              "id": "methGetOff",
              "required": true,
              "questionOptions": {
                "rendering": "radio",
                "concept": "a34b8694-ec30-4654-96d5-03d69191b8ae",
                "answers": [
                  {
                    "concept": "1065AAAAAAAAAAAAAAAAAAAAAAAAAAAAAAAA",
                    "label": "Yes"
                  },
                  {
                    "concept": "1066AAAAAAAAAAAAAAAAAAAAAAAAAAAAAAAA",
                    "label": "No"
                  }
                ]
              },
              "validators": []
            },
            {
              "label": "Do you have a compelling reason to get off methadone, buprenorphine or naltrexone?",
              "type": "obs",
              "id": "reasonGetoff",
              "required": true,
              "questionOptions": {
                "rendering": "radio",
                "concept": "6098AAAAAAAAAAAAAAAAAAAAAAAAAAAAAAAA",
                "answers": [
                  {
                    "concept": "1065AAAAAAAAAAAAAAAAAAAAAAAAAAAAAAAA",
                    "label": "Yes"
                  },
                  {
                    "concept": "1066AAAAAAAAAAAAAAAAAAAAAAAAAAAAAAAA",
                    "label": "No"
                  }
                ]
              },
              "validators": []
            },
            {
              "label": "Do you have a main motivation or reason for wanting to get off methadone, buprenorphine or naltrexone?",
              "type": "obs",
              "id": "mainMotivation",
              "required": true,
              "questionOptions": {
                "rendering": "radio",
                "concept": "8742743d-a74f-41c4-8f54-6010418a755f",
                "answers": [
                  {
                    "concept": "1065AAAAAAAAAAAAAAAAAAAAAAAAAAAAAAAA",
                    "label": "Yes"
                  },
                  {
                    "concept": "1066AAAAAAAAAAAAAAAAAAAAAAAAAAAAAAAA",
                    "label": "No"
                  }
                ]
              },
              "validators": []
            },
            {
              "label": "If Yes, What is it?",
              "type": "obs",
              "id": "motiReason",
              "questionOptions": {
                "concept": "1885AAAAAAAAAAAAAAAAAAAAAAAAAAAAAAAA",
                "rendering": "checkbox",
                "answers": [
                  {
                    "concept": "6097AAAAAAAAAAAAAAAAAAAAAAAAAAAAAAAA",
                    "label": "Feels recovered"
                  },
                  {
                    "concept": "253b40ec-54da-4e92-9ab1-2d99075b19e8",
                    "label": "Logistical constraints"
                  },
                  {
                    "concept": "124153AAAAAAAAAAAAAAAAAAAAAAAAAAAAAA",
                    "label": "Travel"
                  },
                  {
                    "concept": "155493AAAAAAAAAAAAAAAAAAAAAAAAAAAAAA",
                    "label": "Job"
                  },
                  {
                    "concept": "162933AAAAAAAAAAAAAAAAAAAAAAAAAAAAAA",
                    "label": "Ramadhan"
                  },
                  {
                    "concept": "156023AAAAAAAAAAAAAAAAAAAAAAAAAAAAAA",
                    "label": "Dissatifaction"
                  },
                  {
                    "concept": "5622AAAAAAAAAAAAAAAAAAAAAAAAAAAAAAAA",
                    "label": "Other (specify)"
                  }
                ]
              },
              "hide": {
                "hideWhenExpression": "!arrayContains(mainMotivation, '1065AAAAAAAAAAAAAAAAAAAAAAAAAAAAAAAA')"
              }
            },
            {
              "label": "Any other reason",
              "type": "obs",
              "id": "anyOtherReason",
              "questionOptions": {
                "concept": "161103AAAAAAAAAAAAAAAAAAAAAAAAAAAAAA",
                "rendering": "textarea"
              },
              "validators": [],
              "hide": {
                "hideWhenExpression": "isEmpty(motiReason) || !arrayContains(motiReason, '5622AAAAAAAAAAAAAAAAAAAAAAAAAAAAAAAA')"
              }
            },
            {
              "label": "Do you think you are able to cope with stressful situations without using drugs?",
              "type": "obs",
              "id": "ableToCope",
              "required": true,
              "questionOptions": {
                "rendering": "radio",
                "concept": "81bbc312-d0f6-4950-822a-f7a47e599013",
                "answers": [
                  {
                    "concept": "1065AAAAAAAAAAAAAAAAAAAAAAAAAAAAAAAA",
                    "label": "Yes"
                  },
                  {
                    "concept": "1066AAAAAAAAAAAAAAAAAAAAAAAAAAAAAAAA",
                    "label": "No"
                  }
                ]
              },
              "validators": []
            },
            {
              "label": "Are you staying away from former drug using friends?",
              "type": "obs",
              "id": "stayAway",
              "required": true,
              "questionOptions": {
                "rendering": "radio",
                "concept": "167324AAAAAAAAAAAAAAAAAAAAAAAAAAAAAA",
                "answers": [
                  {
                    "concept": "1065AAAAAAAAAAAAAAAAAAAAAAAAAAAAAAAA",
                    "label": "Yes"
                  },
                  {
                    "concept": "1066AAAAAAAAAAAAAAAAAAAAAAAAAAAAAAAA",
                    "label": "No"
                  }
                ]
              },
              "validators": []
            },
            {
              "label": "Do you live in a neighborhood that is not close to drug using sites?",
              "type": "obs",
              "id": "drugNeighborhood",
              "required": true,
              "questionOptions": {
                "rendering": "radio",
                "concept": "6a6db9bc-eec6-4b1f-85ca-13c4fa5c193a",
                "answers": [
                  {
                    "concept": "1065AAAAAAAAAAAAAAAAAAAAAAAAAAAAAAAA",
                    "label": "Yes"
                  },
                  {
                    "concept": "1066AAAAAAAAAAAAAAAAAAAAAAAAAAAAAAAA",
                    "label": "No"
                  }
                ]
              },
              "validators": []
            },
            {
              "label": ". Have you stopped engaging in criminal behavior?",
              "type": "obs",
              "id": "stopCriminal",
              "required": true,
              "questionOptions": {
                "rendering": "radio",
                "concept": "167326AAAAAAAAAAAAAAAAAAAAAAAAAAAAAA",
                "answers": [
                  {
                    "concept": "1065AAAAAAAAAAAAAAAAAAAAAAAAAAAAAAAA",
                    "label": "Yes"
                  },
                  {
                    "concept": "1066AAAAAAAAAAAAAAAAAAAAAAAAAAAAAAAA",
                    "label": "No"
                  }
                ]
              },
              "validators": []
            },
            {
              "label": "Do you have a stable source of income?",
              "type": "obs",
              "id": "stableIncome",
              "required": true,
              "questionOptions": {
                "rendering": "radio",
                "concept": "167327AAAAAAAAAAAAAAAAAAAAAAAAAAAAAA",
                "answers": [
                  {
                    "concept": "1065AAAAAAAAAAAAAAAAAAAAAAAAAAAAAAAA",
                    "label": "Yes"
                  },
                  {
                    "concept": "1066AAAAAAAAAAAAAAAAAAAAAAAAAAAAAAAA",
                    "label": "No"
                  }
                ]
              },
              "validators": []
            },
            {
              "label": "Have you been on the same methadone, buprenorphine or naltrexone dose for the past 3 months?",
              "type": "obs",
              "id": "methSameDose",
              "required": true,
              "questionOptions": {
                "rendering": "radio",
                "concept": "167328AAAAAAAAAAAAAAAAAAAAAAAAAAAAAA",
                "answers": [
                  {
                    "concept": "1065AAAAAAAAAAAAAAAAAAAAAAAAAAAAAAAA",
                    "label": "Yes"
                  },
                  {
                    "concept": "1066AAAAAAAAAAAAAAAAAAAAAAAAAAAAAAAA",
                    "label": "No"
                  }
                ]
              },
              "validators": []
            },
            {
              "label": "Have you been receiving psychosocial counseling regularly at a MAT clinic or DIC?",
              "type": "obs",
              "id": "regularCounsel",
              "required": true,
              "questionOptions": {
                "rendering": "radio",
                "concept": "bfe0cbb2-eea0-4431-a5c5-d0f49a4ed21b",
                "answers": [
                  {
                    "concept": "1065AAAAAAAAAAAAAAAAAAAAAAAAAAAAAAAA",
                    "label": "Yes"
                  },
                  {
                    "concept": "1066AAAAAAAAAAAAAAAAAAAAAAAAAAAAAAAA",
                    "label": "No"
                  }
                ]
              },
              "validators": []
            },
            {
              "label": "Does your counselor think you are ready to taper off methadone, buprenorphine or naltrexone?",
              "type": "obs",
              "id": "readyTaper",
              "required": true,
              "questionOptions": {
                "rendering": "radio",
                "concept": "167329AAAAAAAAAAAAAAAAAAAAAAAAAAAAAA",
                "answers": [
                  {
                    "concept": "1065AAAAAAAAAAAAAAAAAAAAAAAAAAAAAAAA",
                    "label": "Yes"
                  },
                  {
                    "concept": "1066AAAAAAAAAAAAAAAAAAAAAAAAAAAAAAAA",
                    "label": "No"
                  }
                ]
              },
              "validators": []
            },
            {
              "label": "Have your urine drug screening results over the past 6 months been negative for heroin and other drugs?",
              "type": "obs",
              "id": "drugScreen",
              "required": true,
              "questionOptions": {
                "rendering": "radio",
                "concept": "166526AAAAAAAAAAAAAAAAAAAAAAAAAAAAAA",
                "answers": [
                  {
                    "concept": "1065AAAAAAAAAAAAAAAAAAAAAAAAAAAAAAAA",
                    "label": "Yes"
                  },
                  {
                    "concept": "1066AAAAAAAAAAAAAAAAAAAAAAAAAAAAAAAA",
                    "label": "No"
                  }
                ]
              },
              "validators": []
            },
            {
              "label": "Do you have friends or family who would be helpful and supportive during weaning?",
              "type": "obs",
              "id": "friendsSupport",
              "required": true,
              "questionOptions": {
                "rendering": "radio",
                "concept": "165995AAAAAAAAAAAAAAAAAAAAAAAAAAAAAA",
                "answers": [
                  {
                    "concept": "1065AAAAAAAAAAAAAAAAAAAAAAAAAAAAAAAA",
                    "label": "Yes"
                  },
                  {
                    "concept": "1066AAAAAAAAAAAAAAAAAAAAAAAAAAAAAAAA",
                    "label": "No"
                  }
                ]
              },
              "validators": []
            },
            {
              "label": "Would you ask for help if you were unable to cope with the weaning process?",
              "type": "obs",
              "id": "askHelp",
              "required": true,
              "questionOptions": {
                "rendering": "radio",
                "concept": "1562AAAAAAAAAAAAAAAAAAAAAAAAAAAAAAAA",
                "answers": [
                  {
                    "concept": "1065AAAAAAAAAAAAAAAAAAAAAAAAAAAAAAAA",
                    "label": "Yes"
                  },
                  {
                    "concept": "1066AAAAAAAAAAAAAAAAAAAAAAAAAAAAAAAA",
                    "label": "No"
                  }
                ]
              },
              "validators": []
            },
            {
              "label": "If Yes, Whom would you go first to?",
              "type": "obs",
              "id": "helpReason",
              "questionOptions": {
                "concept": "1563AAAAAAAAAAAAAAAAAAAAAAAAAAAAAAAA",
                "rendering": "checkbox",
                "answers": [
                  {
                    "concept": "1574AAAAAAAAAAAAAAAAAAAAAAAAAAAAAAAA",
                    "label": "Clinician"
                  },
                  {
                    "concept": "163558AAAAAAAAAAAAAAAAAAAAAAAAAAAAAA",
                    "label": "Counselor"
                  },
                  {
                    "concept": "5617AAAAAAAAAAAAAAAAAAAAAAAAAAAAAAAA",
                    "label": "Spouse"
                  },
                  {
                    "concept": "972AAAAAAAAAAAAAAAAAAAAAAAAAAAAAAAAA",
                    "label": "Sibling"
                  },
                  {
                    "concept": "167240AAAAAAAAAAAAAAAAAAAAAAAAAAAAAA",
                    "label": "Friend"
                  },
                  {
                    "concept": "166512AAAAAAAAAAAAAAAAAAAAAAAAAAAAAA",
                    "label": "Peer MAT client"
                  },
                  {
                    "concept": "167062AAAAAAAAAAAAAAAAAAAAAAAAAAAAAA",
                    "label": "ORW"
                  },
                  {
                    "concept": "5622AAAAAAAAAAAAAAAAAAAAAAAAAAAAAAAA",
                    "label": "Other (specify)"
                  }
                ]
              },
              "validators": [],
              "hide": {
                "hideWhenExpression": "!arrayContains(askHelp, '1065AAAAAAAAAAAAAAAAAAAAAAAAAAAAAAAA')"
              }
            },
            {
              "label": "Other Specify",
              "type": "obs",
              "id": "anyOtherhelper",
              "questionOptions": {
                "concept": "161103AAAAAAAAAAAAAAAAAAAAAAAAAAAAAA",
                "rendering": "textarea"
              },
              "validators": [],
              "hide": {
                "hideWhenExpression": "isEmpty(helpReason) || !arrayContains(helpReason, '5622AAAAAAAAAAAAAAAAAAAAAAAAAAAAAAAA')"
              }
            }
          ]
        }
      ]
    }
  ]
}
