{
  "name": "MAT Psychiatric Intake and Follow up Form",
  "description": "A form used by MAT psychiatrist",
  "uuid": "cfd2109b-63b3-43de-8bb3-682e80c5a965",
  "processor": "EncounterFormProcessor",
  "published": true,
  "retired": false,
  "referencedForms": [],
  "version": "1",
  "encounter": "MAT Psychiatric intake and followup",
  "pages": [
    {
      "label": "Visit Details",
      "sections": [
        {
          "label": "Encounter Details",
          "isExpanded": "true",
          "questions": [
            {
              "label": "Date:",
              "type": "encounterDatetime",
              "questionOptions": {
                "rendering": "ui-select-extended"
              },
              "id": "encDate"
            },
            {
              "label": "Provider:",
              "type": "encounterProvider",
              "questionOptions": {
                "rendering": "ui-select-extended"
              },
              "id": "encProvider "
            },
            {
              "label": "Location:",
              "type": "encounterLocation",
              "questionOptions": {
                "rendering": "ui-select-extended"
              },
              "id": "encLocation"
            }
          ]
        },
        {
          "label": "Visit Type Details",
          "isExpanded": "true",
          "questions": [
            {
              "label": "Type of Referral :",
              "type": "obs",
              "id": "typeOfReferral",
              "questionOptions": {
                "concept": "1272AAAAAAAAAAAAAAAAAAAAAAAAAAAAAAAA",
                "rendering": "checkbox",
                "answers": [
                  {
                    "concept": "978AAAAAAAAAAAAAAAAAAAAAAAAAAAAAAAAA",
                    "label": "Self "
                  },
                  {
                    "concept": "166512AAAAAAAAAAAAAAAAAAAAAAAAAAAAAA",
                    "label": "Peer Educator"
                  },
                  {
                    "concept": "5618AAAAAAAAAAAAAAAAAAAAAAAAAAAAAAAA",
                    "label": "Relatives/Friends"
                  },
                  {
                    "concept": "1555AAAAAAAAAAAAAAAAAAAAAAAAAAAAAAAA",
                    "label": "Healthcare workers"
                  },
                  {
                    "concept": "162944AAAAAAAAAAAAAAAAAAAAAAAAAAAAAA",
                    "label": "CSO"
                  },
                  {
                    "concept": "5622AAAAAAAAAAAAAAAAAAAAAAAAAAAAAAAA",
                    "label": "Other"
                  }
                ]
              }
            },
            {
              "label": "Other (Specify) ",
              "type": "obs",
              "id": "referralOther",
              "questionOptions": {
                "rendering": "textarea",
                "concept": "160638AAAAAAAAAAAAAAAAAAAAAAAAAAAAAA"
              },
              "hide": {
                "hideWhenExpression": "!arrayContains(typeOfReferral, '5622AAAAAAAAAAAAAAAAAAAAAAAAAAAAAAAA')"
              }
            },
            {
              "label": "Accompanying Treatment Supporter",
              "type": "obs",
              "id": "treamentSuppAcco",
              "questionOptions": {
                "concept": "166665AAAAAAAAAAAAAAAAAAAAAAAAAAAAAA",
                "rendering": "radio",
                "answers": [
                  {
                    "concept": "1065AAAAAAAAAAAAAAAAAAAAAAAAAAAAAAAA",
                    "label": "Yes"
                  },
                  {
                    "concept": "1066AAAAAAAAAAAAAAAAAAAAAAAAAAAAAAAA",
                    "label": "No"
                  }
                ]
              }
            },
            {
              "label": "Relationship",
              "type": "obs",
              "id": "relationTreatment",
              "questionOptions": {
                "concept": "161011AAAAAAAAAAAAAAAAAAAAAAAAAAAAAA",
                "rendering": "textarea"
              },
              "validators": [],
              "hide": {
                "hideWhenExpression": "treamentSuppAcco !== '1065AAAAAAAAAAAAAAAAAAAAAAAAAAAAAAAA'"
              }
            }
          ]
        }
      ]
    },
    {
      "label": "History Details",
      "sections": [
        {
          "label": "Presenting Complaints",
          "isExpanded": "true",
          "questions": [
            {
              "label": "Patient complaint(s) today?",
              "type": "obs",
              "id": "comPlaiNtsToday",
              "questionOptions": {
                "concept": "163104AAAAAAAAAAAAAAAAAAAAAAAAAAAAAA",
                "rendering": "textarea"
              }
            },
            {
              "label": "Corrobarative History",
              "type": "obs",
              "id": "corrobarativeHistory",
              "questionOptions": {
                "concept": "163104AAAAAAAAAAAAAAAAAAAAAAAAAAAAAA",
                "rendering": "textarea"
              }
            },
            {
              "label": "History of Presenting Illness",
              "type": "obs",
              "id": "presentingHistory",
              "questionOptions": {
                "concept": "163104AAAAAAAAAAAAAAAAAAAAAAAAAAAAAA",
                "rendering": "textarea"
              }
            }
          ]
        },
        {
          "label": " Past Psychiatric History",
          "isExpanded": "true",
          "questions": [
            {
              "label": "Patient past psychiatric history",
              "type": "obs",
              "id": "psychiatricHis",
              "questionOptions": {
                "concept": "163104AAAAAAAAAAAAAAAAAAAAAAAAAAAAAA",
                "rendering": "textarea"
              }
            }
          ]
        },
        {
          "label": " Past Medical and Surgical History",
          "isExpanded": "true",
          "questions": [
            {
              "label": "Patient past medical and Surgical history",
              "type": "obs",
              "id": "surgicalHis",
              "questionOptions": {
                "concept": "163104AAAAAAAAAAAAAAAAAAAAAAAAAAAAAA",
                "rendering": "textarea"
              }
            }
          ]
        },
        {
          "label": " Substance Use History",
          "isExpanded": "true",
          "questions": [
            {
              "label": "Patient substance use history",
              "type": "obs",
              "id": "substanceHis",
              "questionOptions": {
                "concept": "163104AAAAAAAAAAAAAAAAAAAAAAAAAAAAAA",
                "rendering": "textarea"
              }
            }
          ]
        },
        {
          "label": "  Family History",
          "isExpanded": "true",
          "questions": [
            {
              "label": "Patient Family history",
              "type": "obs",
              "id": "familyHis",
              "questionOptions": {
                "concept": "163104AAAAAAAAAAAAAAAAAAAAAAAAAAAAAA",
                "rendering": "textarea"
              }
            }
          ]
        },
        {
          "label": " Personal History",
          "isExpanded": "true",
          "questions": [
            {
              "label": "Patient Antenatal and Birth history",
              "type": "obs",
              "id": "birthHis",
              "questionOptions": {
                "concept": "163104AAAAAAAAAAAAAAAAAAAAAAAAAAAAAA",
                "rendering": "textarea"
              }
            },
            {
              "label": "Patient Early Developmental history",
              "type": "obs",
              "id": "earlyDevHis",
              "questionOptions": {
                "concept": "163104AAAAAAAAAAAAAAAAAAAAAAAAAAAAAA",
                "rendering": "textarea"
              }
            },
            {
              "label": "Patient Childhood history",
              "type": "obs",
              "id": "childHis",
              "questionOptions": {
                "concept": "163104AAAAAAAAAAAAAAAAAAAAAAAAAAAAAA",
                "rendering": "textarea"
              }
            },
            {
              "label": "Patient Education history",
              "type": "obs",
              "id": "eduHis",
              "questionOptions": {
                "concept": "163104AAAAAAAAAAAAAAAAAAAAAAAAAAAAAA",
                "rendering": "textarea"
              }
            },
            {
              "label": "Patient Occupation history",
              "type": "obs",
              "id": "occHis",
              "questionOptions": {
                "concept": "163104AAAAAAAAAAAAAAAAAAAAAAAAAAAAAA",
                "rendering": "textarea"
              }
            },
            {
              "label": "Patient Sexual history",
              "type": "obs",
              "id": "sexualHis",
              "questionOptions": {
                "concept": "163104AAAAAAAAAAAAAAAAAAAAAAAAAAAAAA",
                "rendering": "textarea"
              }
            },
            {
              "label": "Patient Premorbid history",
              "type": "obs",
              "id": "morbidHis",
              "questionOptions": {
                "concept": "163104AAAAAAAAAAAAAAAAAAAAAAAAAAAAAA",
                "rendering": "textarea"
              }
            },
            {
              "label": "Patient Forensic history",
              "type": "obs",
              "id": "forensicHis",
              "questionOptions": {
                "concept": "163104AAAAAAAAAAAAAAAAAAAAAAAAAAAAAA",
                "rendering": "textarea"
              }
            }
          ]
        }
      ]
    },
    {
      "label": "Examination Details",
      "sections": [
        {
          "label": "General Examination Findings",
          "isExpanded": "true",
          "questions": [
            {
              "label": "General examination findings:",
              "required": "true",
              "type": "obs",
              "questionOptions": {
                "rendering": "checkbox",
                "concept": "162737AAAAAAAAAAAAAAAAAAAAAAAAAAAAAA",
                "answers": [
                  {
                    "concept": "1107AAAAAAAAAAAAAAAAAAAAAAAAAAAAAAAA",
                    "label": "None"
                  },
                  {
                    "concept": "136443AAAAAAAAAAAAAAAAAAAAAAAAAAAAAA",
                    "label": "Jaundice",
                    "disableWhenExpression": "myValue === '1107AAAAAAAAAAAAAAAAAAAAAAAAAAAAAAAA'"
                  },
                  {
                    "concept": "460AAAAAAAAAAAAAAAAAAAAAAAAAAAAAAAAA",
                    "label": "Oedema",
                    "disableWhenExpression": "myValue === '1107AAAAAAAAAAAAAAAAAAAAAAAAAAAAAAAA'"
                  },
                  {
                    "concept": "5334AAAAAAAAAAAAAAAAAAAAAAAAAAAAAAAA",
                    "label": "Oral thrush",
                    "disableWhenExpression": "myValue === '1107AAAAAAAAAAAAAAAAAAAAAAAAAAAAAAAA'"
                  },
                  {
                    "concept": "5245AAAAAAAAAAAAAAAAAAAAAAAAAAAAAAAA",
                    "label": "Pallor",
                    "disableWhenExpression": "myValue === '1107AAAAAAAAAAAAAAAAAAAAAAAAAAAAAAAA'"
                  },
                  {
                    "concept": "140125AAAAAAAAAAAAAAAAAAAAAAAAAAAAAA",
                    "label": "Finger Clubbing",
                    "disableWhenExpression": "myValue === '1107AAAAAAAAAAAAAAAAAAAAAAAAAAAAAAAA'"
                  },
                  {
                    "concept": "126952AAAAAAAAAAAAAAAAAAAAAAAAAAAAAA",
                    "label": "Lymph Node Axillary",
                    "disableWhenExpression": "myValue === '1107AAAAAAAAAAAAAAAAAAAAAAAAAAAAAAAA'"
                  },
                  {
                    "concept": "143050AAAAAAAAAAAAAAAAAAAAAAAAAAAAAA",
                    "label": "Cyanosis",
                    "disableWhenExpression": "myValue === '1107AAAAAAAAAAAAAAAAAAAAAAAAAAAAAAAA'"
                  },
                  {
                    "concept": "126939AAAAAAAAAAAAAAAAAAAAAAAAAAAAAA",
                    "label": "Lymph Nodes Inguinal",
                    "disableWhenExpression": "myValue === '1107AAAAAAAAAAAAAAAAAAAAAAAAAAAAAAAA'"
                  },
                  {
                    "concept": "823AAAAAAAAAAAAAAAAAAAAAAAAAAAAAAAAA",
                    "label": "Wasting",
                    "disableWhenExpression": "myValue === '1107AAAAAAAAAAAAAAAAAAAAAAAAAAAAAAAA'"
                  },
                  {
                    "concept": "142630AAAAAAAAAAAAAAAAAAAAAAAAAAAAAA",
                    "label": "Dehydration",
                    "disableWhenExpression": "myValue === '1107AAAAAAAAAAAAAAAAAAAAAAAAAAAAAAAA'"
                  },
                  {
                    "concept": "116334AAAAAAAAAAAAAAAAAAAAAAAAAAAAAA",
                    "label": "Lethargic",
                    "disableWhenExpression": "myValue === '1107AAAAAAAAAAAAAAAAAAAAAAAAAAAAAAAA'"
                  }
                ]
              },
              "validators": [],
              "hide": {
                "hideWhenExpression": "isEmpty(visitScheduled) || personPresent !== '978AAAAAAAAAAAAAAAAAAAAAAAAAAAAAAAAA'"
              },
              "id": "genExamFindings"
            },
            {
              "label": "General Exam Findings",
              "type": "obs",
              "id": "genExamFinding",
              "questionOptions": {
                "concept": "160632AAAAAAAAAAAAAAAAAAAAAAAAAAAAAA",
                "rendering": "text"
              }
            }
          ]
        },
        {
          "label": "Mental Status Examination",
          "isExpanded": "true",
          "questions": [
            {
              "label": "Appearance",
              "type": "obs",
              "required": false,
              "id": "generalAppearance",
              "questionOptions": {
                "rendering": "radio",
                "concept": "167092AAAAAAAAAAAAAAAAAAAAAAAAAAAAAA",
                "conceptMappings": [
                  {
                    "relationship": "NARROWER-THAN",
                    "type": "CIEL",
                    "value": "167092"
                  },
                  {
                    "relationship": "NARROWER-THAN",
                    "type": "SNOMED CT",
                    "value": "363791007"
                  },
                  {
                    "relationship": "NARROWER-THAN",
                    "type": "PIH",
                    "value": "14126"
                  }
                ],
                "answers": [
                  {
                    "concept": "132681AAAAAAAAAAAAAAAAAAAAAAAAAAAAAA",
                    "label": "Normal grooming, well kempt"
                  },
                  {
                    "concept": "167088AAAAAAAAAAAAAAAAAAAAAAAAAAAAAA",
                    "label": "Unkempt, dirty"
                  },
                  {
                    "concept": "5622",
                    "label": "Other"
                  }
                ]
              },
              "validators": []
            },
            {
              "label": "Other (Specify) ",
              "type": "obs",
              "questionOptions": {
                "rendering": "text",
                "concept": "160638AAAAAAAAAAAAAAAAAAAAAAAAAAAAAA"
              },
              "id": "appearanceOther",
              "validators": [],
              "hide": {
                "hideWhenExpression": "isEmpty(generalAppearance) || generalAppearance !== '5622'"
              }
            },
            {
              "label": "Attitude and behavior",
              "type": "obs",
              "required": false,
              "id": "attitudeBehavior",
              "questionOptions": {
                "rendering": "radio",
                "concept": "167193AAAAAAAAAAAAAAAAAAAAAAAAAAAAAA",
                "conceptMappings": [
                  {
                    "relationship": "SAME-AS",
                    "type": "CIEL",
                    "value": "167193"
                  },
                  {
                    "relationship": "NARROWER-THAN",
                    "type": "SNOMED NP",
                    "value": "225464009"
                  }
                ],
                "answers": [
                  {
                    "concept": "167188AAAAAAAAAAAAAAAAAAAAAAAAAAAAAA",
                    "label": "Calm & Cooperative"
                  },
                  {
                    "concept": "152330AAAAAAAAAAAAAAAAAAAAAAAAAAAAAA",
                    "label": "Restless"
                  },
                  {
                    "concept": "167315AAAAAAAAAAAAAAAAAAAAAAAAAAAAAA",
                    "label": "Uncooperative"
                  },
                  {
                    "concept": "167316AAAAAAAAAAAAAAAAAAAAAAAAAAAAAA",
                    "label": "No unusual movements"
                  },
                  {
                    "concept": "167661",
                    "label": "Mannerisms "
                  },
                  {
                    "concept": "167307AAAAAAAAAAAAAAAAAAAAAAAAAAAAAA",
                    "label": "Violent "
                  }
                ]
              },
              "validators": []
            },
            {
              "label": "Other (Specify) ",
              "type": "obs",
              "questionOptions": {
                "rendering": "text",
                "concept": "160638AAAAAAAAAAAAAAAAAAAAAAAAAAAAAA"
              },
              "id": "behaviorOther",
              "validators": [],
              "hide": {
                "hideWhenExpression": "isEmpty(attitudeBehavior) || attitudeBehavior !== '5622'"
              }
            },
            {
              "label": "Speech",
              "type": "obs",
              "required": false,
              "id": "speechFinding",
              "questionOptions": {
                "rendering": "radio",
                "concept": "167201AAAAAAAAAAAAAAAAAAAAAAAAAAAAAA",
                "conceptMappings": [
                  {
                    "relationship": "NARROWER-THAN",
                    "type": "SNOMED NP",
                    "value": "363918005"
                  },
                  {
                    "relationship": "SAME-AS",
                    "type": "CIEL",
                    "value": "167201"
                  }
                ],
                "answers": [
                  {
                    "concept": "159539AAAAAAAAAAAAAAAAAAAAAAAAAAAAAA",
                    "label": "Coherent"
                  },
                  {
                    "concept": "137646AAAAAAAAAAAAAAAAAAAAAAAAAAAAAA",
                    "label": "Incoherent"
                  },
                  {
                    "concept": "167198AAAAAAAAAAAAAAAAAAAAAAAAAAAAAA",
                    "label": "Pressured speech"
                  },
                  {
                    "concept": "5622",
                    "label": "Other"
                  }
                ]
              },
              "validators": []
            },
            {
              "label": "Other (Specify) ",
              "type": "obs",
              "questionOptions": {
                "rendering": "text",
                "concept": "160638AAAAAAAAAAAAAAAAAAAAAAAAAAAAAA"
              },
              "id": "speechOther",
              "validators": [],
              "hide": {
                "hideWhenExpression": "isEmpty(speechFinding) || speechFinding !== '5622'"
              }
            },
            {
              "label": "Mood",
              "type": "obs",
              "required": false,
              "id": "moodFinding",
              "questionOptions": {
                "rendering": "radio",
                "concept": "167099AAAAAAAAAAAAAAAAAAAAAAAAAAAAAA",
                "conceptMappings": [
                  {
                    "relationship": "NARROWER-THAN",
                    "type": "PIH",
                    "value": "14131"
                  },
                  {
                    "relationship": "NARROWER-THAN",
                    "type": "SNOMED CT",
                    "value": "1155968006"
                  },
                  {
                    "relationship": "NARROWER-THAN",
                    "type": "CIEL",
                    "value": "167099"
                  }
                ],
                "answers": [
                  {
                    "concept": "167100AAAAAAAAAAAAAAAAAAAAAAAAAAAAAA",
                    "label": "Euthymic"
                  },
                  {
                    "concept": "118296AAAAAAAAAAAAAAAAAAAAAAAAAAAAAA",
                    "label": "Irritable"
                  },
                  {
                    "concept": "119539AAAAAAAAAAAAAAAAAAAAAAAAAAAAAA",
                    "label": "Depressed"
                  },
                  {
                    "concept": "166050AAAAAAAAAAAAAAAAAAAAAAAAAAAAAA",
                    "label": "Elevated"
                  },
                  {
                    "concept": "5622",
                    "label": "Other"
                  }
                ]
              },
              "validators": []
            },
            {
              "label": "Other (Specify) ",
              "type": "obs",
              "questionOptions": {
                "rendering": "text",
                "concept": "160638AAAAAAAAAAAAAAAAAAAAAAAAAAAAAA"
              },
              "id": "moodOther",
              "validators": [],
              "hide": {
                "hideWhenExpression": "isEmpty(moodFinding) || moodFinding !== '5622'"
              }
            },
            {
              "label": "Illusions",
              "type": "obs",
              "required": false,
              "id": "illusionsFinding",
              "questionOptions": {
                "rendering": "radio",
                "concept": "167526AAAAAAAAAAAAAAAAAAAAAAAAAAAAAA",
                "conceptMappings": [
                  {
                    "relationship": "NARROWER-THAN",
                    "type": "SNOMED CT",
                    "value": "5152006"
                  },
                  {
                    "relationship": "NARROWER-THAN",
                    "type": "SNOMED CT",
                    "value": "106148006"
                  },
                  {
                    "relationship": "SAME-AS",
                    "type": "CIEL",
                    "value": "167526"
                  }
                ],
                "answers": [
                  {
                    "concept": "163748AAAAAAAAAAAAAAAAAAAAAAAAAAAAAA",
                    "label": "Present"
                  },
                  {
                    "concept": "163747AAAAAAAAAAAAAAAAAAAAAAAAAAAAAA",
                    "label": "Absent"
                  }
                ]
              },
              "validators": []
            },
            {
              "label": "Attention and Concentration",
              "type": "obs",
              "required": false,
              "id": "attentionConcentration",
              "questionOptions": {
                "rendering": "radio",
                "concept": "167203AAAAAAAAAAAAAAAAAAAAAAAAAAAAAA",
                "conceptMappings": [
                  {
                    "relationship": "SAME-AS",
                    "type": "CIEL",
                    "value": "167203"
                  },
                  {
                    "relationship": "NARROWER-THAN",
                    "type": "SNOMED CT",
                    "value": "247760006"
                  }
                ],
                "answers": [
                  {
                    "concept": "159405AAAAAAAAAAAAAAAAAAAAAAAAAAAAAA",
                    "label": "Good"
                  },
                  {
                    "concept": "159406AAAAAAAAAAAAAAAAAAAAAAAAAAAAAA",
                    "label": "Fair"
                  },
                  {
                    "concept": "159407AAAAAAAAAAAAAAAAAAAAAAAAAAAAAA",
                    "label": "Poor"
                  }
                ]
              },
              "validators": []
            },
            {
              "label": "Memory Recall",
              "type": "obs",
              "required": false,
              "id": "memoryRecall",
              "questionOptions": {
                "rendering": "radio",
                "concept": "167321AAAAAAAAAAAAAAAAAAAAAAAAAAAAAA",
                "answers": [
                  {
                    "concept": "159405",
                    "label": "Immediate Recall"
                  },
                  {
                    "concept": "159407",
                    "label": "Recent"
                  },
                  {
                    "concept": "115838AAAAAAAAAAAAAAAAAAAAAAAAAAAAAA",
                    "label": "Remote"
                  }
                ]
              },
              "validators": []
            },
            {
              "label": "Recall Status",
              "type": "obs",
              "required": false,
              "id": "recallStatusImmediate",
              "questionOptions": {
                "rendering": "radio",
                "concept": "167321AAAAAAAAAAAAAAAAAAAAAAAAAAAAAA",
                "answers": [
                  {
                    "concept": "159405AAAAAAAAAAAAAAAAAAAAAAAAAAAAAA",
                    "label": "Intact"
                  },
                  {
                    "concept": "159406AAAAAAAAAAAAAAAAAAAAAAAAAAAAAA",
                    "label": "Impaired"
                  }
                ]
              },
              "validators": [],
              "hide": {
                "hideWhenExpression": "memoryRecall !== '159405'"
              }
            },
            {
              "label": "Recall Status",
              "type": "obs",
              "required": false,
              "id": "recallStatusRecent",
              "questionOptions": {
                "rendering": "radio",
                "concept": "167321AAAAAAAAAAAAAAAAAAAAAAAAAAAAAA",
                "answers": [
                  {
                    "concept": "159405AAAAAAAAAAAAAAAAAAAAAAAAAAAAAA",
                    "label": "Intact"
                  },
                  {
                    "concept": "159406AAAAAAAAAAAAAAAAAAAAAAAAAAAAAA",
                    "label": "Impaired"
                  }
                ]
              },
              "validators": [],
              "hide": {
                "hideWhenExpression": "memoryRecall !== '159407'"
              }
            },
            {
              "label": "Recall Status",
              "type": "obs",
              "required": false,
              "id": "recallStatusRemote",
              "questionOptions": {
                "rendering": "radio",
                "concept": "167321AAAAAAAAAAAAAAAAAAAAAAAAAAAAAA",
                "answers": [
                  {
                    "concept": "159405AAAAAAAAAAAAAAAAAAAAAAAAAAAAAA",
                    "label": "Intact"
                  },
                  {
                    "concept": "159406AAAAAAAAAAAAAAAAAAAAAAAAAAAAAA",
                    "label": "Impaired"
                  }
                ]
              },
              "validators": [],
              "hide": {
                "hideWhenExpression": "memoryRecall !== '115838AAAAAAAAAAAAAAAAAAAAAAAAAAAAAA'"
              }
            },
            {
              "label": "Judgement",
              "type": "obs",
              "required": false,
              "id": "judgementFinding",
              "questionOptions": {
                "rendering": "radio",
                "concept": "167116AAAAAAAAAAAAAAAAAAAAAAAAAAAAAA",
                "conceptMappings": [
                  {
                    "relationship": "NARROWER-THAN",
                    "type": "CIEL",
                    "value": "167116"
                  },
                  {
                    "relationship": "NARROWER-THAN",
                    "type": "PIH",
                    "value": "14110"
                  },
                  {
                    "relationship": "NARROWER-THAN",
                    "type": "SNOMED CT",
                    "value": "61254005"
                  }
                ],
                "answers": [
                  {
                    "concept": "159405AAAAAAAAAAAAAAAAAAAAAAAAAAAAAA",
                    "label": "Good"
                  },
                  {
                    "concept": "159406AAAAAAAAAAAAAAAAAAAAAAAAAAAAAA",
                    "label": "Fair"
                  },
                  {
                    "concept": "159407AAAAAAAAAAAAAAAAAAAAAAAAAAAAAA",
                    "label": "Poor"
                  }
                ]
              },
              "validators": []
            },
            {
              "label": "Insight",
              "type": "obs",
              "required": false,
              "id": "insightFinding",
              "questionOptions": {
                "rendering": "radio",
                "concept": "167115AAAAAAAAAAAAAAAAAAAAAAAAAAAAAA",
                "conceptMappings": [
                  {
                    "relationship": "NARROWER-THAN",
                    "type": "SNOMED CT",
                    "value": "27026000"
                  },
                  {
                    "relationship": "NARROWER-THAN",
                    "type": "CIEL",
                    "value": "167115"
                  },
                  {
                    "relationship": "NARROWER-THAN",
                    "type": "PIH",
                    "value": "14109"
                  }
                ],
                "answers": [
                  {
                    "concept": "163748AAAAAAAAAAAAAAAAAAAAAAAAAAAAAA",
                    "label": "Present"
                  },
                  {
                    "concept": "163747AAAAAAAAAAAAAAAAAAAAAAAAAAAAAA",
                    "label": "Absent"
                  }
                ]
              },
              "validators": []
            },
            {
              "label": "Affect",
              "type": "obs",
              "required": false,
              "id": "affectFinding",
              "questionOptions": {
                "rendering": "checkbox",
                "concept": "167101AAAAAAAAAAAAAAAAAAAAAAAAAAAAAA",
                "conceptMappings": [
                  {
                    "relationship": "NARROWER-THAN",
                    "type": "CIEL",
                    "value": "167101"
                  },
                  {
                    "relationship": "NARROWER-THAN",
                    "type": "PIH",
                    "value": "14155"
                  },
                  {
                    "relationship": "NARROWER-THAN",
                    "type": "SNOMED CT",
                    "value": "4065008"
                  }
                ],
                "answers": [
                  {
                    "concept": "167102AAAAAAAAAAAAAAAAAAAAAAAAAAAAAA",
                    "label": "Appropriate/mood congruent"
                  },
                  {
                    "concept": "119539AAAAAAAAAAAAAAAAAAAAAAAAAAAAAA",
                    "label": "Tearful, sad"
                  },
                  {
                    "concept": "167317AAAAAAAAAAAAAAAAAAAAAAAAAAAAAA",
                    "label": "Elated"
                  },
                  {
                    "concept": "167103AAAAAAAAAAAAAAAAAAAAAAAAAAAAAA",
                    "label": "Labile"
                  },
                  {
                    "concept": "167105AAAAAAAAAAAAAAAAAAAAAAAAAAAAAA",
                    "label": "Flat/blunted"
                  },
                  {
                    "concept": "5622",
                    "label": "Other"
                  }
                ]
              },
              "validators": []
            },
            {
              "label": "Other (Specify) ",
              "type": "obs",
              "questionOptions": {
                "rendering": "text",
                "concept": "160638AAAAAAAAAAAAAAAAAAAAAAAAAAAAAA"
              },
              "id": "affectOther",
              "hide": {
                "hideWhenExpression": "!arrayContains(affectFinding, '5622')"
              }
            },
            {
              "label": "Thought Process",
              "type": "obs",
              "required": false,
              "id": "thoughProcess",
              "questionOptions": {
                "rendering": "checkbox",
                "concept": "167106AAAAAAAAAAAAAAAAAAAAAAAAAAAAAA",
                "conceptMappings": [
                  {
                    "relationship": "NARROWER-THAN",
                    "type": "PIH",
                    "value": "14156"
                  },
                  {
                    "relationship": "NARROWER-THAN",
                    "type": "CIEL",
                    "value": "167106"
                  },
                  {
                    "relationship": "NARROWER-THAN",
                    "type": "SNOMED CT",
                    "value": "247642000"
                  }
                ],
                "answers": [
                  {
                    "concept": "167320AAAAAAAAAAAAAAAAAAAAAAAAAAAAAA",
                    "label": "Logical"
                  },
                  {
                    "concept": "167319AAAAAAAAAAAAAAAAAAAAAAAAAAAAAA",
                    "label": "Illogical"
                  },
                  {
                    "concept": "167318AAAAAAAAAAAAAAAAAAAAAAAAAAAAAA",
                    "label": "Pressured"
                  },
                  {
                    "concept": "167137AAAAAAAAAAAAAAAAAAAAAAAAAAAAAA",
                    "label": "Disorganized"
                  }
                ]
              }
            },
            {
              "label": "Thought Content",
              "type": "obs",
              "required": false,
              "id": "thoughtContent",
              "questionOptions": {
                "rendering": "checkbox",
                "concept": "167112AAAAAAAAAAAAAAAAAAAAAAAAAAAAAA",
                "conceptMappings": [
                  {
                    "relationship": "NARROWER-THAN",
                    "type": "SNOMED CT",
                    "value": "363877005"
                  },
                  {
                    "relationship": "NARROWER-THAN",
                    "type": "PIH",
                    "value": "14157"
                  },
                  {
                    "relationship": "NARROWER-THAN",
                    "type": "CIEL",
                    "value": "167112"
                  }
                ],
                "answers": [
                  {
                    "concept": "1115AAAAAAAAAAAAAAAAAAAAAAAAAAAAAAAA",
                    "label": "Normal"
                  },
                  {
                    "concept": "142600AAAAAAAAAAAAAAAAAAAAAAAAAAAAAA",
                    "label": "Delusions"
                  },
                  {
                    "concept": "125562AAAAAAAAAAAAAAAAAAAAAAAAAAAAAA",
                    "label": "Suicidal"
                  },
                  {
                    "concept": "114164AAAAAAAAAAAAAAAAAAAAAAAAAAAAAA",
                    "label": "Phobias"
                  },
                  {
                    "concept": "132613AAAAAAAAAAAAAAAAAAAAAAAAAAAAAA",
                    "label": "Obssessions"
                  },
                  {
                    "concept": "167117AAAAAAAAAAAAAAAAAAAAAAAAAAAAAA",
                    "label": "Homicidal"
                  }
                ]
              },
              "validators": []
            },
            {
              "label": "Hallucinations",
              "type": "obs",
              "required": false,
              "id": "hallucinationsFinding",
              "questionOptions": {
                "rendering": "checkbox",
                "concept": "167181AAAAAAAAAAAAAAAAAAAAAAAAAAAAAA",
                "conceptMappings": [
                  {
                    "relationship": "SAME-AS",
                    "type": "CIEL",
                    "value": "167181"
                  },
                  {
                    "relationship": "NARROWER-THAN",
                    "type": "SNOMED NP",
                    "value": "363870007"
                  }
                ],
                "answers": [
                  {
                    "concept": "148126AAAAAAAAAAAAAAAAAAAAAAAAAAAAAA",
                    "label": "Auditory hallucinations",
                    "disableWhenExpression": "myValue === '163747AAAAAAAAAAAAAAAAAAAAAAAAAAAAAA'"
                  },
                  {
                    "concept": "132427AAAAAAAAAAAAAAAAAAAAAAAAAAAAAA",
                    "label": "Olfactory Hallucinations",
                    "disableWhenExpression": "myValue === '163747AAAAAAAAAAAAAAAAAAAAAAAAAAAAAA'"
                  },
                  {
                    "concept": "125058AAAAAAAAAAAAAAAAAAAAAAAAAAAAAA",
                    "label": "Tactile Hallucinations",
                    "disableWhenExpression": "myValue === '163747AAAAAAAAAAAAAAAAAAAAAAAAAAAAAA'"
                  },
                  {
                    "concept": "123069AAAAAAAAAAAAAAAAAAAAAAAAAAAAAA",
                    "label": "Visual Hallucinations",
                    "disableWhenExpression": "myValue === '163747AAAAAAAAAAAAAAAAAAAAAAAAAAAAAA'"
                  },
                  {
                    "concept": "163747AAAAAAAAAAAAAAAAAAAAAAAAAAAAAA",
                    "label": "Absent"
                  }
                ]
              },
              "validators": []
            },
            {
              "label": "Orientation status",
              "type": "obs",
              "required": false,
              "id": "orientationStatus",
              "questionOptions": {
                "rendering": "checkbox",
                "concept": "167084AAAAAAAAAAAAAAAAAAAAAAAAAAAAAA",
                "conceptMappings": [
                  {
                    "relationship": "NARROWER-THAN",
                    "type": "CIEL",
                    "value": "167084"
                  },
                  {
                    "relationship": "NARROWER-THAN",
                    "type": "SNOMED CT",
                    "value": "43173001"
                  },
                  {
                    "relationship": "NARROWER-THAN",
                    "type": "PIH",
                    "value": "14107"
                  }
                ],
                "answers": [
                  {
                    "concept": "167083AAAAAAAAAAAAAAAAAAAAAAAAAAAAAA",
                    "label": "Oriented to time",
                    "disableWhenExpression": "myValue === '163747AAAAAAAAAAAAAAAAAAAAAAAAAAAAAA'"
                  },
                  {
                    "concept": "167082AAAAAAAAAAAAAAAAAAAAAAAAAAAAAA",
                    "label": "Oriented to place",
                    "disableWhenExpression": "myValue === '163747AAAAAAAAAAAAAAAAAAAAAAAAAAAAAA'"
                  },
                  {
                    "concept": "167081AAAAAAAAAAAAAAAAAAAAAAAAAAAAAA",
                    "label": "Oriented to person",
                    "disableWhenExpression": "myValue === '163747AAAAAAAAAAAAAAAAAAAAAAAAAAAAAA'"
                  },
                  {
                    "concept": "163747AAAAAAAAAAAAAAAAAAAAAAAAAAAAAA",
                    "label": "Absent"
                  }
                ]
              },
              "validators": []
            }
          ]
        }
      ]
    },
    {
      "label": "Management Details",
      "sections": [
        {
          "label": "Management Plan",
          "isExpanded": "true",
          "questions": [
            {
              "label": "Diagnosis",
              "type": "obs",
              "id": "patientDiagnosis",
              "questionOptions": {
                "concept": "163104AAAAAAAAAAAAAAAAAAAAAAAAAAAAAA",
                "rendering": "textarea"
              }
            },
            {
              "label": "Biopsychosocial & Spiritual management plan",
              "type": "obs",
              "id": "managementPlan",
              "questionOptions": {
                "concept": "163104AAAAAAAAAAAAAAAAAAAAAAAAAAAAAA",
                "rendering": "textarea"
              }
            }
          ]
        },
        {
          "label": "Psychiatric Follow Up",
          "isExpanded": "true",
          "questions": [
            {
              "label": "Progress Report",
              "type": "obs",
              "id": "progressReport",
              "questionOptions": {
                "concept": "163104AAAAAAAAAAAAAAAAAAAAAAAAAAAAAA",
                "rendering": "textarea"
              }
            },
            {
              "label": "Treatment Plan",
              "type": "obs",
              "id": "txPlan",
              "questionOptions": {
                "rendering": "textarea",
                "concept": "163104AAAAAAAAAAAAAAAAAAAAAAAAAAAAAA"
              }
            },
            {
              "label": "Date of Next Visit",
              "type": "obs",
              "id": "nextDate",
              "questionOptions": {
                "rendering": "date",
                "concept": "5096AAAAAAAAAAAAAAAAAAAAAAAAAAAAAAAA",
                "answers": []
              },
              "validators": [
                {
                  "type": "date",
                  "allowFutureDates": "true"
                },
                {
                  "type": "js_expression",
                  "failsWhenExpression": "(new moment(encDate)).isAfter((new moment(myValue)), 'day') || (new moment(encDate)).isSame((new moment(myValue)), 'day')",
                  "message": "Date of Next Visit should be greater than the encounter date."
                }
              ]
            }
          ]
        }
      ]
    }
  ]
}
