{
  "name": "MCH Child Enrolment Form",
  "description": "MCH-CS Enrollment form",
  "version": "2.0",
  "published": true,
  "uuid": "8553d869-bdc8-4287-8505-910c7c998aff",
  "retired": false,
  "encounter": "CWC Enrollment",
  "meta": {
    "programs": {
      "uuid": "c2ecdf11-97cd-432a-a971-cfd9bd296b83",
      "isEnrollment": true,
      "discontinuationDateQuestionId": ""
    }
  },
  "pages": [
    {
      "label": "MCH Child Enrolment Form",
      "sections": [
        {
          "label": "Particulars of the child",
          "isExpanded": "true",
          "questions": [
            {
              "label": "Date first seen",
              "type": "obs",
              "required": "true",
              "id": "firstDateSeen",
              "questionOptions": {
                "concept": "162140AAAAAAAAAAAAAAAAAAAAAAAAAAAAAA",
                "rendering": "date"
              },
              "validators": [
                {
                  "type": "date",
                  "allowFutureDates": "false"
                }
              ]
            },
            {
              "label": "Gestation at birth(weeks)",
              "type": "obs",
              "required": "true",
              "id": "gestation",
              "questionOptions": {
                "concept": "1409AAAAAAAAAAAAAAAAAAAAAAAAAAAAAAAA",
                "rendering": "number"
              }
            },
            {
              "label": "Birth Weight: (kg)",
              "type": "obs",
              "required": "true",
              "id": "weight",
              "questionOptions": {
                "concept": "5916AAAAAAAAAAAAAAAAAAAAAAAAAAAAAAAA",
                "rendering": "number"
              }
            },
            {
              "label": "Birth length in cm",
              "type": "obs",
              "id": "birthLength",
              "questionOptions": {
                "concept": "1503AAAAAAAAAAAAAAAAAAAAAAAAAAAAAAAA",
                "rendering": "number"
              }
            },
            {
              "label": "Birth Order in Family (1,2,3)",
              "type": "obs",
              "required": "true",
              "id": "birthOrderInFamily",
              "questionOptions": {
                "concept": "163460AAAAAAAAAAAAAAAAAAAAAAAAAAAAAA",
                "rendering": "number"
              }
            },
            {
              "label": "Birth type:",
              "type": "obs",
              "required": "true",
              "id": "birthOutcome",
              "questionOptions": {
                "concept": "159949AAAAAAAAAAAAAAAAAAAAAAAAAAAAAA",
                "rendering": "select",
                "answers": [
                  {
                    "concept": "159914AAAAAAAAAAAAAAAAAAAAAAAAAAAAAA",
                    "label": "Twins"
                  },
                  {
                    "concept": "113450AAAAAAAAAAAAAAAAAAAAAAAAAAAAAA",
                    "label": "Quadruplets"
                  },
                  {
                    "concept": "113440AAAAAAAAAAAAAAAAAAAAAAAAAAAAAA",
                    "label": "Quintuplets"
                  },
                  {
                    "concept": "159913AAAAAAAAAAAAAAAAAAAAAAAAAAAAAA",
                    "label": "Single"
                  },
                  {
                    "concept": "159915AAAAAAAAAAAAAAAAAAAAAAAAAAAAAA",
                    "label": "Triplets"
                  }
                ]
              }
            },
            {
              "label": "Place of delivery",
              "type": "obs",
              "required": "true",
              "id": "birthPlace",
              "questionOptions": {
                "concept": "1572AAAAAAAAAAAAAAAAAAAAAAAAAAAAAAAA",
                "rendering": "select",
                "answers": [
                  {
                    "concept": "1536AAAAAAAAAAAAAAAAAAAAAAAAAAAAAAAA",
                    "label": "Home"
                  },
                  {
                    "concept": "1589AAAAAAAAAAAAAAAAAAAAAAAAAAAAAAAA",
                    "label": "Facility"
                  },
                  {
                    "concept": "5622AAAAAAAAAAAAAAAAAAAAAAAAAAAAAAAA",
                    "label": "Other"
                  }
                ]
              }
            },
            {
              "label": "Mode of Delivery",
              "type": "obs",
              "required": "true",
              "id": "modeOfDelivery",
              "questionOptions": {
                "concept": "5630AAAAAAAAAAAAAAAAAAAAAAAAAAAAAAAA",
                "rendering": "radio",
                "answers": [
                  {
                    "concept": "1170AAAAAAAAAAAAAAAAAAAAAAAAAAAAAAAA",
                    "label": "Spontaneous Vaginal Delivery(SVD)"
                  },
                  {
                    "concept": "1171AAAAAAAAAAAAAAAAAAAAAAAAAAAAAAAA",
                    "label": "Cesarian Section (CS)"
                  },
                  {
                    "concept": "1172AAAAAAAAAAAAAAAAAAAAAAAAAAAAAAAA",
                    "label": "Breech Delivery"
                  },
                  {
                    "concept": "118159AAAAAAAAAAAAAAAAAAAAAAAAAAAAAA",
                    "label": "Assisted Vaginal Delivery (AVD)"
                  }
                ]
              }
            }
          ]
        },
        {
          "label": "Registration Details",
          "isExpanded": "true",
          "questions": [
            {
              "label": "Birth Notification Number",
              "type": "obs",
              "id": "birthNotificationNumber",
              "questionOptions": {
                "concept": "162051AAAAAAAAAAAAAAAAAAAAAAAAAAAAAA",
                "rendering": "text"
              }
            },
            {
              "label": "Date Issued",
              "type": "obs",
              "id": "dateIssued",
              "questionOptions": {
                "concept": "164129AAAAAAAAAAAAAAAAAAAAAAAAAAAAAA",
                "rendering": "date"
              },
              "validators": [
                {
                  "type": "date",
                  "allowFutureDates": "false"
                }
              ]
            },
            {
              "label": "Birth certificate Number",
              "type": "obs",
              "id": "birthCertificateNumber",
              "questionOptions": {
                "concept": "162052AAAAAAAAAAAAAAAAAAAAAAAAAAAAAA",
                "rendering": "text"
              }
            },
            {
              "label": "Date of registration",
              "type": "obs",
              "id": "dateOfRegistration",
              "questionOptions": {
                "concept": "164130AAAAAAAAAAAAAAAAAAAAAAAAAAAAAA",
                "rendering": "date"
              },
              "validators": [
                {
                  "type": "date",
                  "allowFutureDates": "false"
                }
              ]
            },
            {
              "label": "Place of registration",
              "type": "obs",
              "id": "placeOfRegistration",
              "questionOptions": {
                "concept": "164140AAAAAAAAAAAAAAAAAAAAAAAAAAAAAA",
                "rendering": "text"
              }
            },
            {
              "label": "Health facility name:",
              "type": "obs",
              "id": "healthFacilityName",
              "questionOptions": {
                "concept": "162724AAAAAAAAAAAAAAAAAAAAAAAAAAAAAA",
                "rendering": "text"
              }
            },
            {
              "type": "patientIdentifier",
              "label": "Patient Clinic No",
              "id": "patientClinicNo",
              "default": "",
              "questionOptions": {
                "rendering": "text",
                "identifierType": "b4d66522-11fc-45c7-83e3-39a1af21ae0d",
                "maxLength": "10",
                "minLength": "10"
              }
            },
            {
              "type": "patientIdentifier",
              "label": "CWC No (CWC-MFL code-year-serial number) e.g CWC-15007-2025-00001",
              "questionInfo": "",
              "id": "CwcFormat",
              "required": "true",
              "default": "",
              "questionOptions": {
                "rendering": "text",
                "identifierType": "1dc8b419-35f2-4316-8d68-135f0689859b"
              },
              "validators": [
                {
                  "type": "js_expression",
                  "failsWhenExpression": "doesNotMatchExpression('^CWC-\\\\d{5}-\\\\d{4}-\\\\d{5,6}$', CwcFormat)",
                  "message": "Please provide the correct format for the cwc number ie. CWC+mflCode+year-number eg.CWC-11902-2025-00062"
                }
              ]
            },
            {
              "label": "Permanent Register Number",
              "type": "obs",
              "id": "permanentRegisterNumber",
              "questionOptions": {
                "concept": "1646AAAAAAAAAAAAAAAAAAAAAAAAAAAAAAAA",
                "rendering": "text"
              }
            },
            {
              "type": "patientIdentifier",
              "label": "National Unique Patient Identifier",
              "id": "nuPi",
              "default": "",
              "questionOptions": {
                "rendering": "text",
                "identifierType": "f85081e2-b4be-4e48-b3a4-7994b69bb101",
                "maxLength": "15",
                "minLength": "10"
              }
            }
          ]
        },
        {
          "label": "Contact details",
          "isExpanded": "true",
          "questions": [
            {
              "label": "Father's Name:",
              "type": "obs",
              "id": "pApa",
              "questionOptions": {
                "concept": "1646AAAAAAAAAAAAAAAAAAAAAAAAAAAAAAAA",
                "rendering": "text"
              }
            },
            {
              "label": "Mother's Name:",
              "type": "obs",
              "id": "mAma",
              "questionOptions": {
                "concept": "1646AAAAAAAAAAAAAAAAAAAAAAAAAAAAAAAA",
                "rendering": "text"
              }
            },
            {
              "label": "Guardian's Name:",
              "type": "obs",
              "id": "guardianSname",
              "questionOptions": {
                "concept": "1646AAAAAAAAAAAAAAAAAAAAAAAAAAAAAAAA",
                "rendering": "text"
              }
            },
            {
              "label": "Community Health Worker's Name",
              "type": "obs",
              "id": "communityHealthWorkersName",
              "questionOptions": {
                "concept": "164141AAAAAAAAAAAAAAAAAAAAAAAAAAAAAA",
                "rendering": "text"
              },
              "historicalExpression": "_.isEmpty(HD.getObject('prevEnc').getValue('164141AAAAAAAAAAAAAAAAAAAAAAAAAAAAAA')) ? undefined : HD.getObject('prevEnc').getValue('164141AAAAAAAAAAAAAAAAAAAAAAAAAAAAAA')"
            },
            {
              "label": "Alternative contact's name",
              "type": "obs",
              "id": "alternativeContactsName",
              "questionOptions": {
                "concept": "162729AAAAAAAAAAAAAAAAAAAAAAAAAAAAAA",
                "rendering": "text"
              }
            },
            {
              "label": "Contacts:",
              "type": "obs",
              "id": "contacts",
              "questionOptions": {
                "concept": "159635AAAAAAAAAAAAAAAAAAAAAAAAAAAAAA",
                "rendering": "text"
              }
            }
          ]
        },
        {
          "label": "Special Care",
          "isExpanded": "true",
          "questions": [
            {
              "label": "Does the child need special care?",
              "type": "obs",
              "id": "specialCare",
              "questionOptions": {
                "concept": "161630AAAAAAAAAAAAAAAAAAAAAAAAAAAAAA",
                "rendering": "radio",
                "answers": [
                  {
                    "concept": "161628AAAAAAAAAAAAAAAAAAAAAAAAAAAAAA",
                    "label": "Yes"
                  },
                  {
                    "concept": "1066AAAAAAAAAAAAAAAAAAAAAAAAAAAAAAAA",
                    "label": "No"
                  }
                ]
              }
            },
            {
              "label": "Reasons For Special Care(Tick as appropriate)",
              "type": "obs",
              "id": "childWithSpecialNeeds",
              "questionOptions": {
                "concept": "161601AAAAAAAAAAAAAAAAAAAAAAAAAAAAAA",
                "rendering": "checkbox",
                "answers": [
                  {
                    "concept": "116222AAAAAAAAAAAAAAAAAAAAAAAAAAAAAA",
                    "label": "Birth weight less than 2.5 kg"
                  },
                  {
                    "concept": "162071AAAAAAAAAAAAAAAAAAAAAAAAAAAAAA",
                    "label": "Birth less than 2 years after last birth"
                  },
                  {
                    "concept": "162072AAAAAAAAAAAAAAAAAAAAAAAAAAAAAA",
                    "label": "Fifth or more child"
                  },
                  {
                    "concept": "162073AAAAAAAAAAAAAAAAAAAAAAAAAAAAAA",
                    "label": "Teenage mother"
                  },
                  {
                    "concept": "162074AAAAAAAAAAAAAAAAAAAAAAAAAAAAAA",
                    "label": "Brother or sisters undernourished"
                  },
                  {
                    "concept": "162075AAAAAAAAAAAAAAAAAAAAAAAAAAAAAA",
                    "label": "Multiple births(Twins,triplets)"
                  },
                  {
                    "concept": "162076AAAAAAAAAAAAAAAAAAAAAAAAAAAAAA",
                    "label": "Child in family dead"
                  },
                  {
                    "concept": "1174AAAAAAAAAAAAAAAAAAAAAAAAAAAAAAAA",
                    "label": "Orphan"
                  },
                  {
                    "concept": "161599AAAAAAAAAAAAAAAAAAAAAAAAAAAAAA",
                    "label": "Child has disability"
                  },
                  {
                    "concept": "1859AAAAAAAAAAAAAAAAAAAAAAAAAAAAAAAA",
                    "label": "Parent HIV positive"
                  },
                  {
                    "concept": "123174AAAAAAAAAAAAAAAAAAAAAAAAAAAAAA",
                    "label": "History/signs of child abuse/neglect"
                  }
                ]
              },
              "validators": [],
              "hide": {
                "hideWhenExpression": "specialCare !== '161628AAAAAAAAAAAAAAAAAAAAAAAAAAAAAA'"
              }
            }
          ]
        },
        {
          "label": "Exposure History",
          "isExpanded": "true",
          "questions": [
            {
              "label": "HIV Exposed Child?",
              "type": "obs",
              "id": "hivExposedChild",
              "required": "true",
              "questionOptions": {
                "concept": "5303AAAAAAAAAAAAAAAAAAAAAAAAAAAAAAAA",
                "rendering": "radio",
                "answers": [
                  {
                    "concept": "822AAAAAAAAAAAAAAAAAAAAAAAAAAAAAAAAA",
                    "label": "Yes"
                  },
                  {
                    "concept": "1066AAAAAAAAAAAAAAAAAAAAAAAAAAAAAAAA",
                    "label": "No"
                  },
                  {
                    "concept": "1067AAAAAAAAAAAAAAAAAAAAAAAAAAAAAAAA",
                    "label": "Unknown"
                  }
                ]
              }
            },
            {
              "type": "patientIdentifier",
              "label": "HEI ID Number",
              "questionInfo": "",
              "id": "heiNo",
              "required": "true",
              "default": "",
              "questionOptions": {
                "rendering": "text",
                "identifierType": "0691f522-dd67-4eeb-92c8-af5083baf338",
                "maxLength": "15",
                "minLength": "12"
              },
              "hide": {
                "hideWhenExpression": "isEmpty(hivExposedChild) || hivExposedChild !== '822AAAAAAAAAAAAAAAAAAAAAAAAAAAAAAAAA'"
              }
            },
            {
              "label": "SDP No",
              "type": "obs",
              "id": "sdpNo",
              "questionOptions": {
                "concept": "162054AAAAAAAAAAAAAAAAAAAAAAAAAAAAAA",
                "rendering": "text"
              },
              "hide": {
                "hideWhenExpression": "isEmpty(hivExposedChild) || hivExposedChild !== '822AAAAAAAAAAAAAAAAAAAAAAAAAAAAAAAAA'"
              }
            }
          ]
        },
        {
          "label": "Mother Details",
          "isExpanded": "true",
          "questions": [
            {
              "label": "Mother Alive?",
              "type": "obs",
              "id": "motherAlive",
              "questionOptions": {
                "concept": "159481AAAAAAAAAAAAAAAAAAAAAAAAAAAAAA",
                "rendering": "select",
                "answers": [
                  {
                    "concept": "1065AAAAAAAAAAAAAAAAAAAAAAAAAAAAAAAA",
                    "label": "Yes"
                  },
                  {
                    "concept": "1066AAAAAAAAAAAAAAAAAAAAAAAAAAAAAAAA",
                    "label": "No"
                  }
                ]
              }
            },
            {
              "label": "History of TB Contact in Household?",
              "type": "obs",
              "id": "tbContact",
              "questionOptions": {
                "concept": "152460AAAAAAAAAAAAAAAAAAAAAAAAAAAAAA",
                "rendering": "radio",
                "answers": [
                  {
                    "concept": "1065AAAAAAAAAAAAAAAAAAAAAAAAAAAAAAAA",
                    "label": "Yes"
                  },
                  {
                    "concept": "1066AAAAAAAAAAAAAAAAAAAAAAAAAAAAAAAA",
                    "label": "No"
                  }
                ]
              }
            },
            {
              "label": "Is the mother Breastfeeding?",
              "type": "obs",
              "id": "motherBreastfeeding",
              "questionOptions": {
                "concept": "159941AAAAAAAAAAAAAAAAAAAAAAAAAAAAAA",
                "rendering": "radio",
                "answers": [
                  {
                    "concept": "1065AAAAAAAAAAAAAAAAAAAAAAAAAAAAAAAA",
                    "label": "Yes"
                  },
                  {
                    "concept": "1066AAAAAAAAAAAAAAAAAAAAAAAAAAAAAAAA",
                    "label": "No"
                  },
                  {
                    "concept": "1067AAAAAAAAAAAAAAAAAAAAAAAAAAAAAAAA",
                    "label": "Unknown"
                  }
                ]
              }
            }
          ]
        },
        {
          "label": "Referral details",
          "isExpanded": "true",
          "questions": [
            {
              "label": "Source of Referral",
              "type": "obs",
              "id": "sourceOfReferral",
              "questionOptions": {
                "concept": "160540AAAAAAAAAAAAAAAAAAAAAAAAAAAAAA",
                "rendering": "radio",
                "answers": [
                  {
                    "concept": "160537AAAAAAAAAAAAAAAAAAAAAAAAAAAAAA",
                    "label": "Paediatric"
                  },
                  {
                    "concept": "160456AAAAAAAAAAAAAAAAAAAAAAAAAAAAAA",
                    "label": "Maternity"
                  },
                  {
                    "concept": "162050AAAAAAAAAAAAAAAAAAAAAAAAAAAAAA",
                    "label": "CCC"
                  },
                  {
                    "concept": "160538AAAAAAAAAAAAAAAAAAAAAAAAAAAAAA",
                    "label": "MCH/PMTCT"
                  },
                  {
                    "concept": "160542AAAAAAAAAAAAAAAAAAAAAAAAAAAAAA",
                    "label": "OPD"
                  },
                  {
                    "concept": "5622AAAAAAAAAAAAAAAAAAAAAAAAAAAAAAAA",
                    "label": "Other"
                  }
                ]
              }
            },
            {
              "label": "Transfer in?",
              "type": "obs",
              "id": "transferStatus",
              "questionOptions": {
                "concept": "160563AAAAAAAAAAAAAAAAAAAAAAAAAAAAAA",
                "rendering": "radio",
                "answers": [
                  {
                    "concept": "1065AAAAAAAAAAAAAAAAAAAAAAAAAAAAAAAA",
                    "label": "Yes"
                  },
                  {
                    "concept": "1066AAAAAAAAAAAAAAAAAAAAAAAAAAAAAAAA",
                    "label": "No"
                  }
                ]
              }
            },
            {
              "label": "Transfer in date:",
              "type": "obs",
              "id": "transferInDate",
              "questionOptions": {
                "concept": "160534AAAAAAAAAAAAAAAAAAAAAAAAAAAAAA",
                "rendering": "date"
              },
              "validators": [
                {
                  "type": "date",
                  "allowFutureDates": "false"
                }
              ],
              "hide": {
                "hideWhenExpression": "transferStatus !== '1065AAAAAAAAAAAAAAAAAAAAAAAAAAAAAAAA'"
              }
            },
            {
              "label": "Transferred from facility:",
              "type": "obs",
              "id": "transferredFromFacility",
              "questionOptions": {
                "concept": "160535AAAAAAAAAAAAAAAAAAAAAAAAAAAAAA",
                "rendering": "text"
              },
              "validators": [],
              "hide": {
                "hideWhenExpression": "transferStatus !== '1065AAAAAAAAAAAAAAAAAAAAAAAAAAAAAAAA'"
              }
            },
            {
              "label": "In District:",
              "type": "obs",
              "id": "inDistrict",
              "questionOptions": {
                "concept": "161551AAAAAAAAAAAAAAAAAAAAAAAAAAAAAA",
                "rendering": "text"
              },
              "validators": [],
              "hide": {
                "hideWhenExpression": "transferStatus !== '1065AAAAAAAAAAAAAAAAAAAAAAAAAAAAAAAA'"
              }
            },
            {
              "label": "Date enrolled in HEI care:",
              "type": "obs",
              "id": "dateEnrolledHeiCare",
              "questionOptions": {
                "concept": "160555AAAAAAAAAAAAAAAAAAAAAAAAAAAAAA",
                "rendering": "date"
              },
              "validators": [
                {
                  "type": "date",
                  "allowFutureDates": "false"
                }
              ],
              "hide": {
                "hideWhenExpression": "transferStatus !== '1065AAAAAAAAAAAAAAAAAAAAAAAAAAAAAAAA'"
              }
            }
          ]
        },
        {
          "label": "Child ARV Prophylaxis",
          "isExpanded": "true",
          "questions": [
            {
              "label": "Type of ARV prophylaxis",
              "type": "obs",
              "id": "childProphylaxis",
              "questionOptions": {
                "concept": "1282AAAAAAAAAAAAAAAAAAAAAAAAAAAAAAAA",
                "rendering": "select",
                "answers": [
                  {
                    "concept": "78643AAAAAAAAAAAAAAAAAAAAAAAAAAAAAAA",
                    "label": "3TC Liquid BD"
                  },
                  {
                    "concept": "80586AAAAAAAAAAAAAAAAAAAAAAAAAAAAAAA",
                    "label": "Sd NVP Only"
                  },
                  {
                    "concept": "1107AAAAAAAAAAAAAAAAAAAAAAAAAAAAAAAA",
                    "label": "Other"
                  },
                  {
                    "concept": "160123AAAAAAAAAAAAAAAAAAAAAAAAAAAAAA",
                    "label": "AZT Liquid BD for 6 weeks"
                  },
                  {
                    "concept": "1149AAAAAAAAAAAAAAAAAAAAAAAAAAAAAAAA",
                    "label": "None"
                  },
                  {
                    "concept": "162326AAAAAAAAAAAAAAAAAAAAAAAAAAAAAA",
                    "label": "NVP for 6 weeks(Mother on HAART)"
                  }
                ]
              },
              "hide": {
                "hideWhenExpression": "isEmpty(hivExposedChild) || hivExposedChild !== '822AAAAAAAAAAAAAAAAAAAAAAAAAAAAAAAAA'"
              }
            },
            {
              "label": "NVP during BF?",
              "type": "obs",
              "id": "childNvp",
              "questionOptions": {
                "concept": "1282AAAAAAAAAAAAAAAAAAAAAAAAAAAAAAAA",
                "rendering": "checkbox",
                "answers": [
                  {
                    "concept": "80586AAAAAAAAAAAAAAAAAAAAAAAAAAAAAAA",
                    "label": "NEVIRAPINE"
                  }
                ]
              },
              "hide": {
                "hideWhenExpression": "isEmpty(hivExposedChild) || hivExposedChild !== '1065AAAAAAAAAAAAAAAAAAAAAAAAAAAAAAAA'"
              }
            }
          ]
        },
        {
          "label": "Mother's ARV profile",
          "isExpanded": "true",
          "questions": [
            {
              "label": "Facility registered:",
              "type": "obs",
              "id": "facilityRegistered",
              "questionOptions": {
                "concept": "162724AAAAAAAAAAAAAAAAAAAAAAAAAAAAAA",
                "rendering": "text"
              },
              "hide": {
                "hideWhenExpression": "isEmpty(hivExposedChild) || hivExposedChild !== '1065AAAAAAAAAAAAAAAAAAAAAAAAAAAAAAAA'"
              }
            },
            {
              "label": "Mother's CCC No.",
              "type": "obs",
              "id": "mothersCcc",
              "questionOptions": {
                "concept": "162053AAAAAAAAAAAAAAAAAAAAAAAAAAAAAA",
                "rendering": "number"
              },
              "hide": {
                "hideWhenExpression": "isEmpty(hivExposedChild) || hivExposedChild !== '1065AAAAAAAAAAAAAAAAAAAAAAAAAAAAAAAA'"
              }
            },
            {
              "label": "Mother On ART at Enrollment of Infant",
              "type": "obs",
              "id": "onART",
              "questionOptions": {
                "concept": "162055AAAAAAAAAAAAAAAAAAAAAAAAAAAAAA",
                "rendering": "radio",
                "answers": [
                  {
                    "concept": "1065AAAAAAAAAAAAAAAAAAAAAAAAAAAAAAAA",
                    "label": "Yes"
                  },
                  {
                    "concept": "1066AAAAAAAAAAAAAAAAAAAAAAAAAAAAAAAA",
                    "label": "No"
                  }
                ]
              },
              "hide": {
                "hideWhenExpression": "isEmpty(hivExposedChild) || hivExposedChild !== '822AAAAAAAAAAAAAAAAAAAAAAAAAAAAAAAAA'"
              }
            },
            {
              "label": "If yes, select regimen",
              "type": "obs",
              "id": "currentMothersRegimen",
              "questionOptions": {
                "concept": "1088AAAAAAAAAAAAAAAAAAAAAAAAAAAAAAAA",
                "rendering": "select",
                "answers": [
                  {
                    "concept": "165605AAAAAAAAAAAAAAAAAAAAAAAAAAAAAA",
                    "label": "TDF/3TC/DTG"
                    },
                  {
                    "concept": "162559AAAAAAAAAAAAAAAAAAAAAAAAAAAAAA",
                    "label": "ABC/DDI/LPV/r"
                  },
                  {
                    "concept": "162562AAAAAAAAAAAAAAAAAAAAAAAAAAAAAA",
                    "label": "ABC/LPV/R/TDF"
                  },
                  {
                    "concept": "161361AAAAAAAAAAAAAAAAAAAAAAAAAAAAAA",
                    "label": "EDF/3TC/EFV"
                  },
                  {
                    "concept": "792AAAAAAAAAAAAAAAAAAAAAAAAAAAAAAAAA",
                    "label": "D4T/3TC/NVP"
                  },
                  {
                    "concept": "162200AAAAAAAAAAAAAAAAAAAAAAAAAAAAAA",
                    "label": "3TC/ABC/LPV/r"
                  },
                  {
                    "concept": "164511AAAAAAAAAAAAAAAAAAAAAAAAAAAAAA",
                    "label": "AZT-3TC-ATV/r"
                  },
                  {
                    "concept": "162563AAAAAAAAAAAAAAAAAAAAAAAAAAAAAA",
                    "label": "3TC/ABC/EFV"
                  },
                  {
                    "concept": "164505AAAAAAAAAAAAAAAAAAAAAAAAAAAAAA",
                    "label": "TDF/3TC/EFV"
                  },
                  {
                    "concept": "817AAAAAAAAAAAAAAAAAAAAAAAAAAAAAAAAA",
                    "label": "ABC/3TC/AZT"
                  },
                  {
                    "concept": "1652AAAAAAAAAAAAAAAAAAAAAAAAAAAAAAAA",
                    "label": "3TC/NVP/AZT"
                  },
                  {
                    "concept": "162560AAAAAAAAAAAAAAAAAAAAAAAAAAAAAA",
                    "label": "3TC/D4T/LPV/r"
                  },
                  {
                    "concept": "162199AAAAAAAAAAAAAAAAAAAAAAAAAAAAAA",
                    "label": "ABC/NVP/3TC"
                  },
                  {
                    "concept": "164512AAAAAAAAAAAAAAAAAAAAAAAAAAAAAA",
                    "label": "TDF-3TC-ATV/r"
                  },
                  {
                    "concept": "104565AAAAAAAAAAAAAAAAAAAAAAAAAAAAAA",
                    "label": "EFV/FTC/TDF"
                  },
                  {
                    "concept": "162201AAAAAAAAAAAAAAAAAAAAAAAAAAAAAA",
                    "label": "3TC/LPV/TDF/r"
                  },
                  {
                    "concept": "162565AAAAAAAAAAAAAAAAAAAAAAAAAAAAAA",
                    "label": "3TC/NVP/TDF"
                  },
                  {
                    "concept": "162561AAAAAAAAAAAAAAAAAAAAAAAAAAAAAA",
                    "label": "3TC/AZT/LPV/r"
                  },
                  {
                    "concept": "160124AAAAAAAAAAAAAAAAAAAAAAAAAAAAAA",
                    "label": "AZT/3TC/EFV"
                  },
                  {
                    "concept": "160104AAAAAAAAAAAAAAAAAAAAAAAAAAAAAA",
                    "label": "D4T/3TC/EFV"
                  }
                ]
              },
              "hide": {
                "hideWhenExpression": "onART !== '1065AAAAAAAAAAAAAAAAAAAAAAAAAAAAAAAA'"
              }
            }
          ]
        }
      ]
    }
  ],
  "processor": "EncounterFormProcessor",
  "referencedForms": [],
  "encounterType": "415f5136-ca4a-49a8-8db3-f994187c3af6"
}