{
    "name": "NCD Initial Form",
    "description": "A form to record NCD data",
    "version": "1",
    "published": true,
    "uuid": "c4994dd7-f2b6-4c28-bdc7-8b1d9d2a6a97",
    "retired": false,
    "encounter": "NCD Initial",
    "meta": {
      "programs": {
        "uuid": "ffee43c4-9ccd-4e55-8a70-93194e7fafc6",
        "isEnrollment": true,
        "discontinuationDateQuestionId": ""
      }
    },
    "pages": [
      {
        "label": "Visit Details",
        "sections": [
          {
            "label": "Encounter Details",
            "isExpanded": "true",
            "questions": [
              {
                "label": "Visit date:",
                "type": "encounterDatetime",
                "required": "true",
                "id": "encDate",
                "questionOptions": {
                  "rendering": "date"
                },
                "validators": [
                  {
                    "type": "date",
                    "allowFutureDates": "false"
                  }
                ]
              },
              {
                "label": "Provider:",
                "type": "encounterProvider",
                "questionOptions": {
                  "rendering": "ui-select-extended"
                },
                "id": "encProvider "
              },
              {
                "label": "Location:",
                "type": "encounterLocation",
                "questionOptions": {
                  "rendering": "ui-select-extended"
                },
                "id": "encLocation"
              }
            ]
          },
          {
            "label": "Referral Status",
            "isExpanded": "true",
            "questions": [
              {
                "label": "Is patient a referral?",
                "type": "obs",
                "required": true,
                "id": "patientReferral",
                "questionOptions": {
                  "rendering": "radio",
                  "concept": "0dcc1312-e83e-4317-97c3-4b127b599744",
                  "answers": [
                    {
                      "concept": "1065AAAAAAAAAAAAAAAAAAAAAAAAAAAAAAAA",
                      "label": "Yes"
                    },
                    {
                      "concept": "1066AAAAAAAAAAAAAAAAAAAAAAAAAAAAAAAA",
                      "label": "No"
                    }
                  ]
                }
              },
              {
                "label": "Specify referring facility",
                "type": "obs",
                "required": true,
                "id": "specifyReferring",
                "questionOptions": {
                  "rendering": "text",
                  "concept": "161550AAAAAAAAAAAAAAAAAAAAAAAAAAAAAA"
                },
                "validators": [],
                "hide": {
                  "hideWhenExpression": "isEmpty(patientReferral) || patientReferral != '1065AAAAAAAAAAAAAAAAAAAAAAAAAAAAAAAA'"
                }
              },
              {
                "label": "Referring point",
                "type": "obs",
                "required": true,
                "id": "referringPoint",
                "questionOptions": {
                  "rendering": "radio",
                  "concept": "159371AAAAAAAAAAAAAAAAAAAAAAAAAAAAAA",
                  "answers": [
                    {
                      "concept": "167050AAAAAAAAAAAAAAAAAAAAAAAAAAAAAA",
                      "label": "Inpatient"
                    },
                    {
                      "concept": "160473AAAAAAAAAAAAAAAAAAAAAAAAAAAAAA",
                      "label": "Casualty"
                    },
                    {
                      "concept": "160542AAAAAAAAAAAAAAAAAAAAAAAAAAAAAA",
                      "label": "OPD"
                    },
                    {
                      "concept": "1555AAAAAAAAAAAAAAAAAAAAAAAAAAAAAAAA",
                      "label": "CHW"
                    },
                    {
                      "concept": "5622AAAAAAAAAAAAAAAAAAAAAAAAAAAAAAAA",
                      "label": "Other"
                    }
                  ]
                },
                "validators": [],
                "hide": {
                  "hideWhenExpression": "isEmpty(patientReferral) || patientReferral != '1065AAAAAAAAAAAAAAAAAAAAAAAAAAAAAAAA'"
                }
              },
              {
                "label": "Specify",
                "type": "obs",
                "required": true,
                "id": "specify",
                "questionOptions": {
                  "rendering": "text",
                  "concept": "161011AAAAAAAAAAAAAAAAAAAAAAAAAAAAAA"
                },
                "validators": [],
                "hide": {
                  "hideWhenExpression": "isEmpty(referringPoint) || referringPoint != '5622AAAAAAAAAAAAAAAAAAAAAAAAAAAAAAAA'"
                }
              }
            ]
          }
        ]
      },
      {
        "label": "Patient History",
        "sections": [
          {
            "label": "Chief Complaints",
            "isExpanded": "true",
            "questions": [
              {
                "label": "Patient having complaint(s) today?",
                "type": "obs",
                "required": "true",
                "id": "havingComplaints",
                "questionOptions": {
                  "rendering": "radio",
                  "concept": "1628AAAAAAAAAAAAAAAAAAAAAAAAAAAAAAAA",
                  "answers": [
                    {
                      "concept": "1065AAAAAAAAAAAAAAAAAAAAAAAAAAAAAAAA",
                      "label": "Yes"
                    },
                    {
                      "concept": "1066AAAAAAAAAAAAAAAAAAAAAAAAAAAAAAAA",
                      "label": "No"
                    }
                  ]
                },
                "validators": []
              },
              {
                "label": "Specify complaint",
                "type": "obs",
                "required": true,
                "id": "specifyComplaint",
                "questionOptions": {
                  "rendering": "checkbox",
                  "concept": "5219AAAAAAAAAAAAAAAAAAAAAAAAAAAAAAAA",
                  "answers": [
                    {
                      "concept": "147104AAAAAAAAAAAAAAAAAAAAAAAAAAAAAA",
                      "label": "Blurring of vision"
                    },
                    {
                      "concept": "135592AAAAAAAAAAAAAAAAAAAAAAAAAAAAAA",
                      "label": "Loss of consciousness"
                    },
                    {
                      "concept": "156046AAAAAAAAAAAAAAAAAAAAAAAAAAAAAA",
                      "label": "Recurrent dizziness"
                    },
                    {
                      "concept": "116860AAAAAAAAAAAAAAAAAAAAAAAAAAAAAA",
                      "label": "Foot complaints"
                    },
                    {
                      "concept": "141600AAAAAAAAAAAAAAAAAAAAAAAAAAAAAA",
                      "label": "Shortness of breath on activity"
                    },
                    {
                      "concept": "130987AAAAAAAAAAAAAAAAAAAAAAAAAAAAAA",
                      "label": "Palpitations (Heart racing)"
                    },
                    {
                      "concept": "6005AAAAAAAAAAAAAAAAAAAAAAAAAAAAAAAA",
                      "label": "Focal weakness"
                    },
                    {
                      "concept": "112961AAAAAAAAAAAAAAAAAAAAAAAAAAAAAA",
                      "label": "Fainting"
                    },
                    {
                      "concept": "135966AAAAAAAAAAAAAAAAAAAAAAAAAAAAAA",
                      "label": "Leg swelling"
                    }
                  ]
                },
                "hide": {
                  "hideWhenExpression": "isEmpty(havingComplaints) || havingComplaints != '1065AAAAAAAAAAAAAAAAAAAAAAAAAAAAAAAA'"
                }
              },
              {
                "label": "Clinical Notes",
                "type": "obs",
                "id": "clinicNotes",
                "questionOptions": {
                  "rendering": "textarea",
                  "concept": "160632AAAAAAAAAAAAAAAAAAAAAAAAAAAAAA"
                },
                "validators": []
              },
              {
                "label": "Do you smoke?",
                "type": "obs",
                "required": "true",
                "id": "Smoking",
                "questionOptions": {
                  "rendering": "radio",
                  "concept": "152722AAAAAAAAAAAAAAAAAAAAAAAAAAAAAA",
                  "answers": [
                    {
                      "concept": "1065AAAAAAAAAAAAAAAAAAAAAAAAAAAAAAAA",
                      "label": "Yes"
                    },
                    {
                      "concept": "1066AAAAAAAAAAAAAAAAAAAAAAAAAAAAAAAA",
                      "label": "No"
                    },
                    {
                      "concept": "158939AAAAAAAAAAAAAAAAAAAAAAAAAAAAAA",
                      "label": "Stopped"
                    }
                  ]
                },
                "validators": []
              },
              {
                "label": "If stopped, date stopped?",
                "type": "obs",
                "required": "true",
                "id": "stoppedSmoking",
                "questionOptions": {
                  "rendering": "date",
                  "concept": "1191AAAAAAAAAAAAAAAAAAAAAAAAAAAAAAAA"
                },
                "hide": {
                  "hideWhenExpression": "isEmpty(Smoking) || Smoking != '158939AAAAAAAAAAAAAAAAAAAAAAAAAAAAAA'"
                }
              },
              {
                "label": "Do you sometimes drink alcohol?",
                "type": "obs",
                "required": "true",
                "id": "drinkAlcohol",
                "questionOptions": {
                  "rendering": "radio",
                  "concept": "159449AAAAAAAAAAAAAAAAAAAAAAAAAAAAAA",
                  "answers": [
                    {
                      "concept": "1065AAAAAAAAAAAAAAAAAAAAAAAAAAAAAAAA",
                      "label": "Yes"
                    },
                    {
                      "concept": "1066AAAAAAAAAAAAAAAAAAAAAAAAAAAAAAAA",
                      "label": "No"
                    },
                    {
                      "concept": "159452AAAAAAAAAAAAAAAAAAAAAAAAAAAAAA",
                      "label": "Stopped"
                    }
                  ]
                },
                "validators": []
              },
              {
                "label": "If stopped, date stopped?",
                "type": "obs",
                "id": "stoppedDrinking",
                "required": "true",
                "questionOptions": {
                  "concept": "1191AAAAAAAAAAAAAAAAAAAAAAAAAAAAAAAA",
                  "rendering": "date"
                },
                "hide": {
                  "hideWhenExpression": "isEmpty(drinkAlcohol) || drinkAlcohol != '159452AAAAAAAAAAAAAAAAAAAAAAAAAAAAAA'"
                }
              },
              {
                "label": "Cessation counseling?",
                "type": "obs",
                "required": "true",
                "id": "cessationCounselling",
                "questionOptions": {
                  "rendering": "radio",
                  "concept": "1455AAAAAAAAAAAAAAAAAAAAAAAAAAAAAAAA",
                  "answers": [
                    {
                      "concept": "1065AAAAAAAAAAAAAAAAAAAAAAAAAAAAAAAA",
                      "label": "Yes"
                    },
                    {
                      "concept": "1066AAAAAAAAAAAAAAAAAAAAAAAAAAAAAAAA",
                      "label": "No"
                    }
                  ]
                },
                "hide": {
                  "hideWhenExpression": "((String(drinkAlcohol) === '1065AAAAAAAAAAAAAAAAAAAAAAAAAAAAAAAA' ? 1 : 0) + (String(Smoking) === '1065AAAAAAAAAAAAAAAAAAAAAAAAAAAAAAAA' ? 1 : 0)) < 1"
                }
              }
            ]
          },
          {
            "label": "Complications",
            "isExpanded": "true",
            "questions": [
              {
                "label": "Patient having complications?",
                "type": "obs",
                "required": true,
                "id": "havingComplications",
                "questionOptions": {
                  "rendering": "radio",
                  "concept": "6042AAAAAAAAAAAAAAAAAAAAAAAAAAAAAAAA",
                  "answers": [
                    {
                      "concept": "1065AAAAAAAAAAAAAAAAAAAAAAAAAAAAAAAA",
                      "label": "Yes"
                    },
                    {
                      "concept": "1066AAAAAAAAAAAAAAAAAAAAAAAAAAAAAAAA",
                      "label": "No"
                    }
                  ]
                }
              },
              {
                "label": "Which complications?",
                "type": "obs",
                "required": "true",
                "id": "specifyComplications",
                "questionOptions": {
                  "rendering": "multiCheckbox",
                  "concept": "6042AAAAAAAAAAAAAAAAAAAAAAAAAAAAAAAA",
                  "answers": [
                    {
                      "concept": "111103AAAAAAAAAAAAAAAAAAAAAAAAAAAAAA",
                      "label": "Stroke"
                    },
                    {
                      "concept": "159298AAAAAAAAAAAAAAAAAAAAAAAAAAAAAA",
                      "label": "Visual impairment"
                    },
                    {
                      "concept": "139069AAAAAAAAAAAAAAAAAAAAAAAAAAAAAA",
                      "label": "Heart failure"
                    },
                    {
                      "concept": "163411AAAAAAAAAAAAAAAAAAAAAAAAAAAAAA",
                      "label": "Foot ulcers/deformity"
                    },
                    {
                      "concept": "6033AAAAAAAAAAAAAAAAAAAAAAAAAAAAAAAA",
                      "label": "Renal disease"
                    },
                    {
                      "concept": "116123AAAAAAAAAAAAAAAAAAAAAAAAAAAAAA",
                      "label": "Erectile dysfunction"
                    },
                    {
                      "concept": "118983AAAAAAAAAAAAAAAAAAAAAAAAAAAAAA",
                      "label": "Peripheral Neuropathy"
                    },
                    {
                      "concept": "5622AAAAAAAAAAAAAAAAAAAAAAAAAAAAAAAA",
                      "label": "Other"
                    }
                  ]
                },
                "hide": {
                  "hideWhenExpression": "isEmpty(havingComplications) || havingComplications != '1065AAAAAAAAAAAAAAAAAAAAAAAAAAAAAAAA'"
                }
              },
              {
                "label": "Specify",
                "type": "obs",
                "required": true,
                "id": "specifFyOther",
                "questionOptions": {
                  "rendering": "text",
                  "concept": "161011AAAAAAAAAAAAAAAAAAAAAAAAAAAAAA"
                },
                "validators": [],
                "hide": {
                  "hideWhenExpression": "isEmpty(specifyComplications) || specifyComplications != '5622AAAAAAAAAAAAAAAAAAAAAAAAAAAAAAAA'"
                }
              }
            ]
          }
        ]
      },
      {
        "label": "Patient's Examination",
        "sections": [
          {
            "label": "Physical examination",
            "isExpanded": "true",
            "questions": [
              {
                "label": "General examination findings:",
                "required": "true",
                "id": "genExamFindings",
                "type": "obs",
                "questionOptions": {
                  "rendering": "checkbox",
                  "concept": "162737AAAAAAAAAAAAAAAAAAAAAAAAAAAAAA",
                  "answers": [
                    {
                      "concept": "1107AAAAAAAAAAAAAAAAAAAAAAAAAAAAAAAA",
                      "label": "None"
                    },
                    {
                      "concept": "143050AAAAAAAAAAAAAAAAAAAAAAAAAAAAAA",
                      "label": "Cyanosis",
                      "disableWhenExpression": "myValue === '1107AAAAAAAAAAAAAAAAAAAAAAAAAAAAAAAA'"
                    },
                    {
                      "concept": "142630AAAAAAAAAAAAAAAAAAAAAAAAAAAAAA",
                      "label": "Dehydration",
                      "disableWhenExpression": "myValue === '1107AAAAAAAAAAAAAAAAAAAAAAAAAAAAAAAA'"
                    },
                    {
                      "concept": "140125AAAAAAAAAAAAAAAAAAAAAAAAAAAAAA",
                      "label": "Finger Clubbing",
                      "disableWhenExpression": "myValue === '1107AAAAAAAAAAAAAAAAAAAAAAAAAAAAAAAA'"
                    },
                    {
                      "concept": "136443AAAAAAAAAAAAAAAAAAAAAAAAAAAAAA",
                      "label": "Jaundice",
                      "disableWhenExpression": "myValue === '1107AAAAAAAAAAAAAAAAAAAAAAAAAAAAAAAA'"
                    },
                    {
                      "concept": "116334AAAAAAAAAAAAAAAAAAAAAAAAAAAAAA",
                      "label": "Lethargic",
                      "disableWhenExpression": "myValue === '1107AAAAAAAAAAAAAAAAAAAAAAAAAAAAAAAA'"
                    },
                    {
                      "concept": "126952AAAAAAAAAAAAAAAAAAAAAAAAAAAAAA",
                      "label": "Lymph Node Axillary",
                      "disableWhenExpression": "myValue === '1107AAAAAAAAAAAAAAAAAAAAAAAAAAAAAAAA'"
                    },
                    {
                      "concept": "126939AAAAAAAAAAAAAAAAAAAAAAAAAAAAAA",
                      "label": "Lymph Nodes Inguinal",
                      "disableWhenExpression": "myValue === '1107AAAAAAAAAAAAAAAAAAAAAAAAAAAAAAAA'"
                    },
                    {
                      "concept": "1861AAAAAAAAAAAAAAAAAAAAAAAAAAAAAAAA",
                      "label": "Nasal Flaring",
                      "disableWhenExpression": "myValue === '1107AAAAAAAAAAAAAAAAAAAAAAAAAAAAAAAA'"
                    },
                    {
                      "concept": "460AAAAAAAAAAAAAAAAAAAAAAAAAAAAAAAAA",
                      "label": "Oedema",
                      "disableWhenExpression": "myValue === '1107AAAAAAAAAAAAAAAAAAAAAAAAAAAAAAAA'"
                    },
                    {
                      "concept": "5334AAAAAAAAAAAAAAAAAAAAAAAAAAAAAAAA",
                      "label": "Oral thrush",
                      "disableWhenExpression": "myValue === '1107AAAAAAAAAAAAAAAAAAAAAAAAAAAAAAAA'"
                    },
                    {
                      "concept": "5245AAAAAAAAAAAAAAAAAAAAAAAAAAAAAAAA",
                      "label": "Pallor",
                      "disableWhenExpression": "myValue === '1107AAAAAAAAAAAAAAAAAAAAAAAAAAAAAAAA'"
                    },
                    {
                      "concept": "206AAAAAAAAAAAAAAAAAAAAAAAAAAAAAAAAA",
                      "label": "Convulsions",
                      "disableWhenExpression": "myValue === '1107AAAAAAAAAAAAAAAAAAAAAAAAAAAAAAAA'"
                    },
                    {
                      "concept": "823AAAAAAAAAAAAAAAAAAAAAAAAAAAAAAAAA",
                      "label": "Wasting",
                      "disableWhenExpression": "myValue === '1107AAAAAAAAAAAAAAAAAAAAAAAAAAAAAAAA'"
                    }
                  ]
                },
                "hide": {
                  "hideWhenExpression": "visitTo === '167050AAAAAAAAAAAAAAAAAAAAAAAAAAAAAA'"
                },
                "validators": []
              },
              {
                "label": "Cardiovascular",
                "type": "obs",
                "required": "true",
                "id": "cardioVascular",
                "questionOptions": {
                  "rendering": "radio",
                  "concept": "1124AAAAAAAAAAAAAAAAAAAAAAAAAAAAAAAA",
                  "answers": [
                    {
                      "concept": "1115AAAAAAAAAAAAAAAAAAAAAAAAAAAAAAAA",
                      "label": "Normal"
                    },
                    {
                      "concept": "1116AAAAAAAAAAAAAAAAAAAAAAAAAAAAAAAA",
                      "label": "Abnormal"
                    }
                  ]
                },
                "validators": []
              },
              {
                "label": "Description",
                "type": "obs",
                "required": "true",
                "id": "CadioDesc",
                "questionOptions": {
                  "rendering": "textarea",
                  "concept": "163046AAAAAAAAAAAAAAAAAAAAAAAAAAAAAA",
                  "rows": "15"
                },
                "validators": [],
                "hide": {
                  "hideWhenExpression": "isEmpty(cardioVascular) || cardioVascular !== '1116AAAAAAAAAAAAAAAAAAAAAAAAAAAAAAAA'"
                }
              },
              {
                "label": "Respiratory",
                "type": "obs",
                "required": "true",
                "id": "resPiratory",
                "questionOptions": {
                  "rendering": "radio",
                  "concept": "1124AAAAAAAAAAAAAAAAAAAAAAAAAAAAAAAA",
                  "answers": [
                    {
                      "concept": "1115AAAAAAAAAAAAAAAAAAAAAAAAAAAAAAAA",
                      "label": "Normal"
                    },
                    {
                      "concept": "1116AAAAAAAAAAAAAAAAAAAAAAAAAAAAAAAA",
                      "label": "Abnormal"
                    }
                  ]
                },
                "validators": []
              },
              {
                "label": "Description",
                "type": "obs",
                "required": "true",
                "id": "resPiratoryDesc",
                "questionOptions": {
                  "rendering": "textarea",
                  "concept": "163046AAAAAAAAAAAAAAAAAAAAAAAAAAAAAA",
                  "rows": "15"
                },
                "validators": [],
                "hide": {
                  "hideWhenExpression": "isEmpty(resPiratory) || resPiratory !== '1116AAAAAAAAAAAAAAAAAAAAAAAAAAAAAAAA'"
                }
              },
              {
                "label": "Abdominal pelvic",
                "type": "obs",
                "required": "true",
                "id": "abdominalPelvic",
                "questionOptions": {
                  "rendering": "radio",
                  "concept": "1124AAAAAAAAAAAAAAAAAAAAAAAAAAAAAAAA",
                  "answers": [
                    {
                      "concept": "1115AAAAAAAAAAAAAAAAAAAAAAAAAAAAAAAA",
                      "label": "Normal"
                    },
                    {
                      "concept": "1116AAAAAAAAAAAAAAAAAAAAAAAAAAAAAAAA",
                      "label": "Abnormal"
                    }
                  ]
                },
                "validators": []
              },
              {
                "label": "Description",
                "type": "obs",
                "required": false,
                "id": "pelvicDescription",
                "questionOptions": {
                  "rendering": "textarea",
                  "concept": "163046AAAAAAAAAAAAAAAAAAAAAAAAAAAAAA",
                  "rows": "15"
                },
                "validators": [],
                "hide": {
                  "hideWhenExpression": "isEmpty(abdominalPelvic) || abdominalPelvic !== '1116AAAAAAAAAAAAAAAAAAAAAAAAAAAAAAAA'"
                }
              },
              {
                "label": "Neurological examination",
                "type": "obs",
                "required": "true",
                "id": "neurologicalExam",
                "questionOptions": {
                  "rendering": "radio",
                  "concept": "1124AAAAAAAAAAAAAAAAAAAAAAAAAAAAAAAA",
                  "answers": [
                    {
                      "concept": "1115AAAAAAAAAAAAAAAAAAAAAAAAAAAAAAAA",
                      "label": "Normal"
                    },
                    {
                      "concept": "1116AAAAAAAAAAAAAAAAAAAAAAAAAAAAAAAA",
                      "label": "Abnormal"
                    }
                  ]
                },
                "validators": []
              },
              {
                "label": "Description",
                "type": "obs",
                "required": false,
                "id": "neurologicalDesc",
                "questionOptions": {
                  "rendering": "textarea",
                  "concept": "163046AAAAAAAAAAAAAAAAAAAAAAAAAAAAAA",
                  "row": "15"
                },
                "validators": [],
                "hide": {
                  "hideWhenExpression": "isEmpty(neurologicalExam) || neurologicalExam !== '1116AAAAAAAAAAAAAAAAAAAAAAAAAAAAAAAA'"
                }
              },
              {
                "label": " Oral exam",
                "type": "obs",
                "required": "true",
                "id": "examOral",
                "questionOptions": {
                  "rendering": "radio",
                  "concept": "163308AAAAAAAAAAAAAAAAAAAAAAAAAAAAAA",
                  "answers": [
                    {
                      "concept": "1115AAAAAAAAAAAAAAAAAAAAAAAAAAAAAAAA",
                      "label": "Normal"
                    },
                    {
                      "concept": "1116AAAAAAAAAAAAAAAAAAAAAAAAAAAAAAAA",
                      "label": "Abnormal"
                    }
                  ]
                },
                "validators": []
              },
              {
                "label": "Description",
                "type": "obs",
                "required": false,
                "id": "oRalDescp",
                "questionOptions": {
                  "rendering": "textarea",
                  "concept": "163046AAAAAAAAAAAAAAAAAAAAAAAAAAAAAA",
                  "row": "15"
                },
                "validators": [],
                "hide": {
                  "hideWhenExpression": "isEmpty(examOral) || examOral !== '1116AAAAAAAAAAAAAAAAAAAAAAAAAAAAAAAA'"
                }
              },
              {
                "label": "Foot exam",
                "type": "obs",
                "id": "footExam",
                "questionOptions": {
                  "rendering": "multiCheckbox",
                  "concept": "1127AAAAAAAAAAAAAAAAAAAAAAAAAAAAAAAA",
                  "answers": [
                    {
                      "concept": "163411AAAAAAAAAAAAAAAAAAAAAAAAAAAAAA",
                      "label": "Calluses"
                    },
                    {
                      "concept": "1116AAAAAAAAAAAAAAAAAAAAAAAAAAAAAAAA",
                      "label": "Ulcers"
                    },
                    {
                      "concept": "165471AAAAAAAAAAAAAAAAAAAAAAAAAAAAAA",
                      "label": "Deformity"
                    }
                  ]
                },
                "validators": []
              },
              {
                "label": "Diabetic foot",
                "type": "obs",
                "required": "true",
                "id": "footDiabetic",
                "questionOptions": {
                  "rendering": "radio",
                  "concept": "1284AAAAAAAAAAAAAAAAAAAAAAAAAAAAAAAA",
                  "answers": [
                    {
                      "concept": "1065AAAAAAAAAAAAAAAAAAAAAAAAAAAAAAAA",
                      "label": "Yes"
                    },
                    {
                      "concept": "1066AAAAAAAAAAAAAAAAAAAAAAAAAAAAAAAA",
                      "label": "No"
                    }
                  ]
                },
                "validators": []
              },
              {
                "label": "Foot Risk assessment",
                "type": "obs",
                "required": false,
                "id": "footRiskAccess",
                "questionOptions": {
                  "rendering": "checkbox",
                  "concept": "1284AAAAAAAAAAAAAAAAAAAAAAAAAAAAAAAA",
                  "answers": [
                    {
                      "concept": "166844AAAAAAAAAAAAAAAAAAAAAAAAAAAAAA",
                      "label": "Loss of sensation"
                    },
                    {
                      "concept": "150518AAAAAAAAAAAAAAAAAAAAAAAAAAAAAA",
                      "label": "Absent pulses"
                    },
                    {
                      "concept": "142677AAAAAAAAAAAAAAAAAAAAAAAAAAAAAA",
                      "label": "Foot deformity"
                    },
                    {
                      "concept": "123919AAAAAAAAAAAAAAAAAAAAAAAAAAAAAA",
                      "label": "History of ulcer"
                    },
                    {
                      "concept": "164009AAAAAAAAAAAAAAAAAAAAAAAAAAAAAA",
                      "label": "Prior amputation"
                    }
                  ]
                },
                "validators": [],
                "hide": {
                  "hideWhenExpression": "isEmpty(footDiabetic) || footDiabetic != '1065AAAAAAAAAAAAAAAAAAAAAAAAAAAAAAAA'"
                }
              },
              {
                "label": "Diabetic foot risk",
                "type": "obs",
                "required": false,
                "id": "footDiabeticRisk",
                "questionOptions": {
                  "rendering": "radio",
                  "concept": "166879AAAAAAAAAAAAAAAAAAAAAAAAAAAAAA",
                  "answers": [
                    {
                      "concept": "166675AAAAAAAAAAAAAAAAAAAAAAAAAAAAAA",
                      "label": "Low Risk"
                    },
                    {
                      "concept": "166674AAAAAAAAAAAAAAAAAAAAAAAAAAAAAA",
                      "label": "High Risk"
                    }
                  ]
                },
                "validators": [],
                "hide": {
                  "hideWhenExpression": "isEmpty(footDiabetic) || footDiabetic != '1065AAAAAAAAAAAAAAAAAAAAAAAAAAAAAAAA'"
                }
              },
              {
                "label": "Diagnosis",
                "id": "DiagNosIS",
                "type": "diagnosis",
                "questionOptions": {
                  "rendering": "repeating",
                  "dataSource": "diagnoses",
                  "rank": 1
                }
              },
              {
                "label": "Clinical Notes",
                "type": "obs",
                "required": false,
                "id": "clinicNotesComps",
                "questionOptions": {
                  "rendering": "textarea",
                  "concept": "160632AAAAAAAAAAAAAAAAAAAAAAAAAAAAAA",
                  "rows": "15"
                },
                "validators": []
              }
            ]
          }
        ]
      },
      {
        "label": "Patient's Management",
        "sections": [
          {
            "label": "Treatment",
            "isExpanded": "true",
            "questions": [
              {
                "label": "Final Diagnosis",
                "id": "DiagNosIS",
                "type": "diagnosis",
                "questionOptions": {
                  "rendering": "repeating",
                  "dataSource": "diagnoses",
                  "rank": 1
                }
              },
              {
                "label": "Adhering to current medications?",
                "type": "obs",
                "id": "adherence",
                "required": true,
                "questionOptions": {
                  "concept": "164075AAAAAAAAAAAAAAAAAAAAAAAAAAAAAA",
                  "rendering": "radio",
                  "answers": [
                    {
                      "concept": "159405AAAAAAAAAAAAAAAAAAAAAAAAAAAAAA",
                      "label": "Yes"
                    },
                    {
                      "concept": "159407AAAAAAAAAAAAAAAAAAAAAAAAAAAAAA",
                      "label": "No"
                    },
                    {
                      "concept": "1175AAAAAAAAAAAAAAAAAAAAAAAAAAAAAAAA",
                      "label": "N/A"
                    }
                  ]
                }
              }
            ]
          },
          {
            "label": "Medication status",
            "isExpanded": "true",
            "questions": [
              {
                "label": "Drug Order",
                "required": false,
                "id": "drugsWorkspaceLauncher",
                "questionOptions": {
                  "rendering": "workspace-launcher",
                  "buttonLabel": "Add drug order",
                  "workspaceName": "add-drug-order"
                }
              }
            ]
          },
          {
            "label": "Follow up plan",
            "isExpanded": "true",
            "questions": [
              {
                "label": "Next review date:",
                "required": false,
                "id": "appointmentWorkspaceLauncher",
                "questionOptions": {
                  "rendering": "workspace-launcher",
                  "buttonLabel": "Add appointments",
                  "workspaceName": "appointments-form-workspace"
                }
              },
              {
                "label": "Transfer care to another health facility",
                "type": "obs",
                "required": false,
                "id": "transferOut",
                "questionOptions": {
                  "rendering": "radio",
                  "concept": "1285AAAAAAAAAAAAAAAAAAAAAAAAAAAAAAAA",
                  "answers": [
                    {
                      "concept": "1065AAAAAAAAAAAAAAAAAAAAAAAAAAAAAAAA",
                      "label": "Yes"
                    },
                    {
                      "concept": "1066AAAAAAAAAAAAAAAAAAAAAAAAAAAAAAAA",
                      "label": "No"
                    }
                  ]
                },
                "validators": []
              },
              {
                "label": "Specify facility name",
                "type": "obs",
                "required": true,
                "id": "facilityName",
                "questionOptions": {
                  "rendering": "text",
                  "concept": "162724AAAAAAAAAAAAAAAAAAAAAAAAAAAAAA"
                },
                "validators": [],
                "hide": {
                  "hideWhenExpression": "isEmpty(transferOut) || transferOut != '1065AAAAAAAAAAAAAAAAAAAAAAAAAAAAAAAA'"
                }
              },
              {
                "label": "Reason for referral",
                "type": "obs",
                "required": true,
                "id": "",
                "questionOptions": {
                  "rendering": "select",
                  "concept": "159623AAAAAAAAAAAAAAAAAAAAAAAAAAAAAA",
                  "answers": [
                    {
                      "concept": "138202AAAAAAAAAAAAAAAAAAAAAAAAAAAAAA",
                      "label": "Further management of HTN"
                    },
                    {
                      "concept": "160552AAAAAAAAAAAAAAAAAAAAAAAAAAAAAA",
                      "label": "Nutrition"
                    },
                    {
                      "concept": "159364AAAAAAAAAAAAAAAAAAAAAAAAAAAAAA",
                      "label": "Physiotherapy"
                    },
                    {
                      "concept": "161623AAAAAAAAAAAAAAAAAAAAAAAAAAAAAA",
                      "label": "Surgical review"
                    },
                    {
                      "concept": "163046AAAAAAAAAAAAAAAAAAAAAAAAAAAAAA",
                      "label": "CVD review"
                    },
                    {
                      "concept": "6033AAAAAAAAAAAAAAAAAAAAAAAAAAAAAAAA",
                      "label": "Renal review"
                    },
                    {
                      "concept": "850a960b-e8b5-4775-ba74-aaddb2abbf51",
                      "label": "Eye review"
                    },
                    {
                      "concept": "164103AAAAAAAAAAAAAAAAAAAAAAAAAAAAAA",
                      "label": "Further management of DM"
                    }
                  ]
                },
                "hide": {
                  "hideWhenExpression": "isEmpty(transferOut) || transferOut != '1065AAAAAAAAAAAAAAAAAAAAAAAAAAAAAAAA'"
                }
              }
            ]
          }
        ]
      }
    ],
    "processor": "EncounterFormProcessor",
    "encounterType": "dfcbe5d0-1afb-48a0-8f1e-5e5988b11f15",
    "referencedForms": []
  }