{
  "name": "KVP Peer Educator Outreach Calendar",
  "description": "KVP Peer Educator Outreach Calendar",
  "version": "1",
  "published": true,
  "uuid": "7492cffe-5874-4144-a1e6-c9e455472a35",
  "retired": false,
  "encounter": "KP Peer Calendar",
  "pages": [
    {
      "label": "KVP Peer Educator Outreach Calendar",
      "sections": [
        {
          "label": "Visit Details",
          "isExpanded": "true",
          "questions": [
            {
              "label": "Date:",
              "type": "encounterDatetime",
              "questionOptions": {
                "rendering": "ui-select-extended"
              },
              "validators": [
                {
                  "type": "date",
                  "allowFutureDates": "false"
                }
              ],
              "id": "encDate"
            },
            {
              "label": "Provider:",
              "type": "encounterProvider",
              "questionOptions": {
                "rendering": "ui-select-extended"
              },
              "id": "encProvider "
            },
            {
              "label": "Location:",
              "type": "encounterLocation",
              "questionOptions": {
                "rendering": "ui-select-extended"
              },
              "id": "encLocation"
            }
          ]
        },
        {
          "label": "Outreach Calendar",
          "isExpanded": "true",
          "questions": [
            {
              "label": "1.Name of hotspot",
              "type": "obs",
              "id": "hotspotName",
              "questionOptions": {
                "concept": "07944782-2ad1-4319-b3bd-b5acd097a328",
                "rendering": "text"
              }
            },
            {
              "label": "2.Typology",
              "type": "obs",
              "id": "hotspotType",
              "questionOptions": {
                "concept": "8e636ff6-6907-4c7e-965a-5c178c3237c6",
                "rendering": "select",
                "answers": [
                  {
                    "concept": "0eb70f95-c0bb-480a-b0c5-dc987c740940",
                    "label": "1 - Street"
                  },
                  {
                    "concept": "c3231eda-d525-40b5-81ef-323d7ebec324",
                    "label": "2 - Injecting den"
                  },
                  {
                    "concept": "c31e2ac5-edcb-4f5e-a5a3-09e6158332bb",
                    "label": "3 - Uninhabitable building"
                  },
                  {
                    "concept": "0a802027-c3db-4c89-a06a-5172a5f57611",
                    "label": "4 - Park"
                  },
                  {
                    "concept": "1536AAAAAAAAAAAAAAAAAAAAAAAAAAAAAAAA",
                    "label": "5 - Homes"
                  },
                  {
                    "concept": "45bd1bea-367d-45d5-b596-a81a4f095808",
                    "label": "6 - Beach"
                  },
                  {
                    "concept": "4da6617b-0bce-4653-932f-b9aa85794f19",
                    "label": "7 - Casino"
                  },
                  {
                    "concept": "8fa3458f-217d-41ec-99a1-e80cb9e76963",
                    "label": "8 - Bar with lodging"
                  },
                  {
                    "concept": "8361b9dd-a67b-46cd-a7d8-4a49dc732a17",
                    "label": "9 - Bar without lodging"
                  },
                  {
                    "concept": "500e6361-47d3-4239-81ae-cccca6999f08",
                    "label": "10 - Sex den"
                  },
                  {
                    "concept": "7f9ab5d9-b95b-4341-9d99-3cd1a2d45752",
                    "label": "11 - Strip club"
                  },
                  {
                    "concept": "17a0e078-4f8e-4993-ba93-26bbd6480069",
                    "label": "12 - Highways"
                  },
                  {
                    "concept": "52fcebd8-62b1-4b4a-be41-2f0ed5cd0a77",
                    "label": "13 - Brothel"
                  },
                  {
                    "concept": "50e3f356-04b7-47a6-89d4-b46b74fa68ac",
                    "label": "14 - Guest house/Hotels/Lodgings"
                  },
                  {
                    "concept": "48ca7119-3535-48f7-877d-acd7c1d193dd",
                    "label": "15 - Massage parlor"
                  },
                  {
                    "concept": "c042a7d4-a8fb-4b33-b638-15c4687912e7",
                    "label": "16 - Chang’aa den"
                  },
                  {
                    "concept": "7e77fe7a-978a-48ba-b0ce-b5226fe61e25",
                    "label": "17 - Barbershop/Salon"
                  },
                  {
                    "concept": "4d543570-a831-403d-a6c7-b054bf71440e",
                    "label": "18 - Virtual Space"
                  },
                  {
                    "concept": "5622AAAAAAAAAAAAAAAAAAAAAAAAAAAAAAAA",
                    "label": "19 - Other (Specify)"
                  }
                ]
              }
            },
            {
              "label": "Other Hotspots Specify",
              "type": "obs",
              "id": "otherHotspotsSpecify",
              "questionOptions": {
                "concept": "bae7d54d-4944-4be0-93fa-021b4a70cb0b",
                "rendering": "text"
              },
              "validators": [],
              "hide": {
                "hideWhenExpression": "isEmpty(hotspotType) || !arrayContains(hotspotType,'5622AAAAAAAAAAAAAAAAAAAAAAAAAAAAAAAA')"
              }
            },
            {
              "label": "3. Average number of sex acts per week",
              "type": "obs",
              "id": "weeklyCondomRequirements",
              "questionOptions": {
                "concept": "25852ebc-9fc6-40fa-b502-1ce90bc2bcc8",
                "rendering": "number",
                "max": "100",
                "min": "0"
              }
            },
            {
              "label": "4. Condom requirements per month",
              "type": "obs",
              "id": "condomRequirementsMonth",
              "questionOptions": {
                "concept": "7b3f4d87-17ca-4660-b909-4c53c60cdcf1",
                "rendering": "number",
                "calculate": {
                  "calculateExpression": "weeklyCondomRequirements * 4"
                }
              }
            },
            {
              "label": "5. Average number of anal sex acts per week",
              "type": "obs",
              "id": "analSexActsWeek",
              "questionOptions": {
                "concept": "41ffeb50-07e6-480c-82da-49b4e2cd519c",
                "rendering": "number",
                "max": "100",
                "min": "0"
              }
            },
            {
              "label": "6. Lubricant requirements per month",
              "type": "obs",
              "id": "lubeRequirementMonth",
              "questionOptions": {
                "concept": "37c5e006-05f3-4534-a337-8447b50659de",
                "rendering": "number",
                "calculate": {
                  "calculateExpression": "analSexActsWeek * 4"
                }
              }
            },
            {
              "label": "7. Average number of injecting episodes per day",
              "type": "obs",
              "id": "dayInjectionEpisodes",
              "questionOptions": {
                "concept": "180e47e4-5d16-4a46-bd13-9229635889d6",
                "rendering": "number",
                "max": "100",
                "min": "0"
              }
            },
            {
              "label": "8. Needle and syringe requirements per month",
              "type": "obs",
              "id": "calculatedMonthlySR",
              "questionOptions": {
                "concept": "37c5e006-05f3-4534-a337-8447b50659de",
                "rendering": "number",
                "calculate": {
                  "calculateExpression": "dayInjectionEpisodes * 30"
                }
              }
            },
            {
              "label": "9. Duration in sex work/Injecting/Trucking/Fishing/Since tested DC/incarcerated (indicate in years).",
              "type": "obs",
              "id": "durationInSexWork",
              "questionOptions": {
                "concept": "f04d4ba6-9fd1-4882-8a8d-4b11e7fdc9c9",
                "rendering": "number",
                "max": "70",
                "min": "0"
              }
            },
            {
              "label": "10. Ever experienced violence",
              "type": "obs",
              "id": "expriencedViolence",
              "questionOptions": {
                "concept": "123160AAAAAAAAAAAAAAAAAAAAAAAAAAAAAA",
                "rendering": "radio",
                "answers": [
                  {
                    "concept": "1065AAAAAAAAAAAAAAAAAAAAAAAAAAAAAAAA",
                    "label": "Yes"
                  },
                  {
                    "concept": "1066AAAAAAAAAAAAAAAAAAAAAAAAAAAAAAAA",
                    "label": "No"
                  }
                ]
              }
            },
            {
              "label": "Service Provided in the Last 1 Month",
              "type": "obs",
              "id": "serviceProvided",
              "questionOptions": {
                "concept": "63da4194-a26a-4aa5-b5d5-4125b4822cf7",
                "rendering": "multiCheckbox",
                "answers": [
                  {
                    "concept": "159777AAAAAAAAAAAAAAAAAAAAAAAAAAAAAA",
                    "label": "Condoms"
                  },
                  {
                    "concept": "8abb708f-508f-4af7-be12-ebdeb3f0ca0b",
                    "label": "N and S"
                  },
                  {
                    "concept": "d83bca86-6734-4b26-b67c-c2133948fbac",
                    "label": "Contact"
                  },
                  {
                    "concept": "161643AAAAAAAAAAAAAAAAAAAAAAAAAAAAAA",
                    "label": "Visited Clinic"
                  }
                ]
              }
            }
          ]
        },
        {
          "label": "Monthly Service Uptake",
          "isExpanded": "true",
          "questions": [
            {
              "label": "Weekly Uptake",
              "type": "obsGroup",
              "questionOptions": {
                "concept": "73647652-e26f-48cf-9c21-d5c20ada6d46",
                "rendering": "repeating"
              },
              "questions": [
                {
                  "label": "N and S distributed :",
                  "type": "obs",
                  "id": "nsDistributed",
                  "questionOptions": {
                    "concept": "27c0e645-674c-4b8a-ac6a-605e60564b97",
                    "rendering": "number"
                  }
                },
                {
                  "label": "Lubes distributed :",
                  "type": "obs",
                  "id": "lubeDistributed",
                  "questionOptions": {
                    "concept": "bc8e7707-c95e-45dc-9367-e0ee75e9a126",
                    "rendering": "number"
                  }
                },
                {
                  "label": "Male condoms distributed :",
                  "type": "obs",
                  "id": "condomDistributed",
                  "questionOptions": {
                    "concept": "771638d9-9600-4a6b-8e5d-c6dcdedbc9cd",
                    "rendering": "number"
                  }
                },
                {
                  "label": "Female condoms distributed :",
                  "type": "obs",
                  "id": "fCondomDistributed",
                  "questionOptions": {
                    "concept": "14191f18-1629-4538-81b4-a9716a106cb4",
                    "rendering": "number"
                  }
                },
                {
                  "label": "Health Education",
                  "type": "obs",
                  "id": "healthEduc",
                  "questionOptions": {
                    "concept": "25143023-431f-4159-833a-195787e39aa6",
                    "rendering": "multiCheckbox",
                    "answers": [
                      {
                        "concept": "b88c0b2d-b49e-4528-8e8b-fabd6da647cc",
                        "label": "1 - PreP Messaging"
                      },
                      {
                        "concept": "31051745-2bb2-4dd1-addf-a9d7c4e15544",
                        "label": "2 - HIV Self Testing Message"
                      },
                      {
                        "concept": "7989d8ed-abf9-42f3-816b-c0e69406cd03",
                        "label": "3 - Substance Abuse Message"
                      },
                      {
                        "concept": "1382AAAAAAAAAAAAAAAAAAAAAAAAAAAAAAAA",
                        "label": "4 - Family Planning Message"
                      },
                      {
                        "concept": "1914AAAAAAAAAAAAAAAAAAAAAAAAAAAAAAAA",
                        "label": "5 - HIV/STI Message"
                      },
                      {
                        "concept": "39d37cb2-5b5b-468a-a598-b02a6cef1fd0",
                        "label": "6 - PEP Message"
                      },
                      {
                        "concept": "65487ff4-63b3-452a-8985-6a1f4a0cc08d",
                        "label": "7 - TB"
                      },
                      {
                        "concept": "5c4276d0-4a47-42b9-b5f3-990b02fb7853",
                        "label": "8 - U=U"
                      },
                      {
                        "concept": "162648AAAAAAAAAAAAAAAAAAAAAAAAAAAAAA",
                        "label": "9 - Stigma reduction"
                      },
                      {
                        "concept": "1167AAAAAAAAAAAAAAAAAAAAAAAAAAAAAAAA",
                        "label": "10 - Disclosure"
                      },
                      {
                        "concept": "1565AAAAAAAAAAAAAAAAAAAAAAAAAAAAAAAA",
                        "label": "11 - Information on NCDs"
                      }
                    ]
                  }
                },
                {
                  "label": "Referred :",
                  "type": "obs",
                  "id": "referred",
                  "questionOptions": {
                    "concept": "1272AAAAAAAAAAAAAAAAAAAAAAAAAAAAAAAA",
                    "rendering": "radio",
                    "answers": [
                      {
                        "concept": "1065AAAAAAAAAAAAAAAAAAAAAAAAAAAAAAAA",
                        "label": "Yes"
                      },
                      {
                        "concept": "1066AAAAAAAAAAAAAAAAAAAAAAAAAAAAAAAA",
                        "label": "No"
                      }
                    ]
                  }
                },
                {
                  "label": "HIV self test kits distributed :",
                  "type": "obs",
                  "id": "selfTestKitsDistributed",
                  "questionOptions": {
                    "concept": "aac502fc-b457-4c6a-aa21-9527601ee1cd",
                    "rendering": "number"
                  }
                },
                {
                  "label": "Received clinical service :",
                  "type": "obs",
                  "id": "clinicalServiceW1",
                  "questionOptions": {
                    "concept": "1774AAAAAAAAAAAAAAAAAAAAAAAAAAAAAAAA",
                    "rendering": "radio",
                    "answers": [
                      {
                        "concept": "1065AAAAAAAAAAAAAAAAAAAAAAAAAAAAAAAA",
                        "label": "Yes"
                      },
                      {
                        "concept": "1066AAAAAAAAAAAAAAAAAAAAAAAAAAAAAAAA",
                        "label": "No"
                      }
                    ]
                  }
                },
                {
                  "label": "Crisis / violence reported:",
                  "type": "obs",
                  "id": "reportedViolence",
                  "questionOptions": {
                    "concept": "1774AAAAAAAAAAAAAAAAAAAAAAAAAAAAAAAA",
                    "rendering": "radio",
                    "answers": [
                      {
                        "concept": "1065AAAAAAAAAAAAAAAAAAAAAAAAAAAAAAAA",
                        "label": "Yes"
                      },
                      {
                        "concept": "1066AAAAAAAAAAAAAAAAAAAAAAAAAAAAAAAA",
                        "label": "No"
                      }
                    ]
                  }
                },
                {
                  "label": "Remarks",
                  "type": "obs",
                  "id": "remarksW4",
                  "questionOptions": {
                    "concept": "160632AAAAAAAAAAAAAAAAAAAAAAAAAAAAAA",
                    "rendering": "textarea"
                  }
                }
              ],
              "id": "__JpvME1suG"
            }
          ]
        },
        {
          "label": "Peer Calendar Summary",
          "isExpanded": "true",
          "questions": [
            {
              "label": "Total N and S distributed :",
              "type": "obs",
              "id": "total_ns_distributed",
              "questionOptions": {
                "concept": "f3d9f949-604d-4caf-b0ee-71ff9c099d66",
                "rendering": "number",
                "calculate": {
                  "calculateExpression": "(+nsDistributed)"
                }
              }
            },
            {
              "label": "Total Lubes distributed :",
              "type": "obs",
              "id": "totallubes_distributed",
              "questionOptions": {
                "concept": "bc8e7707-c95e-45dc-9367-e0ee75e9a126",
                "rendering": "number",
                "calculate": {
                  "calculateExpression": "(+lubeDistributed)"
                }
              }
            },
            {
              "label": "Totals Male condoms distributed :",
              "type": "obs",
              "id": "totalmCondom",
              "questionOptions": {
                "concept": "7e6c836b-b579-497c-bc40-72020fee2153",
                "rendering": "number",
                "calculate": {
                  "calculateExpression": "(+condomDistributed)"
                }
              }
            },
            {
              "label": "Totals Female condoms distributed :",
              "type": "obs",
              "id": "totalfCondom",
              "questionOptions": {
                "concept": "5b5aae9d-005a-47a7-9bb8-63d28c956ebd",
                "rendering": "number",
                "calculate": {
                  "calculateExpression": "(+fCondomDistributed)"
                }
              }
            },
            {
              "label": "Health education checked:",
              "type": "obs",
              "id": "healthGiven",
              "questionOptions": {
                "concept": "d0776798-042f-4ecb-b43d-f14d287adee1",
                "rendering": "radio",
                "calculate": {
                  "calculateExpression": "String(healthEduc) === 'b88c0b2d-b49e-4528-8e8b-fabd6da647cc' || String(healthEduc) === '31051745-2bb2-4dd1-addf-a9d7c4e15544' || String(healthEduc) === '7989d8ed-abf9-42f3-816b-c0e69406cd03' || String(healthEduc) === '1382AAAAAAAAAAAAAAAAAAAAAAAAAAAAAAAA' || String(healthEduc) === '1914AAAAAAAAAAAAAAAAAAAAAAAAAAAAAAAA' || String(healthEduc) === '39d37cb2-5b5b-468a-a598-b02a6cef1fd0' ? '1065AAAAAAAAAAAAAAAAAAAAAAAAAAAAAAAA' : ''"
                },
                "answers": [
                  {
                    "concept": "1065AAAAAAAAAAAAAAAAAAAAAAAAAAAAAAAA",
                    "label": "Yes"
                  },
                  {
                    "concept": "1066AAAAAAAAAAAAAAAAAAAAAAAAAAAAAAAA",
                    "label": "No"
                  }
                ]
              }
            },
            {
              "label": "Referred selected:",
              "type": "obs",
              "id": "referred",
              "questionOptions": {
                "concept": "1749AAAAAAAAAAAAAAAAAAAAAAAAAAAAAAAA",
                "rendering": "radio",
                "answers": [
                  {
                    "concept": "1065AAAAAAAAAAAAAAAAAAAAAAAAAAAAAAAA",
                    "label": "Yes"
                  },
                  {
                    "concept": "1066AAAAAAAAAAAAAAAAAAAAAAAAAAAAAAAA",
                    "label": "No"
                  }
                ]
              }
            },
            {
              "label": "Total HIV self test kits distributed :",
              "type": "obs",
              "id": "totaltestGiven",
              "questionOptions": {
                "concept": "631fe8a2-ce24-4141-b85b-0662f519ee4d",
                "rendering": "number",
                "calculate": {
                  "calculateExpression": "(+selfTestKitsDistributed)"
                }
              }
            },
            {
              "label": "Received clinical service :",
              "type": "obs",
              "id": "received_service",
              "questionOptions": {
                "concept": "1774AAAAAAAAAAAAAAAAAAAAAAAAAAAAAAAA",
                "rendering": "radio",
                "calculate": {
                  "calculateExpression": "String(clinicalServiceW1) === '1065AAAAAAAAAAAAAAAAAAAAAAAAAAAAAAAA' ? '1065AAAAAAAAAAAAAAAAAAAAAAAAAAAAAAAA' : ''"
                },
                "answers": [
                  {
                    "concept": "1065AAAAAAAAAAAAAAAAAAAAAAAAAAAAAAAA",
                    "label": "Yes"
                  },
                  {
                    "concept": "1066AAAAAAAAAAAAAAAAAAAAAAAAAAAAAAAA",
                    "label": "No"
                  }
                ]
              }
            },
            {
              "label": "Crisis / violence reported:",
              "type": "obs",
              "id": "violence_reported",
              "questionOptions": {
                "concept": "123160AAAAAAAAAAAAAAAAAAAAAAAAAAAAAA",
                "rendering": "radio",
                "calculate": {
                  "calculateExpression": "String(reportedViolence) === '1065AAAAAAAAAAAAAAAAAAAAAAAAAAAAAAAA' ? '1065AAAAAAAAAAAAAAAAAAAAAAAAAAAAAAAA' : ''"
                },
                "answers": [
                  {
                    "concept": "1065AAAAAAAAAAAAAAAAAAAAAAAAAAAAAAAA",
                    "label": "Yes"
                  },
                  {
                    "concept": "1066AAAAAAAAAAAAAAAAAAAAAAAAAAAAAAAA",
                    "label": "No"
                  }
                ]
              }
            }
          ]
        }
      ]
    }
  ],
  "processor": "EncounterFormProcessor",
  "referencedForms": [],
  "encounterType": "c4f9db39-2c18-49a6-bf9b-b243d673c64d"
}