{
    "name": "PEP FOLLOWUP Form",
    "description": "PEP follow up encounter",
    "version": "1",
    "published": false,
    "retired": false,
    "encounter": "GBV PEP Follow up Encounter",
    "processor": "EncounterFormProcessor",
    "encounterType": "24c11d80-986d-4f13-9086-d0a01a84dae3",
    "referencedForms": [],
    "uuid": "155ccbe2-a33f-4a58-8ce6-57a7372071ee",
    "pages": [
      {
        "label": "Starter page",
        "sections": [
          {
            "label": "Encounter Details",
            "isExpanded": "true",
            "questions": [
              {
                "label": "Visit date:",
                "type": "encounterDatetime",
                "required": "true",
                "id": "encDate",
                "questionOptions": {
                  "rendering": "date"
                },
                "validators": [
                  {
                    "type": "date",
                    "allowFutureDates": "false"
                  }
                ]
              },
              {
                "label": "Provider:",
                "type": "encounterProvider",
                "questionOptions": {
                  "rendering": "ui-select-extended"
                },
                "id": "encProvider "
              },
              {
                "label": "Location:",
                "type": "encounterLocation",
                "questionOptions": {
                  "rendering": "ui-select-extended"
                },
                "id": "encLocation"
              }
            ]
          },
          {
            "label": "Starter section",
            "isExpanded": true,
            "questions": [
              {
                "label": "Visit number",
                "type": "obs",
                "id": "visit-number",
                "questionOptions": {
                  "concept": "1724AAAAAAAAAAAAAAAAAAAAAAAAAAAAAAAA",
                  "rendering": "select",
                  "answers": [
                    {
                      "concept": "163735AAAAAAAAAAAAAAAAAAAAAAAAAAAAAA",
                      "label": "2nd-Visit(2 weeks)"
                    },
                    {
                      "concept": "fb42b101-1f14-4b1c-9d6f-be9487c91b3a",
                      "label": "3rd-Visit(4 weeks)"
                    },
                    {
                      "concept": "c14ae81a-bce4-4f53-8b36-7e582f79759d",
                      "label": "4th-Visit(6 weeks)"
                    },
                    {
                      "concept": "167013AAAAAAAAAAAAAAAAAAAAAAAAAAAAAA",
                      "label": "5th-Visit(3 months)"
                    }
                  ]
                }
              },
              {
                "label": "PEP Completed",
                "type": "obs",
                "id": "pep-completed",
                "questionOptions": {
                  "concept": "d3f845d4-3a6a-447e-9c68-89a32830071d",
                  "rendering": "radio",
                  "answers": [
                    {
                      "concept": "1065AAAAAAAAAAAAAAAAAAAAAAAAAAAAAAAA",
                      "label": "Yes"
                    },
                    {
                      "concept": "1066AAAAAAAAAAAAAAAAAAAAAAAAAAAAAAAA",
                      "label": "No"
                    }
                  ]
                }
              },
              {
                "label": "Why the PEP dose was not completed?",
                "type": "obs",
                "id": "pep-not-completed",
                "questionOptions": {
                  "concept": "161011AAAAAAAAAAAAAAAAAAAAAAAAAAAAAA",
                  "rendering": "textarea"
                }
              },
              {
                "label": "HIV Test?",
                "type": "obs",
                "id": "hivTestdone",
                "questionOptions": {
                  "concept": "1356AAAAAAAAAAAAAAAAAAAAAAAAAAAAAAAA",
                  "rendering": "radio",
                  "answers": [
                    {
                      "concept": "1065AAAAAAAAAAAAAAAAAAAAAAAAAAAAAAAA",
                      "label": "Done"
                    },
                    {
                      "concept": "1066AAAAAAAAAAAAAAAAAAAAAAAAAAAAAAAA",
                      "label": "Not Done"
                    }
                  ]
                }
              },
              {
                "label": "HIV test result",
                "type": "obs",
                "id": "HIVtEstRes",
                "questionOptions": {
                  "concept": "159427AAAAAAAAAAAAAAAAAAAAAAAAAAAAAA",
                  "rendering": "radio",
                  "answers": [
                    {
                      "concept": "703AAAAAAAAAAAAAAAAAAAAAAAAAAAAAAAAA",
                      "label": "Positive"
                    },
                    {
                      "concept": "664AAAAAAAAAAAAAAAAAAAAAAAAAAAAAAAAA",
                      "label": "Negative"
                    }
                  ]
                },
                "hide": {
                  "hideWhenExpression": "isEmpty(hivTestdone) || hivTestdone !== '1065AAAAAAAAAAAAAAAAAAAAAAAAAAAAAAAA'"
                }
              },
              {
                "label": "PDT test?",
                "type": "obs",
                "id": "pdtTestdone",
                "questionOptions": {
                  "concept": "163951AAAAAAAAAAAAAAAAAAAAAAAAAAAAAA",
                  "rendering": "radio",
                  "answers": [
                    {
                      "concept": "1065AAAAAAAAAAAAAAAAAAAAAAAAAAAAAAAA",
                      "label": "Done"
                    },
                    {
                      "concept": "1066AAAAAAAAAAAAAAAAAAAAAAAAAAAAAAAA",
                      "label": "Not Done"
                    }
                  ]
                }
              },
              {
                "label": "PDT test result?",
                "type": "obs",
                "id": "PDTteSTs",
                "questionOptions": {
                  "concept": "167229AAAAAAAAAAAAAAAAAAAAAAAAAAAAAA",
                  "rendering": "radio",
                  "answers": [
                    {
                      "concept": "703AAAAAAAAAAAAAAAAAAAAAAAAAAAAAAAAA",
                      "label": "Positive"
                    },
                    {
                      "concept": "664AAAAAAAAAAAAAAAAAAAAAAAAAAAAAAAAA",
                      "label": "Negative"
                    }
                  ]
                },
                "hide": {
                  "hideWhenExpression": "isEmpty(pdtTestdone) || pdtTestdone !== '1065AAAAAAAAAAAAAAAAAAAAAAAAAAAAAAAA'"
                }
              },
              {
                "label": "HBsAG Test done?",
                "type": "obs",
                "id": "hbagTest",
                "questionOptions": {
                  "concept": "161472AAAAAAAAAAAAAAAAAAAAAAAAAAAAAA",
                  "rendering": "radio",
                  "answers": [
                    {
                      "concept": "1065AAAAAAAAAAAAAAAAAAAAAAAAAAAAAAAA",
                      "label": "Yes"
                    },
                    {
                      "concept": "1066AAAAAAAAAAAAAAAAAAAAAAAAAAAAAAAA",
                      "label": "No"
                    }
                  ]
                }
              },
              {
                "label": "HBsAG Test result?",
                "type": "obs",
                "id": "hBTest",
                "questionOptions": {
                  "concept": "cee2f32f-1bbf-4051-9776-e14be5d0e72b",
                  "rendering": "radio",
                  "answers": [
                    {
                      "concept": "703AAAAAAAAAAAAAAAAAAAAAAAAAAAAAAAAA",
                      "label": "Positive"
                    },
                    {
                      "concept": "664AAAAAAAAAAAAAAAAAAAAAAAAAAAAAAAAA",
                      "label": "Negative"
                    }
                  ]
                },
                "hide": {
                  "hideWhenExpression": "isEmpty(hbagTest) || hbagTest !== '1065AAAAAAAAAAAAAAAAAAAAAAAAAAAAAAAA'"
                }
              },
              {
                "label": "LFTs: ALT",
                "type": "obs",
                "id": "lftsID",
                "questionOptions": {
                  "concept": "654AAAAAAAAAAAAAAAAAAAAAAAAAAAAAAAAA",
                  "rendering": "number"
                }
              },
              {
                "label": "RFTs: Creatinine",
                "type": "obs",
                "id": "rftsID",
                "questionOptions": {
                  "concept": "790AAAAAAAAAAAAAAAAAAAAAAAAAAAAAAAAA",
                  "rendering": "number"
                }
              },
              {
                "label": "Three months Post Exposure prophylaxis:HIV serology result",
                "type": "obs",
                "id": "sEroLogy",
                "questionOptions": {
                  "concept": "161472AAAAAAAAAAAAAAAAAAAAAAAAAAAAAA",
                  "rendering": "radio",
                  "answers": [
                    {
                      "concept": "703AAAAAAAAAAAAAAAAAAAAAAAAAAAAAAAAA",
                      "label": "Reactive"
                    },
                    {
                      "concept": "664AAAAAAAAAAAAAAAAAAAAAAAAAAAAAAAAA",
                      "label": "Non Reactive"
                    }
                  ]
                }
              },
              {
                "label": "Patient Assessment",
                "type": "obs",
                "id": "patientAssessment",
                "questionOptions": {
                  "concept": "160632AAAAAAAAAAAAAAAAAAAAAAAAAAAAAA",
                  "rendering": "textarea"
                }
              },
              {
                "label": "Next review date:",
                "required": false,
                "id": "NexTCA",
                "questionOptions": {
                  "rendering": "workspace-launcher",
                  "buttonLabel": "Add appointments",
                  "workspaceName": "appointments-form-workspace"
                }
                }
            ]
          }
        ]
      }
    ]
  }