{
    "name": "PEP MANAGEMENT FORM FOR SURVIVORS",
    "description": "PEP Management for Survivors",
    "version": "1.0.0",
    "published": false,
    "retired": false,
    "encounter": "PEP Management Survivor Encounter",
    "processor": "EncounterFormProcessor",
    "encounterType": "133c8398-1fdc-437a-a74a-e73b1254c1d6",
    "referencedForms": [],
    "uuid": "f44b2405-226b-47c4-b98f-b826ea4725ae",
    "pages": [
        {
            "label": "Starter page",
            "sections": [
                {
                    "label": "Encounter Details",
                    "isExpanded": "true",
                    "questions": [
                      {
                        "label": "Reporting Date:",
                        "type": "encounterDatetime",
                        "required": "true",
                        "id": "encDate",
                        "questionOptions": {
                          "rendering": "date"
                        },
                        "validators": [
                          {
                            "type": "date",
                            "allowFutureDates": "false"
                          }
                        ]
                      },
                      {
                        "label": "Provider:",
                        "type": "encounterProvider",
                        "questionOptions": {
                          "rendering": "ui-select-extended"
                        },
                        "id": "encProvider "
                      },
                      {
                        "label": "Location:",
                        "type": "encounterLocation",
                        "questionOptions": {
                          "rendering": "ui-select-extended"
                        },
                        "id": "encLocation"
                      }
                    ]
                  },
                {
                    "label": "Starter section",
                    "isExpanded": true,
                    "questions": [
                        {
                            "label": "PRC Number",
                            "type": "obs",
                            "id": "prc-number",
                            "questionOptions": {
                                "concept": "1646AAAAAAAAAAAAAAAAAAAAAAAAAAAAAAAA",
                                "rendering": "text"
                            }
                        },
                        {
                            "label": "Incident Reporting Date",
                            "type": "obs",
                            "id": "incidentReportingDate",
                            "questionOptions": {
                                "concept": "166848AAAAAAAAAAAAAAAAAAAAAAAAAAAAAA",
                                "rendering": "date"
                            }
                        },
                        {
                            "label": "Does the survivor have any disabilities?",
                            "type": "obs",
                            "questionOptions": {
                              "rendering": "radio",
                              "concept": "162558AAAAAAAAAAAAAAAAAAAAAAAAAAAAAA",
                              "answers": [
                                {
                                  "concept": "1065AAAAAAAAAAAAAAAAAAAAAAAAAAAAAAAA",
                                  "label": "Yes"
                                },
                                {
                                  "concept": "1066AAAAAAAAAAAAAAAAAAAAAAAAAAAAAAAA",
                                  "label": "No"
                                }
                              ]
                            },
                            "id": "DisabilityClienT"
                          },
                          {
                            "label": "Please indicated the type of disability :",
                            "type": "obs",
                            "questionOptions": {
                              "rendering": "checkbox",
                              "concept": "162558AAAAAAAAAAAAAAAAAAAAAAAAAAAAAA",
                              "answers": [
                                {
                                  "concept": "120291AAAAAAAAAAAAAAAAAAAAAAAAAAAAAA",
                                  "label": "Hearing impairment"
                                },
                                {
                                  "concept": "147215AAAAAAAAAAAAAAAAAAAAAAAAAAAAAA",
                                  "label": "Visual impairment"
                                },
                                {
                                  "concept": "151342AAAAAAAAAAAAAAAAAAAAAAAAAAAAAA",
                                  "label": "Mentally Challenged"
                                },
                                {
                                  "concept": "164538AAAAAAAAAAAAAAAAAAAAAAAAAAAAAA",
                                  "label": "Physically Challenged"
                                },
                                {
                                  "concept": "5622AAAAAAAAAAAAAAAAAAAAAAAAAAAAAAAA",
                                  "label": "Others"
                                }
                              ]
                            },
                            "id": "disaBilityTypes",
                            "hide": {
                              "hideWhenExpression": "isEmpty(DisabilityClienT) || DisabilityClienT != '1065AAAAAAAAAAAAAAAAAAAAAAAAAAAAAAAA'"
                            }
                          },
                        {
                            "label": "Type of Violence",
                            "type": "obs",
                            "id": "typeOfViolence",
                            "questionOptions": {
                                "concept": "0b37e771-aea2-4745-8632-80be809d70a8",
                                "rendering": "radio",
                                "answers": [
                                    {
                                        "concept": "127910AAAAAAAAAAAAAAAAAAAAAAAAAAAAAA",
                                        "label": "Rape"
                                    },
                                    {
                                        "concept": "145691AAAAAAAAAAAAAAAAAAAAAAAAAAAAAA",
                                        "label": "Defilement"
                                    },
                                    {
                                        "concept": "123157AAAAAAAAAAAAAAAAAAAAAAAAAAAAAA",
                                        "label": "Attempted Rape"
                                    },
                                    {
                                        "concept": "121387AAAAAAAAAAAAAAAAAAAAAAAAAAAAAA",
                                        "label": "Assault"
                                    },
                                    {
                                        "concept": "5622AAAAAAAAAAAAAAAAAAAAAAAAAAAAAAAA",
                                        "label": "Other"
                                    }
                                ]
                            }
                        },
                        {
                            "label": "Specify other violence",
                            "type": "obs",
                            "id": "specifyOtherViolence",
                            "questionOptions": {
                                "concept": "d7f01f09-1e8b-4129-bdf6-dbae6e9aa69c",
                                "rendering": "textarea"
                            }
                        },
                        {
                            "label": "Type of Assault",
                            "type": "obs",
                            "id": "typeAssault",
                            "questionOptions": {
                                "concept": "123160AAAAAAAAAAAAAAAAAAAAAAAAAAAAAA",
                                "rendering": "multiCheckbox",
                                "answers": [
                                    {
                                        "concept": "166060AAAAAAAAAAAAAAAAAAAAAAAAAAAAAA",
                                        "label": "Oral"
                                    },
                                    {
                                        "concept": "123385AAAAAAAAAAAAAAAAAAAAAAAAAAAAAA",
                                        "label": "Vaginal"
                                    },
                                    {
                                        "concept": "148895AAAAAAAAAAAAAAAAAAAAAAAAAAAAAA",
                                        "label": "Anal"
                                    },
                                    {
                                        "concept": "5622AAAAAAAAAAAAAAAAAAAAAAAAAAAAAAAA",
                                        "label": "Other (specify)"
                                    }
                                ]
                            }
                        },
                        {
                            "label": "Specify Type of Assault",
                            "type": "obs",
                            "id": "specifyOtherAssault",
                            "questionOptions": {
                                "concept": "164879AAAAAAAAAAAAAAAAAAAAAAAAAAAAAA",
                                "rendering": "textarea"
                            }
                        },
                        {
                            "label": "Date of Incidence",
                            "type": "obs",
                            "id": "incidenceDate",
                            "questionOptions": {
                                "concept": "b1251fe7-fc71-48e0-a79c-6b9f608d5d86",
                                "rendering": "date"
                            }
                        },
                        {
                            "label": "Identity of perpetrator (If know)",
                            "type": "obs",
                            "id": "ppIdentityID",
                            "questionOptions": {
                                "concept": "70f75275-5345-41e1-a17a-d7af70971885",
                                "rendering": "textarea"
                            }
                        },
                        {
                            "label": "Relation of survivor to perpetrator",
                            "type": "obs",
                            "id": "relation",
                            "questionOptions": {
                                "concept": "1530AAAAAAAAAAAAAAAAAAAAAAAAAAAAAAAA",
                                "rendering": "radio",
                                "answers": [
                                    {
                                        "concept": "5620AAAAAAAAAAAAAAAAAAAAAAAAAAAAAAAA",
                                        "label": "Other family members"
                                    },
                                    {
                                        "concept": "5617AAAAAAAAAAAAAAAAAAAAAAAAAAAAAAAA",
                                        "label": "Partner or Spouse"
                                    },
                                    {
                                        "concept": "1067AAAAAAAAAAAAAAAAAAAAAAAAAAAAAAAA",
                                        "label": "Unknown"
                                    },
                                    {
                                        "concept": "1529AAAAAAAAAAAAAAAAAAAAAAAAAAAAAAAA",
                                        "label": "Grandchild"
                                    },
                                    {
                                        "concept": "973AAAAAAAAAAAAAAAAAAAAAAAAAAAAAAAAA",
                                        "label": "Grandparent"
                                    },
                                    {
                                        "concept": "972AAAAAAAAAAAAAAAAAAAAAAAAAAAAAAAAA",
                                        "label": "Sibling"
                                    },
                                    {
                                        "concept": "1527AAAAAAAAAAAAAAAAAAAAAAAAAAAAAAAA",
                                        "label": "Parent"
                                    },
                                    {
                                        "concept": "1107AAAAAAAAAAAAAAAAAAAAAAAAAAAAAAAA",
                                        "label": "None"
                                    },
                                    {
                                        "concept": "1528AAAAAAAAAAAAAAAAAAAAAAAAAAAAAAAA",
                                        "label": "Child"
                                    }
                                ]
                            }
                        },
                        {
                            "label": "Compulsory HIV test on perpetrator",
                            "type": "obs",
                            "id": "hiv-test",
                            "questionOptions": {
                                "concept": "164848AAAAAAAAAAAAAAAAAAAAAAAAAAAAAA",
                                "rendering": "radio",
                                "answers": [
                                    {
                                        "concept": "1066AAAAAAAAAAAAAAAAAAAAAAAAAAAAAAAA",
                                        "label": "Not Done"
                                    },
                                    {
                                        "concept": "1065AAAAAAAAAAAAAAAAAAAAAAAAAAAAAAAA",
                                        "label": "Done"
                                    }
                                ]
                            }
                        },
                        {
                            "label": "Result for the compulsory HIV test",
                            "type": "obs",
                            "id": "resultCompulsoryHTS",
                            "questionOptions": {
                                "concept": "159427AAAAAAAAAAAAAAAAAAAAAAAAAAAAAA",
                                "rendering": "radio",
                                "answers": [
                                    {
                                        "concept": "703AAAAAAAAAAAAAAAAAAAAAAAAAAAAAAAAA",
                                        "label": "Positive"
                                    },
                                    {
                                        "concept": "664AAAAAAAAAAAAAAAAAAAAAAAAAAAAAAAAA",
                                        "label": "Negative"
                                    }
                                ]
                            }
                        },
                        {
                            "label": "Perpetrator file Number",
                            "type": "obs",
                            "id": "ppNumber",
                            "questionOptions": {
                                "concept": "1639AAAAAAAAAAAAAAAAAAAAAAAAAAAAAAAA",
                                "rendering": "number"
                            }
                        },
                        {
                            "label": "State of the patient",
                            "type": "obs",
                            "id": "stateOfPatient",
                            "questionOptions": {
                                "concept": "163042AAAAAAAAAAAAAAAAAAAAAAAAAAAAAA",
                                "rendering": "textarea"
                            }
                        },
                        {
                            "label": "State of clothing",
                            "type": "obs",
                            "id": "stateOfClothing",
                            "questionOptions": {
                                "concept": "163045AAAAAAAAAAAAAAAAAAAAAAAAAAAAAA",
                                "rendering": "textarea"
                            }
                        },
                        {
                            "label": "Examination of the Genitalia",
                            "type": "obs",
                            "id": "examinationOfGenitalia",
                            "questionOptions": {
                                "concept": "160971AAAAAAAAAAAAAAAAAAAAAAAAAAAAAA",
                                "rendering": "textarea"
                            }
                        },
                        {
                            "label": "Other injuries of the patient",
                            "type": "obs",
                            "id": "otheInjuries",
                            "questionOptions": {
                                "concept": "98e43640-85cf-4da0-890b-e02f12631799",
                                "rendering": "textarea"
                            }
                        },
                        {
                            "label": "High Vaginal/Anal Swab (Microscopy and gram staining)",
                            "type": "obs",
                            "id": "swabStatusOfAnalVaginal",
                            "questionOptions": {
                                "concept": "166364AAAAAAAAAAAAAAAAAAAAAAAAAAAAAA",
                                "rendering": "textarea"
                            }
                        },
                        {
                            "label": "a) RPR/VDRL",
                            "type": "obs",
                            "id": "rprvdrlId",
                            "questionOptions": {
                                "concept": "299AAAAAAAAAAAAAAAAAAAAAAAAAAAAAAAAA",
                                "rendering": "radio",
                                "answers": [
                                    {
                                        "concept": "1228AAAAAAAAAAAAAAAAAAAAAAAAAAAAAAAA",
                                        "label": "Reactive"
                                    },
                                    {
                                        "concept": "1229AAAAAAAAAAAAAAAAAAAAAAAAAAAAAAAA",
                                        "label": "Non-Reactive"
                                    }
                                ]
                            }
                        },
                        {
                            "label": "b) HIV Test result (Offer Pre-test counselling)",
                            "type": "obs",
                            "id": "hiv-test-result",
                            "questionOptions": {
                                "concept": "163760AAAAAAAAAAAAAAAAAAAAAAAAAAAAAA",
                                "rendering": "radio",
                                "answers": [
                                    {
                                        "concept": "703AAAAAAAAAAAAAAAAAAAAAAAAAAAAAAAAA",
                                        "label": "Reactive"
                                    },
                                    {
                                        "concept": "664AAAAAAAAAAAAAAAAAAAAAAAAAAAAAAAAA",
                                        "label": "Non-Reactive"
                                    }
                                ]
                            }
                        },
                        {
                            "label": "Other services offered : Given PEP if HIV test results is Non-Reactive",
                            "type": "obs",
                            "id": "givenPEP",
                            "questionOptions": {
                                "concept": "d3f845d4-3a6a-447e-9c68-89a32830071d",
                                "rendering": "multiCheckbox",
                                "answers": [
                                    {
                                        "concept": "1065AAAAAAAAAAAAAAAAAAAAAAAAAAAAAAAA",
                                        "label": "Yes"
                                    }
                                ]
                            }
                        },
                        {
                            "label": "Refer to PSC if Reactive",
                            "type": "obs",
                            "id": "referredToPSC",
                            "questionOptions": {
                                "concept": "917693e9-9f20-48ec-b43d-6a2df53fc72e",
                                "rendering": "multiCheckbox",
                                "answers": [
                                    {
                                        "concept": "1065AAAAAAAAAAAAAAAAAAAAAAAAAAAAAAAA",
                                        "label": "Yes"
                                    }
                                ]
                            }
                        },
                        {
                            "label": "3.PDT",
                            "type": "obs",
                            "id": "pdtID",
                            "questionOptions": {
                                "concept": "167229AAAAAAAAAAAAAAAAAAAAAAAAAAAAAA",
                                "rendering": "radio",
                                "answers": [
                                    {
                                        "concept": "703AAAAAAAAAAAAAAAAAAAAAAAAAAAAAAAAA",
                                        "label": "Negative"
                                    },
                                    {
                                        "concept": "664AAAAAAAAAAAAAAAAAAAAAAAAAAAAAAAAA",
                                        "label": "Positive"
                                    }
                                ]
                            }
                        },
                        {
                            "label": "Emergency Contraception Issued",
                            "type": "obs",
                            "id": "ecp-issued",
                            "questionOptions": {
                                "concept": "f0452ba8-96e0-407c-9287-0e4a5cac49c6",
                                "rendering": "radio",
                                "answers": [
                                    {
                                        "concept": "1066AAAAAAAAAAAAAAAAAAAAAAAAAAAAAAAA",
                                        "label": "Not Issued"
                                    },
                                    {
                                        "concept": "1065AAAAAAAAAAAAAAAAAAAAAAAAAAAAAAAA",
                                        "label": "Issued"
                                    }
                                ]
                            }
                        },
                        {
                            "label": "Specify why not issued",
                            "type": "obs",
                            "id": "whyNotIssuedECP",
                            "questionOptions": {
                                "concept": "160138AAAAAAAAAAAAAAAAAAAAAAAAAAAAAA",
                                "rendering": "textarea"
                            }
                        },
                        {
                            "label": "STI Prophylaxis and Treatment",
                            "type": "obs",
                            "id": "sti-trx",
                            "questionOptions": {
                                "concept": "d7b6a98f-025e-4732-b0b2-2fe8b00e6b4c",
                                "rendering": "radio",
                                "answers": [
                                    {
                                        "concept": "166536AAAAAAAAAAAAAAAAAAAAAAAAAAAAAA",
                                        "label": "STI Prophylaxis"
                                    },
                                    {
                                        "concept": "1066AAAAAAAAAAAAAAAAAAAAAAAAAAAAAAAA",
                                        "label": "Not Issued"
                                    },
                                    {
                                        "concept": "1065AAAAAAAAAAAAAAAAAAAAAAAAAAAAAAAA",
                                        "label": "STI Treatment (Use drugs orders for prescription)"
                                    }
                                ]
                            }
                        },
                        {
                            "label": "Specify why not issued?",
                            "type": "obs",
                            "id": "whyNotIssuedSTIDrugs",
                            "questionOptions": {
                                "concept": "160953AAAAAAAAAAAAAAAAAAAAAAAAAAAAAA",
                                "rendering": "textarea"
                            }
                        },
                        {
                            "label": "PEP Regimen",
                            "type": "obs",
                            "id": "pep-regimen",
                            "questionOptions": {
                                "concept": "164845AAAAAAAAAAAAAAAAAAAAAAAAAAAAAA",
                                "rendering": "radio",
                                "answers": [
                                    {
                                        "concept": "1066AAAAAAAAAAAAAAAAAAAAAAAAAAAAAAAA",
                                        "label": "Not Issued"
                                    },
                                    {
                                        "concept": "1065AAAAAAAAAAAAAAAAAAAAAAAAAAAAAAAA",
                                        "label": "Issued"
                                    }
                                ]
                            }
                        },
                        {
                            "label": "Specify why not issued",
                            "type": "obs",
                            "id": "whyNotIssuedPEP",
                            "questionOptions": {
                                "concept": "160954AAAAAAAAAAAAAAAAAAAAAAAAAAAAAA",
                                "rendering": "textarea"
                            }
                        },
                        {
                            "label": "Starter Pack given",
                            "type": "obs",
                            "id": "starter-pack-issued",
                            "questionOptions": {
                                "concept": "1263AAAAAAAAAAAAAAAAAAAAAAAAAAAAAAAA",
                                "rendering": "radio",
                                "answers": [
                                    {
                                        "concept": "1066AAAAAAAAAAAAAAAAAAAAAAAAAAAAAAAA",
                                        "label": "No"
                                    },
                                    {
                                        "concept": "1065AAAAAAAAAAAAAAAAAAAAAAAAAAAAAAAA",
                                        "label": "Yes"
                                    }
                                ]
                            }
                        },
                        {
                            "label": "Date give PEP",
                            "type": "obs",
                            "id": "dateGivenPEP",
                            "questionOptions": {
                                "concept": "166865AAAAAAAAAAAAAAAAAAAAAAAAAAAAAA",
                                "rendering": "date"
                            }
                        },
                        {
                            "label": "HBsAG",
                            "type": "obs",
                            "id": "hbsagID",
                            "questionOptions": {
                                "concept": "161472AAAAAAAAAAAAAAAAAAAAAAAAAAAAAA",
                                "rendering": "radio",
                                "answers": [
                                    {
                                        "concept": "703AAAAAAAAAAAAAAAAAAAAAAAAAAAAAAAAA",
                                        "label": "Reactive"
                                    },
                                    {
                                        "concept": "664AAAAAAAAAAAAAAAAAAAAAAAAAAAAAAAAA",
                                        "label": "Non Reactive"
                                    }
                                ]
                            }
                        },
                        {
                            "label": "LFTs: ALT",
                            "type": "obs",
                            "id": "lftsaltID",
                            "questionOptions": {
                                "concept": "654AAAAAAAAAAAAAAAAAAAAAAAAAAAAAAAAA",
                                "rendering": "number"
                            }
                        },
                        {
                            "label": " RFTs: Creatinine",
                            "type": "obs",
                            "id": "rftsCreatinineID",
                            "questionOptions": {
                                "concept": "790AAAAAAAAAAAAAAAAAAAAAAAAAAAAAAAAA",
                                "rendering": "number"
                            }
                        },
                        {
                            "label": "Other tests specify",
                            "type": "obs",
                            "id": "",
                            "questionOptions": {
                                "concept": "160987AAAAAAAAAAAAAAAAAAAAAAAAAAAAAA",
                                "rendering": "textarea"
                            }
                        },
                        {
                            "label": "Next review date:",
                            "required": false,
                            "id": "appointmentWorkspaceLauncher",
                            "questionOptions": {
                              "rendering": "workspace-launcher",
                              "buttonLabel": "Add appointments",
                              "workspaceName": "appointments-form-workspace"
                            }
                          }
                    ]
                }
            ]
        }
    ]
}