{
    "name": "PEP MANAGEMENT FORM FOR NON-OCCUPATIONAL EXPOSURE",
    "description": "PEP MANAGEMENT FOR NON-OCCUPATIONAL EXPOSURE",
    "version": "1.0.0",
    "published": false,
    "retired": false,
    "processor": "EncounterFormProcessor",
    "encounterType": "4f718f68-b414-4e27-803e-b4fbbc959d89",
    "referencedForms": [],
    "uuid": "92de9269-6bb4-4c24-8ec9-870aa2c64b5a",
    "pages": [
    {
    "label": "Starter page",
    "sections": [
    {
    "label": "Starter section",
    "isExpanded": true,
    "questions": [
    {
    "label": "OCN Number",
    "type": "obs",
    "id": "ocnNumber",
    "questionOptions": {
    "concept": "162086AAAAAAAAAAAAAAAAAAAAAAAAAAAAAA",
    "rendering": "text"
    }
    },
    {
    "label": "Type of Exposure",
    "type": "obs",
    "id": "typeOfExposure",
    "questionOptions": {
    "concept": "3ac6cb43-0fc9-437d-aca2-bc2b66066941",
    "rendering": "radio",
    "answers": [
    {
    "concept": "159218AAAAAAAAAAAAAAAAAAAAAAAAAAAAAA",
    "label": "Unprotected sex"
    },
    {
    "concept": "1536AAAAAAAAAAAAAAAAAAAAAAAAAAAAAAAA",
    "label": "Needle prick"
    },
    {
    "concept": "bf27b756-d8cf-460a-8df1-4a190ac90089",
    "label": "Condom Burst"
    },
    {
    "concept": "137655AAAAAAAAAAAAAAAAAAAAAAAAAAAAAA",
    "label": "Cut wound"
    },
    {
    "concept": "147273AAAAAAAAAAAAAAAAAAAAAAAAAAAAAA",
    "label": "Human bite"
    },
    {
    "concept": "5622AAAAAAAAAAAAAAAAAAAAAAAAAAAAAAAA",
    "label": "Other"
    }
    ]
    }
    },
    {
    "label": "Specify other exposure",
    "type": "obs",
    "id": "otherExposureSpecify",
    "questionOptions": {
    "concept": "d7f01f09-1e8b-4129-bdf6-dbae6e9aa69c",
    "rendering": "textarea"
    }
    },
    {
    "label": "HIV Test Result",
    "type": "obs",
    "id": "hiv-test-result",
    "questionOptions": {
    "concept": "159427AAAAAAAAAAAAAAAAAAAAAAAAAAAAAA",
    "rendering": "radio",
    "answers": [
    {
    "concept": "703AAAAAAAAAAAAAAAAAAAAAAAAAAAAAAAAA",
    "label": "Negative"
    },
    {
    "concept": "664AAAAAAAAAAAAAAAAAAAAAAAAAAAAAAAAA",
    "label": "Positive"
    }
    ]
    }
    },
    {
    "label": "Starter Pack given",
    "type": "obs",
    "id": "starter-pack-issued",
    "questionOptions": {
    "concept": "1263AAAAAAAAAAAAAAAAAAAAAAAAAAAAAAAA",
    "rendering": "radio",
    "answers": [
    {
    "concept": "1066AAAAAAAAAAAAAAAAAAAAAAAAAAAAAAAA",
    "label": "No"
    },
    {
    "concept": "1065AAAAAAAAAAAAAAAAAAAAAAAAAAAAAAAA",
    "label": "Yes"
    }
    ]
    }
    },
    {
    "label": "Adults and Children > 34.9Kg: TDF/3TC-300mg/300mg OD + ATV/r -300mg/100mg OD OR TDF/3TC-300mg/300mg OD + LPV/r -200mg/50mg 2 BD x 28 days",
    "type": "obs",
    "id":"regCategoryA35Above",
    "questionOptions": {
    "concept": "166655AAAAAAAAAAAAAAAAAAAAAAAAAAAAAA",
    "rendering": "multiCheckbox",
    "answers": [
    {
    "concept": "160521AAAAAAAAAAAAAAAAAAAAAAAAAAAAAA",
    "label": "Yes"
    }
    ]
    }
    },
    {
    "label": "Children 25-34.9kg :{ABC 300mg + 3TC 150mg BD+(LPV/r 200/50mg 2tabs am and 1tab pm OR LPV/r 80/20mg 4mls BD)}x28days",
    "type": "obs",
    "id": "regCategoryC25to35",
    "questionOptions": {
    "concept": "166655AAAAAAAAAAAAAAAAAAAAAAAAAAAAAA",
    "rendering": "multiCheckbox",
    "answers": [
    {
    "concept": "162200AAAAAAAAAAAAAAAAAAAAAAAAAAAAAA",
    "label": "Yes"
    }
    ]
    }
    },
    {
    "label": "Children 20-24.9kg :{ABC/3TC-60/30mg 3 BD+(LPV/r 200/50mg 1 BD OR LPV/r 80/20mg 3mls BD)}x28days.",
    "type": "obs",
    "id": "regCategory20TO24",
    "questionOptions": {
    "concept": "166655AAAAAAAAAAAAAAAAAAAAAAAAAAAAAA",
    "rendering": "multiCheckbox",
    "answers": [
    {
    "concept": "077966a6-4fbd-40ce-9807-2d5c2e8eb685",
    "label": "Yes"
    }
    ]
    }
    },
    {
    "label": "Children < 20kg:",
    "type": "obs",
    "id": "regCategory20",
    "questionOptions": {
    "concept": "166655AAAAAAAAAAAAAAAAAAAAAAAAAAAAAA",
    "rendering": "multiCheckbox",
    "answers": [
    {
    "concept": "160521AAAAAAAAAAAAAAAAAAAAAAAAAAAAAA",
    "label": "Yes"
    }
    ]
    }
    },
    {
    "label": "Specify other regimen and dose given",
    "type": "obs",
    "id": "specifyOtherRegCategory",
    "questionOptions": {
    "concept": "163104AAAAAAAAAAAAAAAAAAAAAAAAAAAAAA",
    "rendering": "textarea"
    }
    },
    {
    "label": "HBsAG",
    "type": "obs",
    "id": "hbsagID",
    "questionOptions": {
    "concept": "161472AAAAAAAAAAAAAAAAAAAAAAAAAAAAAA",
    "rendering": "radio",
    "answers": [
    {
    "concept": "703AAAAAAAAAAAAAAAAAAAAAAAAAAAAAAAAA",
    "label": "Reactive"
    },
    {
    "concept": "664AAAAAAAAAAAAAAAAAAAAAAAAAAAAAAAAA",
    "label": "Non Reactive"
    }
    ]
    }
    },
    {
    "label": " LFTs: ALT",
    "type": "obs",
    "id": "lftsID",
    "questionOptions": {
    "concept": "654AAAAAAAAAAAAAAAAAAAAAAAAAAAAAAAAA",
    "rendering": "number"
    }
    },
    {
    "label": "RFTs: Creatinine",
    "type": "obs",
    "id": "rftsID",
    "questionOptions": {
    "concept": "790AAAAAAAAAAAAAAAAAAAAAAAAAAAAAAAAA",
    "rendering": "number"
    }
    },
    {
    "label": "Other test (Specify)",
    "type": "obs",
    "id": "otherTestsSpecify",
    "questionOptions": {
    "concept": "160987AAAAAAAAAAAAAAAAAAAAAAAAAAAAAA",
    "rendering": "textarea"
    }
    },
    {
    "label": "TCA Date",
    "type": "obs",
    "id": "tcaDate",
    "questionOptions": {
    "concept": "160753AAAAAAAAAAAAAAAAAAAAAAAAAAAAAA",
    "rendering": "date"
    }
    }
    ]
    }
    ]
    }
    ]
    }
    