{
  "name": "Physiotherapy Clinic Form",
  "description": "A form used to capture Physiotherapy  Cases",
  "version": "2.0",
  "published": true,
  "uuid": "18c209ac-0787-4b51-b9aa-aa8b1581239c",
  "retired": false,
  "encounter": "Consultation",
  "pages": [
    {
      "label": "Visit Details",
      "sections": [
        {
          "label": "Encounter Details",
          "isExpanded": "true",
          "questions": [
            {
              "label": "Visit date:",
              "type": "encounterDatetime",
              "required": "true",
              "id": "encDate",
              "questionOptions": {
                "rendering": "date"
              },
              "validators": [
                {
                  "type": "date",
                  "allowFutureDates": "false"
                }
              ]
            },
            {
              "label": "Provider:",
              "type": "encounterProvider",
              "questionOptions": {
                "rendering": "ui-select-extended"
              },
              "id": "encProvider "
            },
            {
              "label": "Location:",
              "type": "encounterLocation",
              "questionOptions": {
                "rendering": "ui-select-extended"
              },
              "id": "encLocation"
            }
          ]
        },
        {
          "label": "Patient Details",
          "isExpanded": "true",
          "questions": [
            {
              "label": "Visit Type?",
              "type": "obs",
              "required": "true",
              "id": "visitType",
              "questionOptions": {
                "rendering": "radio",
                "concept": "164181AAAAAAAAAAAAAAAAAAAAAAAAAAAAAA",
                "conceptMappings": [
                  {
                    "relationship": "SAME-AS",
                    "type": "CIEL",
                    "value": "164181"
                  }
                ],
                "answers": [
                  {
                    "concept": "164180AAAAAAAAAAAAAAAAAAAAAAAAAAAAAA",
                    "label": "New visit"
                  },
                  {
                    "concept": "160530AAAAAAAAAAAAAAAAAAAAAAAAAAAAAA",
                    "label": "Return Visit"
                  },
                  {
                    "concept": "160563AAAAAAAAAAAAAAAAAAAAAAAAAAAAAA",
                    "label": "Referrals"
                  }
                ]
              }
            },
            {
              "label": "Referral from",
              "type": "obs",
              "required": true,
              "id": "referralSpecification",
              "questionOptions": {
                "rendering": "radio",
                "concept": "160338AAAAAAAAAAAAAAAAAAAAAAAAAAAAAA",
                "conceptMappings": [],
                "answers": [
                  {
                    "concept": "164407AAAAAAAAAAAAAAAAAAAAAAAAAAAAAA",
                    "label": "From other facilities"
                  },
                  {
                    "concept": "1759AAAAAAAAAAAAAAAAAAAAAAAAAAAAAAAA",
                    "label": "Referred from CHU "
                  },
                  {
                    "concept": "164918AAAAAAAAAAAAAAAAAAAAAAAAAAAAAA",
                    "label": "Internal(Department)"
                  }
                ]
              },
              "hide": {
                "hideWhenExpression": "isEmpty(visitType) || visitType !== '160563AAAAAAAAAAAAAAAAAAAAAAAAAAAAAA'"
              }
            },
            {
              "label": "Specify Referring Department",
              "type": "obs",
              "required": true,
              "id": "departmentSpecify",
              "questionOptions": {
                "rendering": "radio",
                "concept": "160478AAAAAAAAAAAAAAAAAAAAAAAAAAAAAA",
                "conceptMappings": [],
                "answers": [
                  {
                    "concept": "160542AAAAAAAAAAAAAAAAAAAAAAAAAAAAAA",
                    "label": "Outpatient Department"
                  },
                  {
                    "concept": "167050AAAAAAAAAAAAAAAAAAAAAAAAAAAAAA",
                    "label": "Inpatient Department"
                  },
                  {
                    "concept": "160454AAAAAAAAAAAAAAAAAAAAAAAAAAAAAA",
                    "label": "Ophthalmology (Eye)Clinic"
                  },
                  {
                    "concept": "160455AAAAAAAAAAAAAAAAAAAAAAAAAAAAAA",
                    "label": "Ear, Nose, and Throat(ENT)Clinic"
                  },
                  {
                    "concept": "2a030791-14b4-4996-95ad-39c54b25f2b6",
                    "label": "Physiotherapy clinic"
                  },
                  {
                    "concept": "164164AAAAAAAAAAAAAAAAAAAAAAAAAAAAAA",
                    "label": "Surgical Outpatient Clinic"
                  },
                  {
                    "concept": "160457AAAAAAAAAAAAAAAAAAAAAAAAAAAAAA",
                    "label": "Paediatrics clinics"
                  },
                  {
                    "concept": "1d7d7c76-d807-4f33-8c7e-2531e28126ed",
                    "label": "Maxillofacial Clinic"
                  },
                  {
                    "concept": "160448AAAAAAAAAAAAAAAAAAAAAAAAAAAAAA",
                    "label": "Medical Outpatient clinic"
                  },
                  {
                    "concept": "66710a6d-5894-4f7d-a874-b449df77314d",
                    "label": "Oncology Clinic"
                  },
                  {
                    "concept": "30aff715-92de-4662-aa33-fa6b6179fed0",
                    "label": "Dental clinic"
                  },
                  {
                    "concept": "160475AAAAAAAAAAAAAAAAAAAAAAAAAAAAAA",
                    "label": "Renal Clinic"
                  },
                  {
                    "concept": "5489AAAAAAAAAAAAAAAAAAAAAAAAAAAAAAAA",
                    "label": "Mental Health"
                  },
                  {
                    "concept": "160460AAAAAAAAAAAAAAAAAAAAAAAAAAAAAA",
                    "label": "Dermatology Clinic"
                  },
                  {
                    "concept": "164103AAAAAAAAAAAAAAAAAAAAAAAAAAAAAA",
                    "label": "Diabetic Clinic"
                  },
                  {
                    "concept": "c2f85aed-695f-49b1-973e-002c37cbdebf",
                    "label": "Occupational Therapy Clinic"
                  },
                  {
                    "concept": "160465AAAAAAAAAAAAAAAAAAAAAAAAAAAAAA",
                    "label": "Orthopaedic Clinic"
                  },
                  {
                    "concept": "5622AAAAAAAAAAAAAAAAAAAAAAAAAAAAAAAA",
                    "label": "Others specify"
                  }
                ]
              },
              "hide": {
                "hideWhenExpression": "isEmpty(referralSpecification) || referralSpecification !== '164918AAAAAAAAAAAAAAAAAAAAAAAAAAAAAA'"
              }
            },
            {
              "label": "Specify Department",
              "type": "obs",
              "required": true,
              "id": "specifyDepartment",
              "questionOptions": {
                "rendering": "text",
                "concept": "160632AAAAAAAAAAAAAAAAAAAAAAAAAAAAAA",
                "conceptMappings": []
              },
              "hide": {
                "hideWhenExpression": "isEmpty(departmentSpecify) || departmentSpecify !== '5622AAAAAAAAAAAAAAAAAAAAAAAAAAAAAAAA'"
              }
            }
          ]
        }
      ]
    },
    {
      "label": "Patient History",
      "sections": [
        {
          "label": "Physical Therapy Assessment",
          "isExpanded": "true",
          "questions": [
            {
              "label": "Number of sessions",
              "type": "obs",
              "id": "sessionNumber",
              "questionOptions": {
                "concept": "164812AAAAAAAAAAAAAAAAAAAAAAAAAAAAAA",
                "rendering": "number",
                "min": "0"
              },
              "validators": []
            },
            {
              "label": "Referring Physician",
              "type": "obs",
              "id": "referringPhyscian",
              "questionOptions": {
                "concept": "2b537713-298c-4b60-83c3-8006ea622d70",
                "rendering": "text"
              },
              "validators": [],
              "hide": {
                "hideWhenExpression": "isEmpty(visitType) || visitType !== '160563AAAAAAAAAAAAAAAAAAAAAAAAAAAAAA'"
              }
            },
            {
              "label": "Reason for Referral",
              "type": "obs",
              "id": "reasonReferral",
              "questionOptions": {
                "concept": "163761AAAAAAAAAAAAAAAAAAAAAAAAAAAAAA",
                "rendering": "textarea"
              },
              "validators": [],
              "hide": {
                "hideWhenExpression": "isEmpty(visitType) || visitType !== '160563AAAAAAAAAAAAAAAAAAAAAAAAAAAAAA'"
              }
            },
            {
              "label": "Disorder Category",
              "type": "obs",
              "required": true,
              "id": "disorserCategory",
              "questionOptions": {
                "rendering": "radio",
                "concept": "74eb8e8d-d078-4fa3-8973-2d710d8f46df",
                "conceptMappings": [],
                "answers": [
                  {
                    "concept": "161102AAAAAAAAAAAAAAAAAAAAAAAAAAAAAA",
                    "label": "neurological disorders"
                  },
                  {
                    "concept": "117569AAAAAAAAAAAAAAAAAAAAAAAAAAAAAA",
                    "label": "Peripheral nerve disorders"
                  },
                  {
                    "concept": "162045AAAAAAAAAAAAAAAAAAAAAAAAAAAAAA",
                    "label": "Post traumatic injuries"
                  },
                  {
                    "concept": "142648AAAAAAAAAAAAAAAAAAAAAAAAAAAAAA",
                    "label": "Degenerative orthopedic disorders"
                  },
                  {
                    "concept": "141964AAAAAAAAAAAAAAAAAAAAAAAAAAAAAA",
                    "label": "Cardio-respiratory disorders"
                  },
                  {
                    "concept": "c45d4810-4f5b-4f97-a8aa-9a88e894ed3f",
                    "label": "Prenatal physiotherapy"
                  },
                  {
                    "concept": "2a030791-14b4-4996-95ad-39c54b25f2b6",
                    "label": "Postnatal physiotherapy"
                  },
                  {
                    "concept": "2a030791-14b4-4996-95ad-39c54b25f2b6",
                    "label": "Others"
                  }
                ]
              }
            },
            {
              "label": "Specify other Disorder category",
              "type": "obs",
              "id": "OtherCategories",
              "questionOptions": {
                "concept": "163049AAAAAAAAAAAAAAAAAAAAAAAAAAAAAA",
                "rendering": "textarea"
              },
              "validators": [],
              "hide": {
                "hideWhenExpression": "isEmpty(disorserCategory) || !arrayContains(disorserCategory, '5622AAAAAAAAAAAAAAAAAAAAAAAAAAAAAAAA')"
              }
            },
            {
              "label": "Clinical Notes",
              "type": "obs",
              "id": "clinicalNotes",
              "questionOptions": {
                "concept": "160629AAAAAAAAAAAAAAAAAAAAAAAAAAAAAA",
                "rendering": "textarea"
              },
              "validators": []
            }
          ]
        },
        {
          "label": "Treatment Plan",
          "isExpanded": "true",
          "questions": []
        }
      ]
    },
    {
      "label": "Patient Examination",
      "sections": [
        {
          "label": "Physical Examination",
          "isExpanded": "true",
          "questions": [
            {
              "label": "Pain Scale (0-10)",
              "type": "obs",
              "id": "painScale",
              "questionOptions": {
                "concept": "1475AAAAAAAAAAAAAAAAAAAAAAAAAAAAAAAA",
                "rendering": "number",
                "min": "0",
                "max": "10"
              },
              "validators": []
            },
            {
              "label": "Affected Region",
              "type": "obs",
              "id": "affectedRegion",
              "questionOptions": {
                "concept": "160629AAAAAAAAAAAAAAAAAAAAAAAAAAAAAA",
                "rendering": "text"
              },
              "validators": []
            },
            {
              "label": "Range of Motion(ROM)",
              "type": "obs",
              "id": "rangeMotion",
              "questionOptions": {
                "concept": "602AAAAAAAAAAAAAAAAAAAAAAAAAAAAAAAAA",
                "rendering": "select",
                "answers": [
                  {
                    "concept": "a303f27a-3437-4428-882f-70218ec25a3c",
                    "label": "Passive Range of Motion (PROM)"
                  },
                  {
                    "concept": "ebae613e-ffc0-41c0-adde-18df71ea4dff",
                    "label": "Active Range of Motion (AROM)"
                  },
                  {
                    "concept": "162872AAAAAAAAAAAAAAAAAAAAAAAAAAAAAA",
                    "label": "Active-Assisted Range of Motion (AAROM)"
                  }
                ]
              }
            },
            {
              "label": "Strength Testing",
              "type": "obs",
              "id": "strenthTest",
              "questionOptions": {
                "concept": "c67be9a5-f497-4082-af81-11753f65ed4b",
                "rendering": "select",
                "answers": [
                  {
                    "concept": "166987AAAAAAAAAAAAAAAAAAAAAAAAAAAAAA",
                    "label": "Grade 1"
                  },
                  {
                    "concept": "166988AAAAAAAAAAAAAAAAAAAAAAAAAAAAAA",
                    "label": "Grade 2"
                  },
                  {
                    "concept": "166989AAAAAAAAAAAAAAAAAAAAAAAAAAAAAA",
                    "label": "Grade 3"
                  },
                  {
                    "concept": "160394AAAAAAAAAAAAAAAAAAAAAAAAAAAAAA",
                    "label": "Grade 4"
                  },
                  {
                    "concept": "160758AAAAAAAAAAAAAAAAAAAAAAAAAAAAAA",
                    "label": "Grade 5"
                  }
                ]
              }
            },
            {
              "label": "Functional Assessment",
              "type": "obs",
              "id": "functionalAssement",
              "questionOptions": {
                "concept": "163580AAAAAAAAAAAAAAAAAAAAAAAAAAAAAA",
                "rendering": "checkbox",
                "answers": [
                  {
                    "concept": "117399AAAAAAAAAAAAAAAAAAAAAAAAAAAAAA",
                    "label": "Walking"
                  },
                  {
                    "concept": "119481AAAAAAAAAAAAAAAAAAAAAAAAAAAAAA",
                    "label": "Climbing Stairs"
                  },
                  {
                    "concept": "138407AAAAAAAAAAAAAAAAAAAAAAAAAAAAAA",
                    "label": "Sitting to stand"
                  }
                ]
              }
            },
            {
              "label": " Assessment Findings",
              "type": "obs",
              "id": "assessFinding",
              "questionOptions": {
                "concept": "4342d15d-22e2-456e-bbfd-16b42b2ec8c6",
                "rendering": "textarea"
              },
              "validators": []
            }
          ]
        }
      ]
    },
    {
      "label": "Patient's Management",
      "sections": [
        {
          "label": "Treatment/Management Plan",
          "isExpanded": "true",
          "questions": [
            {
              "label": "Diagnosis",
              "id": "DiagNosIS",
              "type": "diagnosis",
              "questionOptions": {
                "rendering": "repeating",
                "dataSource": "diagnoses",
                "rank": 1
              }
            },
            {
              "label": "Goals",
              "type": "obs",
              "id": "goalsAchieved",
              "questionOptions": {
                "concept": "20395601-257c-490c-86c2-acffb627f91f",
                "rendering": "textarea"
              }
            },
            {
              "label": "Planned Interventions",
              "type": "obs",
              "id": "plannedInterventions",
              "questionOptions": {
                "concept": "163304AAAAAAAAAAAAAAAAAAAAAAAAAAAAAA",
                "rendering": "multiCheckbox",
                "answers": [
                  {
                    "concept": "167277AAAAAAAAAAAAAAAAAAAAAAAAAAAAAA",
                    "label": "Therapeutic Exercise"
                  },
                  {
                    "concept": "a2d67f28-1e66-4199-8f50-067d37a06da7",
                    "label": "Cryotherapy"
                  },
                  {
                    "concept": "164204AAAAAAAAAAAAAAAAAAAAAAAAAAAAAA",
                    "label": "Assistive devices (e.g., canes, crutches, walkers, orthoses)"
                  },
                  {
                    "concept": "1379AAAAAAAAAAAAAAAAAAAAAAAAAAAAAAAA",
                    "label": "Education and Counseling"
                  },
                  {
                    "concept": "5622AAAAAAAAAAAAAAAAAAAAAAAAAAAAAAAA",
                    "label": "Other"
                  }
                ]
              }
            },
            {
              "label": "Specify other Interventions",
              "type": "obs",
              "id": "OtherInterventions",
              "questionOptions": {
                "concept": "162169AAAAAAAAAAAAAAAAAAAAAAAAAAAAAA",
                "rendering": "textarea"
              },
              "validators": [],
              "hide": {
                "hideWhenExpression": "isEmpty(plannedInterventions) || !arrayContains(plannedInterventions, '5622AAAAAAAAAAAAAAAAAAAAAAAAAAAAAAAA')"
              }
            },
            {
              "label": "Frequency of Sessions/weeks",
              "type": "obs",
              "id": "frequenctWeeks",
              "questionOptions": {
                "concept": "161011AAAAAAAAAAAAAAAAAAAAAAAAAAAAAA",
                "rendering": "text"
              }
            },
            {
              "label": "Therapist Notes",
              "type": "obs",
              "id": "therapistNote",
              "questionOptions": {
                "concept": "160531AAAAAAAAAAAAAAAAAAAAAAAAAAAAAA",
                "rendering": "textarea"
              }
            },
            {
              "label": "Drug Order",
              "required": false,
              "id": "drugsWorkspaceLauncher",
              "questionOptions": {
                "rendering": "workspace-launcher",
                "buttonLabel": "Add drug order",
                "workspaceName": "add-drug-order"
              },
              "hide": {
                "hideWhenExpression": ""
              }
            }
          ]
        },
        {
          "label": "Patient Outcome",
          "isExpanded": "true",
          "questions": [
            {
              "label": "Patient Outcome ",
              "type": "obs",
              "id": "outcomePatient",
              "questionOptions": {
                "concept": "160433AAAAAAAAAAAAAAAAAAAAAAAAAAAAAA",
                "rendering": "radio",
                "answers": [
                  {
                    "concept": "160429AAAAAAAAAAAAAAAAAAAAAAAAAAAAAA",
                    "label": "Released Home"
                  },
                  {
                    "concept": "1654AAAAAAAAAAAAAAAAAAAAAAAAAAAAAAAA",
                    "label": "Admit"
                  },
                  {
                    "concept": "1693AAAAAAAAAAAAAAAAAAAAAAAAAAAAAAAA",
                    "label": "Referral"
                  },
                  {
                    "concept": "159AAAAAAAAAAAAAAAAAAAAAAAAAAAAAAAAA",
                    "label": "Deceased"
                  }
                ]
              }
            },
            {
              "label": "Appointments",
              "required": false,
              "id": "appointmentWorkspaceLauncher",
              "questionOptions": {
                "rendering": "workspace-launcher",
                "buttonLabel": "Add appointments",
                "workspaceName": "appointments-form-workspace"
              },
              "hide": {
                "hideWhenExpression": "outcomePatient !=='160429AAAAAAAAAAAAAAAAAAAAAAAAAAAAAA'"
              }
            },
            {
              "label": "Reffered For?",
              "type": "obs",
              "id": "refferalsOrderd",
              "questionOptions": {
                "concept": "162725AAAAAAAAAAAAAAAAAAAAAAAAAAAAAA",
                "rendering": "textarea"
              },
              "hide": {
                "hideWhenExpression": "outcomePatient !=='1693AAAAAAAAAAAAAAAAAAAAAAAAAAAAAAAA'"
              }
            },
            {
              "label": "Referred to?",
              "type": "obs",
              "id": "referralTo",
              "questionOptions": {
                "concept": "163145AAAAAAAAAAAAAAAAAAAAAAAAAAAAAA",
                "rendering": "select",
                "answers": [
                  {
                    "concept": "164407AAAAAAAAAAAAAAAAAAAAAAAAAAAAAA",
                    "label": "Other health facility"
                  },
                  {
                    "concept": "163266AAAAAAAAAAAAAAAAAAAAAAAAAAAAAA",
                    "label": "This health facility"
                  },
                  {
                    "concept": "4fcf003e-71cf-47a5-a967-47d24aa61092",
                    "label": "Community Health Unit"
                  }
                ]
              },
              "hide": {
                "hideWhenExpression": "outcomePatient !=='1693AAAAAAAAAAAAAAAAAAAAAAAAAAAAAAAA'"
              }
            },
            {
              "label": "Transfer to Facility:",
              "type": "obs",
              "id": "transferToFacility",
              "questionOptions": {
                "concept": "159495AAAAAAAAAAAAAAAAAAAAAAAAAAAAAA",
                "rendering": "encounterLocation"
              },
              "hide": {
                "hideWhenExpression": "referralTo !=='164407AAAAAAAAAAAAAAAAAAAAAAAAAAAAAA'"
              }
            },
            {
              "label": "Service Referred for:",
              "type": "obs",
              "id": "thisfacility",
              "questionOptions": {
                "concept": "162724AAAAAAAAAAAAAAAAAAAAAAAAAAAAAA",
                "rendering": "text"
              },
              "hide": {
                "hideWhenExpression": "referralTo !=='163266AAAAAAAAAAAAAAAAAAAAAAAAAAAAAA'"
              }
            }
          ]
        },
        {
          "label": "Admission Details",
          "isExpanded": "true",
          "questions": [
            {
              "label": "Date of Admission",
              "type": "obs",
              "id": "dateOfPatientAdmission",
              "questionOptions": {
                "concept": "1640AAAAAAAAAAAAAAAAAAAAAAAAAAAAAAAA",
                "rendering": "date"
              },
              "hide": {
                "hideWhenExpression": "outcomePatient !== '1654AAAAAAAAAAAAAAAAAAAAAAAAAAAAAAAA'"
              },
              "validators": [
                {
                  "type": "date",
                  "allowFutureDates": "false"
                }
              ]
            },
            {
              "label": "Reason for admission",
              "type": "obs",
              "id": "admiPatientReason",
              "questionOptions": {
                "concept": "162879AAAAAAAAAAAAAAAAAAAAAAAAAAAAAA",
                "rendering": "text"
              },
              "hide": {
                "hideWhenExpression": "outcomePatient !== '1654AAAAAAAAAAAAAAAAAAAAAAAAAAAAAAAA'"
              }
            },
            {
              "label": "Type of Admission?",
              "type": "obs",
              "id": "admissionType",
              "questionOptions": {
                "concept": "162477AAAAAAAAAAAAAAAAAAAAAAAAAAAAAA",
                "rendering": "radio",
                "answers": [
                  {
                    "concept": "164180AAAAAAAAAAAAAAAAAAAAAAAAAAAAAA",
                    "label": "New"
                  },
                  {
                    "concept": "159833AAAAAAAAAAAAAAAAAAAAAAAAAAAAAA",
                    "label": "Readmission"
                  }
                ]
              },
              "hide": {
                "hideWhenExpression": "outcomePatient !== '1654AAAAAAAAAAAAAAAAAAAAAAAAAAAAAAAA'"
              }
            },
            {
              "label": "Priority of Admission?",
              "type": "obs",
              "id": "priorityOfAdmission",
              "questionOptions": {
                "concept": "1655AAAAAAAAAAAAAAAAAAAAAAAAAAAAAAAA",
                "rendering": "radio",
                "answers": [
                  {
                    "concept": "160473AAAAAAAAAAAAAAAAAAAAAAAAAAAAAA",
                    "label": "Emergency"
                  },
                  {
                    "concept": "159310AAAAAAAAAAAAAAAAAAAAAAAAAAAAAA",
                    "label": "Direct"
                  },
                  {
                    "concept": "242d8a86-47d2-433c-b393-5d1dc43b96ec",
                    "label": "Scheduled"
                  }
                ]
              },
              "hide": {
                "hideWhenExpression": "admissionType !== '164180AAAAAAAAAAAAAAAAAAAAAAAAAAAAAA'"
              }
            },
            {
              "label": "Priority of Admission?",
              "type": "obs",
              "id": "priorityOfAdmissionReadmit",
              "questionOptions": {
                "concept": "1655AAAAAAAAAAAAAAAAAAAAAAAAAAAAAAAA",
                "rendering": "radio",
                "answers": [
                  {
                    "concept": "160473AAAAAAAAAAAAAAAAAAAAAAAAAAAAAA",
                    "label": "Emergency"
                  },
                  {
                    "concept": "159310AAAAAAAAAAAAAAAAAAAAAAAAAAAAAA",
                    "label": "Direct"
                  },
                  {
                    "concept": "242d8a86-47d2-433c-b393-5d1dc43b96ec",
                    "label": "Scheduled"
                  }
                ]
              },
              "hide": {
                "hideWhenExpression": "admissionType !== '159833AAAAAAAAAAAAAAAAAAAAAAAAAAAAAA'"
              }
            },
            {
              "label": "Admission Ward",
              "type": "obs",
              "id": "admissionWardMale",
              "questionOptions": {
                "concept": "5fc29316-0869-4b3b-ae2f-cc37c6014eb7",
                "rendering": "select",
                "answers": [
                  {
                    "concept": "b665252a-06f5-401b-872b-d197e79cfc65",
                    "label": "Male Medical"
                  },
                  {
                    "concept": "c3e4d9e6-8555-4b61-a2ed-e3b8c2d407e1",
                    "label": "Male Surgical"
                  },
                  {
                    "concept": "161629AAAAAAAAAAAAAAAAAAAAAAAAAAAAAA",
                    "label": "Observation Ward"
                  },
                  {
                    "concept": "162680AAAAAAAAAAAAAAAAAAAAAAAAAAAAAA",
                    "label": "Recovery Ward"
                  },
                  {
                    "concept": "71f67c66-3efc-4532-b4fb-b1e5db28f2b2",
                    "label": "Psychiatric Ward"
                  },
                  {
                    "concept": "8e0f5466-7646-44ff-b049-a17572fb26b0",
                    "label": "Isolation Ward"
                  },
                  {
                    "concept": "161936AAAAAAAAAAAAAAAAAAAAAAAAAAAAAA",
                    "label": "Intensive Care Unit"
                  },
                  {
                    "concept": "1fdfb8bd-cbe2-484e-aeda-5160b0f6ba09",
                    "label": "Amenity Ward "
                  },
                  {
                    "concept": "167396AAAAAAAAAAAAAAAAAAAAAAAAAAAAAA",
                    "label": "High Dependecy Unit"
                  }
                ]
              },
              "hide": {
                "hideWhenExpression": "outcomePatient !=='1654AAAAAAAAAAAAAAAAAAAAAAAAAAAAAAAA' || sex !== 'M' ||!(age >12) "
              }
            },
            {
              "label": "Admission Ward",
              "type": "obs",
              "id": "admissionWardFemale",
              "questionOptions": {
                "concept": "5fc29316-0869-4b3b-ae2f-cc37c6014eb7",
                "rendering": "select",
                "answers": [
                  {
                    "concept": "0d0ff617-7e40-475c-b010-2376c8a13684",
                    "label": "Female medical"
                  },
                  {
                    "concept": "24cb4537-f5c5-4e3b-8cdb-1d8369e623ce",
                    "label": "Female Surgical"
                  },
                  {
                    "concept": "90462a4e-a449-4c39-87b2-ddff230ec175",
                    "label": "Maternity Ward"
                  },
                  {
                    "concept": "164835AAAAAAAAAAAAAAAAAAAAAAAAAAAAAA",
                    "label": "Labor and Delivery Unit"
                  },
                  {
                    "concept": "161629AAAAAAAAAAAAAAAAAAAAAAAAAAAAAA",
                    "label": "Observation Ward"
                  },
                  {
                    "concept": "162680AAAAAAAAAAAAAAAAAAAAAAAAAAAAAA",
                    "label": "Recovery Ward"
                  },
                  {
                    "concept": "71f67c66-3efc-4532-b4fb-b1e5db28f2b2",
                    "label": "Psychiatric Ward"
                  },
                  {
                    "concept": "8e0f5466-7646-44ff-b049-a17572fb26b0",
                    "label": "Isolation Ward"
                  },
                  {
                    "concept": "161936AAAAAAAAAAAAAAAAAAAAAAAAAAAAAA",
                    "label": "Intensive Care Unit"
                  },
                  {
                    "concept": "1fdfb8bd-cbe2-484e-aeda-5160b0f6ba09",
                    "label": "Amenity Ward "
                  },
                  {
                    "concept": "123e624b-f460-4877-8ea9-2ea61b7146a2",
                    "label": "Gynaecological Ward"
                  },
                  {
                    "concept": "167396AAAAAAAAAAAAAAAAAAAAAAAAAAAAAA",
                    "label": "High Dependecy Unit"
                  }
                ]
              },
              "hide": {
                "hideWhenExpression": "outcomePatient !=='1654AAAAAAAAAAAAAAAAAAAAAAAAAAAAAAAA' || sex !== 'F' || !(age >12) "
              }
            },
            {
              "label": "Admission Ward",
              "type": "obs",
              "id": "admissionWardChild",
              "questionOptions": {
                "concept": "5fc29316-0869-4b3b-ae2f-cc37c6014eb7",
                "rendering": "select",
                "answers": [
                  {
                    "concept": "385e4ad3-be6b-4b71-bb46-12f494d7fe3e",
                    "label": "Pediatric Ward"
                  },
                  {
                    "concept": "db1ba5ed-1da0-430d-9744-4dcc006f98b0",
                    "label": "Surgical Ward"
                  },
                  {
                    "concept": "162680AAAAAAAAAAAAAAAAAAAAAAAAAAAAAA",
                    "label": "Recovery Ward"
                  },
                  {
                    "concept": "71f67c66-3efc-4532-b4fb-b1e5db28f2b2",
                    "label": "Psychiatric Ward"
                  },
                  {
                    "concept": "8e0f5466-7646-44ff-b049-a17572fb26b0",
                    "label": "Isolation Ward"
                  },
                  {
                    "concept": "161936AAAAAAAAAAAAAAAAAAAAAAAAAAAAAA",
                    "label": "Intensive Care Unit"
                  },
                  {
                    "concept": "1fdfb8bd-cbe2-484e-aeda-5160b0f6ba09",
                    "label": "Amenity Ward "
                  },
                  {
                    "concept": "167396AAAAAAAAAAAAAAAAAAAAAAAAAAAAAA",
                    "label": "High Dependecy Unit"
                  }
                ]
              },
              "hide": {
                "hideWhenExpression": "outcomePatient !=='1654AAAAAAAAAAAAAAAAAAAAAAAAAAAAAAAA' ||  !(age >=0.0766613962 && age <=12)"
              }
            },
            {
              "label": "Admission Ward",
              "type": "obs",
              "id": "admissionWardneonates",
              "questionOptions": {
                "concept": "5fc29316-0869-4b3b-ae2f-cc37c6014eb7",
                "rendering": "select",
                "answers": [
                  {
                    "concept": "db1ba5ed-1da0-430d-9744-4dcc006f98b0",
                    "label": "Surgical Ward"
                  },
                  {
                    "concept": "162680AAAAAAAAAAAAAAAAAAAAAAAAAAAAAA",
                    "label": "Recovery Ward"
                  },
                  {
                    "concept": "71f67c66-3efc-4532-b4fb-b1e5db28f2b2",
                    "label": "Psychiatric Ward"
                  },
                  {
                    "concept": "8e0f5466-7646-44ff-b049-a17572fb26b0",
                    "label": "Isolation Ward"
                  },
                  {
                    "concept": "161936AAAAAAAAAAAAAAAAAAAAAAAAAAAAAA",
                    "label": "Intensive Care Unit"
                  },
                  {
                    "concept": "1fdfb8bd-cbe2-484e-aeda-5160b0f6ba09",
                    "label": "Amenity Ward "
                  },
                  {
                    "concept": "a7fe93d1-2fd3-4738-acf8-d98626efe4a2",
                    "label": "Nursery Unit/Newborn Unit"
                  },
                  {
                    "concept": "167396AAAAAAAAAAAAAAAAAAAAAAAAAAAAAA",
                    "label": "High Dependecy Unit"
                  },
                  {
                    "concept": "165644AAAAAAAAAAAAAAAAAAAAAAAAAAAAAA",
                    "label": "Neonatal Intensive Care Unit"
                  }
                ]
              },
              "hide": {
                "hideWhenExpression": "outcomePatient !=='1654AAAAAAAAAAAAAAAAAAAAAAAAAAAAAAAA' || !(age < 0.0766613962)"
              }
            },
            {
              "label": "Type of hospital stay?",
              "type": "obs",
              "id": "hospitalStay",
              "questionOptions": {
                "concept": "1896AAAAAAAAAAAAAAAAAAAAAAAAAAAAAAAA",
                "rendering": "radio",
                "answers": [
                  {
                    "concept": "1072AAAAAAAAAAAAAAAAAAAAAAAAAAAAAAAA",
                    "label": "Daycase"
                  },
                  {
                    "concept": "161018AAAAAAAAAAAAAAAAAAAAAAAAAAAAAA",
                    "label": "Overnight"
                  },
                  {
                    "concept": "1275AAAAAAAAAAAAAAAAAAAAAAAAAAAAAAAA",
                    "label": "Longer stay"
                  }
                ]
              },
              "hide": {
                "hideWhenExpression": "outcomePatient !=='1654AAAAAAAAAAAAAAAAAAAAAAAAAAAAAAAA'"
              }
            },
            {
              "label": "Admitting Doctor:",
              "type": "encounterProvider",
              "id": "admittingDoctor ",
              "default": "",
              "questionOptions": {
                "rendering": "ui-select-extended"
              },
              "hide": {
                "hideWhenExpression": "outcomePatient !=='1654AAAAAAAAAAAAAAAAAAAAAAAAAAAAAAAA'"
              }
            }
          ]
        }
      ]
    }
  ],
  "processor": "EncounterFormProcessor",
  "encounterType": "465a92f2-baf8-42e9-9612-53064be868e8",
  "referencedForms": []
}