{
    "name": "SGBV PSYCHOLOGICAL ASSESSMENT(MOH 363 part B)",
    "description":"SGBV PSYCHOLOGICAL ASSESSMENT(MOH 363 part B)",
    "version": "1.0.0",
    "published": false,
    "retired": false,
    "processor": "EncounterFormProcessor",
    "encounterType": "b5ab0a6b-9425-44da-b0d9-242f609f1605",
    "referencedForms": [],
    "uuid": "9d21275a-7657-433a-b305-a736423cc496",
    "pages": [
    {
    "label": "Starter page",
    "sections": [
    {
    "label": "Starter section",
    "isExpanded": true,
    "questions": [
    {
    "label": "General appearance and behavior Note appearance",
    "type": "obs",
    "id":"generalAppearanceID",
    "questionOptions": {
    "concept": "1119AAAAAAAAAAAAAAAAAAAAAAAAAAAAAAAA",
    "rendering": "multiCheckbox",
    "answers": [
    {
    "concept": "159438AAAAAAAAAAAAAAAAAAAAAAAAAAAAAA",
    "label": "Grooming (Neat)"
    },
    {
    "concept": "460AAAAAAAAAAAAAAAAAAAAAAAAAAAAAAAAA",
    "label": "Appear older or younger than stated age"
    },
    {
    "concept": "136443AAAAAAAAAAAAAAAAAAAAAAAAAAAAAA",
    "label": "Grooming (unkempt)"
    },
    {
    "concept": "5201AAAAAAAAAAAAAAAAAAAAAAAAAAAAAAAA",
    "label": "Gait"
    },
    {
    "concept": "5243AAAAAAAAAAAAAAAAAAAAAAAAAAAAAAAA",
    "label": "Dressing"
    }
    ]
    }
    },
   
    {
    "label": "Rapport",
    "type": "obs",
    "id": "rapportID",
    "questionOptions": {
    "concept": "122943AAAAAAAAAAAAAAAAAAAAAAAAAAAAAA",
    "rendering": "select",
    "answers": [
    {
    "concept": "160281AAAAAAAAAAAAAAAAAAAAAAAAAAAAAA",
    "label": "Easy to establish"
    },
    {
    "concept": "141762AAAAAAAAAAAAAAAAAAAAAAAAAAAAAA",
    "label": "Difficult to establish"
    },
    {
    "concept": "160282AAAAAAAAAAAAAAAAAAAAAAAAAAAAAA",
    "label": "Initially difficult but easier over time"
    }
    ]
    }
    },
    {
    "label": "Mood (How he/she feels most days)",
    "type": "obs",
    "id": "moodID",
    "questionOptions": {
    "concept": "6045e1ba-98d2-413d-9e8e-0c9ceac4c233",
    "rendering": "select",
    "answers": [
    {
    "concept": "140487AAAAAAAAAAAAAAAAAAAAAAAAAAAAAA",
    "label": "Happy"
    },
    {
    "concept": "119539AAAAAAAAAAAAAAAAAAAAAAAAAAAAAA",
    "label": "Sad"
    },
    {
    "concept": "166050AAAAAAAAAAAAAAAAAAAAAAAAAAAAAA",
    "label": "Elevated"
    },
    {
    "concept": "118296AAAAAAAAAAAAAAAAAAAAAAAAAAAAAA",
    "label": "Irritable"
    },
    {
    "concept": "163468AAAAAAAAAAAAAAAAAAAAAAAAAAAAAA",
    "label": "Hopeless"
    },
    {
    "concept": "141611AAAAAAAAAAAAAAAAAAAAAAAAAAAAAA",
    "label": "Euphoric"
    },
    {
    "concept": "140468AAAAAAAAAAAAAAAAAAAAAAAAAAAAAA",
    "label": "Anxious"
    },
    {
    "concept": "122996AAAAAAAAAAAAAAAAAAAAAAAAAAAAAA",
    "label": "Angry"
    },
    {
    "concept": "118879AAAAAAAAAAAAAAAAAAAAAAAAAAAAAA",
    "label": "Easily upset"
    },
    {
    "concept": "165536AAAAAAAAAAAAAAAAAAAAAAAAAAAAAA",
    "label": "Depressed"
    }
    ]
    }
    },
    {
    "label": "Affect: (Physical manifestation of the mood e.t.c)",
    "type": "obs",
    "id": "affectID",
    "questionOptions": {
    "concept": "167099AAAAAAAAAAAAAAAAAAAAAAAAAAAAAA",
    "rendering": "select",
    "answers": [
    {
    "concept": "137668AAAAAAAAAAAAAAAAAAAAAAAAAAAAAA",
    "label": "Inappropriate to content"
    },
    {
    "concept": "136204AAAAAAAAAAAAAAAAAAAAAAAAAAAAAA",
    "label": "labile (emotions that are freely expressed and tend to alter quickly and spontaneously like sobbing and laughing at the same time)"
    },
    {
    "concept": "162980AAAAAAAAAAAAAAAAAAAAAAAAAAAAAA",
    "label": "Appropriate to content"
    },
    {
    "concept": "153557AAAAAAAAAAAAAAAAAAAAAAAAAAAAAA",
    "label": "Blunt/flat"
    }
    ]
    }
    },
    {
    "label": "Speech: (Rate,volume,speed,pressured,quality and impoverished)",
    "type": "obs",
    "id": "speechID",
    "questionOptions": {
    "concept": "167201AAAAAAAAAAAAAAAAAAAAAAAAAAAAAA",
    "rendering": "select",
    "answers": [
    {
    "concept": "137646AAAAAAAAAAAAAAAAAAAAAAAAAAAAAA",
    "label": "Monosyllables"
    },
    {
    "concept": "159539AAAAAAAAAAAAAAAAAAAAAAAAAAAAAA",
    "label": "Speak clearly"
    },
    {
    "concept": "112842AAAAAAAAAAAAAAAAAAAAAAAAAAAAAA",
    "label": "Hesitant"
    },
    {
    "concept": "145046AAAAAAAAAAAAAAAAAAAAAAAAAAAAAA",
    "label": "Tends to speak rapidly and frenziedly"
    },
    {
    "concept": "126351AAAAAAAAAAAAAAAAAAAAAAAAAAAAAA",
    "label": "Mumbling"
    }
    ]
    }
    },
    {
    "label": "Perception: (Disturbances etc)",
    "type": "obs",
    "id": "perceptionID",
    "questionOptions": {
    "concept": "159707AAAAAAAAAAAAAAAAAAAAAAAAAAAAAA",
    "rendering": "select",
    "answers": [
    {
    "concept": "139146AAAAAAAAAAAAAAAAAAAAAAAAAAAAAA",
    "label": "Hallucination"
    },
    {
    "concept": "126456AAAAAAAAAAAAAAAAAAAAAAAAAAAAAA",
    "label": "Feeling of unreality (corroborative history may be needed to ascertain details)"
    },
    {
    "concept": "1107AAAAAAAAAAAAAAAAAAAAAAAAAAAAAAAA",
    "label": "None"
    },
    {
    "concept": "150881AAAAAAAAAAAAAAAAAAAAAAAAAAAAAA",
    "label": "Hesitant"
    }
    ]
    }
    },
    {
    "label": "Thought content Suicidal and Homicidal; or any preoccupying thoughts",
    "type": "obs",
    "id": "thoughtID",
    "questionOptions": {
    "concept": "167112AAAAAAAAAAAAAAAAAAAAAAAAAAAAAA",
    "rendering": "select",
    "answers": [
    {
    "concept": "160847AAAAAAAAAAAAAAAAAAAAAAAAAAAAAA",
    "label": "Ideas but no plan or intent"
    },
    {
    "concept": "160849AAAAAAAAAAAAAAAAAAAAAAAAAAAAAA",
    "label": "Unclear plan but no intent"
    },
    {
    "concept": "160844AAAAAAAAAAAAAAAAAAAAAAAAAAAAAA",
    "label": "Ideas coupled with clear plan and intent to carry it out"
    },
    {
    "concept": "160848AAAAAAAAAAAAAAAAAAAAAAAAAAAAAA",
    "label": "Clear plan but no intent"
    }
    ]
    }
    },
    {
    "label": "Thought process",
    "type": "obs",
    "id": "thoughtProcessID",
    "questionOptions": {
    "concept": "167106AAAAAAAAAAAAAAAAAAAAAAAAAAAAAA",
    "rendering": "select",
    "answers": [
    {
    "concept": "167108AAAAAAAAAAAAAAAAAAAAAAAAAAAAAA",
    "label": "Goal-directed/logical ideas"
    },
    {
    "concept": "1098AAAAAAAAAAAAAAAAAAAAAAAAAAAAAAAA",
    "label": "Perseveration (constant repetition"
    },
    {
    "concept": "1100AAAAAAAAAAAAAAAAAAAAAAAAAAAAAAAA",
    "label": "Ability to abstract"
    },
    {
    "concept": "1090AAAAAAAAAAAAAAAAAAAAAAAAAAAAAAAA",
    "label": "Circumstantial (drifting but often coming back to the point)"
    },
    {
    "concept": "1099AAAAAAAAAAAAAAAAAAAAAAAAAAAAAAAA",
    "label": "Relevant"
    },
    {
    "concept": "1097AAAAAAAAAAAAAAAAAAAAAAAAAAAAAAAA",
    "label": "Loosened association/flight ideas/illogical ideas"
    }
    ]
    }
    },
    {
    "label": "For children use wishes and dreams, and art/play therapy to assess the thought process and content.Through drawing and play(e.g. use of toys). Allow the child to comment on the drawing and report verbatim",
    "type": "obs",
    "id": "childAssessment",
    "questionOptions": {
    "concept": "167020AAAAAAAAAAAAAAAAAAAAAAAAAAAAAA",
    "rendering": "textarea"
    }
    },
    {
    "label": "Assess the unconscious world of the child by asking about feelings e.g. ask the child to report the feeling that he/she commonly experiences and ask what makes him/her feel that way",
    "type": "obs",
    "id": "assessUnconsciousID",
    "questionOptions": {
    "concept": "165427AAAAAAAAAAAAAAAAAAAAAAAAAAAAAA",
    "rendering": "textarea"
    }
    },
    {
    "label": "a. Memory:(past several days, months, years)",
    "type": "obs",
    "id": "memoryID",
    "questionOptions": {
    "concept": "6a6db9bc-eec6-4b1f-85ca-13c4fa5c193a",
    "rendering": "radio",
    "answers": [
    {
    "concept": "134145AAAAAAAAAAAAAAAAAAAAAAAAAAAAAA",
    "label": "Short-term memory"
    },
    {
    "concept": "121657AAAAAAAAAAAAAAAAAAAAAAAAAAAAAA",
    "label": "Long-term memory"
    },
    {
    "concept": "129507AAAAAAAAAAAAAAAAAAAAAAAAAAAAAA",
    "label": "Recent Memory"
    }
    ]
    }
    },
    {
    "label": "b. Orientation:to time,place,person i.e. ability to recognize time,where they are, people around e.t.c.",
    "type": "obs",
    "id": "orientationID",
    "questionOptions": {
    "concept": "167084AAAAAAAAAAAAAAAAAAAAAAAAAAAAAA",
    "rendering": "radio",
    "answers": [
    {
    "concept": "167082AAAAAAAAAAAAAAAAAAAAAAAAAAAAAA",
    "label": "Poorly Oriented"
    },
    {
    "concept": "167081AAAAAAAAAAAAAAAAAAAAAAAAAAAAAA",
    "label": "Oriented"
    },
    {
    "concept": "167083AAAAAAAAAAAAAAAAAAAAAAAAAAAAAA",
    "label": "Verily oriented"
    }
    ]
    }
    },
    {
    "label": "c. Concentration:ability to pay attention e.g. counting or spelling backward,small tasks",
    "type": "obs",
    "id": "concentrationID",
    "questionOptions": {
    "concept": "161427AAAAAAAAAAAAAAAAAAAAAAAAAAAAAA",
    "rendering": "radio",
    "answers": [
    {
    "concept": "161565AAAAAAAAAAAAAAAAAAAAAAAAAAAAAA",
    "label": "Above average"
    },
    {
    "concept": "161427AAAAAAAAAAAAAAAAAAAAAAAAAAAAAA",
    "label": "Below Average"
    },
    {
    "concept": "114412AAAAAAAAAAAAAAAAAAAAAAAAAAAAAA",
    "label": "Average"
    }
    ]
    }
    },
    {
    "label": "d. Intelligence:use of vocabulary (compare level of education with case presentation)",
    "type": "obs",
    "id": "intelligenceID",
    "questionOptions": {
    "concept": "c67be9a5-f497-4082-af81-11753f65ed4b",
    "rendering": "radio",
    "answers": [
    {
    "concept": "161565AAAAAAAAAAAAAAAAAAAAAAAAAAAAAA",
    "label": "Above average"
    },
    {
    "concept": "161427AAAAAAAAAAAAAAAAAAAAAAAAAAAAAA",
    "label": "Below Average"
    },
    {
    "concept": "114412AAAAAAAAAAAAAAAAAAAAAAAAAAAAAA",
    "label": "Average"
    }
    ]
    }
    },
    {
    "label": "e. Judgement:Ability to understand relations between facts and to draw conclusions; responses in social situation",
    "type": "obs",
    "id": "judgementID",
    "questionOptions": {
    "concept": "167116AAAAAAAAAAAAAAAAAAAAAAAAAAAAAA",
    "rendering": "radio",
    "answers": [
    {
    "concept": "164077AAAAAAAAAAAAAAAAAAAAAAAAAAAAAA",
    "label": "Good"
    },
    {
    "concept": "159406AAAAAAAAAAAAAAAAAAAAAAAAAAAAAA",
    "label": "Fair"
    },
    {
    "concept": "159407AAAAAAAAAAAAAAAAAAAAAAAAAAAAAA",
    "label": "Poor"
    }
    ]
    }
    },
    {
    "label": "f. Insight level:Realizing that there are physical or mental problems; denial of illness, ascribing blame to outside factors; recognizing need for treatment (Indicate whether inisght level as either the below)",
    "type": "obs",
    "id": "insightlevelID",
    "questionOptions": {
    "concept": "167115AAAAAAAAAAAAAAAAAAAAAAAAAAAAAA",
    "rendering": "radio",
    "answers": [
    {
    "concept": "159406AAAAAAAAAAAAAAAAAAAAAAAAAAAAAA",
    "label": "Fair"
    },
    {
    "concept": "1107AAAAAAAAAAAAAAAAAAAAAAAAAAAAAAAA",
    "label": "Not present"
    },
    {
    "concept": "159405AAAAAAAAAAAAAAAAAAAAAAAAAAAAAA",
    "label": "Present"
    }
    ]
    }
    },
    {
    "label": "Recommendation following assessment",
    "type": "obs",
    "id": "recommendationAssessmentID",
    "questionOptions": {
    "concept": "164359AAAAAAAAAAAAAAAAAAAAAAAAAAAAAA",
    "rendering": "textarea"
    }
    },
    {
    "label": "Referral point",
    "type": "obs",
    "id": "referralPointID",
    "questionOptions": {
    "concept": "166485AAAAAAAAAAAAAAAAAAAAAAAAAAAAAA",
    "rendering": "textarea"
    }
    },
    {
    "label": "Referral uptake since last visit e.g. other medical services, children's department, police, legal aid,shelter e.t.c",
    "type": "obs",
    "id": "referralUptakeID",
    "questionOptions": {
    "concept": "708210ef-61c1-439c-8137-fe436c87cd11",
    "rendering": "textarea"
    }
    },
    {
    "label": "By: Name of Examining officer(Doctor/Nurse/Clinical officer)",
    "type": "obs",
    "id": "nameExaminingOfficer",
    "questionOptions": {
    "concept": "9ce6af66-5039-49c0-9638-c1095a383933",
    "rendering": "textarea"
    }
    },
    {
    "label": "Examining officer signature",
    "type": "obs",
    "id": "signatureExaminingOfficerID",
    "questionOptions": {
    "concept": "b7f19768-bb0e-4bd4-b24b-e53b566b6af9",
    "rendering": "textarea"
    }
    },
    {
    "label": "To: Police Officers Name:",
    "type": "obs",
    "id": "namePoliceOfficer",
    "questionOptions": {
    "concept": "2b537713-298c-4b60-83c3-8006ea622d70",
    "rendering": "textarea"
    }
    },
    {
    "label": "To: Police Officers signature:",
    "type": "obs",
    "id": "signaturePoliceOfficer",
    "questionOptions": {
    "concept": "2b537713-298c-4b60-83c3-8006ea622d70",
    "rendering": "textarea"
    }
    }
    ]
    }
    ]
    }
    ]
    }