{
    "name": "Sexual Violence Post Rape Care Form (MOH 363 part A)",
    "description": "Sexual Violence POST RAPE CARE Form (MOH 363 part A)",
    "version": "1.0",
    "published": false,
    "retired": false,
    "encounter": "SGBV Post Rape Care 363A Encounter",
    "processor": "EncounterFormProcessor",
    "encounterType": "e571c807-8fcc-4bc3-bc64-4ed372b348e4",
    "referencedForms": [],
    "uuid": "c46aa4fd-8a5a-4675-90a7-a6f2119f61d8",
    "pages": [
        {
            "label": "Starter page",
            "sections": [
                {
                    "label": "Encounter Details",
                    "isExpanded": "true",
                    "questions": [
                      {
                        "label": "Visit date:",
                        "type": "encounterDatetime",
                        "required": "true",
                        "id": "encDate",
                        "questionOptions": {
                          "rendering": "date"
                        },
                        "validators": [
                          {
                            "type": "date",
                            "allowFutureDates": "false"
                          }
                        ]
                      },
                      {
                        "label": "Provider:",
                        "type": "encounterProvider",
                        "questionOptions": {
                          "rendering": "ui-select-extended"
                        },
                        "id": "encProvider "
                      },
                      {
                        "label": "Location:",
                        "type": "encounterLocation",
                        "questionOptions": {
                          "rendering": "ui-select-extended"
                        },
                        "id": "encLocation"
                      }
                    ]
                  },
                {
                    "label": "Starter section",
                    "isExpanded": true,
                    "questions": [
                        {
                            "label": "Date & Time of Examination",
                            "type": "obs",
                            "id": "dateTimeExamination",
                            "questionOptions": {
                                "concept": "159948AAAAAAAAAAAAAAAAAAAAAAAAAAAAAA",
                                "rendering": "date"
                            }
                        },
                        {
                            "label": "Date & Time of Incident",
                            "type": "obs",
                            "id": "dateTimeOfIncidence",
                            "questionOptions": {
                                "concept": "162869AAAAAAAAAAAAAAAAAAAAAAAAAAAAAA",
                                "rendering": "date"
                            }
                        },
                        {
                            "label": "Number of perpetrators",
                            "type": "obs",
                            "id": "numberOfPP",
                            "questionOptions": {
                                "concept": "1639AAAAAAAAAAAAAAAAAAAAAAAAAAAAAAAA",
                                "rendering": "number"
                            }
                        },
                        {
                            "label": "Alleged perpetrators",
                            "type": "obs",
                            "id": "alleged-perpetrator",
                            "questionOptions": {
                                "concept": "f45b2051-0212-48e0-a0ae-b52809c5ba0c",
                                "rendering": "radio",
                                "answers": [
                                    {
                                        "concept": "1066AAAAAAAAAAAAAAAAAAAAAAAAAAAAAAAA",
                                        "label": "Unknown"
                                    },
                                    {
                                        "concept": "1065AAAAAAAAAAAAAAAAAAAAAAAAAAAAAAAA",
                                        "label": "Known (specify)"
                                    }
                                ]
                            }
                        },
                        {
                            "label": "Specify the relationship",
                            "type": "obs",
                            "id": "specifyRelationshipToPP",
                            "questionOptions": {
                                "concept": "167214AAAAAAAAAAAAAAAAAAAAAAAAAAAAAA",
                                "rendering": ""
                            }
                        },
                        {
                            "label": "County",
                            "type": "obs",
                            "id": "county",
                            "questionOptions": {
                                "concept": "167131AAAAAAAAAAAAAAAAAAAAAAAAAAAAAA",
                                "rendering": "textarea"
                            }
                        },
                        {
                            "label": "Sub-county",
                            "type": "obs",
                            "id": "subcounty",
                            "questionOptions": {
                                "concept": "161564AAAAAAAAAAAAAAAAAAAAAAAAAAAAAA",
                                "rendering": "textarea"
                            }
                        },
                        {
                            "label": "Landmark",
                            "type": "obs",
                            "id": "landMark",
                            "questionOptions": {
                                "concept": "159942AAAAAAAAAAAAAAAAAAAAAAAAAAAAAA",
                                "rendering": "textarea"
                            }
                        },
                        {
                            "label": "Indicate what is observed on the chief complaint",
                            "type": "obs",
                            "id": "onservationOnComplaint",
                            "questionOptions": {
                                "concept": "160945AAAAAAAAAAAAAAAAAAAAAAAAAAAAAA",
                                "rendering": "textarea"
                            }
                        },
                        {
                            "label": "Indicate what is reported by the chief complaint",
                            "type": "obs",
                            "id": "reportsComplaint",
                            "questionOptions": {
                                "concept": "166846AAAAAAAAAAAAAAAAAAAAAAAAAAAAAA",
                                "rendering": "textarea"
                            }
                        },
                        {
                            "label": "Circumstances surrounding the incident(survivor account) remember to record penetration(how,where,what was used?Indication of struggle?)",
                            "type": "obs",
                            "id": "circumstancesAroundIncident",
                            "questionOptions": {
                                "concept": "160303AAAAAAAAAAAAAAAAAAAAAAAAAAAAAA",
                                "rendering": "textarea"
                            }
                        },
                        {
                            "label": "Type of Sexual Violence",
                            "type": "obs",
                            "id": "typeOfSGBV",
                            "questionOptions": {
                                "concept": "123160AAAAAAAAAAAAAAAAAAAAAAAAAAAAAA",
                                "rendering": "multiCheckbox",
                                "answers": [
                                    {
                                        "concept": "166060AAAAAAAAAAAAAAAAAAAAAAAAAAAAAA",
                                        "label": "Oral"
                                    },
                                    {
                                        "concept": "123385AAAAAAAAAAAAAAAAAAAAAAAAAAAAAA",
                                        "label": "Vaginal"
                                    },
                                    {
                                        "concept": "148895AAAAAAAAAAAAAAAAAAAAAAAAAAAAAA",
                                        "label": "Anal"
                                    },
                                    {
                                        "concept": "5622AAAAAAAAAAAAAAAAAAAAAAAAAAAAAAAA",
                                        "label": "Other (specify)"
                                    }
                                ]
                            }
                        },
                        {
                            "label": "Specify other sexual violence:",
                            "type": "obs",
                            "id": "specifyOtherSGBV",
                            "questionOptions": {
                                "concept": "161011AAAAAAAAAAAAAAAAAAAAAAAAAAAAAA",
                                "rendering": "textarea"
                            }
                        },
                        {
                            "label": "Use of condoms",
                            "type": "obs",
                            "id": "condomUse",
                            "questionOptions": {
                                "concept": "1357AAAAAAAAAAAAAAAAAAAAAAAAAAAAAAAA",
                                "rendering": "radio",
                                "answers": [
                                    {
                                        "concept": "1067AAAAAAAAAAAAAAAAAAAAAAAAAAAAAAAA",
                                        "label": "Unknown"
                                    },
                                    {
                                        "concept": "1065AAAAAAAAAAAAAAAAAAAAAAAAAAAAAAAA",
                                        "label": "Yes"
                                    },
                                    {
                                        "concept": "1066AAAAAAAAAAAAAAAAAAAAAAAAAAAAAAAA",
                                        "label": "No"
                                    }
                                   
                                ]
                            }
                        },
                        {
                            "label": "Attended a health facility before this one?",
                            "type": "obs",
                            "id": "health-facility",
                            "questionOptions": {
                                "concept": "166484AAAAAAAAAAAAAAAAAAAAAAAAAAAAAA",
                                "rendering": "radio",
                                "answers": [
                                    {
                                        "concept": "1065AAAAAAAAAAAAAAAAAAAAAAAAAAAAAAAA",
                                        "label": "Yes (Indicate name of facility)"
                                    },
                                    {
                                        "concept": "1066AAAAAAAAAAAAAAAAAAAAAAAAAAAAAAAA",
                                        "label": "No"
                                    }
                                   
                                ]
                            }
                        },
                        {
                            "label": "Name of the facility",
                            "type": "obs",
                            "id": "nameOfFacility",
                            "questionOptions": {
                                "concept": "162724AAAAAAAAAAAAAAAAAAAAAAAAAAAAAA",
                                "rendering": "textarea"
                            }
                        },
                        {
                            "label": "Date and Time",
                            "type": "obs",
                            "id": "dateTimeAttendedFacility",
                            "questionOptions": {
                                "concept": "164093AAAAAAAAAAAAAAAAAAAAAAAAAAAAAA",
                                "rendering": "date"
                            }
                        },
                        {
                            "label": "Were you treated?",
                            "type": "obs",
                            "id": "treatedAtFacility",
                            "questionOptions": {
                                "concept": "bddb3732-1c6c-43b0-abb3-e6a337d9b9a4",
                                "rendering": "radio",
                                "answers": [
                                    {
                                        "concept": "1065AAAAAAAAAAAAAAAAAAAAAAAAAAAAAAAA",
                                        "label": "Yes"
                                    },
                                    {
                                        "concept": "1066AAAAAAAAAAAAAAAAAAAAAAAAAAAAAAAA",
                                        "label": "No"
                                    }
                                   
                                ]
                            }
                        },
                        {
                            "label": "Were you given referral notes?",
                            "type": "obs",
                            "id": "referralNotes",
                            "questionOptions": {
                                "concept": "0dcc1312-e83e-4317-97c3-4b127b599744",
                                "rendering": "radio",
                                "answers": [
                                    {
                                        "concept": "1065AAAAAAAAAAAAAAAAAAAAAAAAAAAAAAAA",
                                        "label": "Yes"
                                    },
                                    {
                                        "concept": "1066AAAAAAAAAAAAAAAAAAAAAAAAAAAAAAAA",
                                        "label": "No"
                                    }
                                   
                                ]
                            }
                        },
                        {
                            "label": "Incident already reported to police?",
                            "type": "obs",
                            "id": "reported-police",
                            "questionOptions": {
                                "concept": "2a2370f9-f327-47ea-b147-6e3c884b4d11",
                                "rendering": "radio",
                                "answers": [
                                    {
                                        "concept": "1065AAAAAAAAAAAAAAAAAAAAAAAAAAAAAAAA",
                                        "label": "Yes (Indicate name of police station)"
                                    },
                                    {
                                        "concept": "1066AAAAAAAAAAAAAAAAAAAAAAAAAAAAAAAA",
                                        "label": "No"
                                    }
                                   
                                ]
                            }
                        },
                        {
                            "label": "Police station name",
                            "type": "obs",
                            "id": "policeStationName",
                            "questionOptions": {
                                "concept": "161550AAAAAAAAAAAAAAAAAAAAAAAAAAAAAA",
                                "rendering": "textarea"
                            }
                        },
                        {
                            "label": "Date and time of report",
                            "type": "obs",
                            "id": "datetimeReport",
                            "questionOptions": {
                                "concept": "68bfa3f3-1fc7-4d9d-bb41-e897c3c430ef",
                                "rendering": "date"
                            }
                        },
                        {
                            "label": "Significant medical and/or surgical history",
                            "type": "obs",
                            "id": "medicalHistory",
                            "questionOptions": {
                                "concept": "160221AAAAAAAAAAAAAAAAAAAAAAAAAAAAAA",
                                "rendering": "textarea"
                            }
                        },
                        {
                            "label": "Indicate additional information provided by the client or observed",
                            "type": "obs",
                            "id": "additionalInfoFRomClient",
                            "questionOptions": {
                                "concept": "163677AAAAAAAAAAAAAAAAAAAAAAAAAAAAAA",
                                "rendering": "textarea"
                            }
                        },
                        {
                            "label": "Physical Examination:[Indicates sites and nature of injuries bruises and marks outside the genitatalia]Please use the body map below to indicate injuries, inflammations, marks on various body parts of the survivor",
                            "type": "obs",
                            "id": "remarkPhysical",
                            "questionOptions": {
                                "concept": "1391AAAAAAAAAAAAAAAAAAAAAAAAAAAAAAAA",
                                "rendering": "textarea"
                            }
                        },
                        {
                            "label": "+",
                            "type": "obs",
                            "id": "parity-term",
                            "questionOptions": {
                                "concept": "160080AAAAAAAAAAAAAAAAAAAAAAAAAAAAAA",
                                "rendering": "number"
                            }
                        },
                        {
                            "label": "+",
                            "type": "obs",
                            "id": "parity-abortion",
                            "questionOptions": {
                                "concept": "1823AAAAAAAAAAAAAAAAAAAAAAAAAAAAAAAA",
                                "rendering": "number"
                            }
                        },
                        {
                            "label": "Using any type of contraception",
                            "type": "obs",
                            "id": "anyTypeContraception",
                            "questionOptions": {
                                "concept": "163400AAAAAAAAAAAAAAAAAAAAAAAAAAAAAA",
                                "rendering": "radio",
                                "answers": [
                                    {
                                        "concept": "1065AAAAAAAAAAAAAAAAAAAAAAAAAAAAAAAA",
                                        "label": "Yes"
                                    },
                                    {
                                        "concept": "1066AAAAAAAAAAAAAAAAAAAAAAAAAAAAAAAA",
                                        "label": "No"
                                    }
                                  
                                ]
                            }
                        },
                        {
                            "label": "Known Pregnancy",
                            "type": "obs",
                            "id": "knownPregnancy",
                            "questionOptions": {
                                "concept": "5272AAAAAAAAAAAAAAAAAAAAAAAAAAAAAAAA",
                                "rendering": "radio",
                                "answers": [
                                    {
                                        "concept": "1065AAAAAAAAAAAAAAAAAAAAAAAAAAAAAAAA",
                                        "label": "Yes"
                                    },
                                    {
                                        "concept": "1066AAAAAAAAAAAAAAAAAAAAAAAAAAAAAAAA",
                                        "label": "No"
                                    }
                                   
                                ]
                            }
                        },
                        {
                            "label": "Date of last consensual sexual intercourse",
                            "type": "obs",
                            "id": "dateLastConsensualSexualIntercourse",
                            "questionOptions": {
                                "concept": "160753AAAAAAAAAAAAAAAAAAAAAAAAAAAAAA",
                                "rendering": "date"
                            }
                        },
                        {
                            "label": "Systolic / mmHg",
                            "type": "obs",
                            "id": "systolicValue",
                            "questionOptions": {
                                "concept": "5085AAAAAAAAAAAAAAAAAAAAAAAAAAAAAAAA",
                                "rendering": "number"
                            }
                        },
                        {
                            "label": "Diastolic / mmHg",
                            "type": "obs",
                            "id": "diastolicValue",
                            "questionOptions": {
                                "concept": "5086AAAAAAAAAAAAAAAAAAAAAAAAAAAAAAAA",
                                "rendering": "number"
                            }
                        },
                        {
                            "label": "Demeanor/Level of anxiety",
                            "type": "obs",
                            "id": "demeanor",
                            "questionOptions": {
                                "concept": "162056AAAAAAAAAAAAAAAAAAAAAAAAAAAAAA",
                                "rendering": "radio",
                                "answers": [
                                    {
                                        "concept": "1066AAAAAAAAAAAAAAAAAAAAAAAAAAAAAAAA",
                                        "label": "Not Calm"
                                    },
                                    {
                                        "concept": "1065AAAAAAAAAAAAAAAAAAAAAAAAAAAAAAAA",
                                        "label": "Calm"
                                    }
                                ]
                            }
                        },
                        {
                            "label": "Did survivor change clothes?",
                            "type": "obs",
                            "id": "survivorChangeClothe",
                            "questionOptions": {
                                "concept": "d3f845d4-3a6a-447e-9c68-89a32830071d",
                                "rendering": "radio",
                                "answers": [
                                    {
                                        "concept": "1065AAAAAAAAAAAAAAAAAAAAAAAAAAAAAAAA",
                                        "label": "Yes"
                                    },
                                    {
                                        "concept": "1066AAAAAAAAAAAAAAAAAAAAAAAAAAAAAAAA",
                                        "label": "No"
                                    }
                                   
                                ]
                            }
                        },
                        {
                            "label": "State of clothes (stains,torn,color,where were the worn clothes taken)?",
                            "type": "obs",
                            "id": "stateOfClothes",
                            "questionOptions": {
                                "concept": "163104AAAAAAAAAAAAAAAAAAAAAAAAAAAAAA",
                                "rendering": "textarea"
                            }
                        },
                        {
                            "label": "How were the clothes transported?",
                            "type": "obs",
                            "id": "clothes-transported",
                            "questionOptions": {
                                "concept": "161239AAAAAAAAAAAAAAAAAAAAAAAAAAAAAA",
                                "rendering": "radio",
                                "answers": [
                                    {
                                        "concept": "159310AAAAAAAAAAAAAAAAAAAAAAAAAAAAAA",
                                        "label": "a) Plastic Bag"
                                    },
                                    {
                                        "concept": "161240AAAAAAAAAAAAAAAAAAAAAAAAAAAAAA",
                                        "label": "b) Non Plastic Bag"
                                    },
                                    {
                                        "concept": "5622AAAAAAAAAAAAAAAAAAAAAAAAAAAAAAAA",
                                        "label": "c) Other (Give details)"
                                    }
                                ]
                            }
                        },
                        {
                            "label": "Give details",
                            "type": "obs",
                            "id": "giveDetails",
                            "questionOptions": {
                                "concept": "166363AAAAAAAAAAAAAAAAAAAAAAAAAAAAAA",
                                "rendering": "textarea"
                            }
                        },
                        {
                            "label": "Were the clothes handed to the police",
                            "type": "obs",
                            "id": "clothesHandedToPolice",
                            "questionOptions": {
                                "concept": "c164ae06-1d22-4abb-afdc-4bb96dec4835",
                                "rendering": "radio",
                                "answers": [
                                    {
                                        "concept": "1065AAAAAAAAAAAAAAAAAAAAAAAAAAAAAAAA",
                                        "label": "Yes"
                                    },
                                    {
                                        "concept": "1066AAAAAAAAAAAAAAAAAAAAAAAAAAAAAAAA",
                                        "label": "No"
                                    }
                                    
                                ]
                            }
                        },
                        {
                            "label": "Did the survivor go to toilet?",
                            "type": "obs",
                            "id": "survivorGoToToilet",
                            "questionOptions": {
                                "concept": "160258AAAAAAAAAAAAAAAAAAAAAAAAAAAAAA",
                                "rendering": "radio",
                                "answers": [
                                    {
                                        "concept": "1066AAAAAAAAAAAAAAAAAAAAAAAAAAAAAAAA",
                                        "label": "Short call"
                                    },
                                    {
                                        "concept": "1065AAAAAAAAAAAAAAAAAAAAAAAAAAAAAAAA",
                                        "label": "Long call"
                                    }
                                ]
                            }
                        },
                        {
                            "label": "Did the survivor have a bath or clean themselves?",
                            "type": "obs",
                            "id": "survivor-bath",
                            "questionOptions": {
                                "concept": "162997AAAAAAAAAAAAAAAAAAAAAAAAAAAAAA",
                                "rendering": "radio",
                                "answers": [
                                    {
                                        "concept": "1065AAAAAAAAAAAAAAAAAAAAAAAAAAAAAAAA",
                                        "label": "Yes (Give details)"
                                    },
                                    {
                                        "concept": "1066AAAAAAAAAAAAAAAAAAAAAAAAAAAAAAAA",
                                        "label": "No"
                                    }
                                    
                                ]
                            }
                        },
                        {
                            "label": "Details of survivor bath",
                            "type": "obs",
                            "id": "detailsOfSurvivorBath",
                            "questionOptions": {
                                "concept": "163048AAAAAAAAAAAAAAAAAAAAAAAAAAAAAA",
                                "rendering": "textarea"
                            }
                        },
                        {
                            "label": "Did the survivor leave any marks on the perpetrator?",
                            "type": "obs",
                            "id": "mark-on-perpetrator",
                            "questionOptions": {
                                "concept": "c67be9a5-f497-4082-af81-11753f65ed4b",
                                "rendering": "radio",
                                "answers": [
                                    {
                                        "concept": "1065AAAAAAAAAAAAAAAAAAAAAAAAAAAAAAAA",
                                        "label": "Yes"
                                    },
                                    {
                                        "concept": "1066AAAAAAAAAAAAAAAAAAAAAAAAAAAAAAAA",
                                        "label": "No"
                                    }
                                   
                                ]
                            }
                        },
                        {
                            "label": "Details of marks",
                            "type": "obs",
                            "id": "details-mark",
                            "questionOptions": {
                                "concept": "161031AAAAAAAAAAAAAAAAAAAAAAAAAAAAAA",
                                "rendering": "textarea"
                            }
                        },
                        {
                            "label": "Physical injuries (mark in the body map)",
                            "type": "obs",
                            "id": "physical-injuries",
                            "questionOptions": {
                                "concept": "35989a30-61d4-4abe-b38c-6a301e0d0c65",
                                "rendering": "textarea"
                            }
                        },
                        {
                            "label": "Outer genitalia",
                            "type": "obs",
                            "id": "outer-genitalia",
                            "questionOptions": {
                                "concept": "160971AAAAAAAAAAAAAAAAAAAAAAAAAAAAAA",
                                "rendering": "textarea"
                            }
                        },
                        {
                            "label": "Vagina",
                            "type": "obs",
                            "id": "vagina-detail",
                            "questionOptions": {
                                "concept": "160969AAAAAAAAAAAAAAAAAAAAAAAAAAAAAA",
                                "rendering": "textarea"
                            }
                        },
                        {
                            "label": "Hymen",
                            "type": "obs",
                            "id": "hymen-detail",
                            "questionOptions": {
                                "concept": "160981AAAAAAAAAAAAAAAAAAAAAAAAAAAAAA",
                                "rendering": "textarea"
                            }
                        },
                        {
                            "label": "Anus",
                            "type": "obs",
                            "id": "anal-detail",
                            "questionOptions": {
                                "concept": "160962AAAAAAAAAAAAAAAAAAAAAAAAAAAAAA",
                                "rendering": "textarea"
                            }
                        },
                        {
                            "label": "Other significant orifices",
                            "type": "obs",
                            "id": "significant-orifice",
                            "questionOptions": {
                                "concept": "160943AAAAAAAAAAAAAAAAAAAAAAAAAAAAAA",
                                "rendering": "textarea"
                            }
                        },
                        {
                            "label": "PEP 1st dose",
                            "type": "obs",
                            "id": "pep1stDose",
                            "questionOptions": {
                                "concept": "3ac6cb43-0fc9-437d-aca2-bc2b66066941",
                                "rendering": "radio",
                                "answers": [
                                    {
                                        "concept": "1065AAAAAAAAAAAAAAAAAAAAAAAAAAAAAAAA",
                                        "label": "Yes (No of tablets)"
                                    },
                                    {
                                        "concept": "1066AAAAAAAAAAAAAAAAAAAAAAAAAAAAAAAA",
                                        "label": "No"
                                    }
                                    
                                ]
                            }
                        },
                        {
                            "label": "ECP given",
                            "type": "obs",
                            "id": "ecpGiven",
                            "questionOptions": {
                                "concept": "374AAAAAAAAAAAAAAAAAAAAAAAAAAAAAAAAA",
                                "rendering": "radio",
                                "answers": [
                                    {
                                        "concept": "1065AAAAAAAAAAAAAAAAAAAAAAAAAAAAAAAA",
                                        "label": "Yes"
                                    },
                                    {
                                        "concept": "1066AAAAAAAAAAAAAAAAAAAAAAAAAAAAAAAA",
                                        "label": "No"
                                    }
                                   
                                ]
                            }
                        },
                        {
                            "label": "Stitching/surgical toilet done",
                            "type": "obs",
                            "id": "stitching-done",
                            "questionOptions": {
                                "concept": "1670AAAAAAAAAAAAAAAAAAAAAAAAAAAAAAAA",
                                "rendering": "radio",
                                "answers": [
                                    {
                                        "concept": "1065AAAAAAAAAAAAAAAAAAAAAAAAAAAAAAAA",
                                        "label": "Yes(comment)"
                                    },
                                    {
                                        "concept": "1066AAAAAAAAAAAAAAAAAAAAAAAAAAAAAAAA",
                                        "label": "No"
                                    }
                                    
                                ]
                            }
                        },
                        {
                            "label": "Comment on Stitching/surgical toilet done",
                            "type": "obs",
                            "id": "remarksStitching",
                            "questionOptions": {
                                "concept": "165440AAAAAAAAAAAAAAAAAAAAAAAAAAAAAA",
                                "rendering": "textarea"
                            }
                        },
                        {
                            "label": "STI treatment given",
                            "type": "obs",
                            "id": "sti-trx-done",
                            "questionOptions": {
                                "concept": "d7b6a98f-025e-4732-b0b2-2fe8b00e6b4c",
                                "rendering": "radio",
                                "answers": [
                                    {
                                        "concept": "1065AAAAAAAAAAAAAAAAAAAAAAAAAAAAAAAA",
                                        "label": "Yes(Comment)"
                                    },
                                    {
                                        "concept": "1066AAAAAAAAAAAAAAAAAAAAAAAAAAAAAAAA",
                                        "label": "No"
                                    }
                                   
                                ]
                            }
                        },
                        {
                            "label": "Comment on STI treatment given",
                            "type": "obs",
                            "id": "stiTrxRemark",
                            "questionOptions": {
                                "concept": "167214AAAAAAAAAAAAAAAAAAAAAAAAAAAAAA",
                                "rendering": "textarea"
                            }
                        },
                        {
                            "label": "Any other treatment/Medication given/management?",
                            "type": "obs",
                            "id": "anyOtherMedication",
                            "questionOptions": {
                                "concept": "160632AAAAAAAAAAAAAAAAAAAAAAAAAAAAAA",
                                "rendering": "textarea"
                            }
                        },
                        {
                            "label": "Referrals to",
                            "type": "obs",
                            "id": "referralTo",
                            "questionOptions": {
                                "concept": "1272AAAAAAAAAAAAAAAAAAAAAAAAAAAAAAAA",
                                "rendering": "multiCheckbox",
                                "answers": [
                                    {
                                        "concept": "253b40ec-54da-4e92-9ab1-2d99075b19e8",
                                        "label": "Police station"
                                    },
                                    {
                                        "concept": "167254AAAAAAAAAAAAAAAAAAAAAAAAAAAAAA",
                                        "label": "Safe Shelter"
                                    },
                                    {
                                        "concept": "5460AAAAAAAAAAAAAAAAAAAAAAAAAAAAAAAA",
                                        "label": "Trauma counselling"
                                    },
                                    {
                                        "concept": "160542AAAAAAAAAAAAAAAAAAAAAAAAAAAAAA",
                                        "label": "OPD/CCC/HIV clinic"
                                    },
                                    {
                                        "concept": "1370AAAAAAAAAAAAAAAAAAAAAAAAAAAAAAAA",
                                        "label": "HIV test"
                                    },
                                    {
                                        "concept": "164422AAAAAAAAAAAAAAAAAAAAAAAAAAAAAA",
                                        "label": "Laboratory"
                                    },
                                    {
                                        "concept": "135914AAAAAAAAAAAAAAAAAAAAAAAAAAAAAA",
                                        "label": "Legal"
                                    },
                                    {
                                        "concept": "5622AAAAAAAAAAAAAAAAAAAAAAAAAAAAAAAA",
                                        "label": "Other(specify)"
                                    }
                                ]
                            }
                        },
                        {
                            "label": "Web Prep Microscopy DNA Culture and sensitivity",
                            "type": "obs",
                            "id": "webPrepMicroscopyID",
                            "questionOptions": {
                                "concept": "164217AAAAAAAAAAAAAAAAAAAAAAAAAAAAAA",
                                "rendering": "radio",
                                "answers": [
                                    {
                                        "concept": "1537AAAAAAAAAAAAAAAAAAAAAAAAAAAAAAAA",
                                        "label": "Health Facility Lab"
                                    },
                                    {
                                        "concept": "160480AAAAAAAAAAAAAAAAAAAAAAAAAAAAAA",
                                        "label": "National government Lab"
                                    }
                                ]
                            }
                        },
                        {
                            "label": "Comments on Web Microscopy",
                            "type": "obs",
                            "id": "commentsOnWebMicroscopy",
                            "questionOptions": {
                                "concept": "161011AAAAAAAAAAAAAAAAAAAAAAAAAAAAAA",
                                "rendering": "textarea"
                            }
                        },
                        {
                            "label": "Pregnancy Test Microscopy Drugs and alcohol Other",
                            "type": "obs",
                            "id": "pgTestMicroscopy",
                            "questionOptions": {
                                "concept": "164217AAAAAAAAAAAAAAAAAAAAAAAAAAAAAA",
                                "rendering": "radio",
                                "answers": [
                                    {
                                        "concept": "1537AAAAAAAAAAAAAAAAAAAAAAAAAAAAAAAA",
                                        "label": "Health Facility Lab"
                                    },
                                    {
                                        "concept": "160480AAAAAAAAAAAAAAAAAAAAAAAAAAAAAA",
                                        "label": "National government Lab"
                                    }
                                ]
                            }
                        },
                        {
                            "label": "Remarks on Pregnancy Tests",
                            "type": "obs",
                            "id": "remarksPgTests",
                            "questionOptions": {
                                "concept": "161011AAAAAAAAAAAAAAAAAAAAAAAAAAAAAA",
                                "rendering": "textarea"
                            }
                        },
                        {
                            "label": "Haemoglobin HIV test SGPT/GOT VDRL DNA",
                            "type": "obs",
                            "id": "haemoglobinHIVTestID",
                            "questionOptions": {
                                "concept": "164217AAAAAAAAAAAAAAAAAAAAAAAAAAAAAA",
                                "rendering": "radio",
                                "answers": [
                                    {
                                        "concept": "1537AAAAAAAAAAAAAAAAAAAAAAAAAAAAAAAA",
                                        "label": "Health Facility Lab"
                                    },
                                    {
                                        "concept": "160480AAAAAAAAAAAAAAAAAAAAAAAAAAAAAA",
                                        "label": "National government Lab"
                                    }
                                ]
                            }
                        },
                        {
                            "label": "Remarks on Haemoglobin HIV test",
                            "type": "obs",
                            "id": "remarksHaemoglobinHIVTest",
                            "questionOptions": {
                                "concept": "161011AAAAAAAAAAAAAAAAAAAAAAAAAAAAAA",
                                "rendering": "textarea"
                            }
                        },
                        {
                            "label": "Public Hair DNA Test",
                            "type": "obs",
                            "id": "dnaID",
                            "questionOptions": {
                                "concept": "164217AAAAAAAAAAAAAAAAAAAAAAAAAAAAAA",
                                "rendering": "radio",
                                "answers": [
                                    {
                                        "concept": "1537AAAAAAAAAAAAAAAAAAAAAAAAAAAAAAAA",
                                        "label": "Health Facility Lab"
                                    },
                                    {
                                        "concept": "160480AAAAAAAAAAAAAAAAAAAAAAAAAAAAAA",
                                        "label": "National government Lab"
                                    }
                                ]
                            }
                        },
                        {
                            "label": "Remarks on DNA Test",
                            "type": "obs",
                            "id": "remarksDNATest",
                            "questionOptions": {
                                "concept": "161011AAAAAAAAAAAAAAAAAAAAAAAAAAAAAA",
                                "rendering": "textarea"
                            }
                        },
                        {
                            "label": "Nail Clippings DNA test",
                            "type": "obs",
                            "id": "nailClippingDNATest",
                            "questionOptions": {
                                "concept": "164217AAAAAAAAAAAAAAAAAAAAAAAAAAAAAA",
                                "rendering": "radio",
                                "answers": [
                                    {
                                        "concept": "1537AAAAAAAAAAAAAAAAAAAAAAAAAAAAAAAA",
                                        "label": "Health Facility Lab"
                                    },
                                    {
                                        "concept": "160480AAAAAAAAAAAAAAAAAAAAAAAAAAAAAA",
                                        "label": "National government Lab"
                                    }
                                ]
                            }
                        },
                        {
                            "label": "Remarks on nail clipping DNA test",
                            "type": "obs",
                            "id": "remarknailClippingDNATestID",
                            "questionOptions": {
                                "concept": "161011AAAAAAAAAAAAAAAAAAAAAAAAAAAAAA",
                                "rendering": "textarea"
                            }
                        },
                        {
                            "label": "Foreign bodies DNA test",
                            "type": "obs",
                            "id": "foreignBodiesDNATestID",
                            "questionOptions": {
                                "concept": "164217AAAAAAAAAAAAAAAAAAAAAAAAAAAAAA",
                                "rendering": "radio",
                                "answers": [
                                    {
                                        "concept": "1537AAAAAAAAAAAAAAAAAAAAAAAAAAAAAAAA",
                                        "label": "Health Facility Lab"
                                    },
                                    {
                                        "concept": "160480AAAAAAAAAAAAAAAAAAAAAAAAAAAAAA",
                                        "label": "National government Lab"
                                    }
                                ]
                            }
                        },
                        {
                            "label": "Remarks Foreign bodies DNA test",
                            "type": "obs",
                            "id": "remarksForeignBodiesDNAId",
                            "questionOptions": {
                                "concept": "161011AAAAAAAAAAAAAAAAAAAAAAAAAAAAAA",
                                "rendering": "textarea"
                            }
                        },
                        {
                            "label": "Other test (Specify",
                            "type": "obs",
                            "id": "otherTestID",
                            "questionOptions": {
                                "concept": "164217AAAAAAAAAAAAAAAAAAAAAAAAAAAAAA",
                                "rendering": "radio",
                                "answers": [
                                    {
                                        "concept": "1537AAAAAAAAAAAAAAAAAAAAAAAAAAAAAAAA",
                                        "label": "Health Facility Lab"
                                    },
                                    {
                                        "concept": "160480AAAAAAAAAAAAAAAAAAAAAAAAAAAAAA",
                                        "label": "National government Lab"
                                    }
                                ]
                            }
                        },
                        {
                            "label": "Remarks on Other test",
                            "type": "obs",
                            "id": "remarksOtherTestID",
                            "questionOptions": {
                                "concept": "161011AAAAAAAAAAAAAAAAAAAAAAAAAAAAAA",
                                "rendering": "textarea"
                            }
                        },
                        {
                            "label": "These/All/Some of the samples packed and issued:(please specify)",
                            "type": "obs",
                            "id": "samplesPackedId",
                            "questionOptions": {
                                "concept": "165435AAAAAAAAAAAAAAAAAAAAAAAAAAAAAA",
                                "rendering": "textarea"
                            }
                        },
                        {
                            "label": "By: Name of Examining officer(Doctor/Nurse/Clinical officer)",
                            "type": "obs",
                            "id": "nameExaminingOfficerID",
                            "questionOptions": {
                                "concept": "9ce6af66-5039-49c0-9638-c1095a383933",
                                "rendering": "text"
                            }
                        },
                        {
                            "label": "Signature of Examining Office",
                            "type": "obs",
                            "id": "signatureExaminingOfficerID",
                            "questionOptions": {
                                "concept": "b7f19768-bb0e-4bd4-b24b-e53b566b6af9",
                                "rendering": "text"
                            }
                        },
                        {
                            "label": "To: Police officer name",
                            "type": "obs",
                            "id": "namePoliceOfficerID",
                            "questionOptions": {
                                "concept": "2b537713-298c-4b60-83c3-8006ea622d70",
                                "rendering": "text"
                            }
                        },
                        {
                            "label": "Signature of police officer",
                            "type": "obs",
                            "id": "signaturePoliceOfficerID",
                            "questionOptions": {
                                "concept": "166847AAAAAAAAAAAAAAAAAAAAAAAAAAAAAA",
                                "rendering": "text"
                            }
                        }
                    ]
                }
            ]
        }
    ]
}