{
	"name": "PrEP Monthly Refill Form",
	"description": "PrEP Monthly Refill Form",
	"version": "1",
	"published": true,
	"uuid": "291c03c8-a216-11e9-a2a3-2a2ae2dbcce4",
	"retired": false,
	"encounter": "PrEP Monthly refill",
	"pages": [
	  {
		"label": "PrEP Monthly Refill",
		"sections": [
		  {
			"label": "Visit Details",
			"isExpanded": "true",
			"questions": [
			  {
				"label": "Date:",
				"type": "encounterDatetime",
				"questionOptions": {
				  "rendering": "ui-select-extended"
				},
				"validators": [
				  {
					"type": "date",
					"allowFutureDates": "false"
				  }
				],
				"id": "encDate"
			  },
			  {
				"label": "Provider:",
				"type": "encounterProvider",
				"questionOptions": {
				  "rendering": "ui-select-extended"
				},
				"id": "encProvider "
			  },
			  {
				"label": "Location:",
				"type": "encounterLocation",
				"questionOptions": {
				  "rendering": "ui-select-extended"
				},
				"id": "encLocation"
			  }
			]
		  },
		  {
			"label": "PrEP Monthly Refill",
			"isExpanded": "true",
			"questions": [
			  {
				"label": "Behavior risk assessment done?",
				"isExpanded": "true",
				"type": "obs",
				"id": "riskAssessmentDone",
				"questionOptions": {
				  "rendering": "radio",
				  "concept": "138643AAAAAAAAAAAAAAAAAAAAAAAAAAAAAA",
				  "answers": [
					{
					  "concept": "1065AAAAAAAAAAAAAAAAAAAAAAAAAAAAAAAA",
					  "label": "Yes"
					},
					{
					  "concept": "1066AAAAAAAAAAAAAAAAAAAAAAAAAAAAAAAA",
					  "label": "No"
					}
				  ]
				}
			  },
			  {
				"label": "Sex Partner(s) is HIV+ and (Select all that apply) :",
				"type": "obs",
				"id": "positiveSexPartner",
				"questionOptions": {
				  "concept": "1169AAAAAAAAAAAAAAAAAAAAAAAAAAAAAAAA",
				  "rendering": "checkbox",
				  "answers": [
					{
					  "concept": "160571AAAAAAAAAAAAAAAAAAAAAAAAAAAAAA",
					  "label": "Couple is trying to conceive"
					},
					{
					  "concept": "159598AAAAAAAAAAAAAAAAAAAAAAAAAAAAAA",
					  "label": "Suspected poor adherence"
					},
					{
					  "concept": "160119AAAAAAAAAAAAAAAAAAAAAAAAAAAAAA",
					  "label": "On ART for less than 6 months"
					},
					{
					  "concept": "162854AAAAAAAAAAAAAAAAAAAAAAAAAAAAAA",
					  "label": "Not on ART"
					}
				  ]
				},
				"hide": {
				  "hideWhenExpression": "riskAssessmentDone !=='1065AAAAAAAAAAAAAAAAAAAAAAAAAAAAAAAA'"
				}
			  },
			  {
				"label": "Clients Assessment(Select all that apply)  :",
				"type": "obs",
				"id": "clientAssessment",
				"questionOptions": {
				  "concept": "162189AAAAAAAAAAAAAAAAAAAAAAAAAAAAAA",
				  "rendering": "checkbox",
				  "answers": [
					{
					  "concept": "159385AAAAAAAAAAAAAAAAAAAAAAAAAAAAAA",
					  "label": "Has Sex with more than one partner"
					},
					{
					  "concept": "1402AAAAAAAAAAAAAAAAAAAAAAAAAAAAAAAA",
					  "label": "Sex partner(s)at high risk for HIV and HIV status unknown"
					},
					{
					  "concept": "160579AAAAAAAAAAAAAAAAAAAAAAAAAAAAAA",
					  "label": "Transactional sex"
					},
					{
					  "concept": "7e5eac79-31d5-4a31-a8ee-1b07f824aa67",
					  "label": "Recurrent sex under influence of alcohol/recreational drugs"
					},
					{
					  "concept": "b19493e4-1a96-4fff-bfc6-3fbca37f02ec",
					  "label": "Inconsistent or no condom use"
					},
					{
					  "concept": "c8ae2850-abab-4b9c-927c-129ecc2c2752",
					  "label": "Injecting drug use with shared needles and/or syringes"
					},
					{
					  "concept": "164845AAAAAAAAAAAAAAAAAAAAAAAAAAAAAA",
					  "label": "Recurrent use of Post Exposure Prophylaxis (PEP)"
					},
					{
					  "concept": "112992AAAAAAAAAAAAAAAAAAAAAAAAAAAAAA",
					  "label": "Recent STI"
					},
					{
					  "concept": "141814AAAAAAAAAAAAAAAAAAAAAAAAAAAAAA",
					  "label": "Ongoing IPV/Violence Screening"
					}
				  ]
				},
				"hide": {
				  "hideWhenExpression": "riskAssessmentDone !=='1065AAAAAAAAAAAAAAAAAAAAAAAAAAAAAAAA'"
				}
			  }
			]
		  },
		  {
			"label": "PrEP Status",
			"isExpanded": "true",
			"questions": [
			  {
				"label": "Signs and symptoms of acute HIV",
				"type": "obs",
				"questionOptions": {
				  "rendering": "radio",
				  "concept": "aba5a106-719b-46f3-9199-224f3881a738",
				  "answers": [
					{
					  "concept": "1065AAAAAAAAAAAAAAAAAAAAAAAAAAAAAAAA",
					  "label": "Yes"
					},
					{
					  "concept": "1066AAAAAAAAAAAAAAAAAAAAAAAAAAAAAAAA",
					  "label": "No"
					}
				  ]
				},
				"id": "hivSigns",
				"required": "true"
			  },
			  {
				"label": "Adherence counselling done",
				"type": "obs",
				"questionOptions": {
				  "rendering": "radio",
				  "concept": "906ac5d0-566a-466e-93e4-2f23b4fb319b",
				  "answers": [
					{
					  "concept": "1065AAAAAAAAAAAAAAAAAAAAAAAAAAAAAAAA",
					  "label": "Yes"
					},
					{
					  "concept": "1066AAAAAAAAAAAAAAAAAAAAAAAAAAAAAAAA",
					  "label": "No"
					}
				  ]
				},
				"id": "adherenceCounsellingDone",
				"required": "true"
			  },
			  {
				"label": "Adherence self assessment:",
				"type": "obs",
				"id": "adherenceSelfAssessment",
				"questionOptions": {
				  "concept": "164075AAAAAAAAAAAAAAAAAAAAAAAAAAAAAA",
				  "rendering": "select",
				  "answers": [
					{
					  "concept": "159405AAAAAAAAAAAAAAAAAAAAAAAAAAAAAA",
					  "label": "Good"
					},
					{
					  "concept": "159406AAAAAAAAAAAAAAAAAAAAAAAAAAAAAA",
					  "label": "Fair"
					},
					{
					  "concept": "159407AAAAAAAAAAAAAAAAAAAAAAAAAAAAAA",
					  "label": "Poor"
					},
					{
					  "concept": "1067AAAAAAAAAAAAAAAAAAAAAAAAAAAAAAAA",
					  "label": "N/A(Did not pick PrEP at last)"
					}
				  ]
				},
				"hide": {
				  "hideWhenExpression": "adherenceCounsellingDone !== '1065AAAAAAAAAAAAAAAAAAAAAAAAAAAAAAAA'"
				}
			  },
			  {
				"label": "If fair or bad, what are the reasons?",
				"type": "obs",
				"id": "fairBad",
				"questionOptions": {
				  "concept": "160582AAAAAAAAAAAAAAAAAAAAAAAAAAAAAA",
				  "rendering": "select",
				  "answers": [
					{
					  "concept": "163293AAAAAAAAAAAAAAAAAAAAAAAAAAAAAA",
					  "label": "Sick"
					},
					{
					  "concept": "1107AAAAAAAAAAAAAAAAAAAAAAAAAAAAAAAA",
					  "label": "None"
					},
					{
					  "concept": "366aa52d-67cf-4f8a-bcef-095252b21e9e",
					  "label": "Stigma"
					},
					{
					  "concept": "160583AAAAAAAAAAAAAAAAAAAAAAAAAAAAAA",
					  "label": "Shared with others"
					},
					{
					  "concept": "1064AAAAAAAAAAAAAAAAAAAAAAAAAAAAAAAA",
					  "label": "No perceived risk"
					},
					{
					  "concept": "160588AAAAAAAAAAAAAAAAAAAAAAAAAAAAAA",
					  "label": "Pill burden"
					},
					{
					  "concept": "160584AAAAAAAAAAAAAAAAAAAAAAAAAAAAAA",
					  "label": "Lost/out of pills"
					},
					{
					  "concept": "1056AAAAAAAAAAAAAAAAAAAAAAAAAAAAAAAA",
					  "label": "Separated from HIV+"
					},
					{
					  "concept": "159935AAAAAAAAAAAAAAAAAAAAAAAAAAAAAA",
					  "label": "Side effects"
					},
					{
					  "concept": "160587AAAAAAAAAAAAAAAAAAAAAAAAAAAAAA",
					  "label": "Forgot"
					},
					{
					  "label": "Other Specify",
					  "type": "obs",
					  "id": "otherSpecify",
					  "questionOptions": {
						"concept": "163108AAAAAAAAAAAAAAAAAAAAAAAAAAAAAA",
						"rendering": "textarea"
					  }
					}
				  ]
				},
				"hide": {
				  "hideWhenExpression": "adherenceSelfAssessment!=='159406AAAAAAAAAAAAAAAAAAAAAAAAAAAAAA'&& adherenceSelfAssessment!=='159407AAAAAAAAAAAAAAAAAAAAAAAAAAAAAA'"
				}
			  }
			]
		  },
		  {
			"label": "PrEP treatment plan",
			"isExpanded": "true",
			"questions": [
			  {
				"label": "PrEP treatment plan",
				"type": "obs",
				"questionOptions": {
				  "rendering": "radio",
				  "concept": "42ad51f2-dc4f-48eb-8440-9a0bd8969374",
				  "calculate": {
					"calculateExpression": "String(hivSigns) === '1065AAAAAAAAAAAAAAAAAAAAAAAAAAAAAAAA' ? '1260AAAAAAAAAAAAAAAAAAAAAAAAAAAAAAAA' : ''"
				  },
				  "answers": [
					{
					  "concept": "1257AAAAAAAAAAAAAAAAAAAAAAAAAAAAAAAA",
					  "label": "Continue"
					},
					{
					  "concept": "162904AAAAAAAAAAAAAAAAAAAAAAAAAAAAAA",
					  "label": "Restart"
					},
					{
					  "concept": "1256AAAAAAAAAAAAAAAAAAAAAAAAAAAAAAAA",
					  "label": "Switch"
					},
					{
					  "concept": "1260AAAAAAAAAAAAAAAAAAAAAAAAAAAAAAAA",
					  "label": "Discontinue"
					}
				  ]
				},
				"id": "treatmentPlan",
				"required": "true"
			  },
			  {
				"label": "Reason for switching",
				"type": "obs",
				"id": "reasonForSwitch",
				"questionOptions": {
				  "concept": "4b59ac07-cf72-4f46-b8c0-4f62b1779f7e",
				  "rendering": "select",
				  "answers": [
					{
					  "concept": "159737AAAAAAAAAAAAAAAAAAAAAAAAAAAAAA",
					  "label": "Client Preference"
					},
					{
					  "concept": "141748AAAAAAAAAAAAAAAAAAAAAAAAAAAAAA",
					  "label": "Drug Interactions"
					},
					{
					  "concept": "167533AAAAAAAAAAAAAAAAAAAAAAAAAAAAAA",
					  "label": "Discontinuing Injection PrEP"
					},
					{
					  "concept": "121760AAAAAAAAAAAAAAAAAAAAAAAAAAAAAA",
					  "label": "Adverse Drug Reactions"
					},
					{
					  "concept": "160662AAAAAAAAAAAAAAAAAAAAAAAAAAAAAA",
					  "label": "Stock-out"
					}
				  ]
				},
				"hide": {
				  "hideWhenExpression": "treatmentPlan !== '1256AAAAAAAAAAAAAAAAAAAAAAAAAAAAAAAA'"
				}
			  },
			  {
				"label": "Date of switch",
				"type": "obs",
				"id": "dateOfSwitch",
				"questionOptions": {
				  "concept": "68bfa3f3-1fc7-4d9d-bb41-e897c3c430ef",
				  "rendering": "date"
				},
				"validators": [
				  {
					"type": "date",
					"allowFutureDates": "false"
				  }
				],
				"hide": {
				  "hideWhenExpression": "treatmentPlan !== '1256AAAAAAAAAAAAAAAAAAAAAAAAAAAAAAAA'"
				}
			  },
			  {
				"label": "Prescribed PrEP today?",
				"type": "obs",
				"id": "prescribedPrepToday",
				"questionOptions": {
				  "concept": "1417AAAAAAAAAAAAAAAAAAAAAAAAAAAAAAAA",
				  "rendering": "radio",
				  "answers": [
					{
					  "concept": "1065AAAAAAAAAAAAAAAAAAAAAAAAAAAAAAAA",
					  "label": "Yes"
					},
					{
					  "concept": "1066AAAAAAAAAAAAAAAAAAAAAAAAAAAAAAAA",
					  "label": "No"
					}
				  ]
				},
				"hide": {
				  "hideWhenExpression": "isEmpty(treatmentPlan) || treatmentPlan === '1260AAAAAAAAAAAAAAAAAAAAAAAAAAAAAAAA'"
				}
			  },
			  {
				"label": "Type of PrEP",
				"type": "obs",
				"id": "prepTypeFemale",
				"questionOptions": {
				  "concept": "166866AAAAAAAAAAAAAAAAAAAAAAAAAAAAAA",
				  "rendering": "radio",
				  "answers": [
					{
					  "concept": "cb583a50-2b6c-4a6a-a458-a6a3c41fa1a7",
					  "label": "Daily Oral PrEP"
					},
					{
					  "concept": "58ed1f26-430f-4922-9bcf-00c51ec7bcb1",
					  "label": "CAB-LA"
					},
					{
					  "concept": "b3f6eab2-93bd-4fe0-81ce-5b7ec633a55a",
					  "label": "Dapivirine ring"
					}
				  ]
				},
				"hide": {
				  "hideWhenExpression": "prescribedPrepToday !== '1065AAAAAAAAAAAAAAAAAAAAAAAAAAAAAAAA' || sex !=='F'"
				}
			  },
			  {
				"label": "Type of PrEP",
				"type": "obs",
				"id": "prepTypeMale",
				"questionOptions": {
				  "concept": "166866AAAAAAAAAAAAAAAAAAAAAAAAAAAAAA",
				  "rendering": "radio",
				  "answers": [
					{
					  "concept": "cb583a50-2b6c-4a6a-a458-a6a3c41fa1a7",
					  "label": "Daily Oral PrEP"
					},
					{
					  "concept": "58ed1f26-430f-4922-9bcf-00c51ec7bcb1",
					  "label": "CAB-LA"
					},
					{
					  "concept": "5424AAAAAAAAAAAAAAAAAAAAAAAAAAAAAAAA",
					  "label": "Event Driven"
					}
				  ]
				},
				"hide": {
				  "hideWhenExpression": "prescribedPrepToday !== '1065AAAAAAAAAAAAAAAAAAAAAAAAAAAAAAAA'  || sex !=='M'"
				}
			  },
			  {
				"label": "Regimen prescribed",
				"type": "obs",
				"id": "regimenOptions",
				"questionOptions": {
				  "concept": "164515AAAAAAAAAAAAAAAAAAAAAAAAAAAAAA",
				  "rendering": "select",
				  "answers": [
					{
					  "concept": "161364AAAAAAAAAAAAAAAAAAAAAAAAAAAAAA",
					  "label": "TDF/3TC"
					},
					{
					  "concept": "84795AAAAAAAAAAAAAAAAAAAAAAAAAAAAAAA",
					  "label": "TDF"
					},
					{
					  "concept": "104567AAAAAAAAAAAAAAAAAAAAAAAAAAAAAA",
					  "label": "TDF/FTC(Preferred)"
					}
				  ]
				},
				"hide": {
				  "hideWhenExpression": "isEmpty(prepType) || prepType !== 'cb583a50-2b6c-4a6a-a458-a6a3c41fa1a7'"
				}
			  },
			  {
				"label": "Number of months",
				"type": "obs",
				"id": "regimenMonthsPrescribed",
				"questionOptions": {
				  "concept": "164433AAAAAAAAAAAAAAAAAAAAAAAAAAAAAA",
				  "rendering": "text"
				},
				"hide": {
				  "hideWhenExpression": "isEmpty(treatmentPlan) || treatmentPlan === '1260AAAAAAAAAAAAAAAAAAAAAAAAAAAAAAAA'"
				}
			  },
			  {
				"label": "Condoms issued",
				"type": "obs",
				"id": "condomIssued",
				"questionOptions": {
				  "concept": "159777AAAAAAAAAAAAAAAAAAAAAAAAAAAAAA",
				  "rendering": "radio",
				  "answers": [
					{
					  "concept": "1065AAAAAAAAAAAAAAAAAAAAAAAAAAAAAAAA",
					  "label": "Yes"
					},
					{
					  "concept": "1066AAAAAAAAAAAAAAAAAAAAAAAAAAAAAAAA",
					  "label": "No"
					}
				  ]
				}
			  },
			  {
				"label": "Number of condoms issued",
				"type": "obs",
				"id": "numberOfCondoms",
				"questionOptions": {
				  "concept": "771638d9-9600-4a6b-8e5d-c6dcdedbc9cd",
				  "rendering": "number"
				},
				"hide": {
				  "hideWhenExpression": "isEmpty(condomIssued) || condomIssued !== '1065AAAAAAAAAAAAAAAAAAAAAAAAAAAAAAAA'"
				}
			  },
			  {
				"label": "PrEP Discontinue Reasons",
				"type": "obs",
				"id": "PrepDisc",
				"questionOptions": {
				  "concept": "161555AAAAAAAAAAAAAAAAAAAAAAAAAAAAAA",
				  "rendering": "select",
				  "answers": [
					{
					  "concept": "138571AAAAAAAAAAAAAAAAAAAAAAAAAAAAAA",
					  "label": "HIV test is positive"
					},
					{
					  "concept": "113338AAAAAAAAAAAAAAAAAAAAAAAAAAAAAA",
					  "label": "Renal dysfunction"
					},
					{
					  "concept": "1302AAAAAAAAAAAAAAAAAAAAAAAAAAAAAAAA",
					  "label": "Viral suppression of HIV+"
					},
					{
					  "concept": "159598AAAAAAAAAAAAAAAAAAAAAAAAAAAAAA",
					  "label": "Not adherent to PrEP"
					},
					{
					  "concept": "164401AAAAAAAAAAAAAAAAAAAAAAAAAAAAAA",
					  "label": "Too many HIV tests"
					},
					{
					  "concept": "162696AAAAAAAAAAAAAAAAAAAAAAAAAAAAAA",
					  "label": "Client request"
					},
					{
					  "concept": "5622AAAAAAAAAAAAAAAAAAAAAAAAAAAAAAAA",
					  "label": "Other Specify"
					}
				  ]
				},
				"hide": {
				  "hideWhenExpression": "isEmpty(treatmentPlan) || treatmentPlan !== '1260AAAAAAAAAAAAAAAAAAAAAAAAAAAAAA'"
				}
			  }
			]
		  },
		  {
			"label": "Appointment scheduler",
			"isExpanded": "true",
			"questions": [
			  {
				"label": "Appointment given?",
				"type": "obs",
				"questionOptions": {
				  "rendering": "radio",
				  "concept": "af430c90-a512-43eb-aa91-50143c385304",
				  "answers": [
					{
					  "concept": "1065AAAAAAAAAAAAAAAAAAAAAAAAAAAAAAAA",
					  "label": "Yes"
					},
					{
					  "concept": "1066AAAAAAAAAAAAAAAAAAAAAAAAAAAAAAAA",
					  "label": "No"
					}
				  ]
				},
				"id": "appointmentGiven",
				"required": "true"
			  },
			  {
				"label": "Next review date:",
				"required": false,
				"id": "appointmentWorkspaceLauncher",
				"questionOptions": {
				  "rendering": "workspace-launcher",
				  "buttonLabel": "Add appointments",
				  "workspaceName": "appointments-form-workspace"
				},
				"hide": {
				  "hideWhenExpression": "appointmentGiven !=='1065AAAAAAAAAAAAAAAAAAAAAAAAAAAAAAAA'"
				}
			  }
			]
		  },
		  {
			"label": "Remarks",
			"isExpanded": "true",
			"questions": [
			  {
				"label": "Remarks",
				"type": "obs",
				"id": "remarks",
				"questionOptions": {
				  "concept": "161011AAAAAAAAAAAAAAAAAAAAAAAAAAAAAA",
				  "rendering": "textarea"
				}
			  }
			]
		  }
		]
	  }
	],
	"processor": "EncounterFormProcessor",
	"referencedForms": [],
	"encounterType": "291c0828-a216-11e9-a2a3-2a2ae2dbcce4"
  }