{
	"name": "PrEP Treatment Verification",
	"description": "PrEP Treatment Verification",
	"version": "1",
	"published": true,
	"uuid": "5c64e61a-7fdc-11ea-bc55-0242ac130003",
	"retired": false,
	"encounter": "KP PrEP Treatment Verification",
	"pages": [
		{
			"label": "KP PrEP Treatment Verification",
			"sections": [
				{
					"label": "Visit Details",
					"isExpanded": "true",
					"questions": [
						{
							"label": "Date:",
							"type": "encounterDatetime",
							"questionOptions": {
								"rendering": "ui-select-extended"
							},
							"validators": [
								{
									"type": "date",
									"allowFutureDates": "false"
								}
							],
							"id": "encDate"
						},
						{
							"label": "Provider:",
							"type": "encounterProvider",
							"questionOptions": {
								"rendering": "ui-select-extended"
							},
							"id": "encProvider "
						},
						{
							"label": "Location:",
							"type": "encounterLocation",
							"questionOptions": {
								"rendering": "ui-select-extended"
							},
							"id": "encLocation"
						}
					]
				},
				{
					"label": "Treatment Verification",
					"isExpanded": "true",
					"questions": [
						{
							"label": "Initial visit Date",
							"type": "obs",
							"id": "incidentDate",
							"validators": [
								{
									"type": "date",
									"allowFutureDates": "false"
								}
							],
							"questionOptions": {
								"concept": "163526AAAAAAAAAAAAAAAAAAAAAAAAAAAAAA",
								"rendering": "date"
							}
						},
						{
							"label": "Name of health facility accessing PrEP",
							"type": "obs",
							"questionOptions": {
								"rendering": "text",
								"concept": "162724AAAAAAAAAAAAAAAAAAAAAAAAAAAAAA"
							},
							"id": "healthFacility",
							"required": "Yes"
						},
						{
							"label": "Is a PEPFAR site",
							"type": "obs",
							"id": "receivedResults",
							"questionOptions": {
								"concept": "1768AAAAAAAAAAAAAAAAAAAAAAAAAAAAAAAA",
								"rendering": "radio",
								"answers": [
									{
										"concept": "1065AAAAAAAAAAAAAAAAAAAAAAAAAAAAAAAA",
										"label": "Yes"
									},
									{
										"concept": "1066AAAAAAAAAAAAAAAAAAAAAAAAAAAAAAAA",
										"label": "No"
									},
									{
										"concept": "1067AAAAAAAAAAAAAAAAAAAAAAAAAAAAAAAA",
										"label": "Unknown"
									}
								]
							}
						},
						{
							"label": "Date initiated on PrEP",
							"type": "obs",
							"id": "dateInitiatedPrep",
							"validators": [
								{
									"type": "date",
									"allowFutureDates": "false"
								}
							],
							"questionOptions": {
								"concept": "160555AAAAAAAAAAAAAAAAAAAAAAAAAAAAAA",
								"rendering": "date"
							}
						},
						{
							"label": "PrEP Regimen",
							"type": "obs",
							"questionOptions": {
								"rendering": "select",
								"concept": "164515AAAAAAAAAAAAAAAAAAAAAAAAAAAAAA",
								"answers": [
									{
										"concept": "161364AAAAAAAAAAAAAAAAAAAAAAAAAAAAAA",
										"label": "TDF/3TC"
									},
									{
										"concept": "84795AAAAAAAAAAAAAAAAAAAAAAAAAAAAAAA",
										"label": "TDF"
									},
									{
										"concept": "104567AAAAAAAAAAAAAAAAAAAAAAAAAAAAAA",
										"label": "TDF/FTC(Preferred)"
									}
								]
							},
							"id": "prepRegimen",
							"required": "Yes"
						},
						{
							"label": "Source information",
							"type": "obs",
							"id": "sourceInformation",
							"questionOptions": {
								"concept": "162568AAAAAAAAAAAAAAAAAAAAAAAAAAAAAA",
								"rendering": "select",
								"answers": [
									{
										"concept": "1662AAAAAAAAAAAAAAAAAAAAAAAAAAAAAAAA",
										"label": "Appointment Card"
									},
									{
										"concept": "162969AAAAAAAAAAAAAAAAAAAAAAAAAAAAAA",
										"label": "Sms"
									},
									{
										"concept": "1650AAAAAAAAAAAAAAAAAAAAAAAAAAAAAAAA",
										"label": "Phone Call"
									},
									{
										"concept": "163787AAAAAAAAAAAAAAAAAAAAAAAAAAAAAA",
										"label": "Verbal Report"
									},
									{
										"concept": "1238AAAAAAAAAAAAAAAAAAAAAAAAAAAAAAAA",
										"label": "Written Record"
									},
									{
										"concept": "160526AAAAAAAAAAAAAAAAAAAAAAAAAAAAAA",
										"label": "EID Dashboard"
									}
								]
							}
						},
						{
							"label": "Verification Date",
							"type": "obs",
							"id": "verificationDate",
							"validators": [
								{
									"type": "date",
									"allowFutureDates": "false"
								}
							],
							"questionOptions": {
								"concept": "5096AAAAAAAAAAAAAAAAAAAAAAAAAAAAAAAA",
								"rendering": "date"
							}
						},
						{
							"label": "PrEP Status",
							"type": "obs",
							"id": "prepStatus",
							"questionOptions": {
								"concept": "42ad51f2-dc4f-48eb-8440-9a0bd8969374",
								"rendering": "radio",
								"answers": [
									{
										"concept": "1256AAAAAAAAAAAAAAAAAAAAAAAAAAAAAAAA",
										"label": "Start"
									},
									{
										"concept": "1257AAAAAAAAAAAAAAAAAAAAAAAAAAAAAAAA",
										"label": "Continue"
									},
									{
										"concept": "162904AAAAAAAAAAAAAAAAAAAAAAAAAAAAAA",
										"label": "Restart"
									},
									{
										"concept": "1260AAAAAAAAAAAAAAAAAAAAAAAAAAAAAAAA",
										"label": "Discontinue"
									}
								]
							}
						},
						{
							"label": "PrEP Discontinuation Reasons",
							"type": "obs",
							"id": "prepDiscontinue",
							"questionOptions": {
								"concept": "161555AAAAAAAAAAAAAAAAAAAAAAAAAAAAAA",
								"rendering": "select",
								"answers": [
									{
										"concept": "159598AAAAAAAAAAAAAAAAAAAAAAAAAAAAAA",
										"label": "Not adherent to PrEP"
									},
									{
										"concept": "164401AAAAAAAAAAAAAAAAAAAAAAAAAAAAAA",
										"label": "Too many HIV tests"
									},
									{
										"concept": "138571AAAAAAAAAAAAAAAAAAAAAAAAAAAAAA",
										"label": "HIV test is positive"
									},
									{
										"concept": "162696AAAAAAAAAAAAAAAAAAAAAAAAAAAAAA",
										"label": "Client request"
									},
									{
										"concept": "1302AAAAAAAAAAAAAAAAAAAAAAAAAAAAAAAA",
										"label": "Viral suppression of HIV+ Partner"
									},
									{
										"concept": "5622AAAAAAAAAAAAAAAAAAAAAAAAAAAAAAAA",
										"label": "Other-specify"
									}
								]
							},
							"hide": {
								"hideWhenExpression": "isEmpty(prepStatus) || prepStatus != '1260AAAAAAAAAAAAAAAAAAAAAAAAAAAAAAAA'"
							}
						},
						{
							"label": "Other(specify)",
							"type": "obs",
							"id": "otherSpecify",
							"questionOptions": {
								"concept": "70f75275-5345-41e1-a17a-d7af70971885",
								"rendering": "text"
							},
							"hide": {
								"hideWhenExpression": "isEmpty(prepDiscontinue) || prepDiscontinue != '5622AAAAAAAAAAAAAAAAAAAAAAAAAAAAAAAA'"
							}
						},
						{
							"label": "Next PrEP Appointment",
							"type": "obs",
							"id": "nextAppointment",
							"validators": [
								{
									"type": "date",
									"allowFutureDates": "true"
								},
								{
									"type": "js_expression",
									"failsWhenExpression": "(new moment(encDate)).isAfter((new moment(myValue)), 'day')",
									"message": "Next Appointment Date should not be in the past."
								}
							],
							"questionOptions": {
								"concept": "5096AAAAAAAAAAAAAAAAAAAAAAAAAAAAAAAA",
								"rendering": "date"
							}
						}
					]
				}
			]
		}
	],
	"processor": "EncounterFormProcessor",
	"referencedForms": []
}