{
  "name": "Psychosocial Treatment Plan",
  "description": "A Psychosocial Treatment Plan Form",
  "version": "1.0",
  "published": true,
  "uuid": "a1a40323-0771-4c79-bb17-fea0d0be1b6d",
  "retired": false,
  "encounter": "Consultation",
  "pages": [
    {
      "label": "Treatment Plan",
      "sections": [
        {
          "label": "Encounter Details",
          "isExpanded": "true",
          "questions": [
            {
              "label": "Date:",
              "type": "encounterDatetime",
              "questionOptions": {
                "rendering": "ui-select-extended"
              },
              "id": "encDate",
              "validators": [
                {
                  "type": "date",
                  "allowFutureDates": "false"
                }
              ]
            },
            {
              "label": "Provider:",
              "type": "encounterProvider",
              "questionOptions": {
                "rendering": "ui-select-extended"
              },
              "id": "encProvider "
            },
            {
              "label": "Location:",
              "type": "encounterLocation",
              "questionOptions": {
                "rendering": "ui-select-extended"
              },
              "id": "encLocation"
            }
          ]
        },
        {
          "label": "Case Summary & Intervention",
          "isExpanded": "true",
          "questions": [
            {
              "label": "What is the current Stage of Treatment",
              "type": "obs",
              "required": true,
              "id": "treatmentStage",
              "questionOptions": {
                "rendering": "radio",
                "concept": "167530AAAAAAAAAAAAAAAAAAAAAAAAAAAAAA",
                "conceptMappings": [
                  {
                    "relationship": "SAME-AS",
                    "type": "CIEL",
                    "value": "167530"
                  },
                  {
                    "relationship": "NARROWER-THAN",
                    "type": "SNOMED NP",
                    "value": "363819003"
                  }
                ],
                "answers": [
                  {
                    "concept": "167527AAAAAAAAAAAAAAAAAAAAAAAAAAAAAA",
                    "label": "Maintenance stage"
                  },
                  {
                    "concept": "167529AAAAAAAAAAAAAAAAAAAAAAAAAAAAAA",
                    "label": "Post-treatment stage"
                  },
                  {
                    "concept": "167528AAAAAAAAAAAAAAAAAAAAAAAAAAAAAA",
                    "label": "Re-induction stage"
                  }
                ]
              },
              "validators": []
            },
            {
              "label": "Noted Domain Problems",
              "type": "obs",
              "required": false,
              "id": "domainProblems",
              "questionOptions": {
                "rendering": "multiCheckbox",
                "concept": "6042AAAAAAAAAAAAAAAAAAAAAAAAAAAAAAAA",
                "conceptMappings": [
                  {
                    "relationship": "SAME-AS",
                    "type": "CIEL",
                    "value": "6042"
                  },
                  {
                    "relationship": "NARROWER-THAN",
                    "type": "SNOMED NP",
                    "value": "439401001"
                  },
                  {
                    "relationship": "SAME-AS",
                    "type": "SNOMED MVP",
                    "value": "60421000105005"
                  },
                  {
                    "relationship": "SAME-AS",
                    "type": "AMPATH",
                    "value": "6042"
                  }
                ],
                "answers": [
                  {
                    "concept": "118855",
                    "label": "Drug use"
                  },
                  {
                    "concept": "163469",
                    "label": "Psychological"
                  },
                  {
                    "concept": "1855",
                    "label": "Health"
                  },
                  {
                    "concept": "135914",
                    "label": "Legal problem"
                  },
                  {
                    "concept": "1391",
                    "label": "Physical health"
                  },
                  {
                    "concept": "163108",
                    "label": "Social Functioning"
                  }
                ]
              },
              "validators": []
            },
            {
              "label": "Psychological Outcomes",
              "type": "obs",
              "required": false,
              "id": "psyOutcomes",
              "questionOptions": {
                "rendering": "multiCheckbox",
                "concept": "160433AAAAAAAAAAAAAAAAAAAAAAAAAAAAAA",
                "conceptMappings": [
                  {
                    "relationship": "SAME-AS",
                    "type": "PIH Malawi",
                    "value": "6538"
                  },
                  {
                    "relationship": "NARROWER-THAN",
                    "type": "SNOMED NP",
                    "value": "365860008"
                  },
                  {
                    "relationship": "SAME-AS",
                    "type": "CIEL",
                    "value": "160433"
                  }
                ],
                "answers": [
                  {
                    "concept": "167528",
                    "label": "Reintergration"
                  },
                  {
                    "concept": "141337",
                    "label": "Employment"
                  },
                  {
                    "concept": "167049",
                    "label": "Stable accomodation"
                  },
                  {
                    "concept": "167823",
                    "label": "legal problems"
                  },
                  {
                    "concept": "1000475",
                    "label": "GBV"
                  },
                  {
                    "concept": "5622AAAAAAAAAAAAAAAAAAAAAAAAAAAAAAAA",
                    "label": "Other "
                  }
                ]
              },
              "validators": []
            },
            {
              "label": "Other (Specify) ",
              "type": "obs",
              "questionOptions": {
                "rendering": "text",
                "concept": "160632"
              },
              "id": "otherOutcome",
              "validators": []
            },
            {
              "label": "Case summary and intervntions",
              "type": "obs",
              "required": false,
              "id": "summaryIntervention",
              "questionOptions": {
                "rendering": "textarea",
                "concept": "162147AAAAAAAAAAAAAAAAAAAAAAAAAAAAAA",
                "conceptMappings": [
                  {
                    "relationship": "SAME-AS",
                    "type": "CIEL",
                    "value": "162147"
                  }
                ],
                "answers": []
              },
              "validators": []
            },
            {
              "label": "Counsellor Name",
              "type": "obs",
              "required": false,
              "id": "counsellorName",
              "questionOptions": {
                "rendering": "text",
                "concept": "163258AAAAAAAAAAAAAAAAAAAAAAAAAAAAAA",
                "conceptMappings": [
                  {
                    "relationship": "NARROWER-THAN",
                    "type": "SNOMED NP",
                    "value": "70862002"
                  },
                  {
                    "relationship": "SAME-AS",
                    "type": "CIEL",
                    "value": "163258"
                  }
                ],
                "answers": []
              }
            },
            {
              "label": "Next Appointment",
              "type": "obs",
              "required": false,
              "id": "psychosocialAppointment",
              "questionOptions": {
                "rendering": "date",
                "concept": "5096AAAAAAAAAAAAAAAAAAAAAAAAAAAAAAAA",
                "conceptMappings": [
                  {
                    "relationship": "SAME-AS",
                    "type": "AMPATH",
                    "value": "5096"
                  },
                  {
                    "relationship": "SAME-AS",
                    "type": "SNOMED MVP",
                    "value": "50961000105000"
                  },
                  {
                    "relationship": "SAME-AS",
                    "type": "org.openmrs.module.mdrtb",
                    "value": "RETURN VISIT DATE"
                  },
                  {
                    "relationship": "SAME-AS",
                    "type": "PIH Malawi",
                    "value": "5096"
                  },
                  {
                    "relationship": "SAME-AS",
                    "type": "CIEL",
                    "value": "5096"
                  },
                  {
                    "relationship": "NARROWER-THAN",
                    "type": "SNOMED NP",
                    "value": "406543005"
                  }
                ],
                "answers": []
              },
              "validators": []
            }
          ]
        }
      ]
    }
  ],
  "processor": "EncounterFormProcessor",
  "encounterType": "465a92f2-baf8-42e9-9612-53064be868e8",
  "referencedForms": []
}