{
	"name": "TB FollowUp",
	"description": "TB FollowUp",
	"version": "1",
	"published": true,
	"uuid": "2daabb77-7ad6-4952-864b-8d23e109c69d",
	"retired": false,
	"encounter": "TB FollowUp",
	"pages": [
		{
			"label": "TB Follow up",
			"sections": [
				{
					"label": "Visit Details",
					"isExpanded": "true",
					"questions": [
						{
							"label": "Date:",
							"type": "encounterDatetime",
							"questionOptions": {
								"rendering": "ui-select-extended"
							},
							"id": "encDate",
							"validators": [
								{
									"type": "date",
									"allowFutureDates": "false"
								}
							]
						},
						{
							"label": "Provider:",
							"type": "encounterProvider",
							"questionOptions": {
								"rendering": "ui-select-extended"
							},
							"id": "encProvider "
						},
						{
							"label": "Location:",
							"type": "encounterLocation",
							"questionOptions": {
								"rendering": "ui-select-extended"
							},
							"id": "encLocation"
						}
					]
				},
				{
					"label": "Sputum Results",
					"isExpanded": "true",
					"questions": [
						{
							"label": "Sputum Results",
							"type": "obsGroup",
							"questionOptions": {
								"concept": "159960AAAAAAAAAAAAAAAAAAAAAAAAAAAAAA",
								"rendering": "group"
							},
							"questions": [
								{
									"label": "Type:",
									"type": "obs",
									"id": "testType",
									"questionOptions": {
										"concept": "159961AAAAAAAAAAAAAAAAAAAAAAAAAAAAAA",
										"rendering": "select",
										"answers": [
											{
												"concept": "161880AAAAAAAAAAAAAAAAAAAAAAAAAAAAAA",
												"label": "Fluorescence Microscopy"
											},
											{
												"concept": "160022AAAAAAAAAAAAAAAAAAAAAAAAAAAAAA",
												"label": "ZN Smear Microscopy"
											}
										]
									}
								},
								{
									"label": "Result:",
									"type": "obs",
									"id": "sputumResults",
									"questionOptions": {
										"concept": "307AAAAAAAAAAAAAAAAAAAAAAAAAAAAAAAAA",
										"rendering": "select",
										"answers": [
											{
												"concept": "159985AAAAAAAAAAAAAAAAAAAAAAAAAAAAAA",
												"label": "Scanty"
											},
											{
												"concept": "1362AAAAAAAAAAAAAAAAAAAAAAAAAAAAAAAA",
												"label": "+"
											},
											{
												"concept": "1363AAAAAAAAAAAAAAAAAAAAAAAAAAAAAAAA",
												"label": "++"
											},
											{
												"concept": "1364AAAAAAAAAAAAAAAAAAAAAAAAAAAAAAAA",
												"label": "+++"
											},
											{
												"concept": "664AAAAAAAAAAAAAAAAAAAAAAAAAAAAAAAAA",
												"label": "Negative"
											}
										]
									}
								},
								{
									"label": "Serial No:",
									"type": "obs",
									"questionOptions": {
										"rendering": "number",
										"concept": "159968AAAAAAAAAAAAAAAAAAAAAAAAAAAAAA"
									},
									"id": "serialNumber"
								},
								{
									"label": "Quantity:",
									"type": "obs",
									"questionOptions": {
										"rendering": "number",
										"concept": "160023AAAAAAAAAAAAAAAAAAAAAAAAAAAAAA",
										"max": "",
										"min": "",
										"showDate": ""
									},
									"id": "quantity"
								},
								{
									"label": "Date Done",
									"type": "obs",
									"id": "dateSputumResultsDate",
									"questionOptions": {
										"concept": "159964AAAAAAAAAAAAAAAAAAAAAAAAAAAAAA",
										"rendering": "date"
									},
									"validators": [
										{
											"type": "date",
											"allowFutureDates": "false"
										}
									]
								}
							]
						}
					]
				},
				{
					"label": "Culture/Sensitivity Results",
					"isExpanded": "true",
					"questions": [
						{
							"label": "Culture/Sensitivity Results",
							"type": "obsGroup",
							"questionOptions": {
								"concept": "159981AAAAAAAAAAAAAAAAAAAAAAAAAAAAAA",
								"rendering": "group"
							},
							"questions": [
								{
									"label": "Bacterial Colonies growth",
									"type": "obs",
									"id": "growth_no_growth",
									"questionOptions": {
										"concept": "159982AAAAAAAAAAAAAAAAAAAAAAAAAAAAAA",
										"rendering": "select",
										"answers": [
											{
												"concept": "703AAAAAAAAAAAAAAAAAAAAAAAAAAAAAAAAA",
												"label": "Growth"
											},
											{
												"concept": "664AAAAAAAAAAAAAAAAAAAAAAAAAAAAAAAAA",
												"label": "No growth"
											}
										]
									}
								},
								{
									"label": "Number of Colonies",
									"type": "obs",
									"id": "numberOfColonies",
									"questionOptions": {
										"concept": "159952AAAAAAAAAAAAAAAAAAAAAAAAAAAAAA",
										"rendering": ""
									}
								},
								{
									"label": "Resistant (R)",
									"type": "obs",
									"id": "ResR",
									"questionOptions": {
										"concept": "159956AAAAAAAAAAAAAAAAAAAAAAAAAAAAAA",
										"rendering": "checkbox",
										"answers": [
											{
												"concept": "84360AAAAAAAAAAAAAAAAAAAAAAAAAAAAAAA",
												"label": "S"
											},
											{
												"concept": "767AAAAAAAAAAAAAAAAAAAAAAAAAAAAAAAAA",
												"label": "R"
											},
											{
												"concept": "78280AAAAAAAAAAAAAAAAAAAAAAAAAAAAAAA",
												"label": "INH"
											},
											{
												"concept": "75948AAAAAAAAAAAAAAAAAAAAAAAAAAAAAAA",
												"label": "E"
											}
										]
									}
								},
								{
									"label": "Sensitive (S)",
									"type": "obs",
									"id": "SensiTIVE",
									"questionOptions": {
										"concept": "159958AAAAAAAAAAAAAAAAAAAAAAAAAAAAAA",
										"rendering": "checkbox",
										"answers": [
											{
												"concept": "84360AAAAAAAAAAAAAAAAAAAAAAAAAAAAAAA",
												"label": "S"
											},
											{
												"concept": "767AAAAAAAAAAAAAAAAAAAAAAAAAAAAAAAAA",
												"label": "R"
											},
											{
												"concept": "78280AAAAAAAAAAAAAAAAAAAAAAAAAAAAAAA",
												"label": "INH"
											},
											{
												"concept": "75948AAAAAAAAAAAAAAAAAAAAAAAAAAAAAAA",
												"label": "E"
											}
										]
									}
								},
								{
									"label": "Date Done",
									"type": "obs",
									"id": "dateCultureResultsDate",
									"questionOptions": {
										"concept": "159964AAAAAAAAAAAAAAAAAAAAAAAAAAAAAA",
										"rendering": "date"
									},
									"validators": [
										{
											"type": "date",
											"allowFutureDates": "false"
										}
									]
								}
							],
							"id": "CultureResults"
						},
						{
							"label": "Nutritional counselling (NC) done",
							"type": "obs",
							"questionOptions": {
								"rendering": "select",
								"concept": "1380AAAAAAAAAAAAAAAAAAAAAAAAAAAAAAAA",
								"answers": [
									{
										"label": "Yes",
										"concept": "1065AAAAAAAAAAAAAAAAAAAAAAAAAAAAAAAA"
									},
									{
										"label": "No",
										"concept": "1066AAAAAAAAAAAAAAAAAAAAAAAAAAAAAAAA"
									}
								]
							},
							"id": "NutritionalCounsellingNC"
						},
						{
							"label": "HIV Status",
							"type": "obs",
							"id": "hivStatus",
							"questionOptions": {
								"concept": "1169AAAAAAAAAAAAAAAAAAAAAAAAAAAAAAAA",
								"rendering": "select",
								"answers": [
									{
										"concept": "1067AAAAAAAAAAAAAAAAAAAAAAAAAAAAAAAA",
										"label": "Unknown"
									},
									{
										"concept": "703AAAAAAAAAAAAAAAAAAAAAAAAAAAAAAAAA",
										"label": "Positive"
									},
									{
										"concept": "664AAAAAAAAAAAAAAAAAAAAAAAAAAAAAAAAA",
										"label": "Negative"
									}
								]
							}
						},
						{
							"label": "Return Visit date",
							"type": "obs",
							"questionOptions": {
								"rendering": "date",
								"concept": "5096AAAAAAAAAAAAAAAAAAAAAAAAAAAAAAAA"
							},
							"id": "returnVisitDate",
							"validators": [
								{
									"type": "date",
									"allowFutureDates": "true"
								}
							]
						}
					]
				}
			]
		}
	],
	"processor": "EncounterFormProcessor",
	"referencedForms": []
}