{
	"name": "TB Screening",
	"description": "TB Screening",
	"version": "1",
	"published": true,
	"uuid": "59ed8e62-7f1f-40ae-a2e3-eabe350277ce",
	"retired": false,
	"encounter": "TB Screening",
	"pages": [
		{
			"label": "TB Screening",
			"sections": [
				{
					"label": "Visit details",
					"isExpanded": "true",
					"questions": [
						{
							"label": "Date:",
							"type": "encounterDatetime",
							"questionOptions": {
								"rendering": "ui-select-extended"
							},
							"id": "encDate"
						},
						{
							"label": "Provider:",
							"type": "encounterProvider",
							"questionOptions": {
								"rendering": "ui-select-extended"
							},
							"id": "encProvider "
						},
						{
							"label": "Location:",
							"type": "encounterLocation",
							"questionOptions": {
								"rendering": "ui-select-extended"
							},
							"id": "encLocation"
						}
					]
				},
				{
					"label": "Screening Questions",
					"isExpanded": "true",
					"questions": [
						{
							"label": "Screening Questions",
							"type": "obsGroup",
							"id": "scReeNiNQuiZ",
							"questionOptions": {
								"concept": "160108AAAAAAAAAAAAAAAAAAAAAAAAAAAAAA",
								"rendering": "group"
							},
							"questions": [
								{
									"label": "Cough of any duration:",
									"type": "obs",
									"id": "cOughDuratiOn",
									"questionOptions": {
										"concept": "1729AAAAAAAAAAAAAAAAAAAAAAAAAAAAAAAA",
										"rendering": "radio",
										"answers": [
											{
												"concept": "159799AAAAAAAAAAAAAAAAAAAAAAAAAAAAAA",
												"label": "Yes"
											},
											{
												"concept": "1066AAAAAAAAAAAAAAAAAAAAAAAAAAAAAAAA",
												"label": "No"
											}
										]
									}
								},
								{
									"label": "Fever:",
									"type": "obs",
									"id": "FeverIsh",
									"questionOptions": {
										"concept": "1729AAAAAAAAAAAAAAAAAAAAAAAAAAAAAAAA",
										"rendering": "radio",
										"answers": [
											{
												"concept": "1494AAAAAAAAAAAAAAAAAAAAAAAAAAAAAAAA",
												"label": "Yes"
											},
											{
												"concept": "1066AAAAAAAAAAAAAAAAAAAAAAAAAAAAAAAA",
												"label": "No"
											}
										]
									}
								},
								{
									"label": "Noticeable weight loss or poor weight gain:",
									"type": "obs",
									"id": "WeigHtLossGain",
									"questionOptions": {
										"concept": "1729AAAAAAAAAAAAAAAAAAAAAAAAAAAAAAAA",
										"rendering": "radio",
										"answers": [
											{
												"concept": "832AAAAAAAAAAAAAAAAAAAAAAAAAAAAAAAAA",
												"label": "Yes"
											},
											{
												"concept": "1066AAAAAAAAAAAAAAAAAAAAAAAAAAAAAAAA",
												"label": "No"
											}
										]
									}
								},
								{
									"label": "Night sweats:",
									"type": "obs",
									"id": "NighTsWeatS",
									"questionOptions": {
										"concept": "1729AAAAAAAAAAAAAAAAAAAAAAAAAAAAAAAA",
										"rendering": "radio",
										"answers": [
											{
												"concept": "133027AAAAAAAAAAAAAAAAAAAAAAAAAAAAAA",
												"label": "Yes"
											},
											{
												"concept": "1066AAAAAAAAAAAAAAAAAAAAAAAAAAAAAAAA",
												"label": "No"
											}
										]
									},
									"hide": {
										"hideWhenExpression": "age < 16"
									}
								},
								{
									"label": "Contact with a TB Case:",
									"type": "obs",
									"id": "ConTacTbCase",
									"questionOptions": {
										"concept": "1729AAAAAAAAAAAAAAAAAAAAAAAAAAAAAAAA",
										"rendering": "radio",
										"answers": [
											{
												"concept": "124068AAAAAAAAAAAAAAAAAAAAAAAAAAAAAA",
												"label": "Yes"
											},
											{
												"concept": "1066AAAAAAAAAAAAAAAAAAAAAAAAAAAAAAAA",
												"label": "No"
											}
										]
									},
									"hide": {
										"hideWhenExpression": "age > 15"
									}
								},
								{
									"label": "Lethergy, less playful than usual:",
									"type": "obs",
									"id": "LeSSpLayFul",
									"questionOptions": {
										"concept": "1729AAAAAAAAAAAAAAAAAAAAAAAAAAAAAAAA",
										"rendering": "radio",
										"answers": [
											{
												"concept": "116334AAAAAAAAAAAAAAAAAAAAAAAAAAAAAA",
												"label": "Yes"
											},
											{
												"concept": "1066AAAAAAAAAAAAAAAAAAAAAAAAAAAAAAAA",
												"label": "No"
											}
										]
									},
									"hide": {
										"hideWhenExpression": "age > 15"
									}
								}
							]
						}
					]
				},
				{
					"label": "Indicate action taken",
					"isExpanded": "true",
					"questions": [
						{
							"label": "Test ordered ",
							"type": "obs",
							"id": "testOrdered",
							"questionOptions": {
								"concept": "1271AAAAAAAAAAAAAAAAAAAAAAAAAAAAAAAA",
								"rendering": "checkbox",
								"answers": [
									{
										"concept": "307AAAAAAAAAAAAAAAAAAAAAAAAAAAAAAAAA",
										"label": "Sputum Smear"
									},
									{
										"concept": "12AAAAAAAAAAAAAAAAAAAAAAAAAAAAAAAAAA",
										"label": "Chest Xray"
									},
									{
										"concept": "162202AAAAAAAAAAAAAAAAAAAAAAAAAAAAAA",
										"label": "GeneXpert"
									}
								]
							},
							"hide": {
								"hideWhenExpression": "((String(cOughDuratiOn) === '159799AAAAAAAAAAAAAAAAAAAAAAAAAAAAAA'? 1 : 0) + (String(FeverIsh) === '1494AAAAAAAAAAAAAAAAAAAAAAAAAAAAAAAA'? 1 : 0) + (String(WeigHtLossGain) === '832AAAAAAAAAAAAAAAAAAAAAAAAAAAAAAAAA'? 1 : 0) + (String(NighTsWeatS) === '133027AAAAAAAAAAAAAAAAAAAAAAAAAAAAAA'? 1 : 0) + (String(LeSSpLayFul) === '116334AAAAAAAAAAAAAAAAAAAAAAAAAAAAAA'? 1 : 0) + (String(ConTacTbCase) === '124068AAAAAAAAAAAAAAAAAAAAAAAAAAAAAA'? 1 : 0)) === 0"
							}
						},
						{
							"label": "Sputum smear result",
							"type": "obs",
							"id": "sPutUmResuLts",
							"questionOptions": {
								"concept": "307AAAAAAAAAAAAAAAAAAAAAAAAAAAAAAAAA",
								"rendering": "select",
								"answers": [
									{
										"concept": "703AAAAAAAAAAAAAAAAAAAAAAAAAAAAAAAAA",
										"label": "POSITIVE"
									},
									{
										"concept": "664AAAAAAAAAAAAAAAAAAAAAAAAAAAAAAAAA",
										"label": "NEGATIVE"
									}
								]
							},
							"hide": {
								"hideWhenExpression": "((String(cOughDuratiOn) === '159799AAAAAAAAAAAAAAAAAAAAAAAAAAAAAA'? 1 : 0) + (String(FeverIsh) === '1494AAAAAAAAAAAAAAAAAAAAAAAAAAAAAAAA'? 1 : 0) + (String(WeigHtLossGain) === '832AAAAAAAAAAAAAAAAAAAAAAAAAAAAAAAAA'? 1 : 0) + (String(NighTsWeatS) === '133027AAAAAAAAAAAAAAAAAAAAAAAAAAAAAA'? 1 : 0) + (String(LeSSpLayFul) === '116334AAAAAAAAAAAAAAAAAAAAAAAAAAAAAA'? 1 : 0) + (String(ConTacTbCase) === '124068AAAAAAAAAAAAAAAAAAAAAAAAAAAAAA'? 1 : 0)) === 0"
							}
						},
						{
							"label": "Chest Xray result ",
							"type": "obs",
							"id": "chEstXrAyAction",
							"questionOptions": {
								"concept": "12AAAAAAAAAAAAAAAAAAAAAAAAAAAAAAAAAA",
								"rendering": "select",
								"answers": [
									{
										"concept": "152526AAAAAAAAAAAAAAAAAAAAAAAAAAAAAA",
										"label": "Abnormal Chest X-Ray"
									},
									{
										"concept": "1115AAAAAAAAAAAAAAAAAAAAAAAAAAAAAAAA",
										"label": "Normal"
									}
								]
							},
							"hide": {
								"hideWhenExpression": "((String(cOughDuratiOn) === '159799AAAAAAAAAAAAAAAAAAAAAAAAAAAAAA'? 1 : 0) + (String(FeverIsh) === '1494AAAAAAAAAAAAAAAAAAAAAAAAAAAAAAAA'? 1 : 0) + (String(WeigHtLossGain) === '832AAAAAAAAAAAAAAAAAAAAAAAAAAAAAAAAA'? 1 : 0) + (String(NighTsWeatS) === '133027AAAAAAAAAAAAAAAAAAAAAAAAAAAAAA'? 1 : 0) + (String(LeSSpLayFul) === '116334AAAAAAAAAAAAAAAAAAAAAAAAAAAAAA'? 1 : 0) + (String(ConTacTbCase) === '124068AAAAAAAAAAAAAAAAAAAAAAAAAAAAAA'? 1 : 0)) === 0"
							}
						},
						{
							"label": "Referral:",
							"type": "obs",
							"id": "tBFacReferral",
							"questionOptions": {
								"concept": "1272AAAAAAAAAAAAAAAAAAAAAAAAAAAAAAAA",
								"rendering": "radio",
								"answers": [
									{
										"concept": "1065AAAAAAAAAAAAAAAAAAAAAAAAAAAAAAAA",
										"label": "Yes"
									},
									{
										"concept": "1066AAAAAAAAAAAAAAAAAAAAAAAAAAAAAAAA",
										"label": "No"
									}
								]
							},
							"hide": {
								"hideWhenExpression": "((String(cOughDuratiOn) === '159799AAAAAAAAAAAAAAAAAAAAAAAAAAAAAA'? 1 : 0) + (String(FeverIsh) === '1494AAAAAAAAAAAAAAAAAAAAAAAAAAAAAAAA'? 1 : 0) + (String(WeigHtLossGain) === '832AAAAAAAAAAAAAAAAAAAAAAAAAAAAAAAAA'? 1 : 0) + (String(NighTsWeatS) === '133027AAAAAAAAAAAAAAAAAAAAAAAAAAAAAA'? 1 : 0) + (String(LeSSpLayFul) === '116334AAAAAAAAAAAAAAAAAAAAAAAAAAAAAA'? 1 : 0) + (String(ConTacTbCase) === '124068AAAAAAAAAAAAAAAAAAAAAAAAAAAAAA'? 1 : 0)) === 0 || age > 14"
							}
						},
						{
							"label": "GeneXpert:",
							"type": "obs",
							"id": "geneXpertActiOn",
							"questionOptions": {
								"concept": "162202AAAAAAAAAAAAAAAAAAAAAAAAAAAAAA",
								"rendering": "select",
								"answers": [
									{
										"concept": "1138AAAAAAAAAAAAAAAAAAAAAAAAAAAAAAAA",
										"label": "INDETERMINATE"
									},
									{
										"concept": "162204AAAAAAAAAAAAAAAAAAAAAAAAAAAAAA",
										"label": "Mycobacterium tuberculosis detected without rifampin resistance"
									},
									{
										"concept": "164104AAAAAAAAAAAAAAAAAAAAAAAAAAAAAA",
										"label": "Mycobacterium tuberculosis detected with indeterminate rifampin resistance"
									},
									{
										"concept": "162203AAAAAAAAAAAAAAAAAAAAAAAAAAAAAA",
										"label": "Mycobacterium tuberculosis detected with rifampin resistance"
									},
									{
										"concept": "163611AAAAAAAAAAAAAAAAAAAAAAAAAAAAAA",
										"label": "Invalid"
									},
									{
										"concept": "664AAAAAAAAAAAAAAAAAAAAAAAAAAAAAAAAA",
										"label": "NEGATIVE"
									}
								]
							},
							"hide": {
								"hideWhenExpression": "((String(cOughDuratiOn) === '159799AAAAAAAAAAAAAAAAAAAAAAAAAAAAAA'? 1 : 0) + (String(FeverIsh) === '1494AAAAAAAAAAAAAAAAAAAAAAAAAAAAAAAA'? 1 : 0) + (String(WeigHtLossGain) === '832AAAAAAAAAAAAAAAAAAAAAAAAAAAAAAAAA'? 1 : 0) + (String(NighTsWeatS) === '133027AAAAAAAAAAAAAAAAAAAAAAAAAAAAAA'? 1 : 0) + (String(LeSSpLayFul) === '116334AAAAAAAAAAAAAAAAAAAAAAAAAAAAAA'? 1 : 0) + (String(ConTacTbCase) === '124068AAAAAAAAAAAAAAAAAAAAAAAAAAAAAA'? 1 : 0)) === 0"
							}
						},
						{
							"label": "Clinical diagnosis:",
							"type": "obs",
							"id": "cliNicalDiagnosisAction",
							"questionOptions": {
								"concept": "163752AAAAAAAAAAAAAAAAAAAAAAAAAAAAAA",
								"rendering": "radio",
								"answers": [
									{
										"concept": "703AAAAAAAAAAAAAAAAAAAAAAAAAAAAAAAAA",
										"label": "POSITIVE"
									},
									{
										"concept": "664AAAAAAAAAAAAAAAAAAAAAAAAAAAAAAAAA",
										"label": "NEGATIVE"
									}
								]
							},
							"hide": {
								"hideWhenExpression": "((String(cOughDuratiOn) === '159799AAAAAAAAAAAAAAAAAAAAAAAAAAAAAA'? 1 : 0) + (String(FeverIsh) === '1494AAAAAAAAAAAAAAAAAAAAAAAAAAAAAAAA'? 1 : 0) + (String(WeigHtLossGain) === '832AAAAAAAAAAAAAAAAAAAAAAAAAAAAAAAAA'? 1 : 0) + (String(NighTsWeatS) === '133027AAAAAAAAAAAAAAAAAAAAAAAAAAAAAA'? 1 : 0) + (String(LeSSpLayFul) === '116334AAAAAAAAAAAAAAAAAAAAAAAAAAAAAA'? 1 : 0) + (String(ConTacTbCase) === '124068AAAAAAAAAAAAAAAAAAAAAAAAAAAAAA'? 1 : 0)) === 0"
							}
						},
						{
							"label": "Invitation of contacts:",
							"type": "obs",
							"id": "InViTationConTacts",
							"questionOptions": {
								"concept": "163414AAAAAAAAAAAAAAAAAAAAAAAAAAAAAA",
								"rendering": "radio",
								"answers": [
									{
										"concept": "1065AAAAAAAAAAAAAAAAAAAAAAAAAAAAAAAA",
										"label": "Yes"
									},
									{
										"concept": "1066AAAAAAAAAAAAAAAAAAAAAAAAAAAAAAAA",
										"label": "No"
									}
								]
							},
							"hide": {
								"hideWhenExpression": "((String(cOughDuratiOn) === '159799AAAAAAAAAAAAAAAAAAAAAAAAAAAAAA'? 1 : 0) + (String(FeverIsh) === '1494AAAAAAAAAAAAAAAAAAAAAAAAAAAAAAAA'? 1 : 0) + (String(WeigHtLossGain) === '832AAAAAAAAAAAAAAAAAAAAAAAAAAAAAAAAA'? 1 : 0) + (String(NighTsWeatS) === '133027AAAAAAAAAAAAAAAAAAAAAAAAAAAAAA'? 1 : 0) + (String(LeSSpLayFul) === '116334AAAAAAAAAAAAAAAAAAAAAAAAAAAAAA'? 1 : 0) + (String(ConTacTbCase) === '124068AAAAAAAAAAAAAAAAAAAAAAAAAAAAAA'? 1 : 0)) === 0"
							}
						},
						{
							"label": "Evaluated for TPT:",
							"type": "obs",
							"id": "EvaLfoRTpT",
							"questionOptions": {
								"concept": "162275AAAAAAAAAAAAAAAAAAAAAAAAAAAAAA",
								"rendering": "radio",
								"answers": [
									{
										"concept": "1065AAAAAAAAAAAAAAAAAAAAAAAAAAAAAAAA",
										"label": "Yes"
									},
									{
										"concept": "1066AAAAAAAAAAAAAAAAAAAAAAAAAAAAAAAA",
										"label": "No"
									}
								]
							},
							"hide": {
								"hideWhenExpression": "((String(cOughDuratiOn) === '159799AAAAAAAAAAAAAAAAAAAAAAAAAAAAAA'? 1 : 0) + (String(FeverIsh) === '1494AAAAAAAAAAAAAAAAAAAAAAAAAAAAAAAA'? 1 : 0) + (String(WeigHtLossGain) === '832AAAAAAAAAAAAAAAAAAAAAAAAAAAAAAAAA'? 1 : 0) + (String(NighTsWeatS) === '133027AAAAAAAAAAAAAAAAAAAAAAAAAAAAAA'? 1 : 0) + (String(LeSSpLayFul) === '116334AAAAAAAAAAAAAAAAAAAAAAAAAAAAAA'? 1 : 0) + (String(ConTacTbCase) === '124068AAAAAAAAAAAAAAAAAAAAAAAAAAAAAA'? 1 : 0)) === 0"
							}
						},
						{
							"label": "Start Anti-TBs:",
							"type": "obs",
							"id": "stArtaNtiTb",
							"questionOptions": {
								"concept": "162309AAAAAAAAAAAAAAAAAAAAAAAAAAAAAA",
								"rendering": "radio",
								"answers": [
									{
										"concept": "1065AAAAAAAAAAAAAAAAAAAAAAAAAAAAAAAA",
										"label": "Yes"
									},
									{
										"concept": "1066AAAAAAAAAAAAAAAAAAAAAAAAAAAAAAAA",
										"label": "No (Refer)"
									}
								]
							},
							"hide": {
								"hideWhenExpression": "((String(cOughDuratiOn) === '159799AAAAAAAAAAAAAAAAAAAAAAAAAAAAAA'? 1 : 0) + (String(FeverIsh) === '1494AAAAAAAAAAAAAAAAAAAAAAAAAAAAAAAA'? 1 : 0) + (String(WeigHtLossGain) === '832AAAAAAAAAAAAAAAAAAAAAAAAAAAAAAAAA'? 1 : 0) + (String(NighTsWeatS) === '133027AAAAAAAAAAAAAAAAAAAAAAAAAAAAAA'? 1 : 0) + (String(LeSSpLayFul) === '116334AAAAAAAAAAAAAAAAAAAAAAAAAAAAAA'? 1 : 0) + (String(ConTacTbCase) === '124068AAAAAAAAAAAAAAAAAAAAAAAAAAAAAA'? 1 : 0)) === 0"
							}
						},
						{
							"label": "TB Rx date: ",
							"type": "obs",
							"id": "DatEforTBrx",
							"questionOptions": {
								"concept": "1113AAAAAAAAAAAAAAAAAAAAAAAAAAAAAAAA",
								"rendering": "date"
							},
							"validators": [
								{
									"type": "date",
									"allowFutureDates": "false"
								}
							],
							"hide": {
								"hideWhenExpression": "((String(cOughDuratiOn) === '159799AAAAAAAAAAAAAAAAAAAAAAAAAAAAAA'? 1 : 0) + (String(FeverIsh) === '1494AAAAAAAAAAAAAAAAAAAAAAAAAAAAAAAA'? 1 : 0) + (String(WeigHtLossGain) === '832AAAAAAAAAAAAAAAAAAAAAAAAAAAAAAAAA'? 1 : 0) + (String(NighTsWeatS) === '133027AAAAAAAAAAAAAAAAAAAAAAAAAAAAAA'? 1 : 0) + (String(LeSSpLayFul) === '116334AAAAAAAAAAAAAAAAAAAAAAAAAAAAAA'? 1 : 0) + (String(ConTacTbCase) === '124068AAAAAAAAAAAAAAAAAAAAAAAAAAAAAA'? 1 : 0)) === 0"
							}
						},
						{
							"label": "TB Rx:",
							"type": "obs",
							"id": "MediCationTB",
							"questionOptions": {
								"concept": "1111AAAAAAAAAAAAAAAAAAAAAAAAAAAAAAAA",
								"rendering": "select",
								"answers": [
									{
										"concept": "1111AAAAAAAAAAAAAAAAAAAAAAAAAAAAAAAA",
										"label": "Social Contact",
										"disableWhenExpression": "myValue === '1107AAAAAAAAAAAAAAAAAAAAAAAAAAAAAAAA'"
									},
									{
										"concept": "1107AAAAAAAAAAAAAAAAAAAAAAAAAAAAAAAA",
										"label": "None"
									},
									{
										"concept": "1131AAAAAAAAAAAAAAAAAAAAAAAAAAAAAAAA",
										"label": "RIFAMPICIN ISONIAZID PYRAZINAMIDE AND ETHAMBUTOL"
									},
									{
										"concept": "78280AAAAAAAAAAAAAAAAAAAAAAAAAAAAAAA",
										"label": "ISONIAZID"
									},
									{
										"concept": "160096AAAAAAAAAAAAAAAAAAAAAAAAAAAAAA",
										"label": "5HR + E"
									},
									{
										"concept": "160092AAAAAAAAAAAAAAAAAAAAAAAAAAAAAA",
										"label": "Isoniazid/Rifampin/Pyrazinamide/Ethambutol prophylaxis for 2 months"
									},
									{
										"concept": "82900AAAAAAAAAAAAAAAAAAAAAAAAAAAAAAA",
										"label": "PYRAZINAMIDE"
									},
									{
										"concept": "768AAAAAAAAAAAAAAAAAAAAAAAAAAAAAAAAA",
										"label": "RIFAMPICIN ISONIAZID AND PYRAZINAMIDE"
									},
									{
										"concept": "160097AAAAAAAAAAAAAAAAAAAAAAAAAAAAAA",
										"label": "2HRZ"
									},
									{
										"concept": "1108AAAAAAAAAAAAAAAAAAAAAAAAAAAAAAAA",
										"label": "ETHAMBUTOL AND ISONIAZID"
									},
									{
										"concept": "163753AAAAAAAAAAAAAAAAAAAAAAAAAAAAAA",
										"label": "Streptomycin for 2 months"
									},
									{
										"concept": "160094AAAAAAAAAAAAAAAAAAAAAAAAAAAAAA",
										"label": "2S + HRZE"
									},
									{
										"concept": "75948AAAAAAAAAAAAAAAAAAAAAAAAAAAAAAA",
										"label": "ETHAMBUTOL"
									},
									{
										"concept": "84360AAAAAAAAAAAAAAAAAAAAAAAAAAAAAAA",
										"label": "STREPTOMYCIN"
									},
									{
										"concept": "160095AAAAAAAAAAAAAAAAAAAAAAAAAAAAAA",
										"label": "1HRZE"
									},
									{
										"concept": "767AAAAAAAAAAAAAAAAAAAAAAAAAAAAAAAAA",
										"label": "RIFAMPICIN"
									},
									{
										"concept": "160093AAAAAAAAAAAAAAAAAAAAAAAAAAAAAA",
										"label": "Isoniazid/Rifampin prophylaxis for 4 months"
									},
									{
										"concept": "1194AAAAAAAAAAAAAAAAAAAAAAAAAAAAAAAA",
										"label": "RIFAMPICIN AND ISONIAZID"
									}
								]
							},
							"hide": {
								"hideWhenExpression": "((String(cOughDuratiOn) === '159799AAAAAAAAAAAAAAAAAAAAAAAAAAAAAA'? 1 : 0) + (String(FeverIsh) === '1494AAAAAAAAAAAAAAAAAAAAAAAAAAAAAAAA'? 1 : 0) + (String(WeigHtLossGain) === '832AAAAAAAAAAAAAAAAAAAAAAAAAAAAAAAAA'? 1 : 0) + (String(NighTsWeatS) === '133027AAAAAAAAAAAAAAAAAAAAAAAAAAAAAA'? 1 : 0) + (String(LeSSpLayFul) === '116334AAAAAAAAAAAAAAAAAAAAAAAAAAAAAA'? 1 : 0) + (String(ConTacTbCase) === '124068AAAAAAAAAAAAAAAAAAAAAAAAAAAAAA'? 1 : 0)) === 0"
							}
						},
						{
							"label": "Resulting TB Status:",
							"type": "obs",
							"id": "tbResultstaTuS",
							"questionOptions": {
								"concept": "1659AAAAAAAAAAAAAAAAAAAAAAAAAAAAAAAA",
								"rendering": "radio",
								"calculate": {
									"calculateExpression": "((!isEmpty(cOughDuratiOn) || !isEmpty(FeverIsh) || !isEmpty(NighTsWeatS) || !isEmpty(WeigHtLossGain) || !isEmpty(ConTacTbCase) || !isEmpty(LeSSpLayFul) || !isEmpty(cliNicalDiagnosisAction) || !isEmpty(sPutUmResuLts) || !isEmpty(geneXpertActiOn) || !isEmpty(chEstXrAyAction) || !isEmpty(testOrdered)) &&((String(cliNicalDiagnosisAction) === '703AAAAAAAAAAAAAAAAAAAAAAAAAAAAAAAAA' ? 1 : 0) +(String(sPutUmResuLts) === '703AAAAAAAAAAAAAAAAAAAAAAAAAAAAAAAAA' ? 1 : 0) +(String(geneXpertActiOn) === '162203AAAAAAAAAAAAAAAAAAAAAAAAAAAAAA' ? 1 : 0) +(String(geneXpertActiOn) === '162204AAAAAAAAAAAAAAAAAAAAAAAAAAAAAA' ? 1 : 0) +(String(geneXpertActiOn) === '164104AAAAAAAAAAAAAAAAAAAAAAAAAAAAAA' ? 1 : 0)) > 0) ? '1662AAAAAAAAAAAAAAAAAAAAAAAAAAAAAAAA': (((String(cliNicalDiagnosisAction) === '664AAAAAAAAAAAAAAAAAAAAAAAAAAAAAAAAA' ? 1 : 0) + (String(sPutUmResuLts) === '664AAAAAAAAAAAAAAAAAAAAAAAAAAAAAAAAA' ? 1 : 0) + (String(geneXpertActiOn) === '1138AAAAAAAAAAAAAAAAAAAAAAAAAAAAAAAA' ? 1 : 0) + (String(geneXpertActiOn) === '163611AAAAAAAAAAAAAAAAAAAAAAAAAAAAAA' ? 1 : 0) + (String(geneXpertActiOn) === '664AAAAAAAAAAAAAAAAAAAAAAAAAAAAAAAAA' ? 1 : 0) + (String(chEstXrAyAction) === '152526AAAAAAAAAAAAAAAAAAAAAAAAAAAAAA' ? 1 : 0) + (String(testOrdered) === '307AAAAAAAAAAAAAAAAAAAAAAAAAAAAAAAAA' ? 1 : 0) + (String(testOrdered) === '12AAAAAAAAAAAAAAAAAAAAAAAAAAAAAAAAAA' ? 1 : 0) + (String(testOrdered) === '162202AAAAAAAAAAAAAAAAAAAAAAAAAAAAAA' ? 1 : 0) + (String(cOughDuratiOn) === '159799AAAAAAAAAAAAAAAAAAAAAAAAAAAAAA' ? 1 : 0) + (String(FeverIsh) === '1494AAAAAAAAAAAAAAAAAAAAAAAAAAAAAAAA' ? 1 : 0) +(String(WeigHtLossGain) === '832AAAAAAAAAAAAAAAAAAAAAAAAAAAAAAAAA' ? 1 : 0) + (String(NighTsWeatS) === '133027AAAAAAAAAAAAAAAAAAAAAAAAAAAAAA' ? 1 : 0) + (String(ConTacTbCase) === '124068AAAAAAAAAAAAAAAAAAAAAAAAAAAAAA' ? 1 : 0) + (String(LeSSpLayFul) === '116334AAAAAAAAAAAAAAAAAAAAAAAAAAAAAA' ? 1 : 0)) > 0 ? '142177AAAAAAAAAAAAAAAAAAAAAAAAAAAAAA' : ((String(cOughDuratiOn) === '1066AAAAAAAAAAAAAAAAAAAAAAAAAAAAAAAA' && String(FeverIsh) === '1066AAAAAAAAAAAAAAAAAAAAAAAAAAAAAAAA' && String(WeigHtLossGain) === '1066AAAAAAAAAAAAAAAAAAAAAAAAAAAAAAAA' && String(NighTsWeatS) === '1066AAAAAAAAAAAAAAAAAAAAAAAAAAAAAAAA' && String(ConTacTbCase) === '1066AAAAAAAAAAAAAAAAAAAAAAAAAAAAAAAA' && String(LeSSpLayFul) === '1066AAAAAAAAAAAAAAAAAAAAAAAAAAAAAAAA') ||((String(cliNicalDiagnosisAction) === '664AAAAAAAAAAAAAAAAAAAAAAAAAAAAAAAAA' ? 0 : 1) + (String(sPutUmResuLts) === '664AAAAAAAAAAAAAAAAAAAAAAAAAAAAAAAAA' ? 0 : 1) + (String(geneXpertActiOn) === '1138AAAAAAAAAAAAAAAAAAAAAAAAAAAAAAAA' ? 0 : 1) + (String(geneXpertActiOn) === '163611AAAAAAAAAAAAAAAAAAAAAAAAAAAAAA' ? 0 : 1) + (String(geneXpertActiOn) === '664AAAAAAAAAAAAAAAAAAAAAAAAAAAAAAAAA' ? 0 : 1) + (String(chEstXrAyAction) === '152526AAAAAAAAAAAAAAAAAAAAAAAAAAAAAA' ? 0 : 1) + (String(testOrdered) === '307AAAAAAAAAAAAAAAAAAAAAAAAAAAAAAAAA' ? 0 : 1) + (String(testOrdered) === '12AAAAAAAAAAAAAAAAAAAAAAAAAAAAAAAAAA' ? 0 : 1) + (String(testOrdered) === '162202AAAAAAAAAAAAAAAAAAAAAAAAAAAAAA' ? 0 : 1)) === 0)? '1660AAAAAAAAAAAAAAAAAAAAAAAAAAAAAAAA' : '')"
								},
								"answers": [
									{
										"concept": "1660AAAAAAAAAAAAAAAAAAAAAAAAAAAAAAAA",
										"label": "No TB Signs"
									},
									{
										"concept": "142177AAAAAAAAAAAAAAAAAAAAAAAAAAAAAA",
										"label": "Presumed TB"
									},
									{
										"concept": "1662AAAAAAAAAAAAAAAAAAAAAAAAAAAAAAAA",
										"label": "TB Confirmed"
									},
									{
										"concept": "160737AAAAAAAAAAAAAAAAAAAAAAAAAAAAAA",
										"label": "TB Screening Not Done"
									}
								]
							},
							"hide": {
								"hideWhenExpression": "((String(cOughDuratiOn) === '159799AAAAAAAAAAAAAAAAAAAAAAAAAAAAAA'? 1 : 0) + (String(FeverIsh) === '1494AAAAAAAAAAAAAAAAAAAAAAAAAAAAAAAA'? 1 : 0) + (String(WeigHtLossGain) === '832AAAAAAAAAAAAAAAAAAAAAAAAAAAAAAAAA'? 1 : 0) + (String(NighTsWeatS) === '133027AAAAAAAAAAAAAAAAAAAAAAAAAAAAAA'? 1 : 0) + (String(LeSSpLayFul) === '116334AAAAAAAAAAAAAAAAAAAAAAAAAAAAAA'? 1 : 0) + (String(ConTacTbCase) === '124068AAAAAAAAAAAAAAAAAAAAAAAAAAAAAA'? 1 : 0)) === 0"
							}
						}
					]
				},
				{
					"label": "Tuberculosis Preventive Therapy (TPT) Client Workup",
					"isExpanded": "true",
					"questions": [
						{
							"label": "Tuberculosis Preventive Therapy (TPT) Client Workup",
							"type": "obsGroup",
							"questionOptions": {
								"concept": "1727AAAAAAAAAAAAAAAAAAAAAAAAAAAAAAAA",
								"rendering": "group"
							},
							"questions": [
								{
									"label": "1. Yellow Urine",
									"type": "obs",
									"id": "yeLLOwUrine",
									"questionOptions": {
										"concept": "1729AAAAAAAAAAAAAAAAAAAAAAAAAAAAAAAA",
										"rendering": "radio",
										"answers": [
											{
												"concept": "162311AAAAAAAAAAAAAAAAAAAAAAAAAAAAAA",
												"label": "Yes"
											},
											{
												"concept": "1066AAAAAAAAAAAAAAAAAAAAAAAAAAAAAAAA",
												"label": "No"
											}
										]
									},
									"hide": {
										"hideWhenExpression": "isEmpty(cOughDuratiOn) || isEmpty(FeverIsh) || isEmpty(WeigHtLossGain)  || (isEmpty(NighTsWeatS) && age > 16) || (isEmpty(ConTacTbCase) && age < 16) || (isEmpty(LeSSpLayFul) && age < 16) || ((String(cOughDuratiOn) === '159799AAAAAAAAAAAAAAAAAAAAAAAAAAAAAA'? 1 : 0) + (String(FeverIsh) === '1494AAAAAAAAAAAAAAAAAAAAAAAAAAAAAAAA'? 1 : 0) + (String(WeigHtLossGain) === '832AAAAAAAAAAAAAAAAAAAAAAAAAAAAAAAAA'? 1 : 0) + (String(NighTsWeatS) === '133027AAAAAAAAAAAAAAAAAAAAAAAAAAAAAA'? 1 : 0) + (String(LeSSpLayFul) === '116334AAAAAAAAAAAAAAAAAAAAAAAAAAAAAA'? 1 : 0) + (String(ConTacTbCase) === '124068AAAAAAAAAAAAAAAAAAAAAAAAAAAAAA'? 1 : 0)) > 0"
									}
								},
								{
									"label": "2. Numbness/ burning sensation on the hands or feet",
									"type": "obs",
									"id": "NumBnessHaFeT",
									"questionOptions": {
										"concept": "1729AAAAAAAAAAAAAAAAAAAAAAAAAAAAAAAA",
										"rendering": "radio",
										"answers": [
											{
												"concept": "132652AAAAAAAAAAAAAAAAAAAAAAAAAAAAAA",
												"label": "Yes"
											},
											{
												"concept": "1066AAAAAAAAAAAAAAAAAAAAAAAAAAAAAAAA",
												"label": "No"
											}
										]
									},
									"hide": {
										"hideWhenExpression": "isEmpty(cOughDuratiOn) || isEmpty(FeverIsh) || isEmpty(WeigHtLossGain)  || (isEmpty(NighTsWeatS) && age > 16) || (isEmpty(ConTacTbCase) && age < 16) || (isEmpty(LeSSpLayFul) && age < 16) || ((String(cOughDuratiOn) === '159799AAAAAAAAAAAAAAAAAAAAAAAAAAAAAA'? 1 : 0) + (String(FeverIsh) === '1494AAAAAAAAAAAAAAAAAAAAAAAAAAAAAAAA'? 1 : 0) + (String(WeigHtLossGain) === '832AAAAAAAAAAAAAAAAAAAAAAAAAAAAAAAAA'? 1 : 0) + (String(NighTsWeatS) === '133027AAAAAAAAAAAAAAAAAAAAAAAAAAAAAA'? 1 : 0) + (String(LeSSpLayFul) === '116334AAAAAAAAAAAAAAAAAAAAAAAAAAAAAA'? 1 : 0) + (String(ConTacTbCase) === '124068AAAAAAAAAAAAAAAAAAAAAAAAAAAAAA'? 1 : 0)) > 0"
									}
								},
								{
									"label": "3. Yellowness of eyes",
									"type": "obs",
									"id": "YellOwEyEs",
									"questionOptions": {
										"concept": "1729AAAAAAAAAAAAAAAAAAAAAAAAAAAAAAAA",
										"rendering": "radio",
										"answers": [
											{
												"concept": "5192AAAAAAAAAAAAAAAAAAAAAAAAAAAAAAAA",
												"label": "Yes"
											},
											{
												"concept": "1066AAAAAAAAAAAAAAAAAAAAAAAAAAAAAAAA",
												"label": "No"
											}
										]
									},
									"hide": {
										"hideWhenExpression": "isEmpty(cOughDuratiOn) || isEmpty(FeverIsh) || isEmpty(WeigHtLossGain)  || (isEmpty(NighTsWeatS) && age > 16) || (isEmpty(ConTacTbCase) && age < 16) || (isEmpty(LeSSpLayFul) && age < 16) || ((String(cOughDuratiOn) === '159799AAAAAAAAAAAAAAAAAAAAAAAAAAAAAA'? 1 : 0) + (String(FeverIsh) === '1494AAAAAAAAAAAAAAAAAAAAAAAAAAAAAAAA'? 1 : 0) + (String(WeigHtLossGain) === '832AAAAAAAAAAAAAAAAAAAAAAAAAAAAAAAAA'? 1 : 0) + (String(NighTsWeatS) === '133027AAAAAAAAAAAAAAAAAAAAAAAAAAAAAA'? 1 : 0) + (String(LeSSpLayFul) === '116334AAAAAAAAAAAAAAAAAAAAAAAAAAAAAA'? 1 : 0) + (String(ConTacTbCase) === '124068AAAAAAAAAAAAAAAAAAAAAAAAAAAAAA'? 1 : 0)) > 0"
									}
								},
								{
									"label": "4.Tenderness in the upper right quadrant of the abdomen",
									"type": "obs",
									"id": "teNderNessaBdOmeN",
									"questionOptions": {
										"concept": "1729AAAAAAAAAAAAAAAAAAAAAAAAAAAAAAAA",
										"rendering": "radio",
										"answers": [
											{
												"concept": "124994AAAAAAAAAAAAAAAAAAAAAAAAAAAAAA",
												"label": "Yes"
											},
											{
												"concept": "1066AAAAAAAAAAAAAAAAAAAAAAAAAAAAAAAA",
												"label": "No"
											}
										]
									},
									"hide": {
										"hideWhenExpression": "isEmpty(cOughDuratiOn) || isEmpty(FeverIsh) || isEmpty(WeigHtLossGain)  || (isEmpty(NighTsWeatS) && age > 16) || (isEmpty(ConTacTbCase) && age < 16) || (isEmpty(LeSSpLayFul) && age < 16) || ((String(cOughDuratiOn) === '159799AAAAAAAAAAAAAAAAAAAAAAAAAAAAAA'? 1 : 0) + (String(FeverIsh) === '1494AAAAAAAAAAAAAAAAAAAAAAAAAAAAAAAA'? 1 : 0) + (String(WeigHtLossGain) === '832AAAAAAAAAAAAAAAAAAAAAAAAAAAAAAAAA'? 1 : 0) + (String(NighTsWeatS) === '133027AAAAAAAAAAAAAAAAAAAAAAAAAAAAAA'? 1 : 0) + (String(LeSSpLayFul) === '116334AAAAAAAAAAAAAAAAAAAAAAAAAAAAAA'? 1 : 0) + (String(ConTacTbCase) === '124068AAAAAAAAAAAAAAAAAAAAAAAAAAAAAA'? 1 : 0)) > 0"
									}
								}
							],
							"id": "TpTWorkUp"
						}
					]
				}
			]
		}
	],
	"processor": "EncounterFormProcessor",
	"referencedForms": []
}