{
	"name": "TPT Outcome",
	"description": "TPT Outcome",
	"version": "1",
	"published": true,
	"uuid": "5bdd3b65-8b7b-46a0-9f7b-dfe764143848",
	"retired": false,
	"encounter": "IPT Outcome",
	"meta": {
		"programs": {
			"uuid": "335517a1-04bc-438b-9843-1ba49fb7fcd9",
			"isEnrollment": false,
			"discontinuationDateQuestionId": "discondate"
		}
  },
	"pages": [
		{
			"label": "TPT Discontinuation",
			"sections": [
				{
					"label": "Visit Details",
					"isExpanded": "true",
					"questions": [
						{
							"label": "Visit date:",
							"type": "encounterDatetime",
							"questionOptions": {
								"rendering": "ui-select-extended"
							},
							"id": "encDate",
							"validators": [
								{
									"type": "date",
									"allowFutureDates": "false"
								}
							]
						},
						{
							"type": "encounterProvider",
							"label": "Provider:",
							"id": "provider",
							"required": "true",
							"default": "",
							"questionOptions": {
								"rendering": "ui-select-extended"
							}
						},
						{
							"type": "encounterLocation",
							"label": "Location:",
							"id": "location",
							"required": "true",
							"questionOptions": {
								"rendering": "ui-select-extended"
							}
						}
					]
				},
				{
					"label": "Discontinue TPT",
					"isExpanded": "true",
					"questions": [
					  {
						"label": "Reason for discontinuation:",
						"type": "obs",
						"questionOptions": {
						  "rendering": "select",
						  "concept": "161555AAAAAAAAAAAAAAAAAAAAAAAAAAAAAA",
						  "answers": [
							{
							  "concept": "1267AAAAAAAAAAAAAAAAAAAAAAAAAAAAAAAA",
							  "label": "Treatment completed"
							},
							{
							  "concept": "5240AAAAAAAAAAAAAAAAAAAAAAAAAAAAAAAA",
							  "label": "Lost to followup"
							},
							{
							  "concept": "159836AAAAAAAAAAAAAAAAAAAAAAAAAAAAAA",
							  "label": "Discontinued"
							},
							{
							  "concept": "160034AAAAAAAAAAAAAAAAAAAAAAAAAAAAAA",
							  "label": "Died"
							},
							{
							  "concept": "159492AAAAAAAAAAAAAAAAAAAAAAAAAAAAAA",
							  "label": "Transferred Out"
							},
							{
							  "concept": "112141AAAAAAAAAAAAAAAAAAAAAAAAAAAAAA",
							  "label": "Active TB Disease - ATB"
							},
							{
							  "concept": "102AAAAAAAAAAAAAAAAAAAAAAAAAAAAAAAAA",
							  "label": "Adverse drug reaction - ADR"
							},
							{
							  "concept": "159598AAAAAAAAAAAAAAAAAAAAAAAAAAAAAA",
							  "label": "Poor adherence - PA"
							},
							{
							  "concept": "5622AAAAAAAAAAAAAAAAAAAAAAAAAAAAAAAA",
							  "label": "Others - OTR"
							}
						  ]
						},
						"id": "rEaSonDisc"
					  },
					  {
						"label": "Discontinuation Date:",
						"type": "encounterDate",
						"id": "discondate",
						"questionOptions": {
						  "rendering": "date"
						},
						"validators": [
						  {
							"type": "date",
							"allowFutureDates": "false"
						  },
						  {
							"type": "js_expression",
							"failsWhenExpression": "(new moment(encDate)).isBefore((new moment(myValue)), 'day')",
							"message": "Discontinuation Date should be less than or equal the encounter date."
						  }
						]
					  }
					]
				  }
			]
		}
	],
	"processor": "EncounterFormProcessor",
	"referencedForms": []
}