{
	"name": "TPT FollowUp",
	"description": "TPT FollowUp",
	"version": "1",
	"published": true,
	"uuid": "9d0e4be8-ab72-4394-8df7-b509b9d45179",
	"retired": false,
	"encounter": "IPT FollowUp",
	"pages": [
		{
			"label": "TPT Follow-up",
			"sections": [
				{
					"label": "Visit Details",
					"isExpanded": "true",
					"questions": [
						{
							"label": "Date:",
							"type": "encounterDatetime",
							"questionOptions": {
								"rendering": "ui-select-extended"
							},
							"id": "encDate"
						},
						{
							"label": "Provider:",
							"type": "encounterProvider",
							"questionOptions": {
								"rendering": "ui-select-extended"
							},
							"id": "encProvider "
						},
						{
							"label": "Location:",
							"type": "encounterLocation",
							"questionOptions": {
								"rendering": "ui-select-extended"
							},
							"id": "encLocation"
						}
					]
				},
				{
					"label": "TPT Follow-up Details",
					"isExpanded": "true",
					"questions": [
						{
							"label": "TPT Due Date",
							"type": "obs",
							"id": "tptDueDate",
							"questionOptions": {
								"concept": "164073AAAAAAAAAAAAAAAAAAAAAAAAAAAAAA",
								"rendering": "date"
							},
							"validators": [
								{
									"type": "date",
									"allowFutureDates": "true"
								},
								{
									"type": "js_expression",
									"failsWhenExpression": "(new moment(encDate)).isAfter((new moment(myValue)), 'day')",
									"message": "TPT due date should not be before the encounter date."
								}
							]
						},
						{
							"label": "Date collected TPT",
							"type": "obs",
							"id": "dateCollectedTpt",
							"questionOptions": {
								"concept": "164074AAAAAAAAAAAAAAAAAAAAAAAAAAAAAA",
								"rendering": "date"
							},
							"validators": [
								{
									"type": "date",
									"allowFutureDates": "false"
								},
								{
									"type": "js_expression",
									"failsWhenExpression": "(new moment(encDate)).isBefore((new moment(myValue)), 'day')",
									"message": "Date collected TPT should not be before the encounter date."
								}
							]
						},
						{
							"label": "Hepatotoxicity? (Vomiting, persistent irritability, sbdominal pain, RUQ pain, yellow urine or eyes)",
							"type": "obs",
							"id": "hepatotoxicity",
							"questionOptions": {
								"concept": "159098AAAAAAAAAAAAAAAAAAAAAAAAAAAAAA",
								"rendering": "radio",
								"answers": [
									
									{
										"concept": "1065AAAAAAAAAAAAAAAAAAAAAAAAAAAAAAAA",
										"label": "Yes"
									},
									{
										"concept": "1066AAAAAAAAAAAAAAAAAAAAAAAAAAAAAAAA",
										"label": "No"
									}
								]
							}
						},
						{
							"label": "Peripheral Neuropathy: Does client have any of the following in the limbs? Numbness, tingling or burning sensation",
							"type": "obs",
							"id": "pNeuropathy",
							"questionOptions": {
								"concept": "118983AAAAAAAAAAAAAAAAAAAAAAAAAAAAAA",
								"rendering": "radio",
								"answers": [
									
									{
										"concept": "1065AAAAAAAAAAAAAAAAAAAAAAAAAAAAAAAA",
										"label": "Yes"
									},
									{
										"concept": "1066AAAAAAAAAAAAAAAAAAAAAAAAAAAAAAAA",
										"label": "No"
									}
								]
							}
						},
						{
							"label": "Does the patient have Rash?",
							"type": "obs",
							"id": "rash",
							"questionOptions": {
								"concept": "512AAAAAAAAAAAAAAAAAAAAAAAAAAAAAAAAA",
								"rendering": "radio",
								"answers": [
									
									{
										"concept": "1065AAAAAAAAAAAAAAAAAAAAAAAAAAAAAAAA",
										"label": "Yes"
									},
									{
										"concept": "1066AAAAAAAAAAAAAAAAAAAAAAAAAAAAAAAA",
										"label": "No"
									}
								]
							}
						},
						{
							"label": "Others e.g. gastrointestinal disturbances",
							"type": "obs",
							"id": "othersDisturbances",
							"questionOptions": {
								"concept": "163190AAAAAAAAAAAAAAAAAAAAAAAAAAAAAA",
								"rendering": "radio",
								"answers": [
									
									{
										"concept": "1065AAAAAAAAAAAAAAAAAAAAAAAAAAAAAAAA",
										"label": "Yes"
									},
									{
										"concept": "1066AAAAAAAAAAAAAAAAAAAAAAAAAAAAAAAA",
										"label": "No"
									}
								]
							}
						},
						{
							"label": "Adherence Measurement (Good= missed <3 doses/month, Fair=missed 4-8 doses/month, Bad= missed 9 doses/month)",
							"type": "obs",
							"id": "adherenceMeasurement",
							"questionOptions": {
								"concept": "164075AAAAAAAAAAAAAAAAAAAAAAAAAAAAAA",
								"rendering": "radio",
								"answers": [
									{
										"concept": "159406AAAAAAAAAAAAAAAAAAAAAAAAAAAAAA",
										"label": "Fair"
									},
									{
										"concept": "159405AAAAAAAAAAAAAAAAAAAAAAAAAAAAAA",
										"label": "Good"
									},
									{
										"concept": "159407AAAAAAAAAAAAAAAAAAAAAAAAAAAAAA",
										"label": "Poor"
									}
								]
							}
						},
						{
							"label": "Action Taken",
							"type": "obs",
							"id": "action-taken",
							"questionOptions": {
								"concept": "160632AAAAAAAAAAAAAAAAAAAAAAAAAAAAAA",
								"rendering": "textarea"
							}
						}
					]
				}
			]
		}
	],
	"processor": "EncounterFormProcessor",
	"referencedForms": []
}