{
    "name": "Triage",
    "description": "Triage",
    "version": "1",
    "published": true,
    "uuid": "37f6bd8d-586a-4169-95fa-5781f987fe62",
    "retired": false,
    "encounter": "Triage",
    "pages": [
      {
        "label": "Triage",
        "sections": [
          {
            "label": "Visit Details",
            "isExpanded": "true",
            "questions": [
              {
                "label": "Date:",
                "type": "encounterDatetime",
                "questionOptions": {
                  "rendering": "ui-select-extended"
                },
                "id": "encDate",
                "validators": [
                  {
                    "type": "date",
                    "allowFutureDates": "false"
                  }
                ]
              },
              {
                "label": "Provider:",
                "type": "encounterProvider",
                "questionOptions": {
                  "rendering": "ui-select-extended"
                },
                "id": "encProvider "
              },
              {
                "label": "Location:",
                "type": "encounterLocation",
                "questionOptions": {
                  "rendering": "ui-select-extended"
                },
                "id": "encLocation"
              }
            ]
          },
          {
            "label": "Reason",
            "isExpanded": "true",
            "questions": [
              {
                "label": "Reason for Visit:",
                "type": "obs",
                "id": "visitReason",
                "questionOptions": {
                  "concept": "160430AAAAAAAAAAAAAAAAAAAAAAAAAAAAAA",
                  "rendering": "textarea"
                }
              }
            ]
          },
          {
            "label": "Vital Signs",
            "isExpanded": "true",
            "questions": [
              {
                "label": "Temperature (C) :",
                "type": "obs",
                "id": "temperature",
                "questionOptions": {
                  "concept": "5088AAAAAAAAAAAAAAAAAAAAAAAAAAAAAAAA",
                  "rendering": "number",
                  "max": "43",
                  "min": "25"
                },
                "alert": {
                  "alertWhenExpression": "myValue && (myValue >= 37.5 || myValue < 35)",
                  "message": "Temperature is out of range (Normal range 35-37)"
                }
              },
              {
                "label": "Pulse Rate",
                "type": "obs",
                "id": "pulseRate",
                "questionOptions": {
                  "concept": "5087AAAAAAAAAAAAAAAAAAAAAAAAAAAAAAAA",
                  "rendering": "number"
                },
                "alert": {
                  "alertWhenExpression": "myValue && (myValue >= 100.5 || myValue < 59.5)",
                  "message": "Pulse Rate is out of range (Normal range 60-100)"
                }
              },
              {
                "label": "Systolic B.P",
                "type": "obs",
                "id": "sysBP",
                "questionOptions": {
                  "concept": "5085AAAAAAAAAAAAAAAAAAAAAAAAAAAAAAAA",
                  "rendering": "number"
                },
                "alert": {
                  "alertWhenExpression": "myValue && (myValue >= 130.5 || myValue < 119.5)",
                  "message": "Systolic is out of range (Normal range 120-130)"
                }
              },
              {
                "label": "Diastolic B.P",
                "type": "obs",
                "id": "diasBP",
                "questionOptions": {
                  "concept": "5086AAAAAAAAAAAAAAAAAAAAAAAAAAAAAAAA",
                  "rendering": "number"
                },
                "alert": {
                  "alertWhenExpression": "myValue && (myValue >= 85.5 || myValue < 79.5)",
                  "message": "Diastolic is out of range (Normal range 80-85)"
                }
              },
              {
                "label": "Respiratory Rate",
                "type": "obs",
                "id": "respRate",
                "questionOptions": {
                  "concept": "5242AAAAAAAAAAAAAAAAAAAAAAAAAAAAAAAA",
                  "rendering": "number"
                },
                "alert": {
                  "alertWhenExpression": "myValue && (myValue >= 16.5 || myValue < 11.5)",
                  "message": "Respiratory Rate is out of range (Normal range 12-16)"
                }
              },
              {
                "label": "Oxygen Saturation",
                "type": "obs",
                "id": "oxygenSat",
                "questionOptions": {
                  "concept": "5092AAAAAAAAAAAAAAAAAAAAAAAAAAAAAAAA",
                  "rendering": "number"
                },
                "alert": {
                  "alertWhenExpression": "myValue && (myValue >= 100.5 || myValue < 94.5)",
                  "message": "Oxygen Saturation is out of range (Normal range 95-100)"
                }
              }
            ]
          },
          {
            "label": "Other Recordings",
            "isExpanded": "true",
            "questions": [
              {
                "label": "Weight(kg):",
                "type": "obs",
                "id": "weight",
                "required": "true",
                "questionOptions": {
                  "concept": "5089AAAAAAAAAAAAAAAAAAAAAAAAAAAAAAAA",
                  "rendering": "number",
                  "max": "250",
                  "min": "0"
                },
                "hide": {
                  "hideWhenExpression": "!(age >= 0 && age <=5)"
                }
              },
              {
                "label": "Weight(kg):",
                "type": "obs",
                "id": "weightForBMI",
                "required": "true",
                "questionOptions": {
                  "concept": "5089AAAAAAAAAAAAAAAAAAAAAAAAAAAAAAAA",
                  "rendering": "number",
                  "max": "250",
                  "min": "0"
                },
                "hide": {
                  "hideWhenExpression": "age <= 5"
                }
              },
              {
                "label": "Height(cm):",
                "type": "obs",
                "required": "true",
                "id": "height",
                "questionOptions": {
                  "concept": "5090AAAAAAAAAAAAAAAAAAAAAAAAAAAAAAAA",
                  "rendering": "number",
                  "max": "272",
                  "min": "10"
                },
                "historicalExpression": "HD.getObject('prevEnc').getValue('5090AAAAAAAAAAAAAAAAAAAAAAAAAAAAAAAA')",
                "hide": {
                  "hideWhenExpression": "!(age >= 0 && age <=5)"
                }
              },
              {
                "label": "Height(cm):",
                "type": "obs",
                "required": "true",
                "id": "heightForBMI",
                "questionOptions": {
                  "concept": "5090AAAAAAAAAAAAAAAAAAAAAAAAAAAAAAAA",
                  "rendering": "number",
                  "max": "272",
                  "min": "10"
                },
                "historicalExpression": "HD.getObject('prevEnc').getValue('5090AAAAAAAAAAAAAAAAAAAAAAAAAAAAAAAA')",
                "hide": {
                  "hideWhenExpression": "age <= 5"
                }
              },
              {
                "label": "BMI (Kg/m2)",
                "type": "obs",
                "id": "bmi",
                "questionOptions": {
                  "rendering": "number",
                  "concept": "1342AAAAAAAAAAAAAAAAAAAAAAAAAAAAAAAA",
                  "max": "100",
                  "min": "0",
                  "calculate": {
                    "calculateExpression": "calcBMI(heightForBMI,weightForBMI)"
                  }
                },
                "hide": {
                  "hideWhenExpression": "age <= 5"
                }
              },
              {
                "label": "Z-Score",
                "type": "obs",
                "id": "zScore",
                "readonly": true,
                "questionOptions": {
                  "rendering": "number",
                  "concept": "162584AAAAAAAAAAAAAAAAAAAAAAAAAAAAAA",
                  "max": "100",
                  "min": "-50",
                  "calculate": {
                    "calculateExpression": "height && weight && fetchData(`/openmrs/ws/rest/v1/kenyaemr/zscore?sex=${sex}&age=${age}&weight=${weight}&height=${height}&type=height_for_age`,'wfl_score')"
                  }
                },
                "hide": {
                  "hideWhenExpression": "!(age >= 0 && age <=5)"
                }
              },
              {
                "label": "Nutritional Status",
                "type": "obs",
                "required": false,
                "id": "nutritionalStatus",
                "questionOptions": {
                  "rendering": "select",
                  "concept": "163515AAAAAAAAAAAAAAAAAAAAAAAAAAAAAA",
                  "calculate": {
                    "calculateExpression": "zScore && calculateZNutritionScore(zScore)"
                  },
                  "conceptMappings": [
                    {
                      "relationship": "NARROWER-THAN",
                      "type": "SNOMED NP",
                      "value": "248358009"
                    },
                    {
                      "relationship": "SAME-AS",
                      "type": "CIEL",
                      "value": "163515"
                    }
                  ],
                  "answers": [
                    {
                      "concept": "1115AAAAAAAAAAAAAAAAAAAAAAAAAAAAAAAA",
                      "label": "Normal (Median)"
                    },
                    {
                      "concept": "164125AAAAAAAAAAAAAAAAAAAAAAAAAAAAAA",
                      "label": "Nutritional wasting "
                    },
                    {
                      "concept": "114413AAAAAAAAAAAAAAAAAAAAAAAAAAAAAA",
                      "label": "Overweight"
                    },
                    {
                      "concept": "164131AAAAAAAAAAAAAAAAAAAAAAAAAAAAAA",
                      "label": "Severe (-3 SD and -4 SD)"
                    },
                    {
                      "concept": "123815AAAAAAAAAAAAAAAAAAAAAAAAAAAAAA",
                      "label": "Moderate (-2 SD)"
                    },
                    {
                      "concept": "123814AAAAAAAAAAAAAAAAAAAAAAAAAAAAAA",
                      "label": "Mild (-1 SD)"
                    }
                  ]
                },
                "validators": [],
                "hide": {
                  "hideWhenExpression": "!(age <=5)"
                }
              },
              {
                "label": "Nutritional Interventions",
                "type": "obs",
                "id": "childNutritionalInterventions",
                "questionOptions": {
                  "concept": "163304AAAAAAAAAAAAAAAAAAAAAAAAAAAAAA",
                  "rendering": "select",
                  "answers": [
                    {
                      "concept": "1380AAAAAAAAAAAAAAAAAAAAAAAAAAAAAAAA",
                      "label": "Nutritional counselling for a Normal Case"
                    },
                    {
                      "concept": "159854AAAAAAAAAAAAAAAAAAAAAAAAAAAAAA",
                      "label": "For a client with MAM(Supplementary Feeding Program)"
                    },
                    {
                      "concept": "161650AAAAAAAAAAAAAAAAAAAAAAAAAAAAAA",
                      "label": "For a client with SAM without complications(Outpatient Therapeutic Program)"
                    },
                    {
                      "concept": "163302AAAAAAAAAAAAAAAAAAAAAAAAAAAAAA",
                      "label": "Inpatient Management for clients with SAM Complications"
                    },
                    {
                      "concept": "983AAAAAAAAAAAAAAAAAAAAAAAAAAAAAAAAA",
                      "label": "Weight Management follow up for clients with Overweight/Obesity"
                    }
                  ]
                },
                "hide": {
                  "hideWhenExpression": "isEmpty(nutritionalStatus) || !(age <=5) || nutritionalStatus === '1115AAAAAAAAAAAAAAAAAAAAAAAAAAAAAAAA'"
                }
              },
              {
                "label": "Nutritional status",
                "type": "obs",
                "id": "adultNutRitionalStatus",
                "questionOptions": {
                  "concept": "167392AAAAAAAAAAAAAAAAAAAAAAAAAAAAAA",
                  "rendering": "select",
                  "calculate": {
                    "calculateExpression": "bmi && (bmi > 30 ? '115115AAAAAAAAAAAAAAAAAAAAAAAAAAAAAA' : bmi > 25 ? '114413AAAAAAAAAAAAAAAAAAAAAAAAAAAAAA' : bmi > 18.5 ? '1115AAAAAAAAAAAAAAAAAAAAAAAAAAAAAAAA' : bmi > 16 ? '163303AAAAAAAAAAAAAAAAAAAAAAAAAAAAAA' : '163302AAAAAAAAAAAAAAAAAAAAAAAAAAAAAA')"
                  },
                  "answers": [
                    {
                      "concept": "1115AAAAAAAAAAAAAAAAAAAAAAAAAAAAAAAA",
                      "label": "Normal"
                    },
                    {
                      "concept": "163303AAAAAAAAAAAAAAAAAAAAAAAAAAAAAA",
                      "label": "Moderate acute malnutrition"
                    },
                    {
                      "concept": "163302AAAAAAAAAAAAAAAAAAAAAAAAAAAAAA",
                      "label": "Severe acute malnutrition"
                    },
                    {
                      "concept": "114413AAAAAAAAAAAAAAAAAAAAAAAAAAAAAA",
                      "label": "Overweight"
                    },
                    {
                      "concept": "115115AAAAAAAAAAAAAAAAAAAAAAAAAAAAAA",
                      "label": "Obese"
                    }
                  ]
                },
                "hide": {
                  "hideWhenExpression": "!(age >5)"
                }
              },
              {
                "label": "Nutritional Interventions",
                "type": "obs",
                "id": "adultNutritionalInterventions",
                "questionOptions": {
                  "concept": "163304AAAAAAAAAAAAAAAAAAAAAAAAAAAAAA",
                  "rendering": "select",
                  "answers": [
                    {
                      "concept": "1380AAAAAAAAAAAAAAAAAAAAAAAAAAAAAAAA",
                      "label": "Nutritional counselling for a Normal Case"
                    },
                    {
                      "concept": "159854AAAAAAAAAAAAAAAAAAAAAAAAAAAAAA",
                      "label": "For a client with MAM(Supplementary Feeding Program)"
                    },
                    {
                      "concept": "161650AAAAAAAAAAAAAAAAAAAAAAAAAAAAAA",
                      "label": "For a client with SAM without complications(Outpatient Therapeutic Program)"
                    },
                    {
                      "concept": "163302AAAAAAAAAAAAAAAAAAAAAAAAAAAAAA",
                      "label": "Inpatient Management for clients with SAM Complications"
                    },
                    {
                      "concept": "983AAAAAAAAAAAAAAAAAAAAAAAAAAAAAAAAA",
                      "label": "Weight Management follow up for clients with Overweight/Obesity"
                    }
                  ]
                },
                "hide": {
                  "hideWhenExpression": "isEmpty(adultNutRitionalStatus) || !(age >5) || adultNutRitionalStatus === '1115AAAAAAAAAAAAAAAAAAAAAAAAAAAAAAAA'"
                }
              },
              {
                "label": "MUAC:",
                "type": "obs",
                "id": "muac",
                "questionOptions": {
                  "concept": "1343AAAAAAAAAAAAAAAAAAAAAAAAAAAAAAAA",
                  "rendering": "number",
                  "max": "250",
                  "min": "0"
                },
                "hide": {
                  "hideWhenExpression": "(age > 5 && sex !== 'F') || (sex === 'F' &&  age > 49)"
                }
              },
              {
                "label": "LMP:",
                "type": "obs",
                "id": "lmpDate",
                "questionOptions": {
                  "concept": "1427AAAAAAAAAAAAAAAAAAAAAAAAAAAAAAAA",
                  "rendering": "date"
                },
                "validators": [
                  {
                    "type": "date",
                    "allowFutureDates": "false"
                  }
                ],
                "hide": {
                  "hideWhenExpression": "sex !== 'F'  ||  sex ==='F' && (age < 10 || age > 49)"
                }
              },
              {
                "label": "Client Vaccinated against HPV?",
                "type": "obs",
                "questionOptions": {
                  "rendering": "radio",
                  "concept": "160325AAAAAAAAAAAAAAAAAAAAAAAAAAAAAA",
                  "conceptMappings": [
                    {
                      "type": "SNOMED NP",
                      "value": "NP: 408436009"
                    },
                    {
                      "type": "CIEL",
                      "value": "160325"
                    }
                  ],
                  "answers": [
                    {
                      "concept": "1065AAAAAAAAAAAAAAAAAAAAAAAAAAAAAAAA",
                      "label": "Yes",
                      "conceptMappings": [
                        {
                          "type": "PIH",
                          "value": "1065"
                        },
                        {
                          "type": "SNOMED CT",
                          "value": "CT: 373066001"
                        },
                        {
                          "type": "PIH Malawi",
                          "value": "Malawi: 1065"
                        },
                        {
                          "type": "CIEL",
                          "value": "1065"
                        },
                        {
                          "type": "AMPATH",
                          "value": "1065"
                        }
                      ]
                    },
                    {
                      "concept": "1066AAAAAAAAAAAAAAAAAAAAAAAAAAAAAAAA",
                      "label": "No",
                      "conceptMappings": [
                        {
                          "type": "PIH",
                          "value": "1066"
                        },
                        {
                          "type": "PIH Malawi",
                          "value": "Malawi: 1066"
                        },
                        {
                          "type": "AMPATH",
                          "value": "1066"
                        },
                        {
                          "type": "CIEL",
                          "value": "1066"
                        },
                        {
                          "type": "SNOMED CT",
                          "value": "CT: 373067005"
                        }
                      ]
                    }
                  ]
                },
                "id": "clientHpvVaccinated",
                "validators": [],
                "hide": {
                  "hideWhenExpression": "sex !== 'F' || sex === 'F' && (age < 10 || age > 15)"
                }
              },
              {
                "label": "Number of doses given",
                "type": "obs",
                "id": "doseGivem",
                "questionOptions": {
                  "concept": "159368AAAAAAAAAAAAAAAAAAAAAAAAAAAAAA",
                  "rendering": "number",
                  "max": "10",
                  "min": "0"
                },
                "hide": {
                  "hideWhenExpression": "clientHpvVaccinated !== '1065AAAAAAAAAAAAAAAAAAAAAAAAAAAAAAAA'"
                }
              },
              {
                "label": "Date Given",
                "type": "obs",
                "id": "vaccineDate",
                "questionOptions": {
                  "concept": "159948AAAAAAAAAAAAAAAAAAAAAAAAAAAAAA",
                  "rendering": "date"
                },
                "hide": {
                  "hideWhenExpression": "clientHpvVaccinated !== '1065AAAAAAAAAAAAAAAAAAAAAAAAAAAAAAAA'"
                },
                "validators": [
                  {
                    "type": "date",
                    "allowFutureDates": "false"
                  }
                ]
              }
            ]
          },
          {
            "label": "Pregnancy Screening",
            "isExpanded": "true",
            "questions": [
              {
                "label": "Pregnancy Screening",
                "type": "obsGroup",
                "id": "pregnancyScreeningGroup",
                "questionOptions": {
                  "concept": "160108AAAAAAAAAAAAAAAAAAAAAAAAAAAAAA",
                  "rendering": "group"
                },
                "questions": [
                  {
                    "label": "Have you abstained from sexual intercourse from your last menstrual period/delivery?",
                    "type": "obs",
                    "questionOptions": {
                      "rendering": "radio",
                      "concept": "160109AAAAAAAAAAAAAAAAAAAAAAAAAAAAAA",
                      "conceptMappings": [
                        {
                          "type": "PIH",
                          "value": "2730"
                        },
                        {
                          "type": "CIEL",
                          "value": "160109"
                        }
                      ],
                      "answers": [
                        {
                          "concept": "1065AAAAAAAAAAAAAAAAAAAAAAAAAAAAAAAA",
                          "label": "Yes",
                          "conceptMappings": [
                            {
                              "type": "PIH",
                              "value": "1065"
                            },
                            {
                              "type": "SNOMED CT",
                              "value": "CT: 373066001"
                            },
                            {
                              "type": "PIH Malawi",
                              "value": "Malawi: 1065"
                            },
                            {
                              "type": "CIEL",
                              "value": "1065"
                            },
                            {
                              "type": "AMPATH",
                              "value": "1065"
                            }
                          ]
                        },
                        {
                          "concept": "1066AAAAAAAAAAAAAAAAAAAAAAAAAAAAAAAA",
                          "label": "No",
                          "conceptMappings": [
                            {
                              "type": "PIH",
                              "value": "1066"
                            },
                            {
                              "type": "PIH Malawi",
                              "value": "Malawi: 1066"
                            },
                            {
                              "type": "AMPATH",
                              "value": "1066"
                            },
                            {
                              "type": "CIEL",
                              "value": "1066"
                            },
                            {
                              "type": "SNOMED CT",
                              "value": "CT: 373067005"
                            }
                          ]
                        }
                      ]
                    },
                    "id": "sexualIntercourseAbstainence",
                    "validators": [],
                    "hide": {
                      "hideWhenExpression": "sex !== 'F' ||sex === 'F' && (age < 10 || age > 49)"
                    }
                  },
                  {
                    "label": "Did your last menstrual period start within the past 7 days",
                    "type": "obs",
                    "questionOptions": {
                      "rendering": "radio",
                      "concept": "162877AAAAAAAAAAAAAAAAAAAAAAAAAAAAAA",
                      "conceptMappings": [
                        {
                          "type": "SNOMED NP",
                          "value": "NP: 276477006"
                        },
                        {
                          "type": "LOINC",
                          "value": "8678-5"
                        },
                        {
                          "type": "CIEL",
                          "value": "160596"
                        }
                      ],
                      "answers": [
                        {
                          "concept": "1065AAAAAAAAAAAAAAAAAAAAAAAAAAAAAAAA",
                          "label": "Yes",
                          "conceptMappings": [
                            {
                              "type": "PIH",
                              "value": "1065"
                            },
                            {
                              "type": "SNOMED CT",
                              "value": "CT: 373066001"
                            },
                            {
                              "type": "PIH Malawi",
                              "value": "Malawi: 1065"
                            },
                            {
                              "type": "CIEL",
                              "value": "1065"
                            },
                            {
                              "type": "AMPATH",
                              "value": "1065"
                            }
                          ]
                        },
                        {
                          "concept": "1066AAAAAAAAAAAAAAAAAAAAAAAAAAAAAAAA",
                          "label": "No",
                          "conceptMappings": [
                            {
                              "type": "PIH",
                              "value": "1066"
                            },
                            {
                              "type": "PIH Malawi",
                              "value": "Malawi: 1066"
                            },
                            {
                              "type": "AMPATH",
                              "value": "1066"
                            },
                            {
                              "type": "CIEL",
                              "value": "1066"
                            },
                            {
                              "type": "SNOMED CT",
                              "value": "CT: 373067005"
                            }
                          ]
                        }
                      ]
                    },
                    "id": "menstrualPeriodStart",
                    "validators": [],
                    "hide": {
                      "hideWhenExpression": "sex !== 'F' || sex === 'F' && (age < 10 || age > 49)"
                    }
                  },
                  {
                    "label": "Are you on FP method",
                    "type": "obs",
                    "questionOptions": {
                      "rendering": "radio",
                      "concept": "160653AAAAAAAAAAAAAAAAAAAAAAAAAAAAAA",
                      "conceptMappings": [
                        {
                          "type": "SNOMED NP",
                          "value": "NP: 423925001"
                        },
                        {
                          "type": "CIEL",
                          "value": "160653"
                        }
                      ],
                      "answers": [
                        {
                          "concept": "1065AAAAAAAAAAAAAAAAAAAAAAAAAAAAAAAA",
                          "label": "Yes",
                          "conceptMappings": [
                            {
                              "type": "PIH",
                              "value": "1065"
                            },
                            {
                              "type": "SNOMED CT",
                              "value": "CT: 373066001"
                            },
                            {
                              "type": "PIH Malawi",
                              "value": "Malawi: 1065"
                            },
                            {
                              "type": "CIEL",
                              "value": "1065"
                            },
                            {
                              "type": "AMPATH",
                              "value": "1065"
                            }
                          ]
                        },
                        {
                          "concept": "1066AAAAAAAAAAAAAAAAAAAAAAAAAAAAAAAA",
                          "label": "No",
                          "conceptMappings": [
                            {
                              "type": "PIH",
                              "value": "1066"
                            },
                            {
                              "type": "PIH Malawi",
                              "value": "Malawi: 1066"
                            },
                            {
                              "type": "AMPATH",
                              "value": "1066"
                            },
                            {
                              "type": "CIEL",
                              "value": "1066"
                            },
                            {
                              "type": "SNOMED CT",
                              "value": "CT: 373067005"
                            }
                          ]
                        }
                      ]
                    },
                    "id": "fpMethod",
                    "validators": [],
                    "hide": {
                      "hideWhenExpression": "sex !== 'F' || sex === 'F' && (age < 10 || age > 49)"
                    }
                  },
                  {
                    "label": "Have you had a miscarriage in the past 7 days",
                    "type": "obs",
                    "questionOptions": {
                      "rendering": "radio",
                      "concept": "48AAAAAAAAAAAAAAAAAAAAAAAAAAAAAAAAAA",
                      "conceptMappings": [
                        {
                          "type": "ICD-10-WHO",
                          "value": "O03.9"
                        },
                        {
                          "type": "AMPATH",
                          "value": "48"
                        },
                        {
                          "type": "CIEL",
                          "value": "48"
                        },
                        {
                          "type": "PIH",
                          "value": "48"
                        },
                        {
                          "type": "SNOMED CT",
                          "value": "CT: 17369002"
                        }
                      ],
                      "answers": [
                        {
                          "concept": "1065AAAAAAAAAAAAAAAAAAAAAAAAAAAAAAAA",
                          "label": "Yes",
                          "conceptMappings": [
                            {
                              "type": "PIH",
                              "value": "1065"
                            },
                            {
                              "type": "SNOMED CT",
                              "value": "CT: 373066001"
                            },
                            {
                              "type": "PIH Malawi",
                              "value": "Malawi: 1065"
                            },
                            {
                              "type": "CIEL",
                              "value": "1065"
                            },
                            {
                              "type": "AMPATH",
                              "value": "1065"
                            }
                          ]
                        },
                        {
                          "concept": "1066AAAAAAAAAAAAAAAAAAAAAAAAAAAAAAAA",
                          "label": "No",
                          "conceptMappings": [
                            {
                              "type": "PIH",
                              "value": "1066"
                            },
                            {
                              "type": "PIH Malawi",
                              "value": "Malawi: 1066"
                            },
                            {
                              "type": "AMPATH",
                              "value": "1066"
                            },
                            {
                              "type": "CIEL",
                              "value": "1066"
                            },
                            {
                              "type": "SNOMED CT",
                              "value": "CT: 373067005"
                            }
                          ]
                        }
                      ]
                    },
                    "id": "miscarriagePast7Days",
                    "validators": [],
                    "hide": {
                      "hideWhenExpression": "sex !== 'F' || sex === 'F' && (age < 10 || age > 49)"
                    }
                  },
                  {
                    "label": "Have you had a baby in the last 4 weeks?",
                    "type": "obs",
                    "questionOptions": {
                      "rendering": "radio",
                      "concept": "1657AAAAAAAAAAAAAAAAAAAAAAAAAAAAAAAA",
                      "conceptMappings": [
                        {
                          "type": "CIEL",
                          "value": "1657"
                        }
                      ],
                      "answers": [
                        {
                          "concept": "1065AAAAAAAAAAAAAAAAAAAAAAAAAAAAAAAA",
                          "label": "Yes",
                          "conceptMappings": [
                            {
                              "type": "PIH",
                              "value": "1065"
                            },
                            {
                              "type": "SNOMED CT",
                              "value": "CT: 373066001"
                            },
                            {
                              "type": "PIH Malawi",
                              "value": "Malawi: 1065"
                            },
                            {
                              "type": "CIEL",
                              "value": "1065"
                            },
                            {
                              "type": "AMPATH",
                              "value": "1065"
                            }
                          ]
                        },
                        {
                          "concept": "1066AAAAAAAAAAAAAAAAAAAAAAAAAAAAAAAA",
                          "label": "No",
                          "conceptMappings": [
                            {
                              "type": "PIH",
                              "value": "1066"
                            },
                            {
                              "type": "PIH Malawi",
                              "value": "Malawi: 1066"
                            },
                            {
                              "type": "AMPATH",
                              "value": "1066"
                            },
                            {
                              "type": "CIEL",
                              "value": "1066"
                            },
                            {
                              "type": "SNOMED CT",
                              "value": "CT: 373067005"
                            }
                          ]
                        }
                      ]
                    },
                    "id": "hadBabyInLast4Weeks",
                    "validators": [],
                    "hide": {
                      "hideWhenExpression": "isEmpty(miscarriagePast7Days) || miscarriagePast7Days !== '1066AAAAAAAAAAAAAAAAAAAAAAAAAAAAAAAA' "
                    }
                  }
                ]
              }
            ],
            "hide": {
              "hideWhenExpression": "sex !== 'F'"
            }
          },
          {
            "label": "Triage Notes",
            "isExpanded": "true",
            "questions": [
              {
                "label": "Did you refer the client for a Pregnancy test? ",
                "type": "obs",
                "questionOptions": {
                  "rendering": "radio",
                  "concept": "1282AAAAAAAAAAAAAAAAAAAAAAAAAAAAAAAA",
                  "conceptMappings": [
                    {
                      "type": "CIEL",
                      "value": "1648"
                    },
                    {
                      "type": "SNOMED CT",
                      "value": "CT: 309018005"
                    }
                  ],
                  "answers": [
                    {
                      "label": "Yes",
                      "concept": "1065AAAAAAAAAAAAAAAAAAAAAAAAAAAAAAAA"
                    },
                    {
                      "label": "No",
                      "concept": "1066AAAAAAAAAAAAAAAAAAAAAAAAAAAAAAAA"
                    }
                  ]
                },
                "id": "referClientforPregnancyTest",
                "validators": [],
                "hide": {
                  "hideWhenExpression": "sex !== 'F' || sex === 'F' && (age < 10 || age > 49)"
                }
              },
              {
                "label": "Triage Notes:",
                "type": "obs",
                "questionOptions": {
                  "rendering": "textarea",
                  "concept": "159395AAAAAAAAAAAAAAAAAAAAAAAAAAAAAA",
                  "conceptMappings": [
                    {
                      "type": "CIEL",
                      "value": "160632"
                    },
                    {
                      "type": "AMPATH",
                      "value": "1915"
                    },
                    {
                      "type": "LOINC",
                      "value": "48767-8"
                    }
                  ]
                },
                "id": "triageNotes"
              }
            ]
          }
        ]
      }
    ],
    "processor": "EncounterFormProcessor",
    "referencedForms": [],
    "encounterType": "d1059fb9-a079-4feb-a749-eedd709ae542"
  }