{
	"name": "Violence Reporting Form",
	"description": "Violence Reporting Form",
	"version": "2.0",
	"published": true,
	"uuid": "10cd2ca0-8d25-4876-b97c-b568a912957e",
	"retired": false,
	"encounter": "KP Violence screening",
	"pages": [
	  {
		"label": "Violence reporting Form",
		"sections": [
		  {
			"label": "Visit Details",
			"isExpanded": "true",
			"questions": [
			  {
				"label": "Date:",
				"type": "encounterDatetime",
				"questionOptions": {
				  "rendering": "ui-select-extended"
				},
				"validators": [
				  {
					"type": "date",
					"allowFutureDates": "false"
				  }
				],
				"id": "encDate"
			  },
			  {
				"label": "Provider:",
				"type": "encounterProvider",
				"questionOptions": {
				  "rendering": "ui-select-extended"
				},
				"id": "encProvider "
			  },
			  {
				"label": "Location:",
				"type": "encounterLocation",
				"questionOptions": {
				  "rendering": "ui-select-extended"
				},
				"id": "encLocation"
			  }
			]
		  },
		  {
			"label": "Violence Reporting Form",
			"isExpanded": "true",
			"questions": [
			  {
				"label": "Place of incident",
				"type": "obs",
				"id": "placeOfIncident",
				"questionOptions": {
				  "concept": "162725AAAAAAAAAAAAAAAAAAAAAAAAAAAAAA",
				  "rendering": "text"
				}
			  },
			  {
				"label": "Date of Incident",
				"type": "obs",
				"questionOptions": {
				  "concept": "160753AAAAAAAAAAAAAAAAAAAAAAAAAAAAAA",
				  "rendering": "date"
				},
				"validators": [
				  {
					"type": "date",
					"allowFutureDates": "false"
				  }
				],
				"id": "incidentDate"
			  },
			  {
				"label": "Time of incident",
				"type": "obs",
				"id": "timeOfIncident",
				"questionOptions": {
				  "concept": "161244AAAAAAAAAAAAAAAAAAAAAAAAAAAAAA",
				  "rendering": "radio",
				  "answers": [
					{
					  "concept": "1571e11a-3b64-4ca1-8470-f6cb06818b8c",
					  "label": "AM"
					},
					{
					  "concept": "10945845-a239-4a58-9680-86d5b0adc874",
					  "label": "PM"
					}
				  ]
				}
			  },
			  {
				"label": "Was the abuse against:",
				"type": "obs",
				"id": "abuseAgainst",
				"questionOptions": {
				  "concept": "822e6e8f-cbbf-443d-83d4-1d040ac793d4",
				  "rendering": "radio",
				  "answers": [
					{
					  "concept": "09b50b80-70f6-45be-bf9f-8b89c96b9272",
					  "label": "Individual"
					},
					{
					  "concept": "d242f0e5-bd5a-4962-8fa9-ec4879ee0399",
					  "label": "Group"
					},
					{
					  "concept": "5622AAAAAAAAAAAAAAAAAAAAAAAAAAAAAAAA",
					  "label": "Others"
					}
				  ]
				}
			  },
			  {
				"label": "The form of incident:",
				"type": "obs",
				"id": "incidenceForm",
				"questionOptions": {
				  "concept": "00ffb8e4-667b-4b6c-9192-c3ea25118ad4",
				  "rendering": "checkbox",
				  "answers": [
					{
					  "concept": "915a7e4e-a2b5-4b39-aa9f-c731817b574c",
					  "label": "Harassment"
					},
					{
					  "concept": "123007AAAAAAAAAAAAAAAAAAAAAAAAAAAAAA",
					  "label": "Verbal Abuse"
					},
					{
					  "concept": "126312AAAAAAAAAAAAAAAAAAAAAAAAAAAAAA",
					  "label": "Discrimination"
					},
					{
					  "concept": "152292AAAAAAAAAAAAAAAAAAAAAAAAAAAAAA",
					  "label": "Assault/physical abuse"
					},
					{
					  "concept": "152370AAAAAAAAAAAAAAAAAAAAAAAAAAAAAA",
					  "label": "Rape/Sexual Assault"
					},
					{
					  "concept": "156761AAAAAAAAAAAAAAAAAAAAAAAAAAAAAA",
					  "label": "Illegal arrest"
					},
					{
					  "concept": "141537AAAAAAAAAAAAAAAAAAAAAAAAAAAAAA",
					  "label": "Economic"
					},
					{
					  "concept": "5622AAAAAAAAAAAAAAAAAAAAAAAAAAAAAAAA",
					  "label": "Other"
					}
				  ]
				}
			  },
			  {
				"label": "Specify:",
				"type": "obs",
				"id": "otherspecifyincidence",
				"questionOptions": {
				  "concept": "160632AAAAAAAAAAAAAAAAAAAAAAAAAAAAAA",
				  "rendering": "text"
				},
				"hide": {
				  "hideWhenExpression": "isEmpty(incidenceForm) || !arrayContains(incidenceForm, '5622AAAAAAAAAAAAAAAAAAAAAAAAAAAAAAAA')"
				}
			  }
			]
		  },
		  {
			"label": "Perpetrator: KP/VP being discriminated / harassed /abused by:",
			"isExpanded": "true",
			"questions": [
			  {
				"label": "Please select all that apply",
				"type": "obs",
				"id": "allPerps",
				"questionOptions": {
				  "rendering": "checkbox",
				  "concept": "f45b2051-0212-48e0-a0ae-b52809c5ba0c",
				  "answers": [
					{
					  "concept": "24f28239-ea23-4235-9bb4-2df10c2e2bc8",
					  "label": "Local Gang"
					},
					{
					  "concept": "70e9dd87-e174-436e-ba43-1855a76efaeb",
					  "label": "Police/Prison Officers"
					},
					{
					  "concept": "690f6993-6ce8-4829-9b70-c0026e06c864",
					  "label": "General Public"
					},
					{
					  "concept": "644504bd-23bc-4f1e-b9a0-d44f81f4148e",
					  "label": "Clients"
					},
					{
					  "concept": "2a2370f9-f327-47ea-b147-6e3c884b4d11",
					  "label": "Local Authority"
					},
					{
					  "concept": "163488AAAAAAAAAAAAAAAAAAAAAAAAAAAAAA",
					  "label": "Community Members"
					},
					{
					  "concept": "8742743d-a74f-41c4-8f54-6010418a755f",
					  "label": "Drug peddler"
					},
					{
					  "concept": "26c409a0-c82b-4e3e-b1fa-594a8ced612c",
					  "label": "Religious Group"
					},
					{
					  "concept": "ed1bc676-6717-4b3d-898e-fd0bbbd98929",
					  "label": "Pimp/Madam"
					},
					{
					  "concept": "d6f17bd8-4f24-4596-94f9-04d1b1e3a2d8",
					  "label": "Bar owners/managers"
					},
					{
					  "concept": "162277AAAAAAAAAAAAAAAAAAAAAAAAAAAAAA",
					  "label": "Inmates"
					},
					{
					  "concept": "1560AAAAAAAAAAAAAAAAAAAAAAAAAAAAAAAA",
					  "label": "Family"
					},
					{
					  "concept": "9e7792d6-ee26-4b4a-9683-24b6714e9a91",
					  "label": "Partner"
					},
					{
					  "concept": "5619AAAAAAAAAAAAAAAAAAAAAAAAAAAAAAAA",
					  "label": "Health Provider"
					},
					{
					  "concept": "69261b30-4651-4d9a-bb94-b58dbe07c9af",
					  "label": "Education institution"
					},
					{
					  "concept": "6a6db9bc-eec6-4b1f-85ca-13c4fa5c193a",
					  "label": "Neighbor"
					},
					{
					  "concept": "361809e3-65f9-428e-82e6-e0da0488d4db",
					  "label": "Employer"
					},
					{
					  "concept": "5622AAAAAAAAAAAAAAAAAAAAAAAAAAAAAAAA",
					  "label": "Other"
					}
				  ]
				}
			  },
			  {
				"label": "Other KP (specify)",
				"type": "obs",
				"id": "otherPerpetratorSpecify",
				"questionOptions": {
				  "concept": "160632AAAAAAAAAAAAAAAAAAAAAAAAAAAAAA",
				  "rendering": "text"
				},
				"hide": {
				  "hideWhenExpression": "isEmpty(allPerps) || !arrayContains(allPerps, '5622AAAAAAAAAAAAAAAAAAAAAAAAAAAAAAAA')"
				}
			  },
			  {
				"label": "Date and time the crisis response team made its first attempt to address the incident through staff:",
				"type": "obs",
				"id": "firstResponseDate",
				"questionOptions": {
				  "concept": "b1251fe7-fc71-48e0-a79c-6b9f608d5d86",
				  "rendering": "date"
				},
				"validators": [
				  {
					"type": "date",
					"allowFutureDates": "false"
				  }
				]
			  },
			  {
				"label": "Time the crisis response team made its first attempt to address the incident through staff",
				"type": "obs",
				"id": "timeCrisisResponse",
				"questionOptions": {
				  "concept": "1732AAAAAAAAAAAAAAAAAAAAAAAAAAAAAAAA",
				  "rendering": "radio",
				  "answers": [
					{
					  "concept": "1571e11a-3b64-4ca1-8470-f6cb06818b8c",
					  "label": "AM"
					},
					{
					  "concept": "10945845-a239-4a58-9680-86d5b0adc874",
					  "label": "PM"
					}
				  ]
				}
			  },
			  {
				"label": "Type Of Post Violence Support Provided",
				"type": "obs",
				"id": "violenceSupport",
				"questionOptions": {
				  "concept": "9ce6af66-5039-49c0-9638-c1095a383933",
				  "rendering": "textarea"
				}
			  }
			]
		  },
		  {
			"label": "Select the applicable post rape services",
			"isExpanded": "true",
			"questions": [
			  {
				"label": "HIV Testing Duration:",
				"type": "obs",
				"id": "hivDuration",
				"questionOptions": {
				  "concept": "159368AAAAAAAAAAAAAAAAAAAAAAAAAAAAAA",
				  "rendering": "number",
				  "min": "0",
				  "max": "50"
				}
			  },
			  {
				"label": "Provided within 5 days?: ",
				"type": "obs",
				"id": "hivTestingServiceProvidedWithin5days",
				"questionOptions": {
				  "concept": "cfeeaadb-3ae5-4fd5-9fad-599a3a405ecf",
				  "rendering": "radio",
				  "answers": [
					{
					  "concept": "1065AAAAAAAAAAAAAAAAAAAAAAAAAAAAAAAA",
					  "label": "Yes"
					},
					{
					  "concept": "1066AAAAAAAAAAAAAAAAAAAAAAAAAAAAAAAA",
					  "label": "No"
					}
				  ]
				}
			  },
			  {
				"label": "Emergency Contraception Duration:",
				"type": "obs",
				"id": "emergencyContraceptionDuration",
				"questionOptions": {
				  "concept": "0fdb2341-7bc3-4921-85dd-0210cc0e3190",
				  "rendering": "number",
				  "min": "0",
				  "max": "50"
				}
			  },
			  {
				"label": "Provided within 5 days?: ",
				"type": "obs",
				"id": "emergencyContraceptionProvidedWithin5days",
				"questionOptions": {
				  "concept": "f0452ba8-96e0-407c-9287-0e4a5cac49c6",
				  "rendering": "radio",
				  "answers": [
					{
					  "concept": "1065AAAAAAAAAAAAAAAAAAAAAAAAAAAAAAAA",
					  "label": "Yes"
					},
					{
					  "concept": "1066AAAAAAAAAAAAAAAAAAAAAAAAAAAAAAAA",
					  "label": "No"
					}
				  ]
				}
			  },
			  {
				"label": "Complaint registration at police station/Prison duty office (provide OB number) Duration:",
				"type": "obs",
				"id": "complaintRegistrationDuration",
				"questionOptions": {
				  "concept": "162725AAAAAAAAAAAAAAAAAAAAAAAAAAAAAA",
				  "rendering": "text"
				}
			  },
			  {
				"label": "Provided within 5 days?: ",
				"type": "obs",
				"id": "complaintRegistrationWithin5days",
				"questionOptions": {
				  "concept": "c164ae06-1d22-4abb-afdc-4bb96dec4835",
				  "rendering": "radio",
				  "answers": [
					{
					  "concept": "1065AAAAAAAAAAAAAAAAAAAAAAAAAAAAAAAA",
					  "label": "Yes"
					},
					{
					  "concept": "1066AAAAAAAAAAAAAAAAAAAAAAAAAAAAAAAA",
					  "label": "No"
					}
				  ]
				}
			  },
			  {
				"label": "Psychosocial / Trauma Counselling Duration:",
				"type": "obs",
				"id": "psychosocialTraumaCounsellingDurationA",
				"questionOptions": {
				  "concept": "7ff0c5c0-2cf6-40b1-8e0b-5d685780c417",
				  "rendering": "number",
				  "min": "0",
				  "max": "50"
				}
			  },
			  {
				"label": "Provided within 5 days?: ",
				"type": "obs",
				"id": "psychosocialTraumaProvidedWithin5days",
				"questionOptions": {
				  "concept": "e62fab83-1500-4f1f-bdc4-9a584ffe75cd",
				  "rendering": "radio",
				  "answers": [
					{
					  "concept": "1065AAAAAAAAAAAAAAAAAAAAAAAAAAAAAAAA",
					  "label": "Yes"
					},
					{
					  "concept": "1066AAAAAAAAAAAAAAAAAAAAAAAAAAAAAAAA",
					  "label": "No"
					}
				  ]
				}
			  },
			  {
				"label": "PEP Provided Duration:",
				"type": "obs",
				"id": "pepProvidedDuration",
				"questionOptions": {
				  "concept": "d85918e3-11ba-43df-986e-2107d7e6b500",
				  "rendering": "number",
				  "min": "0",
				  "max": "50"
				}
			  },
			  {
				"label": "Provided within 5 days?: ",
				"type": "obs",
				"id": "pepProvidedWithin5days",
				"questionOptions": {
				  "concept": "d3f845d4-3a6a-447e-9c68-89a32830071d",
				  "rendering": "radio",
				  "answers": [
					{
					  "concept": "1065AAAAAAAAAAAAAAAAAAAAAAAAAAAAAAAA",
					  "label": "Yes"
					},
					{
					  "concept": "1066AAAAAAAAAAAAAAAAAAAAAAAAAAAAAAAA",
					  "label": "No"
					}
				  ]
				}
			  },
			  {
				"label": "STI Screening and Treatment Done:",
				"type": "obs",
				"id": "stiScreeningAndTreatmentDuration",
				"questionOptions": {
				  "concept": "d06d16a2-7d2e-4a9e-b72c-f7ff7ece1d9a",
				  "rendering": "number",
				  "min": "0",
				  "max": "50"
				}
			  },
			  {
				"label": "Provided within 5 days?: ",
				"type": "obs",
				"id": "stiScreeningAndTreatmentProvidedWithin5days",
				"questionOptions": {
				  "concept": "c3be6786-aa26-4f43-8a7a-6d86ce6cb0a2",
				  "rendering": "radio",
				  "answers": [
					{
					  "concept": "1065AAAAAAAAAAAAAAAAAAAAAAAAAAAAAAAA",
					  "label": "Yes"
					},
					{
					  "concept": "1066AAAAAAAAAAAAAAAAAAAAAAAAAAAAAAAA",
					  "label": "No"
					}
				  ]
				}
			  },
			  {
				"label": "Legal Support Duration:",
				"type": "obs",
				"id": "legalSupportDutionA",
				"questionOptions": {
				  "concept": "fe1bfe8f-90a5-4fd4-8bca-060647eac31d",
				  "rendering": "number",
				  "min": "0",
				  "max": "50"
				}
			  },
			  {
				"label": "Provided within 5 days?: ",
				"type": "obs",
				"id": "legalSupportProvided5days",
				"questionOptions": {
				  "concept": "77f56e54-775b-4aca-b547-409cea07a2d0",
				  "rendering": "radio",
				  "answers": [
					{
					  "concept": "1065AAAAAAAAAAAAAAAAAAAAAAAAAAAAAAAA",
					  "label": "Yes"
					},
					{
					  "concept": "1066AAAAAAAAAAAAAAAAAAAAAAAAAAAAAAAA",
					  "label": "No"
					}
				  ]
				}
			  },
			  {
				"label": "Medical Examination Duration:",
				"type": "obs",
				"id": "medicalExaminationDuration",
				"questionOptions": {
				  "concept": "b2a727e7-4fb6-45f7-ad70-bb875143b9b6",
				  "rendering": "number",
				  "min": "0",
				  "max": "50"
				}
			  },
			  {
				"label": "Provided within 5 days?: ",
				"type": "obs",
				"id": "medicalExaminationProviWithin5days",
				"questionOptions": {
				  "concept": "06f943ab-f813-4832-87b4-d2345b709427",
				  "rendering": "radio",
				  "answers": [
					{
					  "concept": "1065AAAAAAAAAAAAAAAAAAAAAAAAAAAAAAAA",
					  "label": "Yes"
					},
					{
					  "concept": "1066AAAAAAAAAAAAAAAAAAAAAAAAAAAAAAAA",
					  "label": "No"
					}
				  ]
				}
			  },
			  {
				"label": "PRC Form File Duration:",
				"type": "obs",
				"id": "prcFormFileDuration",
				"questionOptions": {
				  "concept": "1a2a65a3-b654-4011-a6dc-864dfe1888c3",
				  "rendering": "number",
				  "min": "0",
				  "max": "50"
				}
			  },
			  {
				"label": "Provided within 5 days?: ",
				"type": "obs",
				"id": "prcFormFileProvidedWithin5days",
				"questionOptions": {
				  "concept": "edefbff5-f654-4faa-8b55-7e1e13ee2a7a",
				  "rendering": "radio",
				  "answers": [
					{
					  "concept": "1065AAAAAAAAAAAAAAAAAAAAAAAAAAAAAAAA",
					  "label": "Yes"
					},
					{
					  "concept": "1066AAAAAAAAAAAAAAAAAAAAAAAAAAAAAAAA",
					  "label": "No"
					}
				  ]
				}
			  },
			  {
				"label": "Other services provided: specify: ",
				"type": "obs",
				"id": "otherServicesProvided",
				"questionOptions": {
				  "concept": "163108AAAAAAAAAAAAAAAAAAAAAAAAAAAAAA",
				  "rendering": "textarea"
				}
			  }
			]
		  },
		  {
			"label": "Non Sexual Violence",
			"isExpanded": "true",
			"questions": [
			  {
				"label": "Medical Service and Care Duration:",
				"type": "obs",
				"id": "medicalServicesAndCareDuration",
				"questionOptions": {
				  "concept": "467aec40-aaa1-481a-b4fc-9615ce30df71",
				  "rendering": "number",
				  "min": "0",
				  "max": "50"
				}
			  },
			  {
				"label": "Provided within 5 days?: ",
				"type": "obs",
				"id": "medicalServicesAndCareProvidedWithin5days",
				"questionOptions": {
				  "concept": "c49be2a8-6fce-4d18-ad36-50ee47859620",
				  "rendering": "radio",
				  "answers": [
					{
					  "concept": "1065AAAAAAAAAAAAAAAAAAAAAAAAAAAAAAAA",
					  "label": "Yes"
					},
					{
					  "concept": "1066AAAAAAAAAAAAAAAAAAAAAAAAAAAAAAAA",
					  "label": "No"
					}
				  ]
				}
			  },
			  {
				"label": "Psychosocial / Trauma Counselling Duration:",
				"type": "obs",
				"id": "psychosocialTraumaCounsellingDuration",
				"questionOptions": {
				  "concept": "4d7db115-ad60-4817-8512-65b35c8b8865",
				  "rendering": "number",
				  "min": "0",
				  "max": "50"
				}
			  },
			  {
				"label": "Provided within 5 days?: ",
				"type": "obs",
				"id": "psychosocialTraumaCounsellingProvidedWithin5days",
				"questionOptions": {
				  "concept": "600cf489-4a92-488e-aa71-96beafe634bb",
				  "rendering": "radio",
				  "answers": [
					{
					  "concept": "1065AAAAAAAAAAAAAAAAAAAAAAAAAAAAAAAA",
					  "label": "Yes"
					},
					{
					  "concept": "1066AAAAAAAAAAAAAAAAAAAAAAAAAAAAAAAA",
					  "label": "No"
					}
				  ]
				}
			  },
			  {
				"label": "Complaint registration at police station (provide OB number) Duration:",
				"type": "obs",
				"id": "complaintRegDuration",
				"questionOptions": {
				  "concept": "d1386bb7-84be-45c3-badd-cfa49e69541c",
				  "rendering": "number",
				  "min": "0",
				  "max": "50"
				}
			  },
			  {
				"label": "Provided within 5 days?: ",
				"type": "obs",
				"id": "complaintRegistrationProvidedWithin5days",
				"questionOptions": {
				  "concept": "5219AAAAAAAAAAAAAAAAAAAAAAAAAAAAAAAA",
				  "rendering": "radio",
				  "answers": [
					{
					  "concept": "1065AAAAAAAAAAAAAAAAAAAAAAAAAAAAAAAA",
					  "label": "Yes"
					},
					{
					  "concept": "1066AAAAAAAAAAAAAAAAAAAAAAAAAAAAAAAA",
					  "label": "No"
					}
				  ]
				}
			  },
			  {
				"label": "Legal Support Duration:",
				"type": "obs",
				"id": "legalSupportDuration",
				"questionOptions": {
				  "concept": "4410c051-5018-4fea-be3d-71a46918edc4",
				  "rendering": "number",
				  "min": "0",
				  "max": "50"
				}
			  },
			  {
				"label": "Provided within 5 days?: ",
				"type": "obs",
				"id": "legalSupportProvidedWithin5days",
				"questionOptions": {
				  "concept": "757454a8-fa57-4a25-a2c4-8105b0e248d2",
				  "rendering": "radio",
				  "answers": [
					{
					  "concept": "1065AAAAAAAAAAAAAAAAAAAAAAAAAAAAAAAA",
					  "label": "Yes"
					},
					{
					  "concept": "1066AAAAAAAAAAAAAAAAAAAAAAAAAAAAAAAA",
					  "label": "No"
					}
				  ]
				}
			  },
			  {
				"label": "Where is the person now:",
				"type": "obs",
				"id": "currentLocationOfPerson",
				"questionOptions": {
				  "concept": "6d2cd125-68f1-4e53-a606-29ce877dbbfc",
				  "rendering": "select",
				  "answers": [
					{
					  "concept": "160432AAAAAAAAAAAAAAAAAAAAAAAAAAAAAA",
					  "label": "Dead"
					},
					{
					  "concept": "162277AAAAAAAAAAAAAAAAAAAAAAAAAAAAAA",
					  "label": "Imprisoned"
					},
					{
					  "concept": "1896AAAAAAAAAAAAAAAAAAAAAAAAAAAAAAAA",
					  "label": "Hospitalized"
					},
					{
					  "concept": "1536AAAAAAAAAAAAAAAAAAAAAAAAAAAAAAAA",
					  "label": "At home"
					},
					{
					  "concept": "bd06bd90-8380-49f9-8814-d5d087e9afdd",
					  "label": "Safe space"
					}
				  ]
				}
			  },
			  {
				"label": "Follow up action plan:",
				"type": "obs",
				"id": "followUpPlan",
				"questionOptions": {
				  "concept": "164378AAAAAAAAAAAAAAAAAAAAAAAAAAAAAA",
				  "rendering": "textarea"
				}
			  },
			  {
				"label": "Date issue was completely addressed:",
				"type": "obs",
				"questionOptions": {
				  "concept": "31a57579-1947-417e-b127-68f35d87ee64",
				  "rendering": "date"
				},
				"validators": [
				  {
					"type": "date",
					"allowFutureDates": "false"
				  }
				],
				"id": "finalDate"
			  }
			]
		  }
		]
	  }
	],
	"processor": "EncounterFormProcessor",
	"referencedForms": [],
	"encounterType": "7b69daf5-b567-4384-9d29-f020c408d613"
  }