{
  "name": "Voluntary Mat Discontinuation Form",
  "pages": [
    {
      "label": "Mat Discontinuation",
      "sections": [
        {
          "label": "Visit Details",
          "isExpanded": "true",
          "questions": [
            {
              "label": "Date:",
              "type": "encounterDatetime",
              "questionOptions": {
                "rendering": "ui-select-extended"
              },
              "id": "encDate"
            },
            {
              "label": "Provider:",
              "type": "encounterProvider",
              "questionOptions": {
                "rendering": "ui-select-extended"
              },
              "id": "encProvider "
            },
            {
              "label": "Location:",
              "type": "encounterLocation",
              "questionOptions": {
                "rendering": "ui-select-extended"
              },
              "id": "encLocation"
            }
          ]
        },
        {
          "label": "Mat Discontinuation",
          "isExpanded": "true",
          "questions": [
            {
              "label": "I wish to request for:",
              "type": "obs",
              "id": "wishRequestFor",
              "questionOptions": {
                "concept": "164089AAAAAAAAAAAAAAAAAAAAAAAAAAAAAAAA",
                "rendering": "select",
                "answers": [
                  {
                    "concept": "1455AAAAAAAAAAAAAAAAAAAAAAAAAAAAAA",
                    "label": "Abrupt cessation"
                  },
                  {
                    "concept": "167531AAAAAAAAAAAAAAAAAAAAAAAAAAAAAA",
                    "label": "Accelerated taper"
                  },
                  {
                    "concept": "167532AAAAAAAAAAAAAAAAAAAAAAAAAAAAAA",
                    "label": "Gradual taper(of my methadone dose)"
                  }
                ]
              }
            },
            {
              "label": "Reason for discontinuation",
              "type": "obs",
              "id": "reasonForDiscontinuation",
              "questionOptions": {
                "concept": "161555AAAAAAAAAAAAAAAAAAAAAAAAAAAAAA",
                "rendering": "text"
              }
            },
            {
              "label": "I understand that upon completion of the dose taper, any request to join the MAT program will be treated as a re-induction and hence will follow the laid down procedures",
              "type": "obs",
              "id": "understandCompletionOfTheDoseTaper",
              "questionOptions": {
                "concept": "141745AAAAAAAAAAAAAAAAAAAAAAAAAAAAAAAA",
                "rendering": "radio",
                "answers": [
                  {
                    "concept": "1065AAAAAAAAAAAAAAAAAAAAAAAAAAAAAAAA",
                    "label": "Yes"
                  },
                  {
                    "concept": "1066AAAAAAAAAAAAAAAAAAAAAAAAAAAAAAAA",
                    "label": "No"
                  }
                ]
              }
            },
            {
              "label": "Name of Counselor:",
              "type": "obs",
              "id": "nameCounselor",
              "questionOptions": {
                "concept": "1473AAAAAAAAAAAAAAAAAAAAAAAAAAAAAA",
                "rendering": "text"
              }
            },
            {
              "label": "Name of Clinician:",
              "type": "obs",
              "id": "nameClinician",
              "questionOptions": {
                "concept": "1473AAAAAAAAAAAAAAAAAAAAAAAAAAAAAA",
                "rendering": "text"
              }
            }
          ]
        }
      ]
    }
  ],
  "processor": "EncounterFormProcessor",
  "referencedForms": [],
  "uuid": "b7bb562d-132c-437d-92f2-bfe00f8c0ffd",
  "version": "1",
  "description": "A form used to discontinue MAT therapy voluntarily",
  "encounterType": "465a92f2-baf8-42e9-9612-53064be868e8"
}