{
  "uuid": "49f3686d-b83c-4263-a5a1-89040f643a78",
  "form": "In-Patient Admission Form",
  "description": "EN Translations for 'In-Patient Admission Form'",
  "language": "en",
  "translations": {
    "Encounter Details": "Encounter Details",
    "Date:": "Date:",
    "Provider:": "Provider:",
    "Location:": "Location:",
    "Admission Details": "Admission Details",
    "Admission Date": "Admission Date",
    "Date of Admission": "Date of Admission",
    "Ward Request": "Ward Request",
    "Admission Information": "Admission Information",
    "Major Complaint/Diagnosis": "Major Complaint/Diagnosis",
    "Primary Doctor": "Primary Doctor",
    "Primary Doctor Phone No": "Primary Doctor Phone No",
    "Emergency Doctor": "Emergency Doctor",
    "Emergency Doctor Phone No": "Emergency Doctor Phone No",
    "Payment Mode": "Payment Mode",
    "Cash": "Cash",
    "MPESA": "MPESA",
    "Insurance": "Insurance",
    "If insurance": "If insurance",
    "SHA": "SHA",
    "Policy Holder": "Policy Holder",
    "KENYA ALLIANCE": "KENYA ALLIANCE",
    "MADISON": "MADISON",
    "BRITAM": "BRITAM",
    "CIC": "CIC",
    "PACIS": "PACIS",
    "AAR": "AAR",
    "GA": "GA",
    "APA": "APA",
    "JUBILEE": "JUBILEE",
    "AKL": "AKL",
    "EQUITY": "EQUITY",
    "LIASON": "LIASON",
    "DEFMIS": "DEFMIS",
    "FIRST ASSURANCE": "FIRST ASSURANCE",
    "SECCO AFIA": "SECCO AFIA",
    "OTHER": "OTHER",
    "Specify": "Specify",
    "Ward Details": "Ward Details",
    "Admit to location": "Admit to location",
    "Bed Type": "Bed Type",
    "ICU": "ICU",
    "Standard": "Standard",
    "Private": "Private",
    "Cot Type": "Cot Type",
    "Bed name": "Bed name",
    "NCRH-0012": "NCRH-0012",
    "NCRH-0013": "NCRH-0013",
    "NCRH-0014": "NCRH-0014",
    "Cot name": "Cot name",
    "COT-0012": "COT-0012",
    "COT-0013": "COT-0013",
    "COT-0014": "COT-0014"
  }
}