{
  "uuid": "49f3686d-b83c-4263-a5a1-89040f643a78",
  "form": "In-Patient Admission Form",
  "description": "Amharic Translations for 'In-Patient Admission Form'",
  "language": "am",
  "translations": {
    "Encounter Details": "የግኝት ዝርዝሮች",
    "Date:": "ቀን:",
    "Provider:": "አቅራቢ:",
    "Location:": "ቦታ:",
    "Admission Details": "የመግቢያ ዝርዝሮች",
    "Admission Date": "የመግቢያ ቀን",
    "Date of Admission": "የመግቢያ ቀን",
    "Ward Request": "የዎርድ ጥያቄ",
    "Admission Information": "የመግቢያ መረጃ",
    "Major Complaint/Diagnosis": "ዋና ቅሬታ/ምርመራ",
    "Primary Doctor": "ዋና ሀኪም",
    "Primary Doctor Phone No": "የዋና ሀኪም ስልክ ቁጥር",
    "Emergency Doctor": "የድንገተኛ ሀኪም",
    "Emergency Doctor Phone No": "የድንገተኛ ሀኪም ስልክ ቁጥር",
    "Payment Mode": "የክፍያ ዘዴ",
    "Cash": "ጥሬ ገንዘብ",
    "MPESA": "ኤምፔሳ",
    "Insurance": "ኢንሹራንስ",
    "If insurance": "ኢንሹራንስ ከሆነ",
    "SHA": "ኤስኤችኤ",
    "Policy Holder": "የፖሊሲ ያዥ",
    "KENYA ALLIANCE": "ኬንያ አሊያንስ",
    "MADISON": "ማዲሰን",
    "BRITAM": "ብሪታም",
    "CIC": "ሲአይሲ",
    "PACIS": "ፓሲስ",
    "AAR": "ኤኤአር",
    "GA": "ጂኤ",
    "APA": "ኤፒኤ",
    "JUBILEE": "ጁቢሊ",
    "AKL": "ኤኬኤል",
    "EQUITY": "ኢኩዊቲ",
    "LIASON": "ልያሰን",
    "DEFMIS": "ዴፍሚስ",
    "FIRST ASSURANCE": "ፈርስት አሹራንስ",
    "SECCO AFIA": "ሰኮ አፊያ",
    "OTHER": "ሌላ",
    "Specify": "ይግለጹ",
    "Ward Details": "የዎርድ ዝርዝሮች",
    "Admit to location": "ወደ ቦታ አስገባ",
    "Bed Type": "የአልጋ አይነት",
    "ICU": "አይሲዩ",
    "Standard": "መደበኛ",
    "Private": "ግልጽ",
    "Cot Type": "የህፃን አልጋ አይነት",
    "Bed name": "የአልጋ ስም",
    "NCRH-0012": "NCRH-0012",
    "NCRH-0013": "NCRH-0013",
    "NCRH-0014": "NCRH-0014",
    "Cot name": "የህፃን አልጋ ስም",
    "COT-0012": "COT-0012",
    "COT-0013": "COT-0013",
    "COT-0014": "COT-0014"
  }
}
