{
    "uuid": "37f6bd8d-586a-4169-95fa-5781f987fe62",
    "form": "Triage",
    "description": "Amharic Translations for 'Triage'",
    "language": "am",
    "translations": {
      "Triage": "ትሪያጅ",
      "Visit Details": "የጉብኝት ዝርዝሮች",
      "Date:": "ቀን:",
      "Provider:": "አቅራቢ:",
      "Location:": "ቦታ:",
      "Complaints and History of complaints": "ቅሬታዎች እና የቅሬታዎች ታሪክ",
      "Patient having complaint(s) today?": "ታካሚው ዛሬ ቅሬታ(ዎች) አለው?",
      "Yes": "አዎ",
      "No": "አይ",
      "Presenting complaints": "የቀረቡ ቅሬታዎች",
      "Complaint": "ቅሬታ",
      "Abdominal pain": "የሆድ ህመም",
      "Abnormal Uterine Bleeding": "ያልተለመደ የማህፀን ደም መፍሰስ",
      "Acute focal neurology": "አጣዳፊ የአካባቢ ነርቭ ህመም",
      "Aggression": "ጥቃት",
      "Angioedema": "አንጂዮኤድማ",
      "Anxiety": "ጭንቀት",
      "Apnea": "አፕኒያ",
      "Back pain": "የጀርባ ህመም",
      "Bloody Urine": "ደም ያለበት ሽንት",
      "Blood in stool": "ደም ያለበት ሰገራ",
      "Burn": "ቃጠሎ",
      "Burn over 20%": "ከ20% በላይ ቃጠሎ",
      "Breast Pain": "የጡት ህመም",
      "Cachexia": "ካኬክሲያ",
      "Cardiac Arrest": "የልብ ድካም",
      "Central Cyanosis": "ማዕከላዊ ሳይያኖሲስ",
      "Chest Pain": "የደረት ህመም",
      "Chemical Burn": "የኬሚካል ቃጠሎ",
      "Circumferential Burn": "ክብ ቅርጽ ያለው ቃጠሎ",
      "Cold and Chills": "ብርድና ቅዝቃዜ",
      "Confusion": "ግራ መጋባት",
      "Cough": "ሳል",
      "Coughing blood(Hemoptysis)": "ደም ማሳል (ሄሞፕቲሲስ)",
      "Convulsions": "መንቀጥቀጥ",
      "Coma": "ኮማ",
      "Compound Fracture": "የተወሳሰበ ስብራት",
      "Closed fracture": "የተዘጋ ስብራት",
      "Cold Hands/Extremities": "ቀዝቃዛ እጆች/እግሮች",
      "Colic": "ኮሊክ",
      "Coryza": "ኮርዛ",
      "Crying Infant": "የሚያለቅስ ጨቅላ",
      "Delirium": "ዴሊሪየም",
      "Depression": "ድብርት",
      "Diarrhoea": "ተቅማጥ",
      "Difficult in breathing": "የመተንፈስ ችግር",
      "Difficulty in swallowing": "የመዋጥ ችግር",
      "Discharge from Penis": "ከብልት የሚወጣ ፈሳሽ",
      "Dizziness": "ማዞር",
      "Dry crying": "ደረቅ ማልቀስ",
      "Dry mouth": "ደረቅ አፍ",
      "Ear Pain": "የጆሮ ህመም",
      "Epigastric Pain": "ኤፒጋስትሪክ ህመም",
      "Electrical Burn": "የኤሌክትሪክ ቃጠሎ",
      "Eye Injury": "የዓይን ጉዳት",
      "Eye Pain": "የዓይን ህመም",
      "Excessive Sweating": "ከመጠን በላይ ላብ",
      "Facial Pain": "የፊት ህመም",
      "Fatigue/weakness": "ድካም/ድክመት",
      "Flank Pain": "የጎን ህመም",
      "Fever": "ትኩሳት",
      " General Body Malaise": "አጠቃላይ የሰውነት ምቾት ማጣት",
      "Genital Ulcer": "የብልት ቁስለት",
      "Headache": "ራስ ምታት",
      "Hearing Loss": "የመስማት ችግር",
      "Hemostasis": "ሄሞስታሲስ",
      "Hypotension": "ሃይፖቴንሽን",
      "Hypoglycemia": "ሃይፖግላይኬሚያ",
      "Hyperglycaemia": "ሃይፐርግላይኬሚያ",
      "Hypersomnia": "ሃይፐርሶምኒያ",
      "Hyperemesis": "ሃይፐርሜሲስ",
      "Itchiness/Pruritus": "ማሳከክ/ፕሩሪተስ",
      "Joint Pain": "የመገጣጠሚያ ህመም",
      "Leg Pain": "የእግር ህመም",
      "Lethargy": "ለዘርጂ",
      "Loss of Appetite": "የምግብ ፍላጎት ማጣት",
      "Loss of skin turgor": "የቆዳ ጥንካሬ ማጣት",
      "Luxation": "ሉክሴሽን",
      "Lymphadenopathy": "ሊምፋዴኖፓቲ",
      "Memory Loss": "የማስታወስ ችሎታ ማጣት",
      "Moderate pain": "መካከለኛ ህመም",
      "Mouth Ulceration": "የአፍ ቁስለት",
      "Mouth Pain": "የአፍ ህመም",
      "Muscle cramps": "የጡንቻ መኮማተር",
      "Muscle Pain": "የጡንቻ ህመም",
      "Mylagia": "ማይልጂያ",
      "Nausea": "ማቅለሽለሽ",
      "Neck Stiffness": "የአንገት ጥንካሬ",
      "Neck Pain": "የአንገት ህመም",
      "Night sweats": "የሌሊት ላብ",
      "Numbness": "መደንዘዝ",
      "Obstructed airway": "የተዘጋ የመተንፈሻ ቱቦ",
      "Pain when Swallowing": "ሲውጡ ህመም",
      "Pelvic Pain": "የዳሌ ህመም",
      "Pitting Edema": "የቆዳ እብጠት",
      "Poor Vision": "ደካማ እይታ",
      "Purpuric rash": "ፐርፑሪክ ሽፍታ",
      "Rash": "ሽፍታ",
      "Red Eye/ Conjuctivitis": "ቀይ አይን/ኮንጁንክቲቪተስ",
      "Refusal to feed": "ለመመገብ ፈቃደኛ አለመሆን",
      "Restless /Irritable": "እረፍት የሌለው/የተበሳጨ",
      "Running/Blocked nose": "የሚፈስ/የተዘጋ አፍንጫ",
      "Scrotal Pain": "የቁርጥማት ህመም",
      "Seizure": "የሚጥል በሽታ",
      "Severe pain": "ከፍተኛ ህመም",
      "Shoulder Pain": "የትከሻ ህመም",
      "Shock": "ድንጋጤ",
      "Shortness of breath": "የትንፋሽ እጥረት",
      "Sore Throat": "የጉሮሮ መቁሰል",
      "Sleep Disturbance": "የእንቅልፍ መዛባት",
      "Skin lesions": "የቆዳ ቁስሎች",
      "Stabbed Neck": "የተወጋ አንገት",
      "Stroke": "ስትሮክ",
      "Sunken eyes": "የሰመጡ አይኖች",
      "Swollen Legs": "ያበጡ እግሮች",
      "Tachycardia": "ታኪካርዲያ",
      "Threatened limb": "የተጎዳ እጅና እግር",
      "Thirsty": "ጥማት",
      "Tremors": "የእጅ መንቀጥቀጥ",
      "Unable to drink/feed": "መጠጣት/መመገብ አለመቻል",
      "Unexplained acute rash": "ያልተገለጸ አጣዳፊ ሽፍታ",
      "Unexplained bleeding": "ያልተገለጸ ደም መፍሰስ",
      "Urinary Symptoms": "የሽንት ምልክቶች",
      "Watery Diarrhoea": "ውሃማ ተቅማጥ",
      "Weakness of Limbs": "የእጅና እግሮች ድክመት",
      "Weight Loss": "ክብደት መቀነስ",
      "Vaginal Bleeding": "የሴት ብልት ደም መፍሰስ",
      "Vaginal Discharge": "የሴት ብልት ፈሳሽ",
      "Vomiting": "ማስመለስ",
      "Vomiting Everything": "ሁሉንም ነገር ማስመለስ",
      "Vomiting fresh blood(Haematemesis)": "ትኩስ ደም ማስመለስ (ሄማቴሜሲስ)",
      "Vertigo": "ማዞር",
      "Other": "ሌላ",
      "Specify other complaints": "ሌሎች ቅሬታዎችን ይግለጹ",
      "Patient had contact with TB Infected person in the last 12 months?": "ታካሚው ባለፉት 12 ወራት ውስጥ ከቲቢ በሽተኛ ጋር ግንኙነት ነበረው?",
      "Number of motions per day": "በቀን የምጥ እንቅስቃሴዎች ብዛት",
      "Duration (Days)": "ቆይታ (ቀናት)",
      "Onset Status": "የመጀመርያ ሁኔታ",
      "Gradual": "ቀስ በቀስ",
      "Sudden": "በድንገት",
      "Physical Assessment": "አካላዊ ግምገማ",
      "Patient mobility assessment?": "የታካሚ እንቅስቃሴ ግምገማ?",
      "Walking": "መራመድ",
      "With Help": "በእርዳታ",
      "Stretcher/Immobile": "ጋሪ/መንቀሳቀስ የማይችል",
      "Normal for age": "ለዕድሜው የተለመደ",
      "Unable to walk as normal": "በተለምዶ መራመድ የማይችል",
      "Any injury to the patient within the past 48 hours?": "ባለፉት 48 ሰዓታት ውስጥ ታካሚው ላይ ጉዳት ደርሶበታል?",
      "Patient level of consciousness(AVPU)": "የታካሚ የንቃተ ህሊና ደረጃ (AVPU)",
      "Alert": "ንቁ",
      "Reacts to Voice": "ለድምፅ ምላሽ ይሰጣል",
      "Reacts to Pain": "ለህመም ምላሽ ይሰጣል",
      "Confused": "ግራ የተጋባ",
      "Unresponsive": "ምላሽ የማይሰጥ",
      "Vital Signs": "አስፈላጊ ምልክቶች",
      "Temperature (C) :": "የሙቀት መጠን (ሴ) :",
      "Mode of Collection?": "የመሰብሰቢያ ዘዴ?",
      "Axiliary": "ብብት",
      "Forehead thermometer gun": "የግንባር ቴርሞሜትር ሽጉጥ",
      "Oral": "አፍ",
      "Pulse Rate": "የልብ ምት",
      "Systolic B.P": "ሲስቶሊክ ቢ.ፒ",
      "Diastolic B.P": "ዳያስቶሊክ ቢ.ፒ",
      "Respiratory Rate": "የመተንፈስ ፍጥነት",
      "Oxygen Saturation": "የኦክስጅን ሙሌት",
      "Room air": "የክፍል አየር",
      "On supplemental oxygen": "በተጨማሪ ኦክስጅን ላይ",
      "Other Recordings": "ሌሎች መዝገቦች",
      "Weight(kg):": "ክብደት(ኪግ):",
      "Height(cm):": "ቁመት(ሴሜ):",
      "BMI (Kg/m2)": "BMI (ኪግ/ሜ2)",
      "Z-Score": "Z-ውጤት",
      "Nutritional Status": "የአመጋገብ ሁኔታ",
      "Normal (Median)": "የተለመደ (መካከለኛ)",
      "Nutritional wasting ": "የአመጋገብ ብክነት",
      "Overweight": "ክብደት የጨመረ",
      "Severe (-3 SD and -4 SD)": "ከባድ (-3 ኤስዲ እና -4 ኤስዲ)",
      "Moderate (-2 SD)": "መካከለኛ (-2 ኤስዲ)",
      "Mild (-1 SD)": "ቀላል (-1 ኤስዲ)",
      "Nutritional status": "የአመጋገብ ሁኔታ",
      "Normal": "የተለመደ",
      "Moderate acute malnutrition": "መካከለኛ አጣዳፊ የተመጣጠነ ምግብ እጥረት",
      "Severe acute malnutrition": "ከባድ አጣዳፊ የተመጣጠነ ምግብ እጥረት",
      "Obese": "ወፍራም",
      "MUAC:": "MUAC:",
      "LMP:": "የመጨረሻ የወር አበባ ጊዜ:",
      "Client Vaccinated against HPV?": "ደንበኛው በHPV ክትባት ተደርጎለታል?",
      "Number of doses given": "የተሰጡ የመድሃኒት መጠኖች ብዛት",
      "Date Given": "የተሰጠበት ቀን",
      "Pregnancy Screening": "የእርግዝና ምርመራ",
      "Have you abstained from sexual intercourse from your last menstrual period/delivery?": "ከመጨረሻው የወር አበባዎ/ወሊድዎ በኋላ ከግብረ ሥጋ ግንኙነት ተቆጥበዋል?",
      "Did your last menstrual period start within the past 7 days": "የመጨረሻው የወር አበባዎ ባለፉት 7 ቀናት ውስጥ ተጀምሯል?",
      "Are you on FP method": "በቤተሰብ ምጣኔ ዘዴ ላይ ነዎት?",
      "Have you had a miscarriage in the past 7 days": "ባለፉት 7 ቀናት ውስጥ የፅንስ መጨንገፍ አጋጥሞዎታል?",
      "Have you had a baby in the last 4 weeks?": "ባለፉት 4 ሳምንታት ውስጥ ህፃን ወልደዋል?",
      "Triage Notes": "የትሪያጅ ማስታወሻዎች",
      "Did you refer the client for a Pregnancy test? ": "ደንበኛውን ለእርግዝና ምርመራ ልከዋል?",
      "Triage Notes:": "የትሪያጅ ማስታወሻዎች:"
    }
  }