<addressConfiguration>
    <addressComponents>
         <addressComponent>
            <field>COUNTY_DISTRICT</field>
            <nameMapping>County</nameMapping>
            <sizeMapping>40</sizeMapping>
            <elementDefault>addresshierarchy.kenya</elementDefault>
            <requiredInHierarchy>true</requiredInHierarchy>
        </addressComponent>
        <addressComponent>
            <field>STATE_PROVINCE</field>
            <nameMapping>Sub County</nameMapping>
            <sizeMapping>40</sizeMapping>
            <requiredInHierarchy>true</requiredInHierarchy>
        </addressComponent>
         <addressComponent>
            <field>ADDRESS_4</field>
            <nameMapping>Ward</nameMapping>
            <sizeMapping>40</sizeMapping>
            <requiredInHierarchy>true</requiredInHierarchy>
        </addressComponent>
    </addressComponents>
    <lineByLineFormat>
        <string>address4</string>
       <string>countyDistrict, stateProvince</string>
    </lineByLineFormat>
    <addressHierarchyFile>
        <filename>addresshierarchy.csv</filename>
        <entryDelimiter>,</entryDelimiter>
        <identifierDelimiter>^</identifierDelimiter>
    </addressHierarchyFile>
</addressConfiguration>