Uuid,Role name,Description,Inherited roles,Privileges,_order:1000
78e4ae50-5de3-40da-983a-87a6b10e4a3e,o3: Adherence counsellor,Works in a health facility to help patients adhere to their HIV/AIDS treatment,API Privileges;API Privileges (View and Edit),o3: View Appointments Dashboard;o3: View Patient Chart Appointments;o3: View Case Management Dashboard;o3: Search Patient;o3: View Patient Banner;o3: View Patient Chart Summary;o3: View Visits Dashboard;o3: View Patient Chart Forms Dashboard;o3: View Test Results Dashboard;o3: View Patient Chart Vitals & Biometrics Dashboard;o3: View Patient services Dashboard;o3: View Linkage services Dashboard;o3: View Care Panel Dashboard;o3: View Patient Chart Medications Dashboard;o3: Create Attachment;o3: View Attachments;o3: View Attachments Dashboard;o3: CheckIn Patient;o3: CheckOut Patient;o3: CheckIn Patient;o3: CheckOut Patient;o3: View Service Queue Dashboard;o3: View Patient Chart Order Dashboard;o3: View HIV & Care Dashboard;o3: View Patient Chart Clinical Consultation;o3: View Patient Relationships Dashboard;o3: View Patient Clinical View;o3: View Specialized Clinics;o3: View KenyaEMR 2x Home Page;App: kenyaemr.reports,
2d4179a1-307b-408c-90f8-1dfb8480cb7b,o3: Cashier/Accountant,Payment of bills and recording and accounting for receipts and maintenance of records of all transactions,API Privileges;API Privileges (View and Edit),o3: View Accounting Dashboard;o3: View Patient Chart Bill History;o3: View Benefits Package Dashboard;o3: Search Patient;o3: View Service Queue Dashboard;App: stockmanagement.stockItems;App: kenyaemr.reports;o3: View KenyaEMR 2x Home Page,
1e676b98-d7cf-4b52-b854-2e74605c5a31,o3: Dentist,Dentists diagnose and treat problems with patients' teeth gums and related parts of the mouth,API Privileges;API Privileges (View and Edit),o3: View Appointments Dashboard;o3: Create Appointments;o3: Edit Appointments;o3: Delete Appointments;o3: View Patient Chart Appointments;o3: View Benefits Package Dashboard;o3: View Clinical Encounter Dashboard;o3: View Patient Clinical View;o3: View Specialized Clinics;o3: View Patient Chart Flags;o3: Search Patient;o3: View Procedure Order;o3: View Service Queue Dashboard;o3: View Allergies Dashboard;o3: View Patient Banner;o3: Cancel Active Visit;o3: CheckIn Patient;o3: CheckOut Patient;o3: View Patient Chart Summary;o3: View Visits Dashboard;o3: View Patient Chart Conditions Dashboard;o3: View Patient Chart Forms Dashboard;o3: View Test Order Form;o3: View Test Results Dashboard;o3: View Patient Chart Medications Dashboard;o3: View Medication Order Form;o3: View Patient Chart Notes Dashboard;o3: View Patient Chart Order Dashboard;o3: View Patient Chart Orders Basket;o3: Add Vitals & Biometrics;o3: View Patient Chart Vitals & Biometrics Dashboard;o3: View Imaging Order Form;o3: View Facility Dashboard,
ac7a6072-f1c4-481d-a241-917ded195c53,o3: Doctors/Clinicians/Specialists,A clinician/doctor fills clinical encounters creates prescriptions orders medical tests/diagnostic imaging and views results.,API Privileges;API Privileges (View and Edit),o3: View Consultation Dashboard;o3: View Appointments Dashboard;o3: Create Appointments;o3: Edit Appointments;o3: Delete Appointments;o3: View Patient Chart Appointments;o3: View Bed Management In-Patient Home Page Link;o3: View Care Panel Dashboard;o3: View Clinical Encounter Dashboard;o3: View Patient Relationships Dashboard;o3: View HIV & Care Dashboard;o3: View MCH Dashboard;o3: View Patient Chart In-Patient Dashboard;o3: View Patient Clinical View;o3: View Specialized Clinics;o3: View Patient Chart Flags;o3: Search Patient;o3: View Procedure Order;o3: Pick Procedure Order;o3: View Service Queue Dashboard;o3: View Patient Chart Referrals Dashboard;o3: View Referrals Dashboard;o3: View SHR Portal Dashboard;o3: View Allergies Dashboard;o3: Create Attachment;o3: View Attachments;o3: View Attachments Dashboard;o3: View Patient Banner;o3: Cancel Active Visit;o3: CheckIn Patient;o3: CheckOut Patient;o3: Mark Patient As Alive/Dead;o3: View Patient Chart Summary;o3: View Visits Dashboard;o3: View Patient Chart Conditions Dashboard;o3: View Patient Chart Forms Dashboard;o3: View Patient Chart Immunization Dashboard;o3: View Test Order Form;o3: View Test Results Dashboard;o3: View Patient Chart Medications Dashboard;o3: View Medication Order Form;o3: View Patient Chart Notes Dashboard;o3: View Patient Chart Order Dashboard;o3: View Patient Chart Orders Basket;o3: Add Vitals & Biometrics;o3: View Patient Chart Vitals & Biometrics Dashboard;o3: View Imaging Order Form;Manage OrderTemplates;App: stockmanagement.stockItems;o3: View Community Pharmacy Dashboard;o3: View Ward Dashboard;o3: View Diagnostics Dashboard;o3: View Procedure Dashboard;o3: View Patient Chart Clinical Consultation;o3: View Patient services Dashboard;App: kenyaemr.reports;o3: View KenyaEMR 2x Home Page;o3: View Facility Dashboard,
145d2fc0-9cfe-4eb2-bb75-5c77f5fb0f89,o3: Finance Administrator,Oversees the financial activities of a business and is responsible for the accounts of the hospital,API Privileges;API Privileges (View and Edit),o3: View Billing Admin Dashboard;o3: View Accounting Dashboard;o3: Add Billable Services;o3: Create Bill;o3: Delete Bill;o3: Delete Billable Services;o3: Edit Bill;o3: Edit Billable Services;o3: Edit Commodity Prices;o3: Refund Bill;o3: View Bill Management Dashboard;o3: View Bill Payment Dashboard;o3: View Patient Chart Bill History;o3: Waive Bill;o3: View Benefits Package Dashboard;o3: View Service Queue Dashboard;App: stockmanagement.stockItems;o3: View Claims Management Dashboard;App: kenyaemr.reports;o3: View KenyaEMR 2x Home Page;o3: View Facility Dashboard;o3: Search Patient;o3: View Billing Metrics;o3: View Patient Banner,
55f77a94-cda9-4e1e-b868-680e54914f78,o3: Health Record Officer,A Health Record Officer manages electronic records ensures data accuracy retrieves patient records accesses registration reports appointments service queues and care panels and can mark patients as deceased,API Privileges;API Privileges (View and Edit),o3: View Reports Dashboard;o3: View Appointments Dashboard;o3: Create Appointments;o3: Edit Appointments;o3: Delete Appointments;o3: View Patient Chart Appointments;o3: View Bed Management Dashboard;o3: View Care Panel Dashboard;o3: Search Patient;o3: View Service Queue Dashboard;o3: View Patient Banner;o3: Cancel Active Visit;o3: CheckIn Patient;o3: CheckOut Patient;o3: Mark Patient As Alive/Dead;o3: View Patient Chart Summary;o3: View Patient Chart Forms Dashboard;App: hrsreports.reports;App: kenyaemr.reports;App: kenyaemr.facilityDashboard;App: facilityreporting.facilityReporting.air;App: kenyaemr.facilities;o3: View KenyaEMR 2x Home Page;o3: View Patient services Dashboard;o3: View Patient Relationships Dashboard;o3: View Facility Dashboard;o3: View Referrals Dashboard,
01a2c578-a591-4c68-9a8b-5d8323ba1c9c,o3: HTS Counsellor,Screen for HIV carry HIV test listing and tracing contacts,API Privileges;API Privileges (View and Edit),o3: View Appointments Dashboard;o3: Create Appointments;o3: Edit Appointments;o3: Delete Appointments;o3: View Patient Chart Appointments;o3: Register Patient;o3: Edit Patient;o3: Search Patient;o3: View Service Queue Dashboard;o3: View Patient Banner;o3: Cancel Active Visit;o3: CheckIn Patient;o3: CheckOut Patient;o3: View Patient Chart Summary;o3: View Visits Dashboard;o3: View Patient Chart Forms Dashboard;o3: View Patient Chart Vitals & Biometrics Dashboard;o3: View Specialized Clinics;o3: View Linkage services Dashboard;o3: View Patient services Dashboard;o3: View Referrals Dashboard;o3: View Patient Chart Case Management Dashboard;o3: View Case Management Dashboard;o3: View Patient Relationships Dashboard;o3: Create Attachment;o3: View Attachments;o3: View Attachments Dashboard;o3: View Care Panel Dashboard;o3: View HIV & Care Dashboard;o3: View Patient Clinical View;o3: View KenyaEMR 2x Home Page;App: kenyaemr.reports,
0343e438-fadb-4bdf-b99d-55272ab0fb15,o3: Laboratory Technician,Collecting samples of blood and other substances. Performing lab tests on samples and analyzing results,API Privileges;API Privileges (View and Edit),o3: View Appointments Dashboard;o3: View Laboratory Dashboard;o3: Create Appointments;o3: Edit Appointments;o3: Delete Appointments;o3: View Patient Chart Appointments;o3: Search Patient;o3: View Service Queue Dashboard;o3: View Laboratory Dashboard;o3: View Patient Banner;o3: Cancel Active Visit;o3: CheckIn Patient;o3: CheckOut Patient;o3: View Patient Chart Summary;o3: View Patient Chart Conditions Dashboard;o3: View Test Order Form;o3: View Test Results Dashboard;o3: View Patient Chart Order Dashboard;o3: View Patient Chart Orders Basket;o3: View Patient Chart Vitals & Biometrics Dashboard;o3: View Lab Manifest;o3: View Patient services Dashboard;o3: View Diagnostics Dashboard;o3: View Attachments Dashboard;o3: View Patient Relationships Dashboard;o3: View Clinical Consultation Dashboard;App: kenyaemr.reports;o3: View Patient Chart Clinical Consultation;o3: View Medical Supply Order Form;o3: View KenyaEMR 2x Home Page,
0f3e331f-5f09-4404-a72a-12443087c228,o3: Nurse,Nurse is a licensed healthcare professional who provides care for the sick or infirm,API Privileges;API Privileges (View and Edit),o3: View Triage Dashboard;o3: View Appointments Dashboard;o3: Create Appointments;o3: Edit Appointments;o3: Delete Appointments;o3: View Patient Chart Appointments;o3: View Bed Management In-Patient Home Page Link;o3: View Care Panel Dashboard;o3: View Clinical Encounter Dashboard;o3: View Family History Dashboard;o3: View HIV & Care Dashboard;o3: View MCH Dashboard;o3: View Patient Chart Case Management Dashboard;o3: View Patient Chart In-Patient Dashboard;o3: View Patient Clinical View;o3: View Specialized Clinics;o3: View Case Management Dashboard;o3: View Patient Chart Flags;o3: Register Patient;o3: Edit Patient;o3: Search Patient;o3: View Procedure Order;o3: Fill Procedure Result Form;o3: Pick Procedure Order;o3: View Procedure Dashboard;o3: View Service Queue Dashboard;o3: View Patient Chart Referrals Dashboard;o3: View Referrals Dashboard;o3: View Allergies Dashboard;o3: Create Attachment;o3: View Attachments;o3: View Attachments Dashboard;o3: View Patient Banner;o3: Cancel Active Visit;o3: CheckIn Patient;o3: CheckOut Patient;o3: View Patient Chart Summary;o3: View Visits Dashboard;o3: View Patient Chart Conditions Dashboard;o3: View Patient Chart Forms Dashboard;o3: View Patient Chart Immunization Dashboard;o3: View Test Order Form;o3: View Test Results Dashboard;o3: View Patient Chart Medications Dashboard;o3: View Medication Order Form;o3: View Patient Chart Notes Dashboard;o3: View Patient Chart Order Dashboard;o3: View Patient Chart Orders Basket;o3: Add Vitals & Biometrics;o3: View Patient Chart Vitals & Biometrics Dashboard;o3: View Imaging Order Form;o3: View Ward Dashboard;o3: View Patient services Dashboard;o3: View Diagnostics Dashboard;o3: View Patient Chart Clinical Consultation;o3: View SHR Portal Dashboard;App: kenyaemr.reports;o3: View Patient Relationships Dashboard;o3: View KenyaEMR 2x Home Page;o3: View Facility Dashboard,
c87a25ef-7296-4988-ab51-569f1dbdf0fb,o3: Nutritionist,Professional who helps people improve their health and well-being by providing science-based nutrition advice and personalized plans,API Privileges;API Privileges (View and Edit),o3: View Appointments Dashboard;o3: Create Appointments;o3: Edit Appointments;o3: Delete Appointments;o3: View Patient Chart Appointments;o3: View Clinical Encounter Dashboard;o3: View Patient Clinical View;o3: View Specialized Clinics;o3: Search Patient;o3: View Service Queue Dashboard;o3: View Patient Chart Summary;o3: Add Vitals & Biometrics;o3: View Patient Chart Vitals & Biometrics Dashboard;o3: View Patient services Dashboard;o3: View Referrals Dashboard;o3: Manage Stocks;o3: View Dispensing Dashboard;o3: View Patient Chart Referrals Dashboard;o3: View Care Panel Dashboard;o3: CheckIn Patient;o3: CheckOut Patient;o3: View Visits Dashboard;o3: View Allergies Dashboard;o3: Create Attachment;o3: View Attachments;o3: View Patient Chart Immunization Dashboard;o3: View Test Results Dashboard;o3: View Patient Chart Medications Dashboard;o3: View Patient Chart Clinical Consultation;o3: View Patient Chart Order Dashboard;o3: View Patient Chart Forms Dashboard;o3: View Patient Relationships Dashboard;o3: View Attachments Dashboard;o3: View Patient Chart Bill History;o3: View Patient Chart Orders Basket;o3: View Patient Banner;App: kenyaemr.reports;o3: View KenyaEMR 2x Home Page,
79a23457-ee41-4d1a-ab05-d0098a8faf83,o3: Occupational Therapist,(OT) helps people with disabilities injuries or illnesses develop recover or maintain the skills they need to live and work independently,API Privileges;API Privileges (View and Edit),o3: View Appointments Dashboard;o3: Create Appointments;o3: Edit Appointments;o3: Delete Appointments;o3: View Patient Chart Appointments;o3: View Clinical Encounter Dashboard;o3: View Patient Clinical View;o3: View Specialized Clinics;o3: Search Patient;o3: View Service Queue Dashboard;o3: View Patient Chart Referrals Dashboard;o3: View Referrals Dashboard;o3: View SHR Portal Dashboard;o3: View Patient Banner;o3: Cancel Active Visit;o3: CheckIn Patient;o3: CheckOut Patient;o3: View Patient Chart Summary;o3: View Visits Dashboard;o3: View Patient Chart Vitals & Biometrics Dashboard;o3: View Patient services Dashboard;o3: View Ward Dashboard;App: kenyaemr.reports;o3: View Patient Chart Case Management Dashboard;o3: View Patient Relationships Dashboard;o3: View Patient Chart Bill History;o3: View Attachments Dashboard;o3: View Patient Chart Immunization Dashboard;o3: View Care Panel Dashboard;o3: View Patient Chart Orders Basket;o3: View KenyaEMR 2x Home Page,
fa186e51-ab30-4c06-aeac-01d11e3611ba,o3: Orthopedics,Diagnosing preventing and treating conditions of the musculoskeletal system including bones joints muscles ligaments tendons and nerves,API Privileges;API Privileges (View and Edit),o3: View Service Queue Dashboard;o3: View Appointments Dashboard;o3: View Procedure Dashboard;o3: View Facility Dashboard;o3: Create Appointments;o3: Edit Appointments;o3: Delete Appointments;o3: View Patient Chart Appointments;o3: View Patient Banner;o3: View Ward Dashboard;o3: View Patient Chart Referrals Dashboard;o3: View Referrals Dashboard;o3: View Diagnostics Dashboard;o3: View Procedure Order;o3: View Patient Chart Orders Basket;o3: Search Patient;o3: View Visits Dashboard;o3: View Attachments Dashboard;o3: View Patient Chart Bill History;o3: View Bill Management Dashboard;o3: View Medical Supply Order Form;o3: View Specialized Clinics;o3: View Patient Chart Vitals & Biometrics Dashboard;o3: View Patient Chart Clinical Consultation;o3: View Care Panel Dashboard;o3: View Patient services Dashboard;o3: View Patient Clinical View;o3: View Procedure Dashboard;App: kenyaemr.reports;o3: View KenyaEMR 2x Home Page,
ff65f8d6-f70c-4082-821a-f3bbd8115b1a,o3: Peer Eductor/Mentor Mother,Women living with HIV who have been trained to work in collaboration with health workers and other peer educators to encourage educate and empower HIV-positive pregnant women and new mothers about their health and their babies' health,API Privileges;API Privileges (View and Edit),o3: Search Patient;o3: View Service Queue Dashboard;o3: View Referrals Dashboard;o3: View Appointments Dashboard;o3: View Patient Chart Appointments;o3: Create Appointments;o3: Edit Appointments;o3: Delete Appointments;o3: View Service Queue Dashboard;o3: View Case Management Dashboard;o3: View Peer Calendar Dashboard;o3: View Referrals Dashboard;o3: View Patient Chart Summary;o3: View Test Results Dashboard;o3: View Patient Chart Order Dashboard;o3: View Patient Relationships Dashboard;o3: View Visits Dashboard;o3: View Attachments Dashboard;o3: View Specialized Clinics;o3: View HIV & Care Dashboard;o3: View Patient Chart Forms Dashboard;o3: View Patient Banner;o3: View Patient services Dashboard;o3: View Patient Chart Clinical Consultation;o3: View Linkage services Dashboard;o3: View Care Panel Dashboard;o3: View Patient Chart Medications Dashboard;o3: View Patient Chart Vitals & Biometrics Dashboard;o3: View Patient Clinical View;o3: View KenyaEMR 2x Home Page;App: kenyaemr.reports,
43df15eb-391f-47e3-beae-ef0fb6772953,o3: Pharmacist,Pharmacists dispense prescription medications and provide information to patients about the drugs and their use.,API Privileges;API Privileges (View and Edit),o3: View Pharmacy Dashboard;o3: View Appointments Dashboard;o3: Create Appointments;o3: Edit Appointments;o3: Delete Appointments;o3: View Patient Chart Appointments;o3: View Patient Chart Bill History;o3: Search Patient;o3: View Service Queue Dashboard;o3: View Dispensing Dashboard;o3: View Allergies Dashboard;o3: View Patient Banner;o3: Cancel Active Visit;o3: CheckIn Patient;o3: CheckOut Patient;o3: View Patient Chart Summary;o3: View Visits Dashboard;o3: View Patient Chart Conditions Dashboard;o3: View Patient Chart Immunization Dashboard;o3: View Test Results Dashboard;o3: View Patient Chart Medications Dashboard;o3: View Medication Order Form;o3: View Patient Chart Order Dashboard;o3: View Patient Chart Orders Basket;o3: View Patient Chart Vitals & Biometrics Dashboard;o3: Manage Stocks;Manage OrderTemplates;o3: View Community Pharmacy Dashboard;o3: View Care Panel Dashboard;o3: View Attachments Dashboard;o3: View Patient Chart Referrals Dashboard;o3: View Patient services Dashboard;o3: View Linkage services Dashboard;o3: View KenyaEMR 2x Home Page;App: kenyaemr.reports,
2bf5abb1-e037-40c2-8201-bca1042fde6f,o3: Physiotherapist,Manage pain balance mobility and motor function through movement and exercise manual therapy education and advice,API Privileges;API Privileges (View and Edit),o3: View Service Queue Dashboard;o3: View Procedure Dashboard;o3: View Facility Dashboard;o3: View Appointments Dashboard;o3: Create Appointments;o3: Edit Appointments;o3: Delete Appointments;o3: View Patient Chart Appointments;o3: View Patient Chart Summary;o3: View Patient Banner;o3: View Ward Dashboard;o3: View Patient Chart Referrals Dashboard;o3: View Referrals Dashboard;o3: View Diagnostics Dashboard;o3: View Procedure Dashboard;o3: Search Patient;o3: View Visits Dashboard;o3: View Attachments Dashboard;o3: View Bill Payment Dashboard;o3: View Patient Chart Bill History;o3: View Patient Chart Orders Basket;o3: View Medical Supply Order Form;o3: View Procedure Order;o3: View Specialized Clinics;o3: View Patient Chart Vitals & Biometrics Dashboard;o3: View Care Panel Dashboard;o3: View Clinical Encounter Dashboard;o3: View Patient services Dashboard;o3: View Patient Clinical View;o3: View Specialized Clinics;App: kenyaemr.reports;o3: View KenyaEMR 2x Home Page,
5e70f830-0b01-4ab6-9d5e-0aa61d75de70,o3: Radiologist,Specialist medical doctors trained to interpret x-rays and other medical imaging tests,API Privileges;API Privileges (View and Edit),o3: View Radiology Dashboard;o3: View Appointments Dashboard;o3: Create Appointments;o3: Edit Appointments;o3: Delete Appointments;o3: View Patient Chart Appointments;o3: View Service Queue Dashboard;o3: View Patient Banner;o3: Cancel Active Visit;o3: CheckIn Patient;o3: CheckOut Patient;o3: View Patient Chart Summary;o3: View Visits Dashboard;o3: View Patient Chart Order Dashboard;o3: View Patient Chart Orders Basket;o3: View Patient Chart Vitals & Biometrics Dashboard;o3: View Imaging Dashboard;o3: View Imaging Order Form;o3: View Clinical Consultation Dashboard;o3: View Diagnostics Dashboard;o3: View Patient Chart Conditions Dashboard;o3: View Patient services Dashboard;o3: View Test Results Dashboard;o3: View Attachments;o3: View Attachments Dashboard;o3: View Patient Chart Clinical Consultation;App: kenyaemr.reports;o3: View KenyaEMR 2x Home Page,
c07920f6-0007-4e3f-b424-dceb2108f122,o3: Receptionist/Registration,o3: Receptionist/Registration can access registration search patients check-in view service queues and limited actions on the patient home page like checking in and editing details,API Privileges;API Privileges (View and Edit),o3: Register Dashboard;o3: View Appointments Dashboard;o3: Create Appointments;o3: Edit Appointments;o3: View Patient Chart Appointments;o3: Register Patient;o3: Edit Patient;o3: Search Patient;o3: View Service Queue Dashboard;o3: View Patient Banner;o3: Cancel Active Visit;o3: CheckIn Patient;o3: CheckOut Patient;o3: View Patient Chart Summary;o3: View Service Queue Dashboard;o3: View Patient Chart Referrals Dashboard; View Patient Chart Appointments;o3: View Patient Relationships Dashboard;o3: View Benefits Package Dashboard;o3: View Attachments Dashboard;o3: View Attachments;o3: View Patient services Dashboard;o3: View Home Dashboard,
676ec32b-e060-4359-81f6-2143cce9181a,o3: Stock Controller/Manager,Tracks shipments oversees inventory audits and maintains reports of purchases and pricing,API Privileges;API Privileges (View and Edit),o3: Manage Stocks;o3: Manage Stock User Scopes;o3: View Stock Admin Settings;o3: View Stock Items;o3: View Stock Locations;o3: View Stock Operations;o3: View Stock Reports;o3: View Stock Sources;App: stockmanagement.stockoperations;App: stockmanagement.stockItems;App: kenyaemr.reports;o3: View KenyaEMR 2x Home Page,
877611e4-c803-4721-afc7-c2ca43d02d5d,o3: System Administrator,An IT professional who manages and maintains an organization's computer systems and networks,API Privileges;API Privileges (View and Edit);System Developer,o3: View Appointments Dashboard;o3: Create Appointments;o3: Edit Appointments;o3: Delete Appointments;o3: View Patient Chart Appointments;o3: View Bed Management Dashboard;o3: View Bed Management In-Patient Home Page Link;o3: Add Billable Services;o3: Create Bill;o3: Delete Bill;o3: Delete Billable Services;o3: Edit Bill;o3: Edit Billable Services;o3: Edit Commodity Prices;o3: Refund Bill;o3: View Bill Management Dashboard;o3: View Bill Payment Dashboard;o3: View Patient Chart Bill History;o3: Waive Bill;o3: View Benefits Package Dashboard;o3: View Care Panel Dashboard;o3: View Community Pharmacy Dashboard;o3: View Lab Manifest;o3: View Clinical Encounter Dashboard;o3: View Patient Relationships Dashboard;o3: View HIV & Care Dashboard;o3: View MCH Dashboard;o3: View Patient Chart Case Management Dashboard;o3: View Patient Chart In-Patient Dashboard;o3: View Patient Clinical View;o3: View Specialized Clinics;o3: View Case Management Dashboard;o3: View Patient Chart Flags;o3: Register Patient;o3: Edit Patient;o3: Search Patient;o3: View Procedure Order;o3: Fill Procedure Result Form;o3: Pick Procedure Order;o3: View Procedure Dashboard;o3: Add New Queue Service;o3: Add New Queue Service Room;o3: Delete All Queue Entries;o3: View Service Queue Dashboard;o3: View Patient Chart Referrals Dashboard;o3: View Referrals Dashboard;o3: View SHR Portal Dashboard;o3: View Dispensing Dashboard;o3: View Form Builder Dashboard;o3: View Laboratory Dashboard;o3: View Allergies Dashboard;o3: Create Attachment;o3: View Attachments;o3: View Attachments Dashboard;o3: View Patient Banner;o3: Cancel Active Visit;o3: CheckIn Patient;o3: CheckOut Patient;o3: Mark Patient As Alive/Dead;o3: View Patient Chart Summary;o3: View Visits Dashboard;o3: View Patient Chart Conditions Dashboard;o3: View Patient Chart Forms Dashboard;o3: View Patient Chart Immunization Dashboard;o3: View Test Order Form;o3: View Test Results Dashboard;o3: View Patient Chart Medications Dashboard;o3: View Medication Order Form;o3: View Patient Chart Notes Dashboard;o3: View Patient Chart Order Dashboard;o3: View Patient Chart Orders Basket;o3: Add Vitals & Biometrics;o3: View Patient Chart Vitals & Biometrics Dashboard;o3: View Imaging Dashboard;o3: View Imaging Order Form;o3: Manage Stocks;o3: Manage Stock User Scopes;o3: View Stock Admin Settings;o3: View Stock Items;o3: View Stock Locations;o3: View Stock Operations;o3: View Stock Reports;o3: View Stock Sources;o3: View and Configure Exemption,
f64e0128-2c68-47f3-8642-865d5e421849,o3: Triage Nurse,Nurses who work in emergency rooms and other emergency facilities to assess patients and determine their level of need for medical care,API Privileges;API Privileges (View and Edit),o3: View Triage Dashboard;o3: Search Patient;o3: View Service Queue Dashboard;o3: View Patient Banner;o3: CheckIn Patient;o3: CheckOut Patient;o3: View Patient Chart Summary;o3: Add Vitals & Biometrics;o3: View Patient Chart Vitals & Biometrics Dashboard,
e1f2a3b4-c5d6-7e8f-9a0b-1c2d3e4f5a6b,o3: Mortician,Handles all mortuary operations and records,API Privileges;API Privileges (View and Edit),o3 : View Mortuary Dashboard;o3 : Admit Body to Mortuary;o3 : Edit Mortuary Records;o3 : Discharge Body from Mortuary;o3 : View Mortuary Compartments;o3 : Swap Mortuary Compartments;o3 : View Mortuary Billing;o3 : Process Mortuary Payments;o3 : View Mortuary Reports;o3 : Generate Mortuary Reports;o3 : View Mortuary Records;o3: Search Patient;o3: View Bed Management Dashboard;o3: View Bed Management In-Patient Home Page Link;o3: View Patient Banner;o3: View Morgue Dashboard,
cb50ba46-3015-4673-a3f9-69c938d888e8,o3: Insurance Agent,Handles all insurance related operations and records,API Privileges;API Privileges (View and Edit),o3: View Claims Management Dashboard;o3: Search Patient;o3: View Benefits Package Dashboard;App: kenyaemr.reports;o3: View KenyaEMR 2x Home Page,
1e56114a-dd9a-435f-a34d-b481d59ec6b6,o3: Pathologist,Handles all mortuary operations and records,API Privileges;API Privileges (View and Edit),o3 : View Mortuary Dashboard;o3 : Admit Body to Mortuary;o3 : Edit Mortuary Records;o3 : Discharge Body from Mortuary;o3 : View Mortuary Compartments;o3 : Swap Mortuary Compartments;o3 : View Mortuary Billing;o3 : Process Mortuary Payments;o3 : View Mortuary Reports;o3 : Generate Mortuary Reports;o3 : View Mortuary Records;o3: Create Attachment;o3: View Attachments;o3: View Attachments Dashboard;o3: View Bed Management Dashboard;o3: View Bed Management In-Patient Home Page Link;App: kenyaemr.reports;o3: View KenyaEMR 2x Home Page;o3: Search Patient;o3: View Patient Banner;o3: View Morgue Dashboard,
7fe3a6c6-0c79-4c72-b8e6-bcc5769fa241,o3: Public Health Officer/Surveillance Officer,Handles disease surveillance,API Privileges;API Privileges (View and Edit),o3: View Facility Dashboard;App: kenyaemr.reports;o3: View KenyaEMR 2x Home Page,
c7a0150d-7ac0-4844-97ae-ad3dc77b1925,o3: Social Worker,Ensures Psychosocial data is integrated into the EMR,API Privileges;API Privileges (View and Edit),App: kenyaemr.reports;o3: View KenyaEMR 2x Home Page;o3: CheckIn Patient;o3: CheckOut Patient;o3: Search Patient;o3: Register Patient;o3: View Bill Management Dashboard;o3: View Patient Banner;o3: Waive Bill;o3: View and Configure Exemption,
5cbd0a36-cd24-42bb-80a2-c2fbc89cb6bb,o3: Community Pharmacist,Pharmacists dispense prescription medications and provide information to patients about the drugs and their use.,API Privileges;API Privileges (View and Edit),o3: View Appointments Dashboard;o3: Create Appointments;o3: View Pharmacy Dashboard;o3: Edit Appointments;o3: Delete Appointments;o3: View Patient Chart Appointments;o3: View Patient Chart Bill History;o3: Search Patient;o3: View Service Queue Dashboard;o3: View Dispensing Dashboard;o3: View Allergies Dashboard;o3: View Patient Banner;o3: Cancel Active Visit;o3: CheckIn Patient;o3: CheckOut Patient;o3: View Patient Chart Summary;o3: View Visits Dashboard;o3: View Patient Chart Conditions Dashboard;o3: View Patient Chart Immunization Dashboard;o3: View Test Results Dashboard;o3: View Patient Chart Medications Dashboard;o3: View Medication Order Form;o3: View Patient Chart Order Dashboard;o3: View Patient Chart Orders Basket;o3: View Patient Chart Vitals & Biometrics Dashboard;o3: Manage Stocks;Manage OrderTemplates;o3: View Community Pharmacy Dashboard;o3: View Care Panel Dashboard;o3: View Attachments Dashboard;o3: View Patient Chart Referrals Dashboard;o3: View Patient services Dashboard;o3: View Linkage services Dashboard;o3: View KenyaEMR 2x Home Page;App: kenyaemr.reports;o3: View Medical Supply Order Form;o3: View Patient Chart Clinical Consultation,
567e8921-b04e-496a-a9f1-3fd8787d47da,o3: RDE Clerk,Responsible for collecting and recording and maintaining data,API Privileges;API Privileges (View and Edit),o3: View Appointments Dashboard;o3: Create Appointments;o3: Edit Appointments;o3: Delete Appointments;o3: View Patient Chart Appointments;o3: View Bed Management In-Patient Home Page Link;o3: View Care Panel Dashboard;o3: View Clinical Encounter Dashboard;o3: View Family History Dashboard;o3: View Patient Chart In-Patient Dashboard;o3: View Patient Clinical View;o3: Register Patient;o3: Edit Patient;o3: Search Patient;o3: View Service Queue Dashboard;o3: View Patient Chart Referrals Dashboard;o3: View Referrals Dashboard;o3: View Allergies Dashboard;o3: Create Attachment;o3: View Attachments;o3: View Attachments Dashboard;o3: View Patient Banner;o3: Cancel Active Visit;o3: CheckIn Patient;o3: CheckOut Patient;o3: View Patient Chart Summary;o3: View Visits Dashboard;o3: View Patient Chart Conditions Dashboard;o3: View Patient Chart Forms Dashboard;o3: View Test Results Dashboard;o3: View Patient Chart Medications Dashboard;o3: View Medication Order Form;o3: View Patient Chart Notes Dashboard;o3: View Patient Chart Order Dashboard;o3: View Patient Chart Orders Basket;o3: Add Vitals & Biometrics;o3: View Patient Chart Vitals & Biometrics Dashboard;o3: View Ward Dashboard;o3: View Patient services Dashboard;o3: View Patient Chart Clinical Consultation;App: kenyaemr.reports;o3: View Patient Relationships Dashboard;o3: View KenyaEMR 2x Home Page,
f3f9e832-6102-4894-aa04-6a7039d9f057,o3: ICT Officer,Handles creation of accounts,API Privileges;API Privileges (View and Edit),o3: View Administration Dashboard;o3: View KenyaEMR 2x Home Page,
e1ec163b-9160-48f7-acb1-5dd50ff85120,o3: Linkage Services,Responsible for handling linkage services,API Privileges;API Privileges (View and Edit),o3: View Linkage services Dashboard;o3: View Patient Chart Case Management Dashboard;o3: View Case Management Dashboard;o3: View Patient Clinical View;,

