{
	"name": "Alcohol and Drug Abuse Screening(CAGE-AID/CRAFFT)",
	"description": "Alcohol and Drug Abuse Screening(CAGE-AID/CRAFFT)",
	"version": "1",
	"published": true,
	"uuid": "7b1ec2d5-a4ad-4ffc-a0d3-ff1ea68e293c",
	"retired": false,
	"encounter": "Alcohol and Drug Abuse Screening",
	"pages": [
		{
      "label": "Alcohol and Drug Abuse Screening",
      "sections": [
        {
          "label": "Visit Details",
          "isExpanded": "true",
          "questions": [
            {
              "label": "Date:",
              "type": "encounterDatetime",
              "required": "true",
              "questionOptions": {
                "rendering": "ui-select-extended"
              },
              "validators": [
                {
                  "type": "date",
                  "allowFutureDates": "false"
                }
              ],
              "id": "encDate"
            },
            {
              "label": "Provider:",
              "type": "encounterProvider",
              "required": "true",
              "questionOptions": {
                "rendering": "ui-select-extended"
              },
              "id": "encProvider "
            },
            {
              "label": "Location:",
              "type": "encounterLocation",
              "required": "true",
              "questionOptions": {
                "rendering": "ui-select-extended"
              },
              "id": "encLocation"
            }
          ]
        },
        {
          "label": "Alcohol and Drug Abuse Screening Questions",
          "isExpanded": "true",
          "questions": [
            {
              "label": "1. During the past 12 months, did you drink any alcohol (more than a few sips)?",
              "type": "obs",
              "id": "feWsIps",
              "questionOptions": {
                "concept": "166680AAAAAAAAAAAAAAAAAAAAAAAAAAAAAA",
                "rendering": "radio",
                "answers": [
                  {
                    "concept": "1065AAAAAAAAAAAAAAAAAAAAAAAAAAAAAAAA",
                    "label": "Yes"
                  },
                  {
                    "concept": "1066AAAAAAAAAAAAAAAAAAAAAAAAAAAAAAAA",
                    "label": "No"
                  }
                ]
              }
            },
            {
              "label": "2. During the past 12 months, did you smoke any marijuana?",
              "type": "obs",
              "id": "drUgsusing",
              "questionOptions": {
                "concept": "152722AAAAAAAAAAAAAAAAAAAAAAAAAAAAAA",
                "rendering": "radio",
                "answers": [
                  {
                    "concept": "1065AAAAAAAAAAAAAAAAAAAAAAAAAAAAAAAA",
                    "label": "Yes"
                  },
                  {
                    "concept": "1066AAAAAAAAAAAAAAAAAAAAAAAAAAAAAAAA",
                    "label": "No"
                  }
                ]
              }
            },
            {
              "label": "3. During the past 12 months, did you use anything else to get high?",
              "type": "obs",
              "id": "geThIgh",
              "questionOptions": {
                "concept": "160660AAAAAAAAAAAAAAAAAAAAAAAAAAAAAA",
                "rendering": "radio",
                "answers": [
                  {
                    "concept": "1065AAAAAAAAAAAAAAAAAAAAAAAAAAAAAAAA",
                    "label": "Yes"
                  },
                  {
                    "concept": "1066AAAAAAAAAAAAAAAAAAAAAAAAAAAAAAAA",
                    "label": "No"
                  }
                ]
              }
            },
            {
              "label": "CAGE-AID Screening Questions for Adults",
              "type": "obsGroup",
              "id": "CageGroup",
              "questionOptions": {
                "concept": "158728AAAAAAAAAAAAAAAAAAAAAAAAAAAAAA",
                "rendering": "group"
              },
              "questions": [
                {
                  "label": "1. Have you felt you should Cut down on your drinking or drug use?",
                  "type": "obs",
                  "id": "alcoholfeLt",
                  "questionOptions": {
                    "concept": "167218AAAAAAAAAAAAAAAAAAAAAAAAAAAAAA",
                    "rendering": "radio",
                    "answers": [
                      {
                        "concept": "1065AAAAAAAAAAAAAAAAAAAAAAAAAAAAAAAA",
                        "label": "Yes"
                      },
                      {
                        "concept": "1066AAAAAAAAAAAAAAAAAAAAAAAAAAAAAAAA",
                        "label": "No"
                      }
                    ]
                  },
                  "hide": {
                    "hideWhenExpression": "age < 20 || feWsIps !== '1065AAAAAAAAAAAAAAAAAAAAAAAAAAAAAAAA' && drUgsusing !== '1065AAAAAAAAAAAAAAAAAAAAAAAAAAAAAAAA' && geThIgh !== '1065AAAAAAAAAAAAAAAAAAAAAAAAAAAAAAAA'"
                  }
                },
                {
                  "label": "2. Have people ever Annoyed you by criticising your drinking or drug use?",
                  "type": "obs",
                  "id": "alcoholCritIc",
                  "questionOptions": {
                    "concept": "167219AAAAAAAAAAAAAAAAAAAAAAAAAAAAAA",
                    "rendering": "radio",
                    "answers": [
                      {
                        "concept": "1065AAAAAAAAAAAAAAAAAAAAAAAAAAAAAAAA",
                        "label": "Yes"
                      },
                      {
                        "concept": "1066AAAAAAAAAAAAAAAAAAAAAAAAAAAAAAAA",
                        "label": "No"
                      }
                    ]
                  },
                  "hide": {
                    "hideWhenExpression": "age < 20 || feWsIps !== '1065AAAAAAAAAAAAAAAAAAAAAAAAAAAAAAAA' && drUgsusing !== '1065AAAAAAAAAAAAAAAAAAAAAAAAAAAAAAAA' && geThIgh !== '1065AAAAAAAAAAAAAAAAAAAAAAAAAAAAAAAA'"
                  }
                },
                {
                  "label": "3. Have you ever felt bad or Guilty about your drinking or drug use?",
                  "type": "obs",
                  "id": "alcoholGuilT",
                  "questionOptions": {
                    "concept": "167220AAAAAAAAAAAAAAAAAAAAAAAAAAAAAA",
                    "rendering": "radio",
                    "answers": [
                      {
                        "concept": "1065AAAAAAAAAAAAAAAAAAAAAAAAAAAAAAAA",
                        "label": "Yes"
                      },
                      {
                        "concept": "1066AAAAAAAAAAAAAAAAAAAAAAAAAAAAAAAA",
                        "label": "No"
                      }
                    ]
                  },
                  "hide": {
                    "hideWhenExpression": "age < 20 || feWsIps !== '1065AAAAAAAAAAAAAAAAAAAAAAAAAAAAAAAA' && drUgsusing !== '1065AAAAAAAAAAAAAAAAAAAAAAAAAAAAAAAA' && geThIgh !== '1065AAAAAAAAAAAAAAAAAAAAAAAAAAAAAAAA'"
                  }
                },
                {
                  "label": "4. Have you ever had a drink or used drugs first thing in the morning to steady your nerves or to get rid of a hangover (Eye opener)?",
                  "type": "obs",
                  "id": "MorninGalcohol",
                  "questionOptions": {
                    "concept": "167221AAAAAAAAAAAAAAAAAAAAAAAAAAAAAA",
                    "rendering": "radio",
                    "answers": [
                      {
                        "concept": "1065AAAAAAAAAAAAAAAAAAAAAAAAAAAAAAAA",
                        "label": "Yes"
                      },
                      {
                        "concept": "1066AAAAAAAAAAAAAAAAAAAAAAAAAAAAAAAA",
                        "label": "No"
                      }
                    ]
                  },
                  "hide": {
                    "hideWhenExpression": "age < 20 || feWsIps !== '1065AAAAAAAAAAAAAAAAAAAAAAAAAAAAAAAA' && drUgsusing !== '1065AAAAAAAAAAAAAAAAAAAAAAAAAAAAAAAA' && geThIgh !== '1065AAAAAAAAAAAAAAAAAAAAAAAAAAAAAAAA'"
                  }
                }
              ]
            },
            {
              "label": "CRAFFT Screening Interview for Adolescents",
              "type": "obsGroup",
              "id": "CageGroupB",
              "questionOptions": {
                "concept": "158728AAAAAAAAAAAAAAAAAAAAAAAAAAAAAA",
                "rendering": "group"
              },
              "questions": [
                {
                  "label": "1. Have you ever ridden in a Car driven by someone (including yourself) who was “high” or had been using alcohol or drugs?",
                  "type": "obs",
                  "id": "alcoholDriving",
                  "questionOptions": {
                    "concept": "159449AAAAAAAAAAAAAAAAAAAAAAAAAAAAAA",
                    "rendering": "select",
                    "answers": [
                      {
                        "concept": "1065AAAAAAAAAAAAAAAAAAAAAAAAAAAAAAAA",
                        "label": "Yes"
                      },
                      {
                        "concept": "1066AAAAAAAAAAAAAAAAAAAAAAAAAAAAAAAA",
                        "label": "No"
                      }
                    ]
                  },
                  "hide": {
                    "hideWhenExpression": "age > 20 || feWsIps !== '1065AAAAAAAAAAAAAAAAAAAAAAAAAAAAAAAA' && drUgsusing !== '1065AAAAAAAAAAAAAAAAAAAAAAAAAAAAAAAA' && geThIgh !== '1065AAAAAAAAAAAAAAAAAAAAAAAAAAAAAAAA'"
                  }
                },
                {
                  "label": "2. Do you ever use alcohol or drugs to Relax, feel better about yourself, or fit in?",
                  "type": "obs",
                  "id": "alcoholRelAx",
                  "questionOptions": {
                    "concept": "165122AAAAAAAAAAAAAAAAAAAAAAAAAAAAAA",
                    "rendering": "select",
                    "answers": [
                      {
                        "concept": "1065AAAAAAAAAAAAAAAAAAAAAAAAAAAAAAAA",
                        "label": "Yes"
                      },
                      {
                        "concept": "1066AAAAAAAAAAAAAAAAAAAAAAAAAAAAAAAA",
                        "label": "No"
                      }
                    ]
                  },
                  "hide": {
                    "hideWhenExpression": "age > 20 || feWsIps !== '1065AAAAAAAAAAAAAAAAAAAAAAAAAAAAAAAA' && drUgsusing !== '1065AAAAAAAAAAAAAAAAAAAAAAAAAAAAAAAA' && geThIgh !== '1065AAAAAAAAAAAAAAAAAAAAAAAAAAAAAAAA'"
                  }
                },
                {
                  "label": "3. Do you ever use Alcohol or drugs while you are alone?",
                  "type": "obs",
                  "id": "drugsAlone",
                  "questionOptions": {
                    "concept": "0dded6ef-b7c4-415c-a1dd-ed3c4949c6c4",
                    "rendering": "select",
                    "answers": [
                      {
                        "concept": "1065AAAAAAAAAAAAAAAAAAAAAAAAAAAAAAAA",
                        "label": "Yes"
                      },
                      {
                        "concept": "1066AAAAAAAAAAAAAAAAAAAAAAAAAAAAAAAA",
                        "label": "No"
                      }
                    ]
                  },
                  "hide": {
                    "hideWhenExpression": "age > 20 || feWsIps !== '1065AAAAAAAAAAAAAAAAAAAAAAAAAAAAAAAA' && drUgsusing !== '1065AAAAAAAAAAAAAAAAAAAAAAAAAAAAAAAA' && geThIgh !== '1065AAAAAAAAAAAAAAAAAAAAAAAAAAAAAAAA'"
                  }
                },
                {
                  "label": "4. Do you ever Forget things you did while using alcohol or drugs?",
                  "type": "obs",
                  "id": "drugsForgetful",
                  "questionOptions": {
                    "concept": "19817099-ec89-4b25-bb5d-b0409f5d57f1",
                    "rendering": "select",
                    "answers": [
                      {
                        "concept": "1065AAAAAAAAAAAAAAAAAAAAAAAAAAAAAAAA",
                        "label": "Yes"
                      },
                      {
                        "concept": "1066AAAAAAAAAAAAAAAAAAAAAAAAAAAAAAAA",
                        "label": "No"
                      }
                    ]
                  },
                  "hide": {
                    "hideWhenExpression": "age > 20 || feWsIps !== '1065AAAAAAAAAAAAAAAAAAAAAAAAAAAAAAAA' && drUgsusing !== '1065AAAAAAAAAAAAAAAAAAAAAAAAAAAAAAAA' && geThIgh !== '1065AAAAAAAAAAAAAAAAAAAAAAAAAAAAAAAA'"
                  }
                },
                {
                  "label": "5. Do your Family or Friends ever tell you that you should cut down on your drinking or drug use?",
                  "type": "obs",
                  "id": "drugsDown",
                  "questionOptions": {
                    "concept": "1288AAAAAAAAAAAAAAAAAAAAAAAAAAAAAAAA",
                    "rendering": "select",
                    "answers": [
                      {
                        "concept": "1065AAAAAAAAAAAAAAAAAAAAAAAAAAAAAAAA",
                        "label": "Yes"
                      },
                      {
                        "concept": "1066AAAAAAAAAAAAAAAAAAAAAAAAAAAAAAAA",
                        "label": "No"
                      }
                    ]
                  },
                  "hide": {
                    "hideWhenExpression": "age > 20 || feWsIps !== '1065AAAAAAAAAAAAAAAAAAAAAAAAAAAAAAAA' && drUgsusing !== '1065AAAAAAAAAAAAAAAAAAAAAAAAAAAAAAAA' && geThIgh !== '1065AAAAAAAAAAAAAAAAAAAAAAAAAAAAAAAA'"
                  }
                },
                {
                  "label": "6. Have you ever gotten into Trouble while you were using alcohol or drugs?",
                  "type": "obs",
                  "id": "drugTroubLe",
                  "questionOptions": {
                    "concept": "53f8b152-0c0e-4244-9e20-cc6615f6c9c5",
                    "rendering": "select",
                    "answers": [
                      {
                        "concept": "1065AAAAAAAAAAAAAAAAAAAAAAAAAAAAAAAA",
                        "label": "Yes"
                      },
                      {
                        "concept": "1066AAAAAAAAAAAAAAAAAAAAAAAAAAAAAAAA",
                        "label": "No"
                      }
                    ]
                  },
                  "hide": {
                    "hideWhenExpression": "age > 20 || feWsIps !== '1065AAAAAAAAAAAAAAAAAAAAAAAAAAAAAAAA' && drUgsusing !== '1065AAAAAAAAAAAAAAAAAAAAAAAAAAAAAAAA' && geThIgh !== '1065AAAAAAAAAAAAAAAAAAAAAAAAAAAAAAAA'"
                  }
                }
              ]
            }
          ]
        }
      ]
    }
	],
	"processor": "EncounterFormProcessor",
	"referencedForms": [],
	"encounterType": "4224f8bf-11b2-4e47-a958-1dbdfd7fa41d"
}
