{
	"name": "Alcohol Abuse Screening Tool(AUDIT)",
	"description": "Alcohol Abuse Screening Tool(AUDIT)",
	"version": "1",
	"published": true,
	"uuid": "7ba743c8-d8e6-44ad-aeed-8d2ff9e985db",
	"retired": false,
	"encounter": "KP Alcohol screening",
	"pages": [
		{
			"label": "Alcohol Abuse Screening Tool(AUDIT)",
			"sections": [
				{
					"label": "Encounter Details",
					"isExpanded": "true",
					"questions": [
						{
							"label": "Date:",
							"type": "encounterDatetime",
							"questionOptions": {
								"rendering": "ui-select-extended"
							},
							"validators": [
								{
									"type": "date",
									"allowFutureDates": "false"
								}
							],
							"id": "encDate"
						},
						{
							"label": "Provider:",
							"type": "encounterProvider",
							"required": "true",
							"questionOptions": {
								"rendering": "ui-select-extended"
							},
							"id": "encProvider "
						},
						{
							"label": "Location:",
							"type": "encounterLocation",
							"required": "true",
							"questionOptions": {
								"rendering": "ui-select-extended"
							},
							"id": "encLocation"
						}
					]
				},
				{
					"label": "Alcohol Abuse Screening Tool",
					"isExpanded": "true",
					"questions": [
						{
							"label": "1. How often do you have a drink containing alcohol?",
							"type": "obs",
							"id": "oftendrink",
							"questionOptions": {
								"concept": "159449AAAAAAAAAAAAAAAAAAAAAAAAAAAAAA",
								"rendering": "select",
								"answers": [
									{
										"concept": "1090AAAAAAAAAAAAAAAAAAAAAAAAAAAAAAAA",
										"label": "Never"
									},
									{
										"concept": "1091AAAAAAAAAAAAAAAAAAAAAAAAAAAAAAAA",
										"label": "Monthly or less"
									},
									{
										"concept": "1092AAAAAAAAAAAAAAAAAAAAAAAAAAAAAAAA",
										"label": "2 to 4 times a month"
									},
									{
										"concept": "1093AAAAAAAAAAAAAAAAAAAAAAAAAAAAAAAA",
										"label": "2 to 3 times a week"
									},
									{
										"concept": "1094AAAAAAAAAAAAAAAAAAAAAAAAAAAAAAAA",
										"label": "4 or More Times a Week"
									}
								]
							}
						},
						{
							"label": "2. How many drinks containing alcohol do you have on a typical day when you are drinking?",
							"type": "obs",
							"id": "alcoholDrink",
							"questionOptions": {
								"concept": "f79efcfe-883f-44e2-83cd-9befcbbe416a",
								"rendering": "select",
								"answers": [
									{
										"concept": "e76016cf-2f6e-4589-9d93-59e9d2776531",
										"label": "1 or 2"
									},
									{
										"concept": "c826b2b6-cad6-4924-ab85-91767d2bc7c0",
										"label": "3 or 4"
									},
									{
										"concept": "81268840-c9a4-4150-8cf2-7695f0854709",
										"label": "5 or 6"
									},
									{
										"concept": "87c76e0e-556a-4a2f-9fa9-61563a678090",
										"label": "7 to 8 or 9"
									},
									{
										"concept": "5605b09e-66b1-408d-a2b7-5eaced63ed61",
										"label": "10 or more"
									}
								]
							},
							"validators": [],
							"hide": {
								"hideWhenExpression": "isEmpty(oftendrink) || oftendrink == '1090AAAAAAAAAAAAAAAAAAAAAAAAAAAAAAAA'"
							}
						},
						{
							"label": "3. How often do you have six or more drinks on one occasion? Skip to Q 9 and 10 if total Score for 2 and 3 = 0?",
							"type": "obs",
							"id": "sixdrinks",
							"questionOptions": {
								"concept": "0dded6ef-b7c4-415c-a1dd-ed3c4949c6c4",
								"rendering": "select",
								"answers": [
									{
										"concept": "1090AAAAAAAAAAAAAAAAAAAAAAAAAAAAAAAA",
										"label": "Never"
									},
									{
										"concept": "1097AAAAAAAAAAAAAAAAAAAAAAAAAAAAAAAA",
										"label": "Less than monthly"
									},
									{
										"concept": "1098AAAAAAAAAAAAAAAAAAAAAAAAAAAAAAAA",
										"label": "Monthly"
									},
									{
										"concept": "1099AAAAAAAAAAAAAAAAAAAAAAAAAAAAAAAA",
										"label": "Weekly"
									},
									{
										"concept": "1100AAAAAAAAAAAAAAAAAAAAAAAAAAAAAAAA",
										"label": "Daily or almost daily"
									}
								]
							},
							"validators": [],
							"hide": {
								"hideWhenExpression": "isEmpty(oftendrink) || oftendrink == '1090AAAAAAAAAAAAAAAAAAAAAAAAAAAAAAAA'"
							}
						},
						{
							"label": "4. How often during the last year have you found that you were not able to stop drinking once you had started?",
							"type": "obs",
							"id": "canNotStop",
							"questionOptions": {
								"concept": "b2a2fd6e-5bb4-4487-bae6-1d1697528aba",
								"rendering": "select",
								"answers": [
									{
										"concept": "1090AAAAAAAAAAAAAAAAAAAAAAAAAAAAAAAA",
										"label": "Never"
									},
									{
										"concept": "1097AAAAAAAAAAAAAAAAAAAAAAAAAAAAAAAA",
										"label": "Less than monthly"
									},
									{
										"concept": "1098AAAAAAAAAAAAAAAAAAAAAAAAAAAAAAAA",
										"label": "Monthly"
									},
									{
										"concept": "1099AAAAAAAAAAAAAAAAAAAAAAAAAAAAAAAA",
										"label": "Weekly"
									},
									{
										"concept": "1100AAAAAAAAAAAAAAAAAAAAAAAAAAAAAAAA",
										"label": "Daily or almost daily"
									}
								]
							},
							"validators": [],
							"hide": {
								"hideWhenExpression": "isEmpty(oftendrink) || oftendrink == '1090AAAAAAAAAAAAAAAAAAAAAAAAAAAAAAAA'"
							}
						},
						{
							"label": "5. How often during the last year have you failed to do what was normally expected from you because of drinking?",
							"type": "obs",
							"id": "failedduetoalcohol",
							"questionOptions": {
								"concept": "53f8b152-0c0e-4244-9e20-cc6615f6c9c5",
								"rendering": "select",
								"answers": [
									{
										"concept": "1090AAAAAAAAAAAAAAAAAAAAAAAAAAAAAAAA",
										"label": "Never"
									},
									{
										"concept": "1097AAAAAAAAAAAAAAAAAAAAAAAAAAAAAAAA",
										"label": "Less than monthly"
									},
									{
										"concept": "1098AAAAAAAAAAAAAAAAAAAAAAAAAAAAAAAA",
										"label": "Monthly"
									},
									{
										"concept": "1099AAAAAAAAAAAAAAAAAAAAAAAAAAAAAAAA",
										"label": "Weekly"
									},
									{
										"concept": "1100AAAAAAAAAAAAAAAAAAAAAAAAAAAAAAAA",
										"label": "Daily or almost daily"
									}
								]
							},
							"validators": [],
							"hide": {
								"hideWhenExpression": "isEmpty(oftendrink) || oftendrink == '1090AAAAAAAAAAAAAAAAAAAAAAAAAAAAAAAA'"
							}
						},
						{
							"label": "6. How often during the last year have you needed a first drink in the morning to get yourself going after a heavy drinking session?",
							"type": "obs",
							"id": "neededfirstdrink",
							"questionOptions": {
								"concept": "972fd823-65fb-4d5a-933d-86027918ad5c",
								"rendering": "select",
								"answers": [
									{
										"concept": "1090AAAAAAAAAAAAAAAAAAAAAAAAAAAAAAAA",
										"label": "Never"
									},
									{
										"concept": "1097AAAAAAAAAAAAAAAAAAAAAAAAAAAAAAAA",
										"label": "Less than monthly"
									},
									{
										"concept": "1098AAAAAAAAAAAAAAAAAAAAAAAAAAAAAAAA",
										"label": "Monthly"
									},
									{
										"concept": "1099AAAAAAAAAAAAAAAAAAAAAAAAAAAAAAAA",
										"label": "Weekly"
									},
									{
										"concept": "1100AAAAAAAAAAAAAAAAAAAAAAAAAAAAAAAA",
										"label": "Daily or almost daily"
									}
								]
							},
							"validators": [],
							"hide": {
								"hideWhenExpression": "isEmpty(oftendrink) || oftendrink == '1090AAAAAAAAAAAAAAAAAAAAAAAAAAAAAAAA'"
							}
						},
						{
							"label": "7. How often during the last year have you had a feeling of guilt or remorse after drinking?",
							"type": "obs",
							"id": "feelingOfguilt",
							"questionOptions": {
								"concept": "c0c49bef-76f8-4178-9c17-31ae942b5d89",
								"rendering": "select",
								"answers": [
									{
										"concept": "1090AAAAAAAAAAAAAAAAAAAAAAAAAAAAAAAA",
										"label": "Never"
									},
									{
										"concept": "1097AAAAAAAAAAAAAAAAAAAAAAAAAAAAAAAA",
										"label": "Less than monthly"
									},
									{
										"concept": "1098AAAAAAAAAAAAAAAAAAAAAAAAAAAAAAAA",
										"label": "Monthly"
									},
									{
										"concept": "1099AAAAAAAAAAAAAAAAAAAAAAAAAAAAAAAA",
										"label": "Weekly"
									},
									{
										"concept": "1100AAAAAAAAAAAAAAAAAAAAAAAAAAAAAAAA",
										"label": "Daily or almost daily"
									}
								]
							},
							"validators": [],
							"hide": {
								"hideWhenExpression": "isEmpty(oftendrink) || oftendrink == '1090AAAAAAAAAAAAAAAAAAAAAAAAAAAAAAAA'"
							}
						},
						{
							"label": "8. How often during the last year have you been unable to remember what happened the night before because you had been drinking?",
							"type": "obs",
							"id": "unableToremeber",
							"questionOptions": {
								"concept": "19817099-ec89-4b25-bb5d-b0409f5d57f1",
								"rendering": "select",
								"answers": [
									{
										"concept": "1090AAAAAAAAAAAAAAAAAAAAAAAAAAAAAAAA",
										"label": "Never"
									},
									{
										"concept": "1097AAAAAAAAAAAAAAAAAAAAAAAAAAAAAAAA",
										"label": "Less than monthly"
									},
									{
										"concept": "1098AAAAAAAAAAAAAAAAAAAAAAAAAAAAAAAA",
										"label": "Monthly"
									},
									{
										"concept": "1099AAAAAAAAAAAAAAAAAAAAAAAAAAAAAAAA",
										"label": "Weekly"
									},
									{
										"concept": "1100AAAAAAAAAAAAAAAAAAAAAAAAAAAAAAAA",
										"label": "Daily or almost daily"
									}
								]
							},
							"validators": [],
							"hide": {
								"hideWhenExpression": "isEmpty(oftendrink) || oftendrink == '1090AAAAAAAAAAAAAAAAAAAAAAAAAAAAAAAA'"
							}
						},
						{
							"label": "9. Have you or someone else been injured as a result of your drinking?",
							"type": "obs",
							"id": "injured",
							"questionOptions": {
								"concept": "1cdb2cd1-6557-48cc-b893-b7dcddcc4649",
								"rendering": "select",
								"answers": [
									{
										"concept": "1066AAAAAAAAAAAAAAAAAAAAAAAAAAAAAAAA",
										"label": "No"
									},
									{
										"concept": "af005c0b-39f0-482c-9d76-df1ee80eec0f",
										"label": "yes but not in last year"
									},
									{
										"concept": "2325c16f-8333-415c-9af9-17c2e135831c",
										"label": "yes during this year"
									}
								]
							},
							"validators": [],
							"hide": {
								"hideWhenExpression": "isEmpty(oftendrink) || oftendrink == '1090AAAAAAAAAAAAAAAAAAAAAAAAAAAAAAAA'"
							}
						},
						{
							"label": "10. Has a relative or friend or a doctor or another health worker been concerned about your drinking or suggested you cut down?",
							"type": "obs",
							"id": "concerned",
							"questionOptions": {
								"concept": "8f5d50a3-12a5-4f84-a0ac-34cfa9a4e416",
								"rendering": "select",
								"answers": [
									{
										"concept": "1066AAAAAAAAAAAAAAAAAAAAAAAAAAAAAAAA",
										"label": "No"
									},
									{
										"concept": "af005c0b-39f0-482c-9d76-df1ee80eec0f",
										"label": "yes but not in last year"
									},
									{
										"concept": "2325c16f-8333-415c-9af9-17c2e135831c",
										"label": "yes during this year"
									}
								]
							},
							"validators": [],
							"hide": {
								"hideWhenExpression": "isEmpty(oftendrink) || oftendrink == '1090AAAAAAAAAAAAAAAAAAAAAAAAAAAAAAAA'"
							}
						},
						{
							"label": "11. Record total of specific items here If total over 8, alcohol use disorder likely. Please refer to alcohol disorder treatment programs.",
							"type": "obs",
							"id": "results",
							"questionOptions": {
								"concept": "160632AAAAAAAAAAAAAAAAAAAAAAAAAAAAAA",
								"rendering": "text"
							}
						},
						{
							"label": "Remarks.",
							"type": "obs",
							"id": "remarks.",
							"questionOptions": {
								"concept": "163042AAAAAAAAAAAAAAAAAAAAAAAAAAAAAA",
								"rendering": "textarea"
							}
						}
					]
				}
			]
		}
	],
	"processor": "EncounterFormProcessor",
	"referencedForms": []
}
