{
  "name": "ART Fast Track",
  "description": "ART Fast Track",
  "version": "2.0",
  "published": true,
  "uuid": "83fb6ab2-faec-4d87-a714-93e77a28a201",
  "retired": false,
  "encounter": "ART Refill",
  "pages": [
    {
      "label": "ART Fast Track",
      "sections": [
        {
          "label": "Visit Details",
          "isExpanded": "true",
          "questions": [
            {
              "label": "Date:",
              "type": "encounterDatetime",
              "required": "true",
              "questionOptions": {
                "rendering": "ui-select-extended"
              },
              "id": "encDate",
              "validators": [
                {
                  "type": "date",
                  "allowFutureDates": "false"
                }
              ]
            },
            {
              "label": "Provider:",
              "type": "encounterProvider",
              "required": "true",
              "questionOptions": {
                "rendering": "ui-select-extended"
              },
              "id": "encProvider "
            },
            {
              "label": "Location:",
              "type": "encounterLocation",
              "required": "true",
              "questionOptions": {
                "rendering": "ui-select-extended"
              },
              "id": "encLocation"
            }
          ]
        },
        {
          "label": "ART Fast Track for Stable Patients",
          "isExpanded": "true",
          "questions": [
            {
              "label": "ART Refill Model :",
              "type": "obs",
              "id": "fast-track",
              "required": "true",
              "questionOptions": {
                "concept": "1758AAAAAAAAAAAAAAAAAAAAAAAAAAAAAAAA",
                "rendering": "select",
                "answers": [
                  {
                    "concept": "1744AAAAAAAAAAAAAAAAAAAAAAAAAAAAAAAA",
                    "label": "Fast Track"
                  },
                  {
                    "concept": "1555AAAAAAAAAAAAAAAAAAAAAAAAAAAAAAAA",
                    "label": "Community ART Distribution - HCW Led"
                  },
                  {
                    "concept": "5618AAAAAAAAAAAAAAAAAAAAAAAAAAAAAAAA",
                    "label": "Community ART Distribution - Peer Led"
                  },
                  {
                    "concept": "1537AAAAAAAAAAAAAAAAAAAAAAAAAAAAAAAA",
                    "label": "Facility ART Distribution Group"
                  }
                ]
              }
            }
          ]
        },
        {
          "label": " Other Medications Dispensed",
          "isExpanded": "true",
          "questions": [
            {
              "label": "Drug Order",
              "required": false,
              "id": "drugsWorkspaceLauncher",
              "questionOptions": {
                "rendering": "workspace-launcher",
                "buttonLabel": "Add drug order",
                "workspaceName": "add-drug-order"
              }
            }
          ]
        },
        {
          "label": "Missed ARV doses",
          "isExpanded": "true",
          "questions": [
            {
              "label": "Any missed doses of ARVs since last clinic visit",
              "type": "obs",
              "id": "anyMissedDoses",
              "required": "true",
              "questionOptions": {
                "rendering": "radio",
                "concept": "160110AAAAAAAAAAAAAAAAAAAAAAAAAAAAAA",
                "answers": [
                  {
                    "concept": "true",
                    "label": "Yes"
                  },
                  {
                    "concept": "false",
                    "label": "No"
                  }
                ]
              }
            },
            {
              "label": "If yes specify how many doses missed:",
              "type": "obs",
              "id": "numberMissedDoses",
              "questionOptions": {
                "rendering": "number",
                "concept": "162878AAAAAAAAAAAAAAAAAAAAAAAAAAAAAA"
              },
              "validators": [],
              "hide": {
                "hideWhenExpression": "anyMissedDoses !== 'true'"
              }
            }
          ]
        },
        {
          "label": "Any Current/Worsening symptoms",
          "isExpanded": "true",
          "questions": [
            {
              "label": "Fatigue:",
              "type": "obs",
              "id": "fatigue",
              "required": "true",
              "questionOptions": {
                "concept": "1284AAAAAAAAAAAAAAAAAAAAAAAAAAAAAAAA",
                "rendering": "radio",
                "answers": [
                  {
                    "concept": "162626AAAAAAAAAAAAAAAAAAAAAAAAAAAAAA",
                    "label": "Yes"
                  },
                  {
                    "concept": "1066AAAAAAAAAAAAAAAAAAAAAAAAAAAAAAAA",
                    "label": "No"
                  }
                ]
              }
            },
            {
              "label": "Cough:",
              "type": "obs",
              "id": "cough",
              "required": "true",
              "questionOptions": {
                "concept": "1284AAAAAAAAAAAAAAAAAAAAAAAAAAAAAAAA",
                "rendering": "radio",
                "answers": [
                  {
                    "concept": "1065AAAAAAAAAAAAAAAAAAAAAAAAAAAAAAAA",
                    "label": "Yes"
                  },
                  {
                    "concept": "1066AAAAAAAAAAAAAAAAAAAAAAAAAAAAAAAA",
                    "label": "No"
                  }
                ]
              }
            },
            {
              "label": "Fever:",
              "type": "obs",
              "id": "fever",
              "required": "true",
              "questionOptions": {
                "concept": "1284AAAAAAAAAAAAAAAAAAAAAAAAAAAAAAAA",
                "rendering": "radio",
                "answers": [
                  {
                    "concept": "140238AAAAAAAAAAAAAAAAAAAAAAAAAAAAAA",
                    "label": "Yes"
                  },
                  {
                    "concept": "1066AAAAAAAAAAAAAAAAAAAAAAAAAAAAAAAA",
                    "label": "No"
                  }
                ]
              }
            },
            {
              "label": "Rash:",
              "type": "obs",
              "id": "rash",
              "required": "true",
              "questionOptions": {
                "concept": "1284AAAAAAAAAAAAAAAAAAAAAAAAAAAAAAAA",
                "rendering": "radio",
                "answers": [
                  {
                    "concept": "512AAAAAAAAAAAAAAAAAAAAAAAAAAAAAAAAA",
                    "label": "Yes"
                  },
                  {
                    "concept": "1066AAAAAAAAAAAAAAAAAAAAAAAAAAAAAAAA",
                    "label": "No"
                  }
                ]
              }
            },
            {
              "label": "Nausea/vomiting:",
              "type": "obs",
              "id": "nausea",
              "required": "true",
              "questionOptions": {
                "concept": "1284AAAAAAAAAAAAAAAAAAAAAAAAAAAAAAAA",
                "rendering": "radio",
                "answers": [
                  {
                    "concept": "5978AAAAAAAAAAAAAAAAAAAAAAAAAAAAAAAA",
                    "label": "Yes"
                  },
                  {
                    "concept": "1066AAAAAAAAAAAAAAAAAAAAAAAAAAAAAAAA",
                    "label": "No"
                  }
                ]
              }
            },
            {
              "label": "Genital sore/discharge:",
              "type": "obs",
              "id": "genitaInfection",
              "required": "true",
              "questionOptions": {
                "concept": "1284AAAAAAAAAAAAAAAAAAAAAAAAAAAAAAAA",
                "rendering": "radio",
                "answers": [
                  {
                    "concept": "135462AAAAAAAAAAAAAAAAAAAAAAAAAAAAAA",
                    "label": "Yes"
                  },
                  {
                    "concept": "1066AAAAAAAAAAAAAAAAAAAAAAAAAAAAAAAA",
                    "label": "No"
                  }
                ]
              }
            },
            {
              "label": "Diarrhea:",
              "type": "obs",
              "id": "diarrhea",
              "required": "true",
              "questionOptions": {
                "concept": "1284AAAAAAAAAAAAAAAAAAAAAAAAAAAAAAAA",
                "rendering": "radio",
                "answers": [
                  {
                    "concept": "142412AAAAAAAAAAAAAAAAAAAAAAAAAAAAAA",
                    "label": "Yes"
                  },
                  {
                    "concept": "1066AAAAAAAAAAAAAAAAAAAAAAAAAAAAAAAA",
                    "label": "No"
                  }
                ]
              }
            },
            {
              "label": "Other",
              "type": "obs",
              "id": "oTHer",
              "questionOptions": {
                "concept": "1284AAAAAAAAAAAAAAAAAAAAAAAAAAAAAAAA",
                "rendering": "checkbox",
                "answers": [
                  {
                    "concept": "5622AAAAAAAAAAAAAAAAAAAAAAAAAAAAAAAA",
                    "label": "Other"
                  }
                ]
              }
            },
            {
              "label": "Other Specify",
              "type": "obs",
              "id": "otherSpecific",
              "questionOptions": {
                "concept": "160632AAAAAAAAAAAAAAAAAAAAAAAAAAAAAA",
                "rendering": "text"
              },
              "validators": [],
              "hide": {
                "hideWhenExpression": "isEmpty(oTHer) || !arrayContains(['5622AAAAAAAAAAAAAAAAAAAAAAAAAAAAAAAA'], oTHer)"
              }
            }
          ]
        },
        {
          "label": "Medications prescribed elsewhere",
          "isExpanded": "true",
          "questions": [
            {
              "label": "Any new medications prescribed from outside of the HIV clinic?",
              "type": "obs",
              "id": "medicationsOutsideHivClinic",
              "questionOptions": {
                "concept": "159369AAAAAAAAAAAAAAAAAAAAAAAAAAAAAA",
                "rendering": "radio",
                "answers": [
                  {
                    "concept": "1065AAAAAAAAAAAAAAAAAAAAAAAAAAAAAAAA",
                    "label": "Yes"
                  },
                  {
                    "concept": "1066AAAAAAAAAAAAAAAAAAAAAAAAAAAAAAAA",
                    "label": "No"
                  }
                ]
              }
            },
            {
              "label": "Drugs from other facilities",
              "type": "obsGroup",
              "questionOptions": {
                "concept": "1442AAAAAAAAAAAAAAAAAAAAAAAAAAAAAAAA",
                "rendering": "repeating"
              },
              "hide": {
                "hideWhenExpression": "isEmpty(medicationsOutsideHivClinic) || medicationsOutsideHivClinic !== '1065AAAAAAAAAAAAAAAAAAAAAAAAAAAAAAAA'"
              },
              "questions": [
                {
                  "label": "Drug",
                  "type": "obs",
                  "id": "drugOtherFacilities",
                  "questionOptions": {
                    "concept": "1282AAAAAAAAAAAAAAAAAAAAAAAAAAAAAAAA",
                    "rendering": "drug"
                  }
                },
                {
                  "label": "Dose",
                  "type": "obs",
                  "id": "doseOtherFacilities",
                  "questionOptions": {
                    "concept": "1443AAAAAAAAAAAAAAAAAAAAAAAAAAAAAAAA",
                    "rendering": "number",
                    "min": "0"
                  }
                },
                {
                  "label": "Units",
                  "type": "obs",
                  "id": "unitsOtherFacilities",
                  "questionOptions": {
                    "concept": "1444AAAAAAAAAAAAAAAAAAAAAAAAAAAAAAAA",
                    "rendering": "text"
                  }
                },
                {
                  "label": "Frequency",
                  "type": "obs",
                  "id": "freqOtherFacilities",
                  "questionOptions": {
                    "concept": "160855AAAAAAAAAAAAAAAAAAAAAAAAAAAAAA",
                    "rendering": "select",
                    "answers": [
                      {
                        "concept": "160862AAAAAAAAAAAAAAAAAAAAAAAAAAAAAA",
                        "label": "Once daily"
                      },
                      {
                        "concept": "160863AAAAAAAAAAAAAAAAAAAAAAAAAAAAAA",
                        "label": "Once daily at bedtime"
                      },
                      {
                        "concept": "160864AAAAAAAAAAAAAAAAAAAAAAAAAAAAAA",
                        "label": "Once daily in the evening"
                      },
                      {
                        "concept": "160865AAAAAAAAAAAAAAAAAAAAAAAAAAAAAA",
                        "label": "Once daily in the morning"
                      },
                      {
                        "concept": "160858AAAAAAAAAAAAAAAAAAAAAAAAAAAAAA",
                        "label": "Twice daily"
                      },
                      {
                        "concept": "160866AAAAAAAAAAAAAAAAAAAAAAAAAAAAAA",
                        "label": "Thrice daily"
                      },
                      {
                        "concept": "160870AAAAAAAAAAAAAAAAAAAAAAAAAAAAAA",
                        "label": "Four times daily"
                      }
                    ]
                  }
                },
                {
                  "label": "Duration",
                  "type": "obs",
                  "id": "durationOtherFacilities",
                  "questionOptions": {
                    "concept": "159368AAAAAAAAAAAAAAAAAAAAAAAAAAAAAA",
                    "rendering": "number",
                    "min": "0"
                  }
                },
                {
                  "label": "Duration units",
                  "type": "obs",
                  "id": "durationUnitsOtherFacilities",
                  "questionOptions": {
                    "concept": "1732AAAAAAAAAAAAAAAAAAAAAAAAAAAAAAAA",
                    "rendering": "select",
                    "answers": [
                      {
                        "concept": "1822AAAAAAAAAAAAAAAAAAAAAAAAAAAAAAAA",
                        "label": "Hours"
                      },
                      {
                        "concept": "1072AAAAAAAAAAAAAAAAAAAAAAAAAAAAAAAA",
                        "label": "Days"
                      },
                      {
                        "concept": "1073AAAAAAAAAAAAAAAAAAAAAAAAAAAAAAAA",
                        "label": "Weeks"
                      },
                      {
                        "concept": "1074AAAAAAAAAAAAAAAAAAAAAAAAAAAAAAAA",
                        "label": "Months"
                      }
                    ]
                  }
                },
                {
                  "label": "Dispense date",
                  "type": "obs",
                  "id": "drugPickUpOtherFacilities",
                  "questionOptions": {
                    "concept": "162550AAAAAAAAAAAAAAAAAAAAAAAAAAAAAA",
                    "rendering": "date"
                  }
                }
              ],
              "id": "druGsFromOutside",
              "validators": []
            }
          ]
        },
        {
          "label": "Return Visit Date",
          "isExpanded": "true",
          "questions": [
            {
              "label": "Next review date:",
              
              "id": "appointmentWorkspaceLauncher",
              "questionOptions": {
                "rendering": "workspace-launcher",
                "buttonLabel": "Add appointments",
                "workspaceName": "appointments-form-workspace"
              }
            }
          ]
        }
      ]
    }
  ],
  "processor": "EncounterFormProcessor",
  "referencedForms": []
}