{
  "name": "Cardex Nursing Plan",
  "description": "Cardex Nursing Plan Form",
  "version": "2",
  "published": true,
  "uuid": "1f81d5e2-3569-40cf-bbb9-361a53ba409b",
  "retired": false,
  "encounter": "Nursing Cardex",
  "pages": [
    {
      "label": "Visit Details",
      "sections": [
        {
          "label": "Encounter Details",
          "isExpanded": "true",
          "questions": [
            {
              "label": "Visit date:",
              "type": "encounterDatetime",
              "required": "true",
              "id": "encDate",
              "questionOptions": {
                "rendering": "date"
              },
              "validators": [
                {
                  "type": "date",
                  "allowFutureDates": "false"
                }
              ]
            },
            {
              "label": "Provider:",
              "type": "encounterProvider",
              "required": "true",
              "questionOptions": {
                "rendering": "ui-select-extended"
              },
              "id": "encProvider "
            },
            {
              "label": "Location:",
              "type": "encounterLocation",
              "required": "true",
              "questionOptions": {
                "rendering": "ui-select-extended"
              },
              "id": "encLocation"
            }
          ]
        }
      ]
    },
    {
      "label": "Nursing Notes",
      "sections": [
        {
          "label": "Nursing Detailed Notes",
          "isExpanded": "true",
          "questions": [
            {
              "label": "Notes",
              "type": "obs",
              "id": "nursingNotes",
              "required": "true",
              "questionOptions": {
                "concept": "164231AAAAAAAAAAAAAAAAAAAAAAAAAAAAAA",
                "rendering": "textarea"
              }
            },
            {
              "label": "Medication Administered?",
              "type": "obs",
              "id": "actionTaKen",
              "questionOptions": {
                "concept": "1282AAAAAAAAAAAAAAAAAAAAAAAAAAAAAAAA",
                "rendering": "radio",
                "answers": [
                  {
                    "concept": "1065AAAAAAAAAAAAAAAAAAAAAAAAAAAAAAAA",
                    "label": "Yes"
                  },
                  {
                    "concept": "1066AAAAAAAAAAAAAAAAAAAAAAAAAAAAAAAA",
                    "label": "No"
                  }
                ]
              }
            },
            {
              "label": "Medication Given",
              "type": "obsGroup",
              "id": "medsRepeat",
              "questionOptions": {
                "concept": "159369AAAAAAAAAAAAAAAAAAAAAAAAAAAAAA",
                "rendering": "repeating"
              },
              "hide": {
                "hideWhenExpression": "isEmpty(actionTaKen) || actionTaKen !== '1065AAAAAAAAAAAAAAAAAAAAAAAAAAAAAAAA'"
              },
              "questions": [
                {
                  "label": "Name of Medication",
                  "type": "obs",
                  "id": "medicatIonName",
                  "required": "true",
                  "questionOptions": {
                    "concept": "164231AAAAAAAAAAAAAAAAAAAAAAAAAAAAAA",
                    "rendering": "text"
                  }
                },
                {
                  "label": "Time Taken",
                  "type": "obs",
                  "id": "TtakEn",
                  "datePickerFormat": "timer",
                  "questionOptions": {
                    "concept": "9c4c7722-ba3e-4bdf-ab97-c04170100037",
                    "rendering": "date"
                  }
                }
              ]
            },
            {
              "label": "Fluids Administered?",
              "type": "obs",
              "id": "actionTaKenIVfluids",
              "questionOptions": {
                "concept": "1282AAAAAAAAAAAAAAAAAAAAAAAAAAAAAAAA",
                "rendering": "radio",
                "answers": [
                  {
                    "concept": "1065AAAAAAAAAAAAAAAAAAAAAAAAAAAAAAAA",
                    "label": "Yes"
                  },
                  {
                    "concept": "1066AAAAAAAAAAAAAAAAAAAAAAAAAAAAAAAA",
                    "label": "No"
                  }
                ]
              }
            },
            {
              "label": "Fluids Given",
              "type": "obsGroup",
              "id": "fluiDsRepeat",
              "questionOptions": {
                "concept": "161911AAAAAAAAAAAAAAAAAAAAAAAAAAAAAA",
                "rendering": "repeating"
              },
              "hide": {
                "hideWhenExpression": "actionTaKenIVfluids !== '1065AAAAAAAAAAAAAAAAAAAAAAAAAAAAAAAA'"
              },
              "questions": [
                {
                  "label": "Name of Fluid Given",
                  "type": "obs",
                  "id": "flUidName",
                  "required": "true",
                  "questionOptions": {
                    "concept": "164231AAAAAAAAAAAAAAAAAAAAAAAAAAAAAA",
                    "rendering": "text"
                  }
                },
                {
                  "label": "Time Taken",
                  "type": "obs",
                  "id": "fluiDsTtakEn",
                  "datePickerFormat": "timer",
                  "questionOptions": {
                    "concept": "9c4c7722-ba3e-4bdf-ab97-c04170100037",
                    "rendering": "date"
                  }
                }
              ]
            }
          ]
        }
      ]
    }
  ],
  "encounterType": "b6569074-3b8c-43ba-bd4a-98c445405035"
}