{
	"name": "Child Welfare Services Discontinuation",
	"description": "Child Welfare Services Discontinuation",
	"version": "2.0",
	"published": true,
	"uuid": "1dd02c43-904b-4206-8378-7b1a8414c326",
	"retired": false,
	"encounter": "MCH Child Discontinuation",
	"meta": {
	  "programs": {
		"uuid": "c2ecdf11-97cd-432a-a971-cfd9bd296b83",
		"isEnrollment": false,
		"discontinuationDateQuestionId": "encDate"
	  }
	},
	"pages": [
	  {
		"label": "Child Welfare Services Discontinuation",
		"sections": [
		  {
			"label": "Visit Details",
			"isExpanded": "true",
			"questions": [
			  {
				"label": "Discontinued Date:",
				"type": "encounterDatetime",
				"required": "true",
				"questionOptions": {
				  "rendering": "ui-select-extended"
				},
				"validators": [
				  {
					"type": "date",
					"allowFutureDates": "false"
				  }
				],
				"id": "encDate"
			  },
			  {
				"label": "Provider:",
				"type": "encounterProvider",
				"required": "true",
				"questionOptions": {
				  "rendering": "ui-select-extended"
				},
				"id": "encProvider "
			  },
			  {
				"label": "Location:",
				"type": "encounterLocation",
				"required": "true",
				"questionOptions": {
				  "rendering": "ui-select-extended"
				},
				"id": "encLocation"
			  }
			]
		  },
		  {
			"label": "Child Services Discontinuation",
			"isExpanded": "true",
			"questions": [
			  {
				"label": "Exit Criteria",
				"type": "obs",
				"required": "true",
				"questionOptions": {
				  "rendering": "select",
				  "concept": "161555AAAAAAAAAAAAAAAAAAAAAAAAAAAAAA",
				  "answers": [
					{
					  "concept": "4b758ec9-13ce-410d-8694-c7856d59fbc",
					  "label": "5years and above"
					},
					{
					  "concept": "159492AAAAAAAAAAAAAAAAAAAAAAAAAAAAAA",
					  "label": "Transferred Out"
					},
					{
					  "concept": "5240AAAAAAAAAAAAAAAAAAAAAAAAAAAAAAAA",
					  "label": "Lost to follow up"
					},
					{
					  "concept": "160432AAAAAAAAAAAAAAAAAAAAAAAAAAAAAA",
					  "label": "Died"
					},
					{
					  "concept": "25bc9a57-6603-401b-b989-60db25e89561",
					  "label": "Perinatal death (death within first seven days of life)"
					}
				  ]
				},
				"id": "idReason"
			  }
			]
		  }
		]
	  }
	],
	"processor": "EncounterFormProcessor",
	"referencedForms": []
  }