{
    "name": "Cross Border Screening",
    "version": "1.0",
    "published": true,
    "retired": false,
    "encounter": "Cross Border Screening",
    "pages": [
      {
        "label": "Visit details",
        "sections": [
          {
            "label": "Visit",
            "isExpanded": "true",
            "questions": [
              {
                "label": "Screening Date",
                "type": "encounterDatetime",
                "required": "true",
                "id": "screeningDate",
                "questionOptions": {
                  "rendering": "ui-select-extended"
                },
                "validators": [
                {
                  "type": "date",
                  "allowFutureDates": "false"
                }
              ]
              },
              {
                "label": "Screening by",
                "type": "encounterProvider",
                "required": "true",
                "id": "screeningBy",
                "questionOptions": {
                  "rendering": "ui-select-extended"
                },
                "validators": []
              },
              {
                "label": "Screening Venue",
                "type": "encounterLocation",
                "required": "true",
                "id": "screeningVenue",
                "questionOptions": {
                  "rendering": "ui-select-extended"
                },
                "validators": []
              }
            ]
          }
        ]
      },
      {
        "label": "Screening",
        "sections": [
          {
            "label": "Screening",
            "isExpanded": "true",
            "questions": [
              {
                "label": "Where is your usual place of residence?",
                "type": "obs",
                "required": false,
                "id": "placeOfResidence",
                "questionOptions": {
                  "rendering": "select",
                  "concept": "165915AAAAAAAAAAAAAAAAAAAAAAAAAAAAAA",
                  "answers": [
                    {
                      "concept": "162883AAAAAAAAAAAAAAAAAAAAAAAAAAAAAA",
                      "label": "Kenya"
                    },
                    {
                      "concept": "162884AAAAAAAAAAAAAAAAAAAAAAAAAAAAAA",
                      "label": "Uganda"
                    },
                    {
                      "concept": "165752AAAAAAAAAAAAAAAAAAAAAAAAAAAAAA",
                      "label": "Rwanda"
                    },
                    {
                      "concept": "165639AAAAAAAAAAAAAAAAAAAAAAAAAAAAAA",
                      "label": "United Republic of Tanzania"
                    },
                    {
                      "concept": "165744AAAAAAAAAAAAAAAAAAAAAAAAAAAAAA",
                      "label": "Burundi"
                    },
                    {
                      "concept": "165765AAAAAAAAAAAAAAAAAAAAAAAAAAAAAA",
                      "label": "South Sudan"
                    }
                  ]
                },
                "validators": []
              },
              {
                "label": "Nationality",
                "type": "obs",
                "required": false,
                "id": "nationality",
                "questionOptions": {
                  "rendering": "radio",
                  "concept": "08a53430-e304-4c3f-a154-8473b4cbd8f2",
                  "answers": [
                    {
                      "concept": "162883AAAAAAAAAAAAAAAAAAAAAAAAAAAAAA",
                      "label": "Kenya"
                    },
                    {
                      "concept": "162884AAAAAAAAAAAAAAAAAAAAAAAAAAAAAA",
                      "label": "Uganda"
                    },
                    {
                      "concept": "165752AAAAAAAAAAAAAAAAAAAAAAAAAAAAAA",
                      "label": "Rwanda"
                    },
                    {
                      "concept": "165639AAAAAAAAAAAAAAAAAAAAAAAAAAAAAA",
                      "label": "United Republic of Tanzania"
                    },
                    {
                      "concept": "165744AAAAAAAAAAAAAAAAAAAAAAAAAAAAAA",
                      "label": "Burundi"
                    },
                    {
                      "concept": "165765AAAAAAAAAAAAAAAAAAAAAAAAAAAAAA",
                      "label": "South Sudan"
                    }
                  ]
                },
                "validators": []
              },
              {
                "label": "Target population",
                "type": "obs",
                "required": false,
                "id": "targetPopulation",
                "questionOptions": {
                  "rendering": "select",
                  "concept": "166433AAAAAAAAAAAAAAAAAAAAAAAAAAAAAA",
                  "answers": [
                    {
                      "concept": "166513AAAAAAAAAAAAAAAAAAAAAAAAAAAAAA",
                      "label": "Female sex worker"
                    },
                    {
                      "concept": "162198AAAAAAAAAAAAAAAAAAAAAAAAAAAAAA",
                      "label": "Long distance truck driver"
                    },
                    {
                      "concept": "125da4f7-fc76-415e-b8fb-4768e4daafdf",
                      "label": "Clearing and forwarding agents"
                    },
                    {
                      "concept": "159674AAAAAAAAAAAAAAAAAAAAAAAAAAAAAA",
                      "label": "Fisherfolk"
                    },
                    {
                      "concept": "160578AAAAAAAAAAAAAAAAAAAAAAAAAAAAAA",
                      "label": "Male who has sex with men"
                    },
                    {
                      "concept": "8bf32cfc-76e2-4236-99ae-85003a1ca61c",
                      "label": "Vulnerable Women and Girls"
                    },
                    {
                      "concept": "c8ae2850-abab-4b9c-927c-129ecc2c2752",
                      "label": "Injecting drug user with shared needles or syringes,"
                    },
                    {
                      "concept": "1169AAAAAAAAAAAAAAAAAAAAAAAAAAAAAAAA",
                      "label": "HIV Positive"
                    },
                    {
                      "concept": "5622AAAAAAAAAAAAAAAAAAAAAAAAAAAAAAAA",
                      "label": "Other"
                    }
                  ]
                },
                "validators": []
              },
              {
                "label": "Have you traveled to another country in the last 3 months",
                "type": "obs",
                "required": false,
                "id": "traveledLast3Months",
                "questionOptions": {
                  "rendering": "radio",
                  "concept": "162619AAAAAAAAAAAAAAAAAAAAAAAAAAAAAA",
                  "conceptMappings": [
                    {
                      "relationship": "NARROWER-THAN",
                      "type": "SNOMED NP",
                      "value": "420008001"
                    },
                    {
                      "relationship": "SAME-AS",
                      "type": "CIEL",
                      "value": "162619"
                    }
                  ],
                  "answers": [
                    {
                      "concept": "1065AAAAAAAAAAAAAAAAAAAAAAAAAAAAAAAA",
                      "label": "Yes"
                    },
                    {
                      "concept": "1066AAAAAAAAAAAAAAAAAAAAAAAAAAAAAAAA",
                      "label": "No"
                    }
                  ]
                },
                "validators": []
              },
              {
                "label": "Have you traveled to another country in the last 6 months",
                "type": "obs",
                "required": false,
                "id": "traveledLast6Months",
                "questionOptions": {
                  "rendering": "radio",
                  "concept": "165656AAAAAAAAAAAAAAAAAAAAAAAAAAAAAA",
                  "answers": [
                    {
                      "concept": "1065AAAAAAAAAAAAAAAAAAAAAAAAAAAAAAAA",
                      "label": "Yes"
                    },
                    {
                      "concept": "1066AAAAAAAAAAAAAAAAAAAAAAAAAAAAAAAA",
                      "label": "No"
                    }
                  ]
                },
                "validators": []
              },
              {
                "label": "Have you traveled to another country in the last 12 months",
                "type": "obs",
                "required": false,
                "id": "traveledLast12months",
                "questionOptions": {
                  "rendering": "radio",
                  "concept": "162619AAAAAAAAAAAAAAAAAAAAAAAAAAAAAA",
                  "conceptMappings": [
                    {
                      "relationship": "NARROWER-THAN",
                      "type": "SNOMED NP",
                      "value": "420008001"
                    },
                    {
                      "relationship": "SAME-AS",
                      "type": "CIEL",
                      "value": "162619"
                    }
                  ],
                  "answers": [
                    {
                      "concept": "1065AAAAAAAAAAAAAAAAAAAAAAAAAAAAAAAA",
                      "label": "Yes"
                    },
                    {
                      "concept": "1066AAAAAAAAAAAAAAAAAAAAAAAAAAAAAAAA",
                      "label": "No"
                    }
                  ]
                },
                "validators": []
              },
              {
                "label": "How long (in days) did you stay the last time you traveled to another country?",
                "type": "obs",
                "required": false,
                "id": "daysTraveledToAnotherCountry",
                "questionOptions": {
                  "rendering": "number",
                  "concept": "162603AAAAAAAAAAAAAAAAAAAAAAAAAAAAAA",
                  "conceptMappings": [
                    {
                      "relationship": "SAME-AS",
                      "type": "CIEL",
                      "value": "162603"
                    }
                  ],
                  "disallowDecimals": true
                },
                "validators": []
              },
              {
                "label": "How frequently do you travel to another country",
                "type": "obs",
                "required": false,
                "id": "frequencyOfTravelToAnotherCountry",
                "questionOptions": {
                  "rendering": "select",
                  "concept": "1732AAAAAAAAAAAAAAAAAAAAAAAAAAAAAAAA",
                  "conceptMappings": [
                    {
                      "relationship": "NARROWER-THAN",
                      "type": "SNOMED NP",
                      "value": "258700003"
                    },
                    {
                      "relationship": "SAME-AS",
                      "type": "PIH Malawi",
                      "value": "2286"
                    },
                    {
                      "relationship": "SAME-AS",
                      "type": "CIEL",
                      "value": "1732"
                    }
                  ],
                  "answers": [
                    {
                      "concept": "1822AAAAAAAAAAAAAAAAAAAAAAAAAAAAAAAA",
                      "label": "Hours"
                    },
                    {
                      "concept": "1733AAAAAAAAAAAAAAAAAAAAAAAAAAAAAAAA",
                      "label": "Minutes"
                    },
                    {
                      "concept": "1072AAAAAAAAAAAAAAAAAAAAAAAAAAAAAAAA",
                      "label": "Days"
                    },
                    {
                      "concept": "1073AAAAAAAAAAAAAAAAAAAAAAAAAAAAAAAA",
                      "label": "Weeks"
                    },
                    {
                      "concept": "1074AAAAAAAAAAAAAAAAAAAAAAAAAAAAAAAA",
                      "label": "Months"
                    },
                    {
                      "concept": "1734AAAAAAAAAAAAAAAAAAAAAAAAAAAAAAAA",
                      "label": "Years"
                    },
                    {
                      "concept": "162582AAAAAAAAAAAAAAAAAAAAAAAAAAAAAA",
                      "label": "Number of occurrences"
                    }
                  ]
                },
                "validators": []
              },
              {
                "label": "Service",
                "type": "obs",
                "required": false,
                "id": "service",
                "questionOptions": {
                  "rendering": "select",
                  "concept": "d7a3441d-6aeb-49be-b7d6-b2a3bb39e78d",
                  "answers": [
                    {
                      "concept": "160631AAAAAAAAAAAAAAAAAAAAAAAAAAAAAA",
                      "label": "HIV Program"
                    },
                    {
                      "concept": "160541AAAAAAAAAAAAAAAAAAAAAAAAAAAAAA",
                      "label": "Tuberculosis treatment program"
                    },
                    {
                      "concept": "5483AAAAAAAAAAAAAAAAAAAAAAAAAAAAAAAA",
                      "label": "Family planning services"
                    },
                    {
                      "concept": "159937AAAAAAAAAAAAAAAAAAAAAAAAAAAAAA",
                      "label": "Maternal and child health program"
                    },
                    {
                      "concept": "160546AAAAAAAAAAAAAAAAAAAAAAAAAAAAAA",
                      "label": "Sexually transmitted infection program/clinic"
                    },
                    {
                      "concept": "164849AAAAAAAAAAAAAAAAAAAAAAAAAAAAAA",
                      "label": "Referred for HIV care and treatment"
                    },
                    {
                      "concept": "5622AAAAAAAAAAAAAAAAAAAAAAAAAAAAAAAA",
                      "label": "Other"
                    }
                  ]
                },
                "validators": []
              }
            ]
          }
        ]
      }
    ],
    "processor": "EncounterFormProcessor",
    "encounterType": "6536A8A3-7B77-414D-A0F0-E08A7178FF0F",
    "referencedForms": [],
    "uuid": "099d5e12-18fc-11eb-86f3-231df7469c4e",
    "description": "Cross Border Screening"
  }