{
	"name": "Delivery",
	"description": "Delivery",
	"version": "2.0",
	"published": true,
	"uuid": "496c7cc3-0eea-4e84-a04c-2292949e2f7f",
	"retired": false,
	"encounter": "MCH Mother Consultation",
	"pages": [
	  {
		"label": "Visit Details",
		"sections": [
		  {
			"label": "Encounter Details",
			"isExpanded": "true",
			"questions": [
			  {
				"label": "Date:",
				"type": "encounterDatetime",
				"required": "true",
				"questionOptions": {
				  "rendering": "ui-select-extended"
				},
				"id": "encDate",
				"validators": [
				  {
					"type": "date",
					"allowFutureDates": "false"
				  }
				]
			  },
			  {
				"label": "Provider:",
				"type": "encounterProvider",
				"required": "true",
				"questionOptions": {
				  "rendering": "ui-select-extended"
				},
				"id": "encProvider "
			  },
			  {
				"label": "Location:",
				"type": "encounterLocation",
				"required": "true",
				"questionOptions": {
				  "rendering": "ui-select-extended"
				},
				"id": "encLocation"
			  }
			]
		  },
		  {
			"label": "Visit Details",
			"isExpanded": "true",
			"questions": [
			  {
				"label": "Admission Number:",
				"type": "obs",
				"id": "admNumber",
				"questionOptions": {
				  "concept": "162054AAAAAAAAAAAAAAAAAAAAAAAAAAAAAA",
				  "rendering": "text",
				  "min": "0"
				}
			  },
			  {
				"label": "Number of ANC Visits:",
				"type": "obs",
				"id": "noOfAncVisits",
				"questionOptions": {
				  "concept": "1590AAAAAAAAAAAAAAAAAAAAAAAAAAAAAAAA",
				  "rendering": "number",
				  "min": "0",
				  "max": "99"
				}
			  }
			]
		  }
		]
	  },
	   {
      "label": "Patient History",
      "sections": [
        {
          "label": "Pregnancy History",
          "isExpanded": "true",
          "questions": [
            {
              "label": "Date of Last Normal Menstrual Period(LNMP)",
              "type": "obs",
              "id": "lastLmpDate",
              "questionOptions": {
                "concept": "1427AAAAAAAAAAAAAAAAAAAAAAAAAAAAAAAA",
                "useMostRecentValue": true,
                "autoPopulateWithMostRecentValue": true,
                "rendering": "date"
              },
              "validators": [
                {
                  "type": "date",
                  "allowFutureDates": "false"
                },
                {
                  "type": "js_expression",
                  "failsWhenExpression": "!isEmpty(myValue) && moment(myValue).isBefore(moment(birthdate), 'day')",
                  "message": "LMP date should not be before the date of birth."
                }
              ]
            },
            {
              "label": "Estimated date of Delivery",
              "type": "obs",
              "id": "lastDeliveryDate",
              "required": "true",
              "questionOptions": {
                "concept": "5596AAAAAAAAAAAAAAAAAAAAAAAAAAAAAAAA",
                "rendering": "date",
                "calculate": {
                  "calculateExpression": "moment(lastLmpDate).isValid() ? moment(lastLmpDate).add(280, 'days').toDate() : ''"
                }
              },
              "validators": []
            },
            {
              "label": "Gestation at birth (in weeks):",
              "type": "obs",
              "id": "gestation",
              "questionOptions": {
                "concept": "1789AAAAAAAAAAAAAAAAAAAAAAAAAAAAAAAA",
                "rendering": "number",
                "min": "24",
                "max": "50",
                "calculate": {
                  "calculateExpression": "moment(lastLmpDate).isValid() ? moment().diff( moment(lastLmpDate), 'weeks') :''"
                }
              }
            },
            {
              "label": "Duration of Labor (Hours):",
              "type": "obs",
              "id": "durationOfLabour",
              "questionOptions": {
                "concept": "159616AAAAAAAAAAAAAAAAAAAAAAAAAAAAAA",
                "rendering": "number",
                "min": "0",
                "max": "99"
              }
            },
            {
              "label": "Mode of Delivery:",
              "type": "obs",
              "id": "deliveryMode",
              "questionOptions": {
                "concept": "5630AAAAAAAAAAAAAAAAAAAAAAAAAAAAAAAA",
                "rendering": "select",
                "answers": [
                  {
                    "concept": "1170AAAAAAAAAAAAAAAAAAAAAAAAAAAAAAAA",
                    "label": "Spontaneous vaginal delivery(SVD)"
                  },
                  {
                    "concept": "1171AAAAAAAAAAAAAAAAAAAAAAAAAAAAAAAA",
                    "label": "Cesarean section(CS)"
                  },
                  {
                    "concept": "1172AAAAAAAAAAAAAAAAAAAAAAAAAAAAAAAA",
                    "label": "Breech delivery"
                  },
                  {
                    "concept": "118159AAAAAAAAAAAAAAAAAAAAAAAAAAAAAA",
                    "label": "Assisted vaginal delivery(AVD)"
                  }
                ]
              },
              "hide": {
                "hideWhenExpression": ""
              }
            },
            {
              "label": "Date and time of Delivery:",
              "type": "obs",
              "datePickerFormat": "both",
              "questionOptions": {
                "rendering": "date",
                "concept": "5599AAAAAAAAAAAAAAAAAAAAAAAAAAAAAAAA"
              },
              "id": "deliveryDateTime",
              "validators": [
                {
                  "type": "date",
                  "allowFutureDates": "false"
                }
              ],
              "required": "true"
            },
            {
              "label": "Place of Delivery:",
              "type": "obs",
              "id": "placeOfDelivery",
              "questionOptions": {
                "concept": "1572AAAAAAAAAAAAAAAAAAAAAAAAAAAAAAAA",
                "rendering": "select",
                "answers": [
                  {
                    "concept": "1536AAAAAAAAAAAAAAAAAAAAAAAAAAAAAAAA",
                    "label": "Home"
                  },
                  {
                    "concept": "1589AAAAAAAAAAAAAAAAAAAAAAAAAAAAAAAA",
                    "label": "Facility"
                  },
                  {
                    "concept": "1601AAAAAAAAAAAAAAAAAAAAAAAAAAAAAAAA",
                    "label": "Born Before Arrival"
                  }
                ]
              }
            },
            {
              "label": "Delivery Conducted By:",
              "type": "obs",
              "id": "deliveryConductedBy",
              "questionOptions": {
                "concept": "1473AAAAAAAAAAAAAAAAAAAAAAAAAAAAAAAA",
                "rendering": "text"
              }
            },
            {
              "label": "Cadre :",
              "type": "obs",
              "id": "deliveryFaciliTy",
              "questionOptions": {
                "concept": "1573AAAAAAAAAAAAAAAAAAAAAAAAAAAAAAAA",
                "rendering": "select",
                "answers": [
                  {
                    "concept": "1574AAAAAAAAAAAAAAAAAAAAAAAAAAAAAAAA",
                    "label": "Clinical officer/Doctor"
                  },
                  {
                    "concept": "1578AAAAAAAAAAAAAAAAAAAAAAAAAAAAAAAA",
                    "label": "Midwife"
                  },
                  {
                    "concept": "1577AAAAAAAAAAAAAAAAAAAAAAAAAAAAAAAA",
                    "label": "Nurse"
                  },
                  {
                    "concept": "5622AAAAAAAAAAAAAAAAAAAAAAAAAAAAAAAA",
                    "label": "Other"
                  }
                ]
              },
              "hide": {
                "hideWhenExpression": "isEmpty(placeOfDelivery) || placeOfDelivery !== '1589AAAAAAAAAAAAAAAAAAAAAAAAAAAAAAAA'"
              }
            },
            {
              "label": "Cadre :",
              "type": "obs",
              "id": "deliveryHomeBBA",
              "questionOptions": {
                "concept": "1573AAAAAAAAAAAAAAAAAAAAAAAAAAAAAAAA",
                "rendering": "select",
                "answers": [
                  {
                    "concept": "1574AAAAAAAAAAAAAAAAAAAAAAAAAAAAAAAA",
                    "label": "Clinical officer/Doctor"
                  },
                  {
                    "concept": "1578AAAAAAAAAAAAAAAAAAAAAAAAAAAAAAAA",
                    "label": "Midwife"
                  },
                  {
                    "concept": "1577AAAAAAAAAAAAAAAAAAAAAAAAAAAAAAAA",
                    "label": "Nurse"
                  },
                  {
                    "concept": "1575AAAAAAAAAAAAAAAAAAAAAAAAAAAAAAAA",
                    "label": "Traditional Birth Attendant"
                  },
                  {
                    "concept": "1555AAAAAAAAAAAAAAAAAAAAAAAAAAAAAAAA",
                    "label": "Community Health Care Promoter"
                  },
                  {
                    "concept": "5622AAAAAAAAAAAAAAAAAAAAAAAAAAAAAAAA",
                    "label": "Other"
                  }
                ]
              },
              "hide": {
                "hideWhenExpression": "isEmpty(placeOfDelivery) || placeOfDelivery === '1589AAAAAAAAAAAAAAAAAAAAAAAAAAAAAAAA'"
              }
            },
            {
              "label": "Specify:",
              "type": "obs",
              "id": "OtheRcadRes",
              "questionOptions": {
                "concept": "161011AAAAAAAAAAAAAAAAAAAAAAAAAAAAAA",
                "rendering": "text"
              },
              "hide": {
                "hideWhenExpression": "deliveryFaciliTy !== '5622AAAAAAAAAAAAAAAAAAAAAAAAAAAAAAAA'"
              }
            },
            {
              "label": "Specify:",
              "type": "obs",
              "id": "OtheRcadResHome",
              "questionOptions": {
                "concept": "161011AAAAAAAAAAAAAAAAAAAAAAAAAAAAAA",
                "rendering": "text"
              },
              "hide": {
                "hideWhenExpression": "deliveryHomeBBA !== '5622AAAAAAAAAAAAAAAAAAAAAAAAAAAAAAAA'"
              }
            }
          ]
        }
      ]
    },
    {
      "label": "Patient Examination",
      "sections": [
        {
          "label": "HIV Testing",
          "isExpanded": "true",
          "questions": [
            {
              "label": "Client eligible for testing :",
              "type": "obs",
              "id": "eligibleTest",
              "questionOptions": {
                "concept": "162699AAAAAAAAAAAAAAAAAAAAAAAAAAAAAA",
                "rendering": "radio",
                "answers": [
                  {
                    "concept": "1065AAAAAAAAAAAAAAAAAAAAAAAAAAAAAAAA",
                    "label": "Yes"
                  },
                  {
                    "concept": "1066AAAAAAAAAAAAAAAAAAAAAAAAAAAAAAAA",
                    "label": "No"
                  }
                ]
              }
            },
            {
              "label": "Which HIV test is been performed?",
              "type": "obs",
              "questionOptions": {
                "rendering": "radio",
                "concept": "164181AAAAAAAAAAAAAAAAAAAAAAAAAAAAAA",
                "answers": [
                  {
                    "concept": "164180AAAAAAAAAAAAAAAAAAAAAAAAAAAAAA",
                    "label": "Initial"
                  },
                  {
                    "concept": "160530AAAAAAAAAAAAAAAAAAAAAAAAAAAAAA",
                    "label": "Retest"
                  }
                ]
              },
              "validators": [],
              "hide": {
                "hideWhenExpression": "isEmpty(eligibleTest) || eligibleTest !== '1065AAAAAAAAAAAAAAAAAAAAAAAAAAAAAAAA'"
              },
              "id": "HIVTestQuestion",
              "required": "true"
            },
            {
              "label": "Has consent been given? ",
              "type": "obs",
              "questionOptions": {
                "rendering": "radio",
                "concept": "1710AAAAAAAAAAAAAAAAAAAAAAAAAAAAAAAA",
                "answers": [
                  {
                    "concept": "true",
                    "label": "Yes"
                  },
                  {
                    "concept": "false",
                    "label": "No"
                  }
                ]
              },
              "validators": [],
              "hide": {
                "hideWhenExpression": "isEmpty(eligibleTest) || eligibleTest !== '1065AAAAAAAAAAAAAAAAAAAAAAAAAAAAAAAA'"
              },
              "id": "consentGiven",
              "required": "true"
            },
            {
              "label": "Client tested as?  ",
              "type": "obs",
              "questionOptions": {
                "rendering": "radio",
                "concept": "b61c1482-1697-404c-ab96-fd698d5fd317",
                "answers": [
                  {
                    "concept": "147082f4-0662-4bfa-a54c-914f1db97373",
                    "label": "Individual"
                  },
                  {
                    "concept": "c3eba392-6f4d-4990-809f-91000503afbc",
                    "label": "Couple"
                  }
                ]
              },
              "id": "testedAs",
              "validators": [],
              "hide": {
                "hideWhenExpression": "isEmpty(consentGiven) || consentGiven !== 'true'"
              }
            },
            {
              "label": "HIV Test",
              "type": "obsGroup",
              "questionOptions": {
                "rendering": "group",
                "concept": "164410AAAAAAAAAAAAAAAAAAAAAAAAAAAAAA"
              },
              "id": "hivTest1",
              "validators": [],
              "hide": {
                "hideWhenExpression": "isEmpty(consentGiven) || consentGiven !== 'true'"
              },
              "questions": [
                {
                  "label": "Kit 1 Name",
                  "type": "obs",
                  "required": "true",
                  "questionOptions": {
                    "rendering": "select",
                    "concept": "214c83f9-435d-44f5-9ae6-d5757b7b4c7f",
                    "answers": [
                      {
                        "concept": "9c4011c2-2579-49cf-ab53-93d009f03e7b",
                        "label": "Trinscreen"
                      },
                      {
                        "concept": "7cf927f8-e734-474f-b71a-1459bb566aa2",
                        "label": "Determine"
                      }
                    ]
                  },
                  "id": "kitName",
                  "validators": [],
                  "hide": {
                    "hideWhenExpression": "isEmpty(consentGiven) || consentGiven !== 'true' || sex != 'M'"
                  }
                },
                {
                  "label": "Kit 1 Name",
                  "type": "obs",
                  "required": "true",
                  "questionOptions": {
                    "rendering": "select",
                    "concept": "214c83f9-435d-44f5-9ae6-d5757b7b4c7f",
                    "answers": [
                      {
                        "concept": "9c4011c2-2579-49cf-ab53-93d009f03e7b",
                        "label": "Trinscreen"
                      },
                      {
                        "concept": "7cf927f8-e734-474f-b71a-1459bb566aa2",
                        "label": "Determine"
                      }
                    ]
                  },
                  "id": "kitNameFe",
                  "validators": [],
                  "hide": {
                    "hideWhenExpression": "isEmpty(consentGiven) || consentGiven !== 'true' || sex != 'F' || (age > 9)"
                  }
                },
                {
                  "label": "Kit 1 Name",
                  "type": "obs",
                  "required": "true",
                  "questionOptions": {
                    "rendering": "select",
                    "concept": "214c83f9-435d-44f5-9ae6-d5757b7b4c7f",
                    "answers": [
                      {
                        "concept": "9c4011c2-2579-49cf-ab53-93d009f03e7b",
                        "label": "Trinscreen"
                      },
                      {
                        "concept": "7cf927f8-e734-474f-b71a-1459bb566aa2",
                        "label": "Determine"
                      },
                      {
                        "concept": "2f5a80fa-6f26-4832-b8a8-f47649bb60de",
                        "label": "Dual Kit"
                      },
                      {
                        "concept": "5e010f25-6074-4caa-9a26-9ae93ca03e31",
                        "label": "Standard Q"
                      }
                    ]
                  },
                  "id": "kitNameA",
                  "validators": [],
                  "hide": {
                    "hideWhenExpression": "isEmpty(consentGiven) || consentGiven !== 'true' || sex != 'F' || (age < 9)"
                  }
                },
                {
                  "label": "Lot Number",
                  "type": "obs",
                  "required": "true",
                  "questionOptions": {
                    "rendering": "text",
                    "concept": "3d4f9e8e-46cc-4024-a1c4-d0167f2c84a4"
                  },
                  "id": "lotNumber",
                  "validators": [],
                  "hide": {
                    "hideWhenExpression": "isEmpty(kitName) && isEmpty(kitNameA) && isEmpty(kitNameFe)"
                  }
                },
                {
                  "label": "Expiry Date",
                  "type": "obs",
                  "required": "true",
                  "validators": [
                    {
                      "type": "date",
                      "allowFutureDates": "true"
                    },
                    {
                      "type": "js_expression",
                      "failsWhenExpression": "(new moment(encDate)).isAfter((new moment(myValue)), 'day') || (new moment(encDate)).isSame((new moment(myValue)), 'day')",
                      "message": "Expiry date should be greater than the encounter date."
                    }
                  ],
                  "questionOptions": {
                    "rendering": "date",
                    "concept": "162502AAAAAAAAAAAAAAAAAAAAAAAAAAAAAA",
                    "weeksList": ""
                  },
                  "id": "expiryDate",
                  "hide": {
                    "hideWhenExpression": "isEmpty(kitName) && isEmpty(kitNameA) && isEmpty(kitNameFe)"
                  }
                },
                {
                  "label": "HIV Test 1 Results:",
                  "type": "obs",
                  "required": "true",
                  "questionOptions": {
                    "rendering": "select",
                    "concept": "1040AAAAAAAAAAAAAAAAAAAAAAAAAAAAAAAA",
                    "answers": [
                      {
                        "concept": "703AAAAAAAAAAAAAAAAAAAAAAAAAAAAAAAAA",
                        "label": "Positive"
                      },
                      {
                        "concept": "664AAAAAAAAAAAAAAAAAAAAAAAAAAAAAAAAA",
                        "label": "Negative"
                      },
                      {
                        "concept": "163611AAAAAAAAAAAAAAAAAAAAAAAAAAAAAA",
                        "label": "Invalid"
                      }
                    ]
                  },
                  "id": "testResults",
                  "validators": [],
                  "hide": {
                    "hideWhenExpression": "isEmpty(kitName) && isEmpty(kitNameA) && isEmpty(kitNameFe)"
                  }
                },
                {
                  "label": "Syphilis Results:",
                  "type": "obs",
                  "id": "syphilisTestResults",
                  "questionOptions": {
                    "concept": "299AAAAAAAAAAAAAAAAAAAAAAAAAAAAAAAAA",
                    "rendering": "select",
                    "answers": [
                      {
                        "concept": "1229AAAAAAAAAAAAAAAAAAAAAAAAAAAAAAAA",
                        "label": "Negative"
                      },
                      {
                        "concept": "1228AAAAAAAAAAAAAAAAAAAAAAAAAAAAAAAA",
                        "label": "Positive"
                      },
                      {
                        "concept": "1304AAAAAAAAAAAAAAAAAAAAAAAAAAAAAAAA",
                        "label": "Poor Sample quality"
                      }
                    ]
                  },
                  "hide": {
                    "hideWhenExpression": "isEmpty(kitNameA) || kitNameA !== '2f5a80fa-6f26-4832-b8a8-f47649bb60de' && '5e010f25-6074-4caa-9a26-9ae93ca03e31'"
                  }
                },
                {
                  "label": "Was treatment given?",
                  "type": "obs",
                  "id": "syphllTX",
                  "questionOptions": {
                    "concept": "166665AAAAAAAAAAAAAAAAAAAAAAAAAAAAAA",
                    "rendering": "radio",
                    "answers": [
                      {
                        "concept": "1065AAAAAAAAAAAAAAAAAAAAAAAAAAAAAAAA",
                        "label": "Yes"
                      },
                      {
                        "concept": "1066AAAAAAAAAAAAAAAAAAAAAAAAAAAAAAAA",
                        "label": "No"
                      }
                    ]
                  },
                  "validators": [],
                  "hide": {
                    "hideWhenExpression": "isEmpty(syphilisTestResults) || syphilisTestResults !== '1228AAAAAAAAAAAAAAAAAAAAAAAAAAAAAAAA'"
                  },
                  "alert": {
                    "alertWhenExpression": "myValue === '1066AAAAAAAAAAAAAAAAAAAAAAAAAAAAAAAA'",
                    "message": "Start Treatment"
                  }
                }
              ]
            },
            {
              "label": "HIV Test(s)",
              "type": "obsGroup",
              "questionOptions": {
                "rendering": "group",
                "concept": "164410AAAAAAAAAAAAAAAAAAAAAAAAAAAAAA"
              },
              "id": "hivTest2",
              "validators": [],
              "hide": {
                "hideWhenExpression": "isEmpty(consentGiven) || consentGiven !== 'true'"
              },
              "questions": [
                {
                  "label": "Kit 2 Name",
                  "type": "obs",
                  "required": "true",
                  "questionOptions": {
                    "rendering": "select",
                    "concept": "214c83f9-435d-44f5-9ae6-d5757b7b4c7f",
                    "answers": [
                      {
                        "concept": "3de9db8a-32a2-4518-8887-c8f25208dade",
                        "label": "One Step"
                      },
                      {
                        "concept": "59ef8c87-eb66-4f9e-a459-7227c01f682e",
                        "label": "First Response"
                      }
                    ]
                  },
                  "id": "kitNameB",
                  "validators": [],
                  "hide": {
                    "hideWhenExpression": "isEmpty(testResults) || testResults !== '703AAAAAAAAAAAAAAAAAAAAAAAAAAAAAAAAA'"
                  }
                },
                {
                  "label": "Lot Number",
                  "type": "obs",
                  "required": "true",
                  "questionOptions": {
                    "rendering": "text",
                    "concept": "3d4f9e8e-46cc-4024-a1c4-d0167f2c84a4"
                  },
                  "id": "lotNumberB",
                  "validators": [],
                  "hide": {
                    "hideWhenExpression": "isEmpty(kitNameB)"
                  }
                },
                {
                  "label": "Expiry Date",
                  "type": "obs",
                  "required": "true",
                  "validators": [
                    {
                      "type": "date",
                      "allowFutureDates": "true"
                    },
                    {
                      "type": "js_expression",
                      "failsWhenExpression": "(new moment(encDate)).isAfter((new moment(myValue)), 'day') || (new moment(encDate)).isSame((new moment(myValue)), 'day')",
                      "message": "Expiry date should be greater than the encounter date."
                    }
                  ],
                  "questionOptions": {
                    "rendering": "date",
                    "concept": "162502AAAAAAAAAAAAAAAAAAAAAAAAAAAAAA",
                    "weeksList": ""
                  },
                  "id": "expiryDateB",
                  "hide": {
                    "hideWhenExpression": "isEmpty(kitNameB)"
                  }
                },
                {
                  "label": "HIV Test 2 Results:",
                  "type": "obs",
                  "required": "true",
                  "questionOptions": {
                    "rendering": "select",
                    "concept": "1326AAAAAAAAAAAAAAAAAAAAAAAAAAAAAAAA",
                    "answers": [
                      {
                        "concept": "703AAAAAAAAAAAAAAAAAAAAAAAAAAAAAAAAA",
                        "label": "Positive"
                      },
                      {
                        "concept": "664AAAAAAAAAAAAAAAAAAAAAAAAAAAAAAAAA",
                        "label": "Negative"
                      },
                      {
                        "concept": "163611AAAAAAAAAAAAAAAAAAAAAAAAAAAAAA",
                        "label": "Invalid"
                      }
                    ]
                  },
                  "id": "testResultsB",
                  "validators": [],
                  "hide": {
                    "hideWhenExpression": "isEmpty(kitNameB)"
                  }
                }
              ]
            },
            {
              "label": "HIV Test",
              "type": "obsGroup",
              "questionOptions": {
                "rendering": "group",
                "concept": "164410AAAAAAAAAAAAAAAAAAAAAAAAAAAAAA"
              },
              "id": "hivTestA2",
              "validators": [],
              "hide": {
                "hideWhenExpression": "isEmpty(consentGiven) || consentGiven !== 'true'"
              },
              "questions": [
                {
                  "label": "Kit 1 Name",
                  "type": "obs",
                  "required": "true",
                  "questionOptions": {
                    "rendering": "select",
                    "concept": "214c83f9-435d-44f5-9ae6-d5757b7b4c7f",
                    "answers": [
                      {
                        "concept": "9c4011c2-2579-49cf-ab53-93d009f03e7b",
                        "label": "Trinscreen"
                      }
                    ]
                  },
                  "id": "kitNameD",
                  "validators": [],
                  "hide": {
                    "hideWhenExpression": "isEmpty(testResultsB) || testResultsB !== '664AAAAAAAAAAAAAAAAAAAAAAAAAAAAAAAAA' || kitName ==='7cf927f8-e734-474f-b71a-1459bb566aa2' && kitNameB === '59ef8c87-eb66-4f9e-a459-7227c01f682e' || kitNameA ==='2f5a80fa-6f26-4832-b8a8-f47649bb60de' && kitNameB === '59ef8c87-eb66-4f9e-a459-7227c01f682e'"
                  }
                },
                {
                  "label": "Lot Number",
                  "type": "obs",
                  "required": "true",
                  "questionOptions": {
                    "rendering": "text",
                    "concept": "3d4f9e8e-46cc-4024-a1c4-d0167f2c84a4"
                  },
                  "id": "lotNumberD",
                  "validators": [],
                  "hide": {
                    "hideWhenExpression": "isEmpty(kitNameD)"
                  }
                },
                {
                  "label": "Expiry Date",
                  "type": "obs",
                  "required": "true",
                  "validators": [
                    {
                      "type": "date",
                      "allowFutureDates": "true"
                    },
                    {
                      "type": "js_expression",
                      "failsWhenExpression": "(new moment(encDate)).isAfter((new moment(myValue)), 'day') || (new moment(encDate)).isSame((new moment(myValue)), 'day')",
                      "message": "Expiry date should be greater than the encounter date."
                    }
                  ],
                  "questionOptions": {
                    "rendering": "date",
                    "concept": "162502AAAAAAAAAAAAAAAAAAAAAAAAAAAAAA",
                    "weeksList": ""
                  },
                  "id": "expiryDateD",
                  "hide": {
                    "hideWhenExpression": "isEmpty(kitNameD)"
                  }
                },
                {
                  "label": "HIV Test 3 Results:",
                  "type": "obs",
                  "required": "true",
                  "questionOptions": {
                    "rendering": "select",
                    "concept": "1326AAAAAAAAAAAAAAAAAAAAAAAAAAAAAAAA",
                    "answers": [
                      {
                        "concept": "703AAAAAAAAAAAAAAAAAAAAAAAAAAAAAAAAA",
                        "label": "Positive"
                      },
                      {
                        "concept": "664AAAAAAAAAAAAAAAAAAAAAAAAAAAAAAAAA",
                        "label": "Negative"
                      },
                      {
                        "concept": "163611AAAAAAAAAAAAAAAAAAAAAAAAAAAAAA",
                        "label": "Invalid"
                      }
                    ]
                  },
                  "id": "testResultsD",
                  "validators": [],
                  "hide": {
                    "hideWhenExpression": "isEmpty(kitNameD)"
                  }
                }
              ]
            },
            {
              "label": "HIV Test",
              "type": "obsGroup",
              "questionOptions": {
                "rendering": "group",
                "concept": "164410AAAAAAAAAAAAAAAAAAAAAAAAAAAAAA"
              },
              "id": "hivTest3",
              "validators": [],
              "hide": {
                "hideWhenExpression": "isEmpty(consentGiven) || consentGiven !== 'true'"
              },
              "questions": [
                {
                  "label": "Kit 3 Name",
                  "type": "obs",
                  "required": "true",
                  "questionOptions": {
                    "rendering": "select",
                    "concept": "214c83f9-435d-44f5-9ae6-d5757b7b4c7f",
                    "answers": [
                      {
                        "concept": "59ef8c87-eb66-4f9e-a459-7227c01f682e",
                        "label": "First Response"
                      }
                    ]
                  },
                  "id": "kitNameC",
                  "validators": [],
                  "hide": {
                    "hideWhenExpression": "isEmpty(testResultsB) || testResultsB !== '703AAAAAAAAAAAAAAAAAAAAAAAAAAAAAAAAA' || kitName ==='7cf927f8-e734-474f-b71a-1459bb566aa2' || kitNameB === '59ef8c87-eb66-4f9e-a459-7227c01f682e'"
                  }
                },
                {
                  "label": "Lot Number",
                  "type": "obs",
                  "required": "true",
                  "questionOptions": {
                    "rendering": "text",
                    "concept": "3d4f9e8e-46cc-4024-a1c4-d0167f2c84a4"
                  },
                  "id": "lotNumberC",
                  "validators": [],
                  "hide": {
                    "hideWhenExpression": "isEmpty(kitNameC)"
                  }
                },
                {
                  "label": "Expiry Date",
                  "type": "obs",
                  "required": "true",
                  "validators": [
                    {
                      "type": "date",
                      "allowFutureDates": "true"
                    },
                    {
                      "type": "js_expression",
                      "failsWhenExpression": "(new moment(encDate)).isAfter((new moment(myValue)), 'day') || (new moment(encDate)).isSame((new moment(myValue)), 'day')",
                      "message": "Expiry date should be greater than the encounter date."
                    }
                  ],
                  "questionOptions": {
                    "rendering": "date",
                    "concept": "162502AAAAAAAAAAAAAAAAAAAAAAAAAAAAAA",
                    "weeksList": ""
                  },
                  "id": "expiryDateC",
                  "hide": {
                    "hideWhenExpression": "isEmpty(kitNameC)"
                  }
                },
                {
                  "label": "HIV Test 3 Results:",
                  "type": "obs",
                  "required": "true",
                  "questionOptions": {
                    "rendering": "select",
                    "concept": "83038d41-e832-498b-928f-974ec5bb23dc",
                    "answers": [
                      {
                        "concept": "703AAAAAAAAAAAAAAAAAAAAAAAAAAAAAAAAA",
                        "label": "Positive"
                      },
                      {
                        "concept": "664AAAAAAAAAAAAAAAAAAAAAAAAAAAAAAAAA",
                        "label": "Negative"
                      },
                      {
                        "concept": "163611AAAAAAAAAAAAAAAAAAAAAAAAAAAAAA",
                        "label": "Invalid"
                      }
                    ]
                  },
                  "id": "testResultsC",
                  "validators": [],
                  "hide": {
                    "hideWhenExpression": "isEmpty(kitNameC)"
                  }
                }
              ]
            },
            {
              "label": "Final Results:",
              "type": "obs",
              "required": "true",
              "questionOptions": {
                "rendering": "select",
                "concept": "159427AAAAAAAAAAAAAAAAAAAAAAAAAAAAAA",
                "calculate": {
                  "calculateExpression": "String(testResults) === '703AAAAAAAAAAAAAAAAAAAAAAAAAAAAAAAAA' && String(testResultsB) === '163611AAAAAAAAAAAAAAAAAAAAAAAAAAAAAA' ? '1138AAAAAAAAAAAAAAAAAAAAAAAAAAAAAAAA' : String(testResults) === '703AAAAAAAAAAAAAAAAAAAAAAAAAAAAAAAAA' && String(testResultsB) === '664AAAAAAAAAAAAAAAAAAAAAAAAAAAAAAAAA' ? '1138AAAAAAAAAAAAAAAAAAAAAAAAAAAAAAAA' : String(testResults) === '703AAAAAAAAAAAAAAAAAAAAAAAAAAAAAAAAA' ? '703AAAAAAAAAAAAAAAAAAAAAAAAAAAAAAAAA' : String(testResults) === '664AAAAAAAAAAAAAAAAAAAAAAAAAAAAAAAAA' ? '664AAAAAAAAAAAAAAAAAAAAAAAAAAAAAAAAA' : String(testResults) || String(testResultsB) === '163611AAAAAAAAAAAAAAAAAAAAAAAAAAAAAA' ? '1138AAAAAAAAAAAAAAAAAAAAAAAAAAAAAAAA' : ''"
                },
                "answers": [
                  {
                    "concept": "703AAAAAAAAAAAAAAAAAAAAAAAAAAAAAAAAA",
                    "label": "Positive"
                  },
                  {
                    "concept": "664AAAAAAAAAAAAAAAAAAAAAAAAAAAAAAAAA",
                    "label": "Negative"
                  },
                  {
                    "concept": "1138AAAAAAAAAAAAAAAAAAAAAAAAAAAAAAAA",
                    "label": "Inconclusive"
                  }
                ]
              },
              "id": "hivFinalResultOld",
              "validators": [],
              "hide": {
                "hideWhenExpression": "((String(kitName) === '7cf927f8-e734-474f-b71a-1459bb566aa2' ? 1 : 0) + (String(kitNameB) === '59ef8c87-eb66-4f9e-a459-7227c01f682e' ? 1 : 0) + (String(kitNameA) === '2f5a80fa-6f26-4832-b8a8-f47649bb60de' ? 1 : 0) + (String(testResults) === '163611AAAAAAAAAAAAAAAAAAAAAAAAAAAAAA' ? 1 : 0) + (String(kitNameA) === '7cf927f8-e734-474f-b71a-1459bb566aa2' ? 1 : 0) + (String(testResults) === '664AAAAAAAAAAAAAAAAAAAAAAAAAAAAAAAAA' ? 1 : 0)) === 0"
              }
            },
            {
              "label": "Final Results:",
              "type": "obs",
              "required": "true",
              "questionOptions": {
                "rendering": "select",
                "concept": "159427AAAAAAAAAAAAAAAAAAAAAAAAAAAAAA",
                "calculate": {
                  "calculateExpression": "String(testResults) === '703AAAAAAAAAAAAAAAAAAAAAAAAAAAAAAAAA' && String(testResultsB) === '163611AAAAAAAAAAAAAAAAAAAAAAAAAAAAAA' ? '1138AAAAAAAAAAAAAAAAAAAAAAAAAAAAAAAA' : String(testResults) === '703AAAAAAAAAAAAAAAAAAAAAAAAAAAAAAAAA' && String(testResultsB) === '664AAAAAAAAAAAAAAAAAAAAAAAAAAAAAAAAA' && String(testResultsD) === '703AAAAAAAAAAAAAAAAAAAAAAAAAAAAAAAAA' ? '1138AAAAAAAAAAAAAAAAAAAAAAAAAAAAAAAA' : String(testResults) === '703AAAAAAAAAAAAAAAAAAAAAAAAAAAAAAAAA' && String(testResultsB) === '703AAAAAAAAAAAAAAAAAAAAAAAAAAAAAAAAA' && String(testResultsC) === '703AAAAAAAAAAAAAAAAAAAAAAAAAAAAAAAAA' ? '703AAAAAAAAAAAAAAAAAAAAAAAAAAAAAAAAA' : String(testResults) === '703AAAAAAAAAAAAAAAAAAAAAAAAAAAAAAAAA' && String(testResultsB) === '664AAAAAAAAAAAAAAAAAAAAAAAAAAAAAAAAA' && String(testResultsC) === '664AAAAAAAAAAAAAAAAAAAAAAAAAAAAAAAAA' ? '664AAAAAAAAAAAAAAAAAAAAAAAAAAAAAAAAA' : String(testResults) === '703AAAAAAAAAAAAAAAAAAAAAAAAAAAAAAAAA' && String(testResultsB) === '664AAAAAAAAAAAAAAAAAAAAAAAAAAAAAAAAA' && String(testResultsD) === '664AAAAAAAAAAAAAAAAAAAAAAAAAAAAAAAAA' ? '664AAAAAAAAAAAAAAAAAAAAAAAAAAAAAAAAA' : String(testResults) === '703AAAAAAAAAAAAAAAAAAAAAAAAAAAAAAAAA' && String(testResultsB) === '703AAAAAAAAAAAAAAAAAAAAAAAAAAAAAAAAA' && String(testResultsC) === '664AAAAAAAAAAAAAAAAAAAAAAAAAAAAAAAAA' ? '1138AAAAAAAAAAAAAAAAAAAAAAAAAAAAAAAA' : String(testResults) === '664AAAAAAAAAAAAAAAAAAAAAAAAAAAAAAAAA' ? '664AAAAAAAAAAAAAAAAAAAAAAAAAAAAAAAAA' : String(testResults) === '163611AAAAAAAAAAAAAAAAAAAAAAAAAAAAAA' || String(testResultsB) === '163611AAAAAAAAAAAAAAAAAAAAAAAAAAAAAA' || String(testResultsC) === '163611AAAAAAAAAAAAAAAAAAAAAAAAAAAAAA' || String(testResultsD) === '163611AAAAAAAAAAAAAAAAAAAAAAAAAAAAAA' ? '1138AAAAAAAAAAAAAAAAAAAAAAAAAAAAAAAA' : ''"
                },
                "answers": [
                  {
                    "concept": "703AAAAAAAAAAAAAAAAAAAAAAAAAAAAAAAAA",
                    "label": "Positive"
                  },
                  {
                    "concept": "664AAAAAAAAAAAAAAAAAAAAAAAAAAAAAAAAA",
                    "label": "Negative"
                  },
                  {
                    "concept": "1138AAAAAAAAAAAAAAAAAAAAAAAAAAAAAAAA",
                    "label": "Inconclusive"
                  }
                ]
              },
              "id": "hivFinalResult",
              "validators": [],
              "hide": {
                "hideWhenExpression": "((String(kitName) === '9c4011c2-2579-49cf-ab53-93d009f03e7b' ? 1 : 0) + (String(kitNameFe) === '9c4011c2-2579-49cf-ab53-93d009f03e7b' ? 1 : 0) + (String(kitNameA) === '9c4011c2-2579-49cf-ab53-93d009f03e7b')) === 0"
              }
            },
            {
              "label": "Results given to client?",
              "type": "obs",
              "required": "true",
              "questionOptions": {
                "rendering": "select",
                "concept": "164848AAAAAAAAAAAAAAAAAAAAAAAAAAAAAA",
                "answers": [
                  {
                    "concept": "1065AAAAAAAAAAAAAAAAAAAAAAAAAAAAAAAA",
                    "label": "Yes",
                    "conceptMappings": [
                      {
                        "type": "PIH",
                        "value": "1065"
                      },
                      {
                        "type": "SNOMED CT",
                        "value": "CT: 373066001"
                      },
                      {
                        "type": "PIH Malawi",
                        "value": "Malawi: 1065"
                      },
                      {
                        "type": "CIEL",
                        "value": "1065"
                      },
                      {
                        "type": "AMPATH",
                        "value": "1065"
                      }
                    ]
                  },
                  {
                    "concept": "1066AAAAAAAAAAAAAAAAAAAAAAAAAAAAAAAA",
                    "label": "No",
                    "conceptMappings": [
                      {
                        "type": "PIH",
                        "value": "1066"
                      },
                      {
                        "type": "PIH Malawi",
                        "value": "Malawi: 1066"
                      },
                      {
                        "type": "AMPATH",
                        "value": "1066"
                      },
                      {
                        "type": "CIEL",
                        "value": "1066"
                      },
                      {
                        "type": "SNOMED CT",
                        "value": "CT: 373067005"
                      }
                    ]
                  }
                ]
              },
              "id": "resultsGiven",
              "validators": [],
              "hide": {
                "hideWhenExpression": "isEmpty(consentGiven) || consentGiven !== 'true'"
              }
            },
            {
              "label": "Couple is discordant:",
              "type": "obs",
              "questionOptions": {
                "rendering": "radio",
                "concept": "6096AAAAAAAAAAAAAAAAAAAAAAAAAAAAAAAA",
                "calculate": {
                  "calculateExpression": "String(testedAs) === '147082f4-0662-4bfa-a54c-914f1db97373' ? '1175AAAAAAAAAAAAAAAAAAAAAAAAAAAAAAAA' : ''"
                },
                "answers": [
                  {
                    "concept": "1065AAAAAAAAAAAAAAAAAAAAAAAAAAAAAAAA",
                    "label": "Yes",
                    "conceptMappings": [
                      {
                        "type": "PIH",
                        "value": "1065"
                      },
                      {
                        "type": "SNOMED CT",
                        "value": "CT: 373066001"
                      },
                      {
                        "type": "PIH Malawi",
                        "value": "Malawi: 1065"
                      },
                      {
                        "type": "CIEL",
                        "value": "1065"
                      },
                      {
                        "type": "AMPATH",
                        "value": "1065"
                      }
                    ]
                  },
                  {
                    "concept": "1066AAAAAAAAAAAAAAAAAAAAAAAAAAAAAAAA",
                    "label": "No",
                    "conceptMappings": [
                      {
                        "type": "PIH",
                        "value": "1066"
                      },
                      {
                        "type": "PIH Malawi",
                        "value": "Malawi: 1066"
                      },
                      {
                        "type": "AMPATH",
                        "value": "1066"
                      },
                      {
                        "type": "CIEL",
                        "value": "1066"
                      },
                      {
                        "type": "SNOMED CT",
                        "value": "CT: 373067005"
                      }
                    ]
                  },
                  {
                    "concept": "1175AAAAAAAAAAAAAAAAAAAAAAAAAAAAAAAA",
                    "label": "N/A"
                  }
                ]
              },
              "id": "coupleDiscordant",
              "validators": [],
              "hide": {
                "hideWhenExpression": "isEmpty(consentGiven) || consentGiven !== 'true'"
              }
            },
            {
              "label": "Has the client's partner been tested for HIV?",
              "type": "obs",
              "id": "partnerTested",
              "questionOptions": {
                "concept": "161557AAAAAAAAAAAAAAAAAAAAAAAAAAAAAA",
                "rendering": "radio",
                "answers": [
                  {
                    "concept": "1065AAAAAAAAAAAAAAAAAAAAAAAAAAAAAAAA",
                    "label": "Yes"
                  },
                  {
                    "concept": "1066AAAAAAAAAAAAAAAAAAAAAAAAAAAAAAAA",
                    "label": "No"
                  }
                ]
              }
            },
            {
              "label": "Partner HIV Status:",
              "type": "obs",
              "id": "partnerHivStatus",
              "questionOptions": {
                "concept": "1436AAAAAAAAAAAAAAAAAAAAAAAAAAAAAAAA",
                "rendering": "select",
                "answers": [
                  {
                    "concept": "703AAAAAAAAAAAAAAAAAAAAAAAAAAAAAAAAA",
                    "label": "HIV Positive"
                  },
                  {
                    "concept": "664AAAAAAAAAAAAAAAAAAAAAAAAAAAAAAAAA",
                    "label": "HIV Negative"
                  },
                  {
                    "concept": "1067AAAAAAAAAAAAAAAAAAAAAAAAAAAAAAAA",
                    "label": "Unknown"
                  }
                ]
              },
              "hide": {
                "hideWhenExpression": "isEmpty(partnerTested) || partnerTested !== '1065AAAAAAAAAAAAAAAAAAAAAAAAAAAAAAAA'"
              }
            }
          ]
        },
        {
          "label": "Mother's Examination",
          "isExpanded": "true",
          "questions": [
            {
              "label": "Date and time placenta expelled",
              "type": "obs",
              "id": "timeExpelled",
              "datePickerFormat": "both",
              "questionOptions": {
                "concept": "162869AAAAAAAAAAAAAAAAAAAAAAAAAAAAAA",
                "rendering": "date"
              },
              "validators": [
                {
                  "type": "js_expression",
                  "failsWhenExpression": "!moment(myValue).isBefore(moment(TtaKen).add(1, 'day'))",
                  "message": "Should be within 24hrs after delivery"
                },
                {
                  "type": "date",
                  "allowFutureDates": "false"
                }
              ]
            },
            {
              "label": "Placenta complete?",
              "type": "obs",
              "id": "placentaComplete",
              "required": "true",
              "questionOptions": {
                "concept": "163454AAAAAAAAAAAAAAAAAAAAAAAAAAAAAA",
                "rendering": "radio",
                "answers": [
                  {
                    "concept": "703AAAAAAAAAAAAAAAAAAAAAAAAAAAAAAAAA",
                    "label": "Yes"
                  },
                  {
                    "concept": "664AAAAAAAAAAAAAAAAAAAAAAAAAAAAAAAAA",
                    "label": "No"
                  },
                  {
                    "concept": "1501AAAAAAAAAAAAAAAAAAAAAAAAAAAAAAAA",
                    "label": "Baby born before arrival"
                  }
                ]
              }
            },
            {
              "label": "Placenta weight (g)",
              "type": "obs",
              "id": "plaCenTAG",
              "questionOptions": {
                "concept": "5565a7ad-f15e-4466-a26d-7ecc7bc7bed4",
                "rendering": "number",
                "min": "0"
              }
            },
            {
              "label": "Blood loss during delivery in millilitres (mls):",
              "type": "obs",
              "id": "bloodLoss",
              "questionOptions": {
                "concept": "161928AAAAAAAAAAAAAAAAAAAAAAAAAAAAAA",
                "rendering": "number",
                "min": "0",
                "max": "500"
              },
              "alert": {
                "alertWhenExpression": "myValue && (myValue >=501)",
                "message": "This is beyond the normal range"
              },
              "hide": {
                "hideWhenExpression": "isEmpty(deliveryMode) || deliveryMode === '1171AAAAAAAAAAAAAAAAAAAAAAAAAAAAAAAA'"
              }
            },
            {
              "label": "Blood loss during delivery in millilitres (mls):",
              "type": "obs",
              "id": "bloodLossCS",
              "questionOptions": {
                "concept": "161928AAAAAAAAAAAAAAAAAAAAAAAAAAAAAA",
                "rendering": "number",
                "min": "0",
                "max": "1000"
              },
              "alert": {
                "alertWhenExpression": "myValue && (myValue >=1001)",
                "message": "This is beyond the normal range"
              },
              "hide": {
                "hideWhenExpression": "isEmpty(deliveryMode) || deliveryMode !== '1171AAAAAAAAAAAAAAAAAAAAAAAAAAAAAAAA'"
              }
            },
            {
              "label": "Perineum Examination",
              "type": "obs",
              "id": "perIneUmExam",
              "questionOptions": {
                "concept": "160084AAAAAAAAAAAAAAAAAAAAAAAAAAAAAA",
                "rendering": "select",
                "answers": [
                  {
                    "label": "Intact",
                    "concept": "164899AAAAAAAAAAAAAAAAAAAAAAAAAAAAAA"
                  },
                  {
                    "label": "Episiotomy",
                    "concept": "5577AAAAAAAAAAAAAAAAAAAAAAAAAAAAAAAA"
                  },
                  {
                    "label": "Laceration",
                    "concept": "114244AAAAAAAAAAAAAAAAAAAAAAAAAAAAAA"
                  },
                  {
                    "label": "Tear 1st Degree",
                    "concept": "140113AAAAAAAAAAAAAAAAAAAAAAAAAAAAAA"
                  },
                  {
                    "label": "Tear 2nd Degree",
                    "concept": "127016AAAAAAAAAAAAAAAAAAAAAAAAAAAAAA"
                  },
                  {
                    "label": "Tear 3rd Degree",
                    "concept": "124858AAAAAAAAAAAAAAAAAAAAAAAAAAAAAA"
                  },
                  {
                    "label": "Tear 4th Degree",
                    "concept": "139914AAAAAAAAAAAAAAAAAAAAAAAAAAAAAA"
                  }
                ]
              }
            },
            {
              "label": "Repair",
              "type": "obs",
              "id": "rePairpeRinium",
              "questionOptions": {
                "concept": "c67be9a5-f497-4082-af81-11753f65ed4b",
                "rendering": "radio",
                "answers": [
                  {
                    "concept": "1065AAAAAAAAAAAAAAAAAAAAAAAAAAAAAAAA",
                    "label": "Yes"
                  },
                  {
                    "concept": "1066AAAAAAAAAAAAAAAAAAAAAAAAAAAAAAAA",
                    "label": "No"
                  }
                ]
              },
              "hide": {
                "hideWhenExpression": "isEmpty(perIneUmExam) || perIneUmExam === '164899AAAAAAAAAAAAAAAAAAAAAAAAAAAAAA' || perIneUmExam === '114244AAAAAAAAAAAAAAAAAAAAAAAAAAAAAA'"
              }
            },
            {
              "label": "Repair done by:",
              "type": "obs",
              "id": "repaIrBy",
              "questionOptions": {
                "concept": "1473AAAAAAAAAAAAAAAAAAAAAAAAAAAAAAAA",
                "rendering": "text"
              },
              "hide": {
                "hideWhenExpression": "isEmpty(rePairpeRinium) || rePairpeRinium !== '1065AAAAAAAAAAAAAAAAAAAAAAAAAAAAAAAA'"
              }
            },
            {
              "label": "Condition of Mother after delivery:",
              "type": "obs",
              "id": "maternalOutcome",
              "questionOptions": {
                "concept": "1856AAAAAAAAAAAAAAAAAAAAAAAAAAAAAAAA",
                "rendering": "select",
                "answers": [
                  {
                    "concept": "160429AAAAAAAAAAAAAAAAAAAAAAAAAAAAAA",
                    "label": "Alive"
                  },
                  {
                    "concept": "134612AAAAAAAAAAAAAAAAAAAAAAAAAAAAAA",
                    "label": "Dead"
                  }
                ]
              }
            },
            {
              "label": "Delivery complications?",
              "type": "obs",
              "id": "deliveryComplications",
              "questionOptions": {
                "concept": "120216AAAAAAAAAAAAAAAAAAAAAAAAAAAAAA",
                "rendering": "radio",
                "answers": [
                  {
                    "concept": "1065AAAAAAAAAAAAAAAAAAAAAAAAAAAAAAAA",
                    "label": "Yes"
                  },
                  {
                    "concept": "1066AAAAAAAAAAAAAAAAAAAAAAAAAAAAAAAA",
                    "label": "No"
                  }
                ]
              }
            },
            {
              "label": "Select delivery complications?",
              "type": "obs",
              "id": "specificComplications",
              "questionOptions": {
                "concept": "1576AAAAAAAAAAAAAAAAAAAAAAAAAAAAAAAA",
                "rendering": "select",
                "answers": [
                  {
                    "concept": "113195AAAAAAAAAAAAAAAAAAAAAAAAAAAAAA",
                    "label": "Ruptured Uterus"
                  },
                  {
                    "concept": "118744AAAAAAAAAAAAAAAAAAAAAAAAAAAAAA",
                    "label": "Eclampsia"
                  },
                  {
                    "concept": "228AAAAAAAAAAAAAAAAAAAAAAAAAAAAAAAAA",
                    "label": "APH"
                  },
                  {
                    "concept": "230AAAAAAAAAAAAAAAAAAAAAAAAAAAAAAAAA",
                    "label": "PPH"
                  },
                  {
                    "concept": "115036AAAAAAAAAAAAAAAAAAAAAAAAAAAAAA",
                    "label": "Obstructed Labor"
                  },
                  {
                    "concept": "130AAAAAAAAAAAAAAAAAAAAAAAAAAAAAAAAA",
                    "label": "Puerperal sepsis"
                  },
                  {
                    "concept": "5622AAAAAAAAAAAAAAAAAAAAAAAAAAAAAAAA",
                    "label": "Other"
                  }
                ]
              },
              "hide": {
                "hideWhenExpression": "isEmpty(deliveryComplications) || deliveryComplications !== '1065AAAAAAAAAAAAAAAAAAAAAAAAAAAAAAAA'"
              }
            },
            {
              "label": "Other delivery complications",
              "type": "obs",
              "id": "otherComplications",
              "questionOptions": {
                "concept": "162093AAAAAAAAAAAAAAAAAAAAAAAAAAAAAA",
                "rendering": "textarea"
              },
              "hide": {
                "hideWhenExpression": "isEmpty(specificComplications) || specificComplications !== '5622AAAAAAAAAAAAAAAAAAAAAAAAAAAAAAAA'"
              }
            },
            {
              "label": "Delivery Outcome",
              "type": "obs",
              "id": "deliveryOutcome",
              "questionOptions": {
                "concept": "159949AAAAAAAAAAAAAAAAAAAAAAAAAAAAAA",
                "rendering": "select",
                "answers": [
                  {
                    "concept": "159913AAAAAAAAAAAAAAAAAAAAAAAAAAAAAA",
                    "label": "Single"
                  },
                  {
                    "concept": "159914AAAAAAAAAAAAAAAAAAAAAAAAAAAAAA",
                    "label": "Twins"
                  },
                  {
                    "concept": "159915AAAAAAAAAAAAAAAAAAAAAAAAAAAAAA",
                    "label": "Triplets"
                  },
                  {
                    "concept": "113450AAAAAAAAAAAAAAAAAAAAAAAAAAAAAA",
                    "label": "Quadruplets"
                  },
                  {
                    "concept": "113440AAAAAAAAAAAAAAAAAAAAAAAAAAAAAA",
                    "label": "Quintuplets"
                  }
                ]
              }
            }
          ]
        },
        {
          "label": "Baby Examination",
          "isExpanded": "true",
          "questions": [
            {
              "label": "Baby details",
              "type": "obsGroup",
              "required": "true",
              "questionOptions": {
                "concept": "162588AAAAAAAAAAAAAAAAAAAAAAAAAAAAAA",
                "rendering": "repeating"
              },
              "questions": [
                {
                  "label": "Condition of the baby:",
                  "type": "obs",
                  "id": "babyCondition",
                  "questionOptions": {
                    "concept": "159917AAAAAAAAAAAAAAAAAAAAAAAAAAAAAA",
                    "rendering": "select",
                    "answers": [
                      {
                        "concept": "151849AAAAAAAAAAAAAAAAAAAAAAAAAAAAAA",
                        "label": "Live birth"
                      },
                      {
                        "concept": "159916AAAAAAAAAAAAAAAAAAAAAAAAAAAAAA",
                        "label": "Fresh still birth"
                      },
                      {
                        "concept": "135436AAAAAAAAAAAAAAAAAAAAAAAAAAAAAA",
                        "label": "Macerated still birth"
                      }
                    ]
                  }
                },
                {
                  "label": "Baby's name:",
                  "type": "obs",
                  "id": "name",
                  "questionOptions": {
                    "concept": "1586AAAAAAAAAAAAAAAAAAAAAAAAAAAAAAAA",
                    "rendering": "text"
                  },
                  "hide": {
                    "hideWhenExpression": "isEmpty(babyCondition) || babyCondition === '159916AAAAAAAAAAAAAAAAAAAAAAAAAAAAAA' || babyCondition === '135436AAAAAAAAAAAAAAAAAAAAAAAAAAAAAA'"
                  }
                },
                {
                  "label": "Sex :",
                  "type": "obs",
                  "id": "sex",
                  "questionOptions": {
                    "concept": "1587AAAAAAAAAAAAAAAAAAAAAAAAAAAAAAAA",
                    "rendering": "select",
                    "answers": [
                      {
                        "concept": "1534AAAAAAAAAAAAAAAAAAAAAAAAAAAAAAAA",
                        "label": "Male"
                      },
                      {
                        "concept": "1535AAAAAAAAAAAAAAAAAAAAAAAAAAAAAAAA",
                        "label": "Female"
                      }
                    ]
                  },
                  "hide": {
                    "hideWhenExpression": "isEmpty(babyCondition) || babyCondition === '135436AAAAAAAAAAAAAAAAAAAAAAAAAAAAAA'"
                  }
                },
                {
                  "label": "Birth weight (kg) :",
                  "type": "obs",
                  "id": "birthWeight",
                  "questionOptions": {
                    "concept": "5916AAAAAAAAAAAAAAAAAAAAAAAAAAAAAAAA",
                    "rendering": "number"
                  }
                },
                {
                  "label": "Birth length (cm) :",
                  "type": "obs",
                  "id": "birthLength",
                  "questionOptions": {
                    "concept": "1503AAAAAAAAAAAAAAAAAAAAAAAAAAAAAAAA",
                    "rendering": "number",
                    "min": "9",
                    "max": "60"
                  },
                  "hide": {
                    "hideWhenExpression": "isEmpty(babyCondition) || babyCondition === '135436AAAAAAAAAAAAAAAAAAAAAAAAAAAAAA'"
                  }
                },
                {
                  "label": "Head Circumference",
                  "type": "obs",
                  "id": "heaDcIrcumference",
                  "questionOptions": {
                    "concept": "5314AAAAAAAAAAAAAAAAAAAAAAAAAAAAAAAA",
                    "rendering": "number"
                  },
                  "hide": {
                    "hideWhenExpression": "isEmpty(babyCondition) || babyCondition === '135436AAAAAAAAAAAAAAAAAAAAAAAAAAAAAA'"
                  }
                },
                {
                  "label": "Birth with deformity ?",
                  "type": "obs",
                  "id": "babyDeformed",
                  "questionOptions": {
                    "concept": "164122AAAAAAAAAAAAAAAAAAAAAAAAAAAAAA",
                    "rendering": "radio",
                    "answers": [
                      {
                        "concept": "155871AAAAAAAAAAAAAAAAAAAAAAAAAAAAAA",
                        "label": "Yes"
                      },
                      {
                        "concept": "1066AAAAAAAAAAAAAAAAAAAAAAAAAAAAAAAA",
                        "label": "No"
                      }
                    ]
                  }
                },
                {
                  "label": "Type of Birth deformity",
                  "type": "obs",
                  "id": "birthDeformity",
                  "questionOptions": {
                    "concept": "159521AAAAAAAAAAAAAAAAAAAAAAAAAAAAAA",
                    "rendering": "select",
                    "answers": [
                      {
                        "concept": "143672AAAAAAAAAAAAAAAAAAAAAAAAAAAAAA",
                        "label": "Congenital syphilis"
                      },
                      {
                        "concept": "126208AAAAAAAAAAAAAAAAAAAAAAAAAAAAAA",
                        "label": "Spina bifida"
                      },
                      {
                        "concept": "117470AAAAAAAAAAAAAAAAAAAAAAAAAAAAAA",
                        "label": "Hydrocephalus"
                      },
                      {
                        "concept": "125048AAAAAAAAAAAAAAAAAAAAAAAAAAAAAA",
                        "label": "Talipes"
                      },
                      {
                        "concept": "5622AAAAAAAAAAAAAAAAAAAAAAAAAAAAAAAA",
                        "label": "Other"
                      }
                    ]
                  },
                  "hide": {
                    "hideWhenExpression": "isEmpty(babyDeformed) || babyDeformed !== '155871AAAAAAAAAAAAAAAAAAAAAAAAAAAAAA'"
                  }
                },
                {
                  "label": "Other Specify",
                  "type": "obs",
                  "id": "DeformityOthers",
                  "questionOptions": {
                    "concept": "160632AAAAAAAAAAAAAAAAAAAAAAAAAAAAAA",
                    "rendering": "text"
                  },
                  "hide": {
                    "hideWhenExpression": "isEmpty(birthDeformity) || birthDeformity !== '5622AAAAAAAAAAAAAAAAAAAAAAAAAAAAAAAA'"
                  }
                },
                {
                  "label": "Chlorhexidine applied on cord stump:",
                  "type": "obs",
                  "id": "chlorhexidine",
                  "required": "true",
                  "questionOptions": {
                    "concept": "159369AAAAAAAAAAAAAAAAAAAAAAAAAAAAAA",
                    "rendering": "radio",
                    "answers": [
                      {
                        "concept": "1065AAAAAAAAAAAAAAAAAAAAAAAAAAAAAAAA",
                        "label": "Yes"
                      },
                      {
                        "concept": "1066AAAAAAAAAAAAAAAAAAAAAAAAAAAAAAAA",
                        "label": "No"
                      }
                    ]
                  },
                  "hide": {
                    "hideWhenExpression": "isEmpty(babyCondition) || babyCondition !== '159916AAAAAAAAAAAAAAAAAAAAAAAAAAAAAA' || babyCondition !== '135436AAAAAAAAAAAAAAAAAAAAAAAAAAAAAA'"
                  }
                },
                {
                  "label": "Apgar Score (1 min):",
                  "type": "obs",
                  "id": "babyApgarScore1Min",
                  "required": "true",
                  "questionOptions": {
                    "concept": "159603AAAAAAAAAAAAAAAAAAAAAAAAAAAAAA",
                    "rendering": "number",
                    "min": "0",
                    "max": "10"
                  },
                  "hide": {
                    "hideWhenExpression": "isEmpty(babyCondition) || babyCondition !== '151849AAAAAAAAAAAAAAAAAAAAAAAAAAAAAA'"
                  }
                },
                {
                  "label": "Apgar Score (5 min):",
                  "type": "obs",
                  "id": "babyAScore5Min",
                  "required": "true",
                  "questionOptions": {
                    "concept": "159604AAAAAAAAAAAAAAAAAAAAAAAAAAAAAA",
                    "rendering": "number",
                    "min": "0",
                    "max": "10"
                  },
                  "hide": {
                    "hideWhenExpression": "isEmpty(babyCondition) || babyCondition !== '151849AAAAAAAAAAAAAAAAAAAAAAAAAAAAAA'"
                  }
                },
                {
                  "label": "Apgar Score (10 min):",
                  "type": "obs",
                  "id": "babyApgarScore10Min",
                  "required": "true",
                  "questionOptions": {
                    "concept": "159605AAAAAAAAAAAAAAAAAAAAAAAAAAAAAA",
                    "rendering": "number",
                    "min": "0",
                    "max": "10"
                  },
                  "hide": {
                    "hideWhenExpression": "isEmpty(babyCondition) || babyCondition !== '151849AAAAAAAAAAAAAAAAAAAAAAAAAAAAAA'"
                  }
                },
                {
                  "label": "Initiated BF in less than 1 hour:",
                  "type": "obs",
                  "id": "babyInitiatedBF",
                  "questionOptions": {
                    "concept": "161543AAAAAAAAAAAAAAAAAAAAAAAAAAAAAA",
                    "rendering": "radio",
                    "answers": [
                      {
                        "concept": "1065AAAAAAAAAAAAAAAAAAAAAAAAAAAAAAAA",
                        "label": "Yes"
                      },
                      {
                        "concept": "1066AAAAAAAAAAAAAAAAAAAAAAAAAAAAAAAA",
                        "label": "No"
                      }
                    ]
                  },
                  "hide": {
                    "hideWhenExpression": "isEmpty(babyCondition) || babyCondition !== '151849AAAAAAAAAAAAAAAAAAAAAAAAAAAAAA'"
                  }
                },
                 {
                  "label": " Baby initiated on Kangaroo Mother Care?",
                  "type": "obs",
                  "id": "babyInitiatedKangaroo",
                  "questionOptions": {
                    "concept": "161094AAAAAAAAAAAAAAAAAAAAAAAAAAAAAA",
                    "rendering": "radio",
                    "answers": [
                      {
                        "concept": "1065AAAAAAAAAAAAAAAAAAAAAAAAAAAAAAAA",
                        "label": "Yes"
                      },
                      {
                        "concept": "1066AAAAAAAAAAAAAAAAAAAAAAAAAAAAAAAA",
                        "label": "No"
                      }
                    ]
                  },
                  "hide": {
                    "hideWhenExpression": "isEmpty(babyCondition) || babyCondition !== '151849AAAAAAAAAAAAAAAAAAAAAAAAAAAAAA'"
                  }
                }
              ],
              "id": "babyDetails"
            }
          ]
        },
        {
          "label": "Impression",
          "isExpanded": "true",
          "questions": [
            {
              "label": "Impression",
              "id": "clinicalDiagnosisId",
              "type": "diagnosis",
              "questionOptions": {
                "rendering": "repeating",
                "dataSource": "diagnoses",
                "rank": 1
              },
              "hide": {
                "hideWhenExpression": ""
              }
            }
          ]
        }
      ]
    },
	  {
		"label": "Patient Management",
		"sections": [
		  {
			"label": "Delivery Management",
			"isExpanded": "true",
			"questions": [
				{
					"label": "Uterotonic given?",
					"type": "obs",
					"id": "uterotonicGiven",
					"required": "true",
					"questionOptions": {
					  "concept": "1282AAAAAAAAAAAAAAAAAAAAAAAAAAAAAAAA",
					  "rendering": "radio",
					  "answers": [
						{
						  "concept": "1107AAAAAAAAAAAAAAAAAAAAAAAAAAAAAAAA",
						  "label": "None"
						},
						{
						  "concept": "81369AAAAAAAAAAAAAAAAAAAAAAAAAAAAAAA",
						  "label": "Oxytocin"
						},
						{
						  "concept": "104590AAAAAAAAAAAAAAAAAAAAAAAAAAAAAA",
						  "label": "Carbetocin"
						},
						{
						  "concept": "5622AAAAAAAAAAAAAAAAAAAAAAAAAAAAAAAA",
						  "label": "Other"
						}
					  ]
					}
				  },
				  {
					"label": "Other Uterotonic Specify",
					"type": "obs",
					"id": "otherUterotonicSpecify",
					"questionOptions": {
					  "concept": "bae7d54d-4944-4be0-93fa-021b4a70cb0b",
					  "rendering": "text"
					},
					"validators": [],
					"hide": {
					  "hideWhenExpression": "isEmpty(uterotonicGiven) || uterotonicGiven !== ('5622AAAAAAAAAAAAAAAAAAAAAAAAAAAAAAAA')"
					}
				  },
			  {
				"label": "Was Resuscitation done:",
				"type": "obs",
				"id": "resuscitation",
				"questionOptions": {
				  "concept": "162131AAAAAAAAAAAAAAAAAAAAAAAAAAAAAA",
				  "rendering": "radio",
				  "answers": [
					{
					  "concept": "1065AAAAAAAAAAAAAAAAAAAAAAAAAAAAAAAA",
					  "label": "Yes"
					},
					{
					  "concept": "1066AAAAAAAAAAAAAAAAAAAAAAAAAAAAAAAA",
					  "label": "No"
					}
				  ]
				},
				"hide": {
				  "hideWhenExpression": ""
				}
			  },
			  {
				"label": "Was Stimulation done:",
				"type": "obs",
				"id": "StiMulationdOne",
				"questionOptions": {
				  "concept": "17b47d52-eb47-4199-91f5-27dc78c95adf",
				  "rendering": "radio",
				  "answers": [
					{
					  "concept": "1065AAAAAAAAAAAAAAAAAAAAAAAAAAAAAAAA",
					  "label": "Yes"
					},
					{
					  "concept": "1066AAAAAAAAAAAAAAAAAAAAAAAAAAAAAAAA",
					  "label": "No"
					}
				  ]
				},
				"hide": {
				  "hideWhenExpression": ""
				}
			  },
			  {
				"label": "Was Suction done:",
				"type": "obs",
				"id": "SuctIonDOne",
				"questionOptions": {
				  "concept": "1284AAAAAAAAAAAAAAAAAAAAAAAAAAAAAAAA",
				  "rendering": "radio",
				  "answers": [
					{
					  "concept": "1065AAAAAAAAAAAAAAAAAAAAAAAAAAAAAAAA",
					  "label": "Yes"
					},
					{
					  "concept": "1066AAAAAAAAAAAAAAAAAAAAAAAAAAAAAAAA",
					  "label": "No"
					}
				  ]
				},
				"hide": {
				  "hideWhenExpression": ""
				}
			  },
			  {
				"label": "Was Oxygen given:",
				"type": "obs",
				"id": "OxyGenDOne",
				"questionOptions": {
				  "concept": "113316AAAAAAAAAAAAAAAAAAAAAAAAAAAAAA",
				  "rendering": "radio",
				  "answers": [
					{
					  "concept": "1065AAAAAAAAAAAAAAAAAAAAAAAAAAAAAAAA",
					  "label": "Yes"
					},
					{
					  "concept": "1066AAAAAAAAAAAAAAAAAAAAAAAAAAAAAAAA",
					  "label": "No"
					}
				  ]
				},
				"hide": {
				  "hideWhenExpression": ""
				}
			  },
			  {
				"label": "Was Bag and Mask ventilation provided:",
				"type": "obs",
				"id": "BGprovided",
				"questionOptions": {
				  "concept": "165647AAAAAAAAAAAAAAAAAAAAAAAAAAAAAA",
				  "rendering": "radio",
				  "answers": [
					{
					  "concept": "1065AAAAAAAAAAAAAAAAAAAAAAAAAAAAAAAA",
					  "label": "Yes"
					},
					{
					  "concept": "1066AAAAAAAAAAAAAAAAAAAAAAAAAAAAAAAA",
					  "label": "No"
					}
				  ]
				},
				"hide": {
				  "hideWhenExpression": ""
				}
			  },
			  {
				"label": "Was Induction done",
				"type": "obs",
				"id": "iNductIonprovided",
				"questionOptions": {
				  "concept": "113602AAAAAAAAAAAAAAAAAAAAAAAAAAAAAA",
				  "rendering": "radio",
				  "answers": [
					{
					  "concept": "1065AAAAAAAAAAAAAAAAAAAAAAAAAAAAAAAA",
					  "label": "Yes"
					},
					{
					  "concept": "1066AAAAAAAAAAAAAAAAAAAAAAAAAAAAAAAA",
					  "label": "No"
					}
				  ]
				},
				"hide": {
				  "hideWhenExpression": ""
				}
			  },
			  {
				"label": "If yes indication for induction",
				"type": "obs",
				"id": "TextiNduction",
				"questionOptions": {
				  "concept": "159667AAAAAAAAAAAAAAAAAAAAAAAAAAAAAA",
				  "rendering": "textarea",
				  "rows": "10"
				},
				"hide": {
				  "hideWhenExpression": "iNductIonprovided !== '1065AAAAAAAAAAAAAAAAAAAAAAAAAAAAAAAA'"
				}
			  },
			  {
				"label": "Was Artificial Rapture of membrane(ARM) done",
				"type": "obs",
				"id": "ARMprovided",
				"questionOptions": {
				  "concept": "163445AAAAAAAAAAAAAAAAAAAAAAAAAAAAAA",
				  "rendering": "radio",
				  "answers": [
					{
					  "concept": "1065AAAAAAAAAAAAAAAAAAAAAAAAAAAAAAAA",
					  "label": "Yes"
					},
					{
					  "concept": "1066AAAAAAAAAAAAAAAAAAAAAAAAAAAAAAAA",
					  "label": "No"
					}
				  ]
				},
				"hide": {
				  "hideWhenExpression": ""
				}
			  },
			  {
				"label": "Given Vitamin K :",
				"type": "obs",
				"id": "vitaminK",
				"required": "true",
				"questionOptions": {
				  "concept": "984AAAAAAAAAAAAAAAAAAAAAAAAAAAAAAAAA",
				  "rendering": "radio",
				  "answers": [
					{
					  "concept": "1065AAAAAAAAAAAAAAAAAAAAAAAAAAAAAAAA",
					  "label": "Yes"
					},
					{
					  "concept": "1066AAAAAAAAAAAAAAAAAAAAAAAAAAAAAAAA",
					  "label": "No"
					}
				  ]
				}
			  },
			  {
				"label": "TEO given at birth ?",
				"type": "obs",
				"id": "babyTEOAtBirth",
				"required": "true",
				"questionOptions": {
				  "concept": "1570AAAAAAAAAAAAAAAAAAAAAAAAAAAAAAAA",
				  "rendering": "radio",
				  "answers": [
					{
					  "concept": "84893AAAAAAAAAAAAAAAAAAAAAAAAAAAAAAA",
					  "label": "Yes"
					},
					{
					  "concept": "1066AAAAAAAAAAAAAAAAAAAAAAAAAAAAAAAA",
					  "label": "No"
					}
				  ]
				},
				"hide": {
				  "hideWhenExpression": ""
				}
			  },
			  {
				"label": "Counselled on infant feeding?",
				"type": "obs",
				"id": "infantFeeding",
				"questionOptions": {
				  "concept": "162091AAAAAAAAAAAAAAAAAAAAAAAAAAAAAA",
				  "rendering": "radio",
				  "answers": [
					{
					  "concept": "1065AAAAAAAAAAAAAAAAAAAAAAAAAAAAAAAA",
					  "label": "Yes"
					},
					{
					  "concept": "1066AAAAAAAAAAAAAAAAAAAAAAAAAAAAAAAA",
					  "label": "No"
					},
					{
					  "concept": "1175AAAAAAAAAAAAAAAAAAAAAAAAAAAAAAAA",
					  "label": "Not applicable"
					}
				  ]
				}
			  },
			  {
				"label": "Mother's ART prophylaxis given during this visit?",
				"type": "obs",
				"id": "prophylaxisUsed",
				"questionOptions": {
				  "concept": "1109AAAAAAAAAAAAAAAAAAAAAAAAAAAAAAAA",
				  "rendering": "radio",
				  "answers": [
					{
					  "concept": "105281AAAAAAAAAAAAAAAAAAAAAAAAAAAAAA",
					  "label": "Cotrimoxazole"
					},
					{
					  "concept": "74250AAAAAAAAAAAAAAAAAAAAAAAAAAAAAAA",
					  "label": "Dapsone"
					},
					{
					  "concept": "1107AAAAAAAAAAAAAAAAAAAAAAAAAAAAAAAA",
					  "label": "None"
					}
				  ]
				},
				"hide": {
                "hideWhenExpression": "(String(hivFinalResult) === '703AAAAAAAAAAAAAAAAAAAAAAAAAAAAAAAAA' ? 1 : 0) + (String(hivFinalResultOld) === '703AAAAAAAAAAAAAAAAAAAAAAAAAAAAAAAAA' ? 1 : 0) === 0"
              }
			  },
			  {
				"label": "Mother started on HAART at maternity ?",
				"type": "obs",
				"required": "true",
				"id": "haartMat",
				"questionOptions": {
				  "concept": "166665AAAAAAAAAAAAAAAAAAAAAAAAAAAAAA",
				  "rendering": "radio",
				  "answers": [
					{
					  "concept": "1065AAAAAAAAAAAAAAAAAAAAAAAAAAAAAAAA",
					  "label": "Yes"
					},
					{
					  "concept": "1066AAAAAAAAAAAAAAAAAAAAAAAAAAAAAAAA",
					  "label": "No"
					},
					{
						"concept": "1175AAAAAAAAAAAAAAAAAAAAAAAAAAAAAAAA",
						"label": "Not applicable"
					  }
				  ]
				},
				"hide": {
                "hideWhenExpression": "(String(hivFinalResult) === '703AAAAAAAAAAAAAAAAAAAAAAAAAAAAAAAAA' ? 1 : 0) + (String(hivFinalResultOld) === '703AAAAAAAAAAAAAAAAAAAAAAAAAAAAAAAAA' ? 1 : 0) === 0"
              }
			  },
			  {
				"label": "Was mother on HAART during ANC?",
				"type": "obs",
				"required": "true",
				"id": "haartGivenAtANC",
				"questionOptions": {
				  "concept": "163783AAAAAAAAAAAAAAAAAAAAAAAAAAAAAA",
				  "rendering": "radio",
				  "answers": [
					{
					  "concept": "1065AAAAAAAAAAAAAAAAAAAAAAAAAAAAAAAA",
					  "label": "Yes"
					},
					{
					  "concept": "1066AAAAAAAAAAAAAAAAAAAAAAAAAAAAAAAA",
					  "label": "No"
					},
					{
						"concept": "1175AAAAAAAAAAAAAAAAAAAAAAAAAAAAAAAA",
						"label": "Not applicable"
					  }
				  ]
				},
				"hide": {
                "hideWhenExpression": "(String(hivFinalResult) === '703AAAAAAAAAAAAAAAAAAAAAAAAAAAAAAAAA' ? 1 : 0) + (String(hivFinalResultOld) === '703AAAAAAAAAAAAAAAAAAAAAAAAAAAAAAAAA' ? 1 : 0) === 0"
              }
			  },
			  {
				"label": "AZT for the baby dispensed?",
				"type": "obs",
				"id": "aztDispensed",
				"required": "true",
				"questionOptions": {
				  "concept": "1282AAAAAAAAAAAAAAAAAAAAAAAAAAAAAAAA",
				  "rendering": "radio",
				  "answers": [
					{
					  "concept": "160123AAAAAAAAAAAAAAAAAAAAAAAAAAAAAA",
					  "label": "Yes"
					},
					{
					  "concept": "1066AAAAAAAAAAAAAAAAAAAAAAAAAAAAAAAA",
					  "label": "No"
					}
				  ]
				},
				"hide": {
                "hideWhenExpression": "(String(hivFinalResult) === '703AAAAAAAAAAAAAAAAAAAAAAAAAAAAAAAAA' ? 1 : 0) + (String(hivFinalResultOld) === '703AAAAAAAAAAAAAAAAAAAAAAAAAAAAAAAAA' ? 1 : 0) === 0"
              }
			  },
			  {
				"label": "NVP for the baby dispensed?",
				"type": "obs",
				"required": "true",
				"id": "nvpDispensed",
				"questionOptions": {
				  "concept": "1282AAAAAAAAAAAAAAAAAAAAAAAAAAAAAAAA",
				  "rendering": "radio",
				  "answers": [
					{
					  "concept": "80586AAAAAAAAAAAAAAAAAAAAAAAAAAAAAAA",
					  "label": "Yes"
					},
					{
					  "concept": "1066AAAAAAAAAAAAAAAAAAAAAAAAAAAAAAAA",
					  "label": "No"
					}
				  ]
				},
				"hide": {
                "hideWhenExpression": "(String(hivFinalResult) === '703AAAAAAAAAAAAAAAAAAAAAAAAAAAAAAAAA' ? 1 : 0) + (String(hivFinalResultOld) === '703AAAAAAAAAAAAAAAAAAAAAAAAAAAAAAAAA' ? 1 : 0) === 0"
              }
			  }
			]
		  },
		  {
			"label": "Referrals",
			"isExpanded": "true",
			"questions": [
			  {
				"label": "Reffered For?",
				"type": "obs",
				"id": "refferalsOrderd",
				"questionOptions": {
				  "concept": "160632AAAAAAAAAAAAAAAAAAAAAAAAAAAAAA",
				  "rendering": "textarea"
				}
			  },
			  {
				"label": "Referred from?",
				"type": "obs",
				"id": "referralfrom",
				"questionOptions": {
				  "concept": "163145AAAAAAAAAAAAAAAAAAAAAAAAAAAAAA",
				  "rendering": "select",
				  "answers": [
					{
					  "concept": "164407AAAAAAAAAAAAAAAAAAAAAAAAAAAAAA",
					  "label": "Other health facility"
					},
					{
					  "concept": "4fcf003e-71cf-47a5-a967-47d24aa61092",
					  "label": "Community Unit"
					}
				  ]
				}
			  },
			  {
				"label": "Referred to?",
				"type": "obs",
				"id": "referralTo",
				"questionOptions": {
				  "concept": "163145AAAAAAAAAAAAAAAAAAAAAAAAAAAAAA",
				  "rendering": "select",
				  "answers": [
					{
					  "concept": "4fcf003e-71cf-47a5-a967-47d24aa61092",
					  "label": "Community Unit"
					},
					{
					  "concept": "164407AAAAAAAAAAAAAAAAAAAAAAAAAAAAAA",
					  "label": "Other health facility"
					},
					{
					  "concept": "c9404c8f-cf83-4bfe-acc0-4881599c78ba",
					  "label": "HIV Preventive Services"
					}
				  ]
				}
			  },
			  {
				"label": "Transfer to Facility:",
				"type": "obs",
				"id": "transferToFacility",
				"questionOptions": {
				  "concept": "159495AAAAAAAAAAAAAAAAAAAAAAAAAAAAAA",
				  "rendering": "encounterLocation"
				},
				"hide": {
				  "hideWhenExpression": "referralTo !=='164407AAAAAAAAAAAAAAAAAAAAAAAAAAAAAA'"
				}
			  }
			]
		  },
		  {
			"label": "Next Review and Clinical Notes",
			"isExpanded": "true",
			"questions": [
			  {
				"label": "Appointments",
				"required": false,
				"id": "appointmentWorkspaceLauncher",
				"questionOptions": {
				  "rendering": "workspace-launcher",
				  "buttonLabel": "Add appointments",
				  "workspaceName": "appointments-form-workspace"
				},
				"hide": {
				  "hideWhenExpression": "outcomePatient !=='160429AAAAAAAAAAAAAAAAAAAAAAAAAAAAAA'"
				}
			  },
			  {
				"label": "Clinical notes",
				"type": "obs",
				"id": "clinicalNotes",
				"questionOptions": {
				  "concept": "159395AAAAAAAAAAAAAAAAAAAAAAAAAAAAAA",
				  "rendering": "textarea",
				  "rows": "15"
				}
			  }
			]
		  }
		]
	  }
	],
	"processor": "EncounterFormProcessor",
	"referencedForms": [],
	"encounterType": "c6d09e05-1f25-4164-8860-9f32c5a02df0"
  }