{
  "name": "Ear, Nose, and Throat (ENT)",
  "description": "Form for updating Ear, Nose, and Throat (ENT) diagnosis",
  "version": "2.0",
  "published": true,
  "uuid": "c5055956-c3bb-45f2-956f-82e114c57aa7",
  "retired": false,
  "encounter": "Consultation",
  "pages": [
    {
      "label": "Visit Details",
      "sections": [
        {
          "label": "Encounter Details",
          "isExpanded": "true",
          "questions": [
            {
              "label": "Visit date:",
              "type": "encounterDatetime",
              "required": "true",
              "id": "encDate",
              "questionOptions": {
                "rendering": "date"
              },
              "validators": [
                {
                  "type": "date",
                  "allowFutureDates": "false"
                }
              ]
            },
            {
              "label": "Provider:",
              "type": "encounterProvider",
              "required": "true",
              "questionOptions": {
                "rendering": "ui-select-extended"
              },
              "id": "encProvider "
            },
            {
              "label": "Location:",
              "type": "encounterLocation",
              "required": "true",
              "questionOptions": {
                "rendering": "ui-select-extended"
              },
              "id": "encLocation"
            }
          ]
        },
        {
          "label": "Patient Details",
          "isExpanded": "true",
          "questions": [
            {
              "label": "Visit Type?",
              "type": "obs",
              "required": "true",
              "id": "visitType",
              "questionOptions": {
                "rendering": "radio",
                "concept": "164181AAAAAAAAAAAAAAAAAAAAAAAAAAAAAA",
                "conceptMappings": [
                  {
                    "relationship": "SAME-AS",
                    "type": "CIEL",
                    "value": "164181"
                  }
                ],
                "answers": [
                  {
                    "concept": "164180AAAAAAAAAAAAAAAAAAAAAAAAAAAAAA",
                    "label": "New visit"
                  },
                  {
                    "concept": "160530AAAAAAAAAAAAAAAAAAAAAAAAAAAAAA",
                    "label": "Revisit"
                  }
                  
                ]
              }
            },
            {
              "label": "Is this Visit a referral?",
              "type": "obs",
              "id": "visitReferral",
              "questionOptions": {
                "rendering": "radio",
                "concept": "d105235e-41ee-4234-9b32-0bef507342d7",
                "answers": [
                  {
                    "concept": "1065AAAAAAAAAAAAAAAAAAAAAAAAAAAAAAAA",
                    "label": "Yes"
                  },
                  {
                    "concept": "1066AAAAAAAAAAAAAAAAAAAAAAAAAAAAAAAA",
                    "label": "No"
                  }
                ]
              }
            },
            {
              "label": "Referral from",
              "type": "obs",
              "required": true,
              "id": "referralSpecification",
              "questionOptions": {
                "rendering": "radio",
                "concept": "160338AAAAAAAAAAAAAAAAAAAAAAAAAAAAAA",
                "conceptMappings": [],
                "answers": [
                  {
                    "concept": "164407AAAAAAAAAAAAAAAAAAAAAAAAAAAAAA",
                    "label": "From other facilities"
                  },
                  {
                    "concept": "1759AAAAAAAAAAAAAAAAAAAAAAAAAAAAAAAA",
                    "label": "Referred from CHU "
                  },
                  {
                    "concept": "164918AAAAAAAAAAAAAAAAAAAAAAAAAAAAAA",
                    "label": "Internal(Department)"
                  }
                ]
              },
              "hide": {
                "hideWhenExpression": "isEmpty(visitReferral) || visitReferral !== '1065AAAAAAAAAAAAAAAAAAAAAAAAAAAAAAAA'"
              }
            }
          ]
        }
      ]
    },
    {
      "label": "Patient's History",
      "sections": [
        {
          "label": "Patient's Symptoms",
          "isExpanded": "true",
          "questions": [
            {
              "label": "Symptoms",
              "type": "obs",
              "id": "sYmpTomsForENT",
              "questionOptions": {
                "concept": "5219AAAAAAAAAAAAAAAAAAAAAAAAAAAAAAAA",
                "rendering": "multiCheckbox",
                "answers": [
                  {
                    "concept": "130187AAAAAAAAAAAAAAAAAAAAAAAAAAAAAA",
                    "label": "Abnormal Ping"
                  },
                  {
                    "concept": "152704AAAAAAAAAAAAAAAAAAAAAAAAAAAAAA",
                    "label": "Clearing throat always"
                  },
                  {
                    "concept": "146121AAAAAAAAAAAAAAAAAAAAAAAAAAAAAA",
                    "label": "Cut ear"
                  },
                  {
                    "concept": "156046AAAAAAAAAAAAAAAAAAAAAAAAAAAAAA",
                    "label": "Dizziness"
                  },
                  {
                    "concept": "118478AAAAAAAAAAAAAAAAAAAAAAAAAAAAAA ",
                    "label": "Droolling"
                  },
                  {
                    "concept": "118789AAAAAAAAAAAAAAAAAAAAAAAAAAAAAA",
                    "label": "Dysphagia"
                  },
                  {
                    "concept": "119420AAAAAAAAAAAAAAAAAAAAAAAAAAAAAA",
                    "label": "Dysphonia"
                  },
                  {
                    "concept": "141584AAAAAAAAAAAAAAAAAAAAAAAAAAAAAA",
                    "label": "Earache symptoms"
                  },
                  {
                    "concept": "530AAAAAAAAAAAAAAAAAAAAAAAAAAAAAAAAA",
                    "label": "Ear Bloackage"
                  },
                  {
                    "concept": "134646AAAAAAAAAAAAAAAAAAAAAAAAAAAAAA",
                    "label": "Ear Mass"
                  },
                  {
                    "concept": "131602AAAAAAAAAAAAAAAAAAAAAAAAAAAAAA",
                    "label": "Ear Pain"
                  },
                  {
                    "concept": "85950AAAAAAAAAAAAAAAAAAAAAAAAAAAAAAA",
                    "label": "Ear Wax"
                  },
                  {
                    "concept": "133499AAAAAAAAAAAAAAAAAAAAAAAAAAAAAA",
                    "label": "Epistaxis"
                  },
                  {
                    "concept": "139412AAAAAAAAAAAAAAAAAAAAAAAAAAAAAA",
                    "label": "Feeling of something stuck on the throat"
                  },
                  {
                    "concept": "139962AAAAAAAAAAAAAAAAAAAAAAAAAAAAAA ",
                    "label": "Foreign body in left ear"
                  },
                  {
                    "concept": "139953AAAAAAAAAAAAAAAAAAAAAAAAAAAAAA",
                    "label": "Foreign body in right ear"
                  },
                  {
                    "concept": "139949AAAAAAAAAAAAAAAAAAAAAAAAAAAAAA",
                    "label": "Foreign body in the nose"
                  },
                  {
                    "concept": "117698AAAAAAAAAAAAAAAAAAAAAAAAAAAAAA",
                    "label": "Hearing Loss"
                  },
                  {
                    "concept": "136455AAAAAAAAAAAAAAAAAAAAAAAAAAAAAA",
                    "label": "Itching"
                  },
                  {
                    "concept": "135790AAAAAAAAAAAAAAAAAAAAAAAAAAAAAA",
                    "label": "Loss of balance"
                  },
                  {
                    "concept": "152229AAAAAAAAAAAAAAAAAAAAAAAAAAAAAA",
                    "label": "Lump in the neck"
                  },
                  {
                    "concept": "133502AAAAAAAAAAAAAAAAAAAAAAAAAAAAAA",
                    "label": "Nasal congestion"
                  },
                  {
                    "concept": "157666AAAAAAAAAAAAAAAAAAAAAAAAAAAAAA",
                    "label": "Nose Mass"
                  },
                  {
                    "concept": "131020AAAAAAAAAAAAAAAAAAAAAAAAAAAAAA",
                    "label": "Nose Pain"
                  },
                  {
                    "concept": "151702AAAAAAAAAAAAAAAAAAAAAAAAAAAAAA",
                    "label": "Otorrhoea"
                  },
                  {
                    "concept": "114403AAAAAAAAAAAAAAAAAAAAAAAAAAAAAA",
                    "label": "Pain"
                  },
                  {
                    "concept": "115403AAAAAAAAAAAAAAAAAAAAAAAAAAAAAA",
                    "label": "Rhinorrhoea"
                  },
                  {
                    "concept": "141937AAAAAAAAAAAAAAAAAAAAAAAAAAAAAA",
                    "label": "Loss of smell"
                  },
                  {
                    "concept": "163825AAAAAAAAAAAAAAAAAAAAAAAAAAAAAA",
                    "label": "Lumps in the Lips"
                  },
                  {
                    "concept": "160490AAAAAAAAAAAAAAAAAAAAAAAAAAAAAA",
                    "label": "Lumps in the oral cavity"
                  },
                  {
                    "concept": "160502AAAAAAAAAAAAAAAAAAAAAAAAAAAAAA",
                    "label": "Lumps in the tongue"
                  },
                  {
                    "concept": "158843AAAAAAAAAAAAAAAAAAAAAAAAAAAAAA",
                    "label": "Sore Throat"
                  },
                  {
                    "concept": "130308AAAAAAAAAAAAAAAAAAAAAAAAAAAAAA",
                    "label": "Stertor"
                  },
                  {
                    "concept": "125782AAAAAAAAAAAAAAAAAAAAAAAAAAAAAA",
                    "label": "Stridor"
                  },
                  {
                    "concept": "43625AAAAAAAAAAAAAAAAAAAAAAAAAAAAAA",
                    "label": "Throat congestions "
                  },
                  {
                    "concept": "158843AAAAAAAAAAAAAAAAAAAAAAAAAAAAAA",
                    "label": "Throat irritation"
                  },
                  {
                    "concept": "134648AAAAAAAAAAAAAAAAAAAAAAAAAAAAAA",
                    "label": "Throat Mass"
                  },
                  {
                    "concept": "131028AAAAAAAAAAAAAAAAAAAAAAAAAAAAAA",
                    "label": "Throat Pain"
                  },
                  {
                    "concept": "123588AAAAAAAAAAAAAAAAAAAAAAAAAAAAAA",
                    "label": "Tinnitus"
                  },
                  {
                    "concept": "111525AAAAAAAAAAAAAAAAAAAAAAAAAAAAAA",
                    "label": "Vertigo"
                  },
                  {
                    "concept": "5622AAAAAAAAAAAAAAAAAAAAAAAAAAAAAAAA",
                    "label": "Other"
                  }
                ]
              }
            },
            {
              "label": "Other Specify",
              "type": "obs",
              "id": "symptomsPecify",
              "questionOptions": {
                "concept": "160632AAAAAAAAAAAAAAAAAAAAAAAAAAAAAA",
                "rendering": "textarea"
              },
              "hide": {
                "hideWhenExpression": "isEmpty(sYmpTomsForENT) || !arrayContains(['5622AAAAAAAAAAAAAAAAAAAAAAAAAAAAAAAA'], sYmpTomsForENT)"
              }
            },
            {
              "label": "Clinical notes",
              "type": "obs",
              "id": "ClinICNotes",
              "questionOptions": {
                "concept": "160430AAAAAAAAAAAAAAAAAAAAAAAAAAAAAA",
                "rendering": "textarea"
              },
              "validators": []
            }
          ]
        },
        {
          "label": "Past Medical/Surgical History",
          "isExpanded": "true",
          "questions": [
            {
              "label": "Past medical history",
              "type": "obs",
              "id": "pastMedicalHistory",
              "questionOptions": {
                "rendering": "checkbox",
                "concept": "1628AAAAAAAAAAAAAAAAAAAAAAAAAAAAAAAA",
                "answers": [
                  {
                    "concept": "1107AAAAAAAAAAAAAAAAAAAAAAAAAAAAAAAA",
                    "label": "None"
                  },
                  {
                    "concept": "121375AAAAAAAAAAAAAAAAAAAAAAAAAAAAAA",
                    "label": "Asthma",
                    "disableWhenExpression": "myValue === '1107AAAAAAAAAAAAAAAAAAAAAAAAAAAAAAAA'"
                  },
                  {
                    "concept": "159339AAAAAAAAAAAAAAAAAAAAAAAAAAAAAA",
                    "label": "bleeding and tendency",
                    "disableWhenExpression": "myValue === '1107AAAAAAAAAAAAAAAAAAAAAAAAAAAAAAAA'"
                  },
                  {
                    "concept": "116008AAAAAAAAAAAAAAAAAAAAAAAAAAAAAA",
                    "label": "Cancer",
                    "disableWhenExpression": "myValue === '1107AAAAAAAAAAAAAAAAAAAAAAAAAAAAAAAA'"
                  },
                  {
                    "concept": "119481AAAAAAAAAAAAAAAAAAAAAAAAAAAAAA",
                    "label": "Diabetes",
                    "disableWhenExpression": "myValue === '1107AAAAAAAAAAAAAAAAAAAAAAAAAAAAAAAA'"
                  },
                  {
                    "concept": "117698AAAAAAAAAAAAAAAAAAAAAAAAAAAAAA",
                    "label": "Hearing loss",
                    "disableWhenExpression": "myValue === '1107AAAAAAAAAAAAAAAAAAAAAAAAAAAAAAAA'"
                  },
                  {
                    "concept": "149197AAAAAAAAAAAAAAAAAAAAAAAAAAAAAA",
                    "label": "HIV/AIDS",
                    "disableWhenExpression": "myValue === '1107AAAAAAAAAAAAAAAAAAAAAAAAAAAAAAAA'"
                  },
                  {
                    "concept": "117399AAAAAAAAAAAAAAAAAAAAAAAAAAAAAA",
                    "label": "Hypertention",
                    "disableWhenExpression": "myValue === '1107AAAAAAAAAAAAAAAAAAAAAAAAAAAAAAAA'"
                  },
                  {
                    "concept": "131113AAAAAAAAAAAAAAAAAAAAAAAAAAAAAA",
                    "label": "Otitis Media",
                    "disableWhenExpression": "myValue === '1107AAAAAAAAAAAAAAAAAAAAAAAAAAAAAAAA'"
                  },
                  {
                    "concept": "118976AAAAAAAAAAAAAAAAAAAAAAAAAAAAAA",
                    "label": "Thyroid disease",
                    "disableWhenExpression": "myValue === '1107AAAAAAAAAAAAAAAAAAAAAAAAAAAAAAAA'"
                  },
                  {
                    "concept": "112141AAAAAAAAAAAAAAAAAAAAAAAAAAAAAA",
                    "label": "Tuberculosis",
                    "disableWhenExpression": "myValue === '1107AAAAAAAAAAAAAAAAAAAAAAAAAAAAAAAA'"
                  },
                  {
                    "concept": "112484AAAAAAAAAAAAAAAAAAAAAAAAAAAAAA",
                    "label": "Septicemia",
                    "disableWhenExpression": "myValue === '1107AAAAAAAAAAAAAAAAAAAAAAAAAAAAAAAA'"
                  },
                  {
                    "concept": "5622AAAAAAAAAAAAAAAAAAAAAAAAAAAAAAAA",
                    "label": "Others",
                    "disableWhenExpression": "myValue === '1107AAAAAAAAAAAAAAAAAAAAAAAAAAAAAAAA'"
                  }
                ]
              }
            },
            {
              "label": "Other Specify",
              "type": "obs",
              "id": "pastMedicalPecify",
              "questionOptions": {
                "concept": "160632AAAAAAAAAAAAAAAAAAAAAAAAAAAAAA",
                "rendering": "textarea"
              },
              "hide": {
                "hideWhenExpression": "isEmpty(pastMedicalHistory) || !arrayContains(['5622AAAAAAAAAAAAAAAAAAAAAAAAAAAAAAAA'], pastMedicalHistory)"
              }
            },
            {
              "label": "Any Medication taken before this visit",
              "type": "obs",
              "id": "medHis",
              "questionOptions": {
                "rendering": "radio",
                "concept": "1628AAAAAAAAAAAAAAAAAAAAAAAAAAAAAAAA",
                "answers": [
                  {
                    "concept": "1065AAAAAAAAAAAAAAAAAAAAAAAAAAAAAAAA",
                    "label": "Yes"
                  },
                  {
                    "concept": "1066AAAAAAAAAAAAAAAAAAAAAAAAAAAAAAAA",
                    "label": "No"
                  }
                ]
              },
              "hide": {
                "hideWhenExpression": "visitTo === '167050AAAAAAAAAAAAAAAAAAAAAAAAAAAAAA'"
              }
            },
            {
              "label": "Past Medication History",
              "type": "obsGroup",
              "id": "pastprescribedDrugs",
              "questionOptions": {
                "concept": "1628AAAAAAAAAAAAAAAAAAAAAAAAAAAAAAAA",
                "rendering": "repeating"
              },
              "validators": [],
              "hide": {
                "hideWhenExpression": "medHis !== '1065AAAAAAAAAAAAAAAAAAAAAAAAAAAAAAAA'"
              },
              "questions": [
                {
                  "label": "Drug Name",
                  "type": "obs",
                  "id": "druG",
                  "questionOptions": {
                    "concept": "162725AAAAAAAAAAAAAAAAAAAAAAAAAAAAAA",
                    "rendering": "text"
                  }
                },
                {
                  "label": "Dosage",
                  "type": "obs",
                  "id": "dose",
                  "questionOptions": {
                    "concept": "1443AAAAAAAAAAAAAAAAAAAAAAAAAAAAAAAA",
                    "rendering": "number"
                  }
                },
                {
                  "label": "Frequency",
                  "type": "obs",
                  "id": "frequency",
                  "questionOptions": {
                    "concept": "160855AAAAAAAAAAAAAAAAAAAAAAAAAAAAAA",
                    "rendering": "select",
                    "answers": [
                      {
                        "concept": "160864AAAAAAAAAAAAAAAAAAAAAAAAAAAAAA",
                        "label": "Once daily in the evening"
                      },
                      {
                        "concept": "160866AAAAAAAAAAAAAAAAAAAAAAAAAAAAAA",
                        "label": "Thrice daily"
                      },
                      {
                        "concept": "160862AAAAAAAAAAAAAAAAAAAAAAAAAAAAAA",
                        "label": "Once daily"
                      },
                      {
                        "concept": "160865AAAAAAAAAAAAAAAAAAAAAAAAAAAAAA",
                        "label": "Once daily in the morning"
                      },
                      {
                        "concept": "160863AAAAAAAAAAAAAAAAAAAAAAAAAAAAAA",
                        "label": "Once daily at bedtime"
                      },
                      {
                        "concept": "160858AAAAAAAAAAAAAAAAAAAAAAAAAAAAAA",
                        "label": "Twice daily"
                      },
                      {
                        "concept": "160870AAAAAAAAAAAAAAAAAAAAAAAAAAAAAA",
                        "label": "Four times daily"
                      }
                    ]
                  }
                },
                {
                  "label": "Route of Adminstration",
                  "type": "obs",
                  "id": "routeOfAdmin",
                  "questionOptions": {
                    "concept": "163398AAAAAAAAAAAAAAAAAAAAAAAAAAAAAA",
                    "rendering": "select",
                    "answers": [
                      {
                        "concept": "160240AAAAAAAAAAAAAAAAAAAAAAAAAAAAAA",
                        "label": "Oral"
                      },
                      {
                        "concept": "160242AAAAAAAAAAAAAAAAAAAAAAAAAAAAAA",
                        "label": "Intravenous"
                      },
                      {
                        "concept": "160243AAAAAAAAAAAAAAAAAAAAAAAAAAAAAA",
                        "label": "Intramuscular"
                      },
                      {
                        "concept": "160245AAAAAAAAAAAAAAAAAAAAAAAAAAAAAA",
                        "label": "Subcutaneous"
                      },
                      {
                        "concept": "160241AAAAAAAAAAAAAAAAAAAAAAAAAAAAAA",
                        "label": "Inhalation"
                      },
                      {
                        "concept": "161253AAAAAAAAAAAAAAAAAAAAAAAAAAAAAA",
                        "label": "Intranasal"
                      },
                      {
                        "concept": "162391AAAAAAAAAAAAAAAAAAAAAAAAAAAAAA",
                        "label": "Transdermal"
                      },
                      {
                        "concept": "162392AAAAAAAAAAAAAAAAAAAAAAAAAAAAAA",
                        "label": "Vaginally"
                      },
                      {
                        "concept": "162393AAAAAAAAAAAAAAAAAAAAAAAAAAAAAA",
                        "label": "Rectally"
                      },
                      {
                        "concept": "162824AAAAAAAAAAAAAAAAAAAAAAAAAAAAAA",
                        "label": "Intraosseous"
                      },
                      {
                        "concept": "162391AAAAAAAAAAAAAAAAAAAAAAAAAAAAAA",
                        "label": "Transdermal"
                      }
                    ]
                  }
                }
              ]
            },
            {
              "label": "Past surgical and trauma to ear, nose, head and neck",
              "type": "obs",
              "id": "surgHis",
              "questionOptions": {
                "rendering": "radio",
                "concept": "30fe6669-75f3-4a1d-89c3-753a060d559a",
                "answers": [
                  {
                    "concept": "1065AAAAAAAAAAAAAAAAAAAAAAAAAAAAAAAA",
                    "label": "Yes"
                  },
                  {
                    "concept": "1066AAAAAAAAAAAAAAAAAAAAAAAAAAAAAAAA",
                    "label": "No"
                  }
                ]
              }
            },
            {
              "label": "Type of Surgery performed",
              "type": "obs",
              "id": "typeofSurgery",
              "questionOptions": {
                "concept": "166635AAAAAAAAAAAAAAAAAAAAAAAAAAAAAA",
                "rendering": "text"
              },
              "hide": {
                "hideWhenExpression": "surgHis !== '1065AAAAAAAAAAAAAAAAAAAAAAAAAAAAAAAA'"
              }
            },
            {
              "label": "Date Surgery Performed?",
              "type": "obs",
              "id": "dateOfSurgery",
              "questionOptions": {
                "concept": "160715AAAAAAAAAAAAAAAAAAAAAAAAAAAAAA",
                "rendering": "date"
              },
              "hide": {
                "hideWhenExpression": "surgHis !== '1065AAAAAAAAAAAAAAAAAAAAAAAAAAAAAAAA'"
              },
              "validators": [
                {
                  "type": "date",
                  "allowFutureDates": "false"
                }
              ]
            }
          ]
        }
      ]
    },
    {
      "label": "Patient's Examination",
      "sections": [
        {
          "label": "Examination Findings",
          "isExpanded": "true",
          "questions": [
            {
              "label": "General Examination",
              "type": "obs",
              "id": "genFindings",
              "questionOptions": {
                "concept": "160632AAAAAAAAAAAAAAAAAAAAAAAAAAAAAA",
                "rendering": "textarea",
                "rows": "10"
              }
            },
            {
              "label": "Ear findings",
              "type": "obs",
              "id": "earFinDiNgs",
              "questionOptions": {
                "concept": "163337AAAAAAAAAAAAAAAAAAAAAAAAAAAAAA",
                "rendering": "multiCheckbox",
                "answers": [
                  {
                    "concept": "142671AAAAAAAAAAAAAAAAAAAAAAAAAAAAAA",
                    "label": "Deformity of Pinna"
                  },
                  {
                    "concept": "151702AAAAAAAAAAAAAAAAAAAAAAAAAAAAAA",
                    "label": "External ear tenderness and discharge"
                  },
                  {
                    "concept": "163AAAAAAAAAAAAAAAAAAAAAAAAAAAAAAAAA",
                    "label": "Foreign bodies"
                  },
                  {
                    "concept": "139740AAAAAAAAAAAAAAAAAAAAAAAAAAAAAA",
                    "label": "Fungal Ear Infection"
                  },
                  {
                    "concept": "135412AAAAAAAAAAAAAAAAAAAAAAAAAAAAAA",
                    "label": "Macrotia"
                  },
                  {
                    "concept": "134186AAAAAAAAAAAAAAAAAAAAAAAAAAAAAA",
                    "label": "Microtia"
                  },
                  {
                    "concept": "114431AAAAAAAAAAAAAAAAAAAAAAAAAAAAAA",
                    "label": "Otitis externa"
                  },
                  {
                    "concept": "131113AAAAAAAAAAAAAAAAAAAAAAAAAAAAAA",
                    "label": "Otitis media"
                  },
                  {
                    "concept": "112522AAAAAAAAAAAAAAAAAAAAAAAAAAAAAA",
                    "label": "Reddened, bulging drum"
                  },
                  {
                    "concept": "126385AAAAAAAAAAAAAAAAAAAAAAAAAAAAAA",
                    "label": "Skin Tag"
                  },
                  {
                    "concept": "163894AAAAAAAAAAAAAAAAAAAAAAAAAAAAAA",
                    "label": "Swelling"
                  },
                  {
                    "concept": "122904AAAAAAAAAAAAAAAAAAAAAAAAAAAAAA",
                    "label": "Wax in Ear Canal"
                  },
                  {
                    "concept": "111761AAAAAAAAAAAAAAAAAAAAAAAAAAAAAA",
                    "label": "White patches (tympanosclerosis) or perforation"
                  }
                ]
              }
            },
            {
              "label": "Nose findings",
              "type": "obs",
              "id": "NoseFindinGs",
              "questionOptions": {
                "concept": "1123AAAAAAAAAAAAAAAAAAAAAAAAAAAAAAAA",
                "rendering": "multiCheckbox",
                "answers": [
                  {
                    "concept": "147241AAAAAAAAAAAAAAAAAAAAAAAAAAAAAA",
                    "label": "Bleeding"
                  },
                  {
                    "concept": "157666AAAAAAAAAAAAAAAAAAAAAAAAAAAAAA",
                    "label": "Clots"
                  },
                  {
                    "concept": "143132AAAAAAAAAAAAAAAAAAAAAAAAAAAAAA",
                    "label": "Crusting"
                  },
                  {
                    "concept": "142493AAAAAAAAAAAAAAAAAAAAAAAAAAAAAA",
                    "label": "Deviated Nasal Septum"
                  },
                  {
                    "concept": "140814AAAAAAAAAAAAAAAAAAAAAAAAAAAAAA",
                    "label": "Facial swelling and tenderness"
                  },
                  {
                    "concept": "163AAAAAAAAAAAAAAAAAAAAAAAAAAAAAAAAA",
                    "label": "Foreign bodies"
                  },
                  {
                    "concept": "118985AAAAAAAAAAAAAAAAAAAAAAAAAAAAAA",
                    "label": "Nasal deformity"
                  },
                  {
                    "concept": "115400AAAAAAAAAAAAAAAAAAAAAAAAAAAAAA",
                    "label": "Nasal Polyp"
                  },
                  {
                    "concept": "130579AAAAAAAAAAAAAAAAAAAAAAAAAAAAAA",
                    "label": "Perforation of Nasal Septum"
                  },
                  {
                    "concept": "119558AAAAAAAAAAAAAAAAAAAAAAAAAAAAAA",
                    "label": "Prominent blood vessels"
                  },
                  {
                    "concept": "126297AAAAAAAAAAAAAAAAAAAAAAAAAAAAAA",
                    "label": "Soft tissue swelling"
                  },
                  {
                    "concept": "163894AAAAAAAAAAAAAAAAAAAAAAAAAAAAAA",
                    "label": "Swelling"
                  },
                  {
                    "concept": "163894AAAAAAAAAAAAAAAAAAAAAAAAAAAAAA",
                    "label": "Others"
                  }
                ]
              }
            },
            {
              "label": "Other (Specify)",
              "type": "obs",
              "id": "OthersNoseFindings",
              "required": "true",
              "questionOptions": {
                "concept": "d7f01f09-1e8b-4129-bdf6-dbae6e9aa69c",
                "rendering": "text"
              },
              "hide": {
                "hideWhenExpression": "isEmpty(NoseFindinGs) || !arrayContains(['5622AAAAAAAAAAAAAAAAAAAAAAAAAAAAAAAA'], NoseFindinGs)"
              }
            },
            {
              "label": "Mouth findings",
              "type": "obs",
              "id": "mouthFindinGs",
              "questionOptions": {
                "concept": "163308AAAAAAAAAAAAAAAAAAAAAAAAAAAAAA",
                "rendering": "multiCheckbox",
                "answers": [
                  {
                    "concept": "145063AAAAAAAAAAAAAAAAAAAAAAAAAAAAAA",
                    "label": "Cleft palate"
                  },
                  {
                    "concept": "119558AAAAAAAAAAAAAAAAAAAAAAAAAAAAAA",
                    "label": "Dental decay"
                  },
                  {
                    "concept": "145060AAAAAAAAAAAAAAAAAAAAAAAAAAAAAA",
                    "label": "Deviation of ovula to one side"
                  },
                  {
                    "concept": "155973AAAAAAAAAAAAAAAAAAAAAAAAAAAAAA",
                    "label": "Discoloration"
                  },
                  {
                    "concept": "536AAAAAAAAAAAAAAAAAAAAAAAAAAAAAAAAA",
                    "label": "Enlarged tonsils"
                  },
                  {
                    "concept": "140824AAAAAAAAAAAAAAAAAAAAAAAAAAAAAA",
                    "label": "Facial asymmetry"
                  },
                  {
                    "concept": "139438AAAAAAAAAAAAAAAAAAAAAAAAAAAAAA",
                    "label": "Inflammation of the gums"
                  },
                  {
                    "concept": "124711AAAAAAAAAAAAAAAAAAAAAAAAAAAAAA",
                    "label": "Nodules"
                  },
                  {
                    "concept": "111721AAAAAAAAAAAAAAAAAAAAAAAAAAAAAA",
                    "label": "Ulceration"
                  },
                  {
                    "concept": "161011AAAAAAAAAAAAAAAAAAAAAAAAAAAAAA",
                    "label": "Others"
                  }
                ]
              }
            },
            {
              "label": "Other (Specify)",
              "type": "obs",
              "id": "OthersNoseFindings",
              "required": "true",
              "questionOptions": {
                "concept": "d7f01f09-1e8b-4129-bdf6-dbae6e9aa69c",
                "rendering": "text"
              },
              "hide": {
                "hideWhenExpression": "isEmpty(mouthFindinGs) || !arrayContains(['161011AAAAAAAAAAAAAAAAAAAAAAAAAAAAAA'], mouthFindinGs)"
              }
            },
            {
              "label": "Neck findings",
              "type": "obs",
              "id": "neckFindinGs",
              "questionOptions": {
                "concept": "163388AAAAAAAAAAAAAAAAAAAAAAAAAAAAAA",
                "rendering": "multiCheckbox",
                "answers": [
                  {
                    "concept": "119416AAAAAAAAAAAAAAAAAAAAAAAAAAAAAA",
                    "label": "Enlarged thyroid"
                  },
                  {
                    "concept": "135488AAAAAAAAAAAAAAAAAAAAAAAAAAAAAA",
                    "label": "lymphadenopathy"
                  },
                  {
                    "concept": "134643AAAAAAAAAAAAAAAAAAAAAAAAAAAAAA",
                    "label": "Neck mass"
                  },
                  {
                    "concept": "133467AAAAAAAAAAAAAAAAAAAAAAAAAAAAAA",
                    "label": "Neck Swelling"
                  },
                  {
                    "concept": "133469AAAAAAAAAAAAAAAAAAAAAAAAAAAAAA",
                    "label": "Neck Pain"
                  },
                  {
                    "concept": "145802AAAAAAAAAAAAAAAAAAAAAAAAAAAAAA",
                    "label": "Cervical swelling"
                  },
                  {
                    "concept": "158971AAAAAAAAAAAAAAAAAAAAAAAAAAAAAA",
                    "label": "Submental Swelling"
                  },
                  {
                    "concept": "5622AAAAAAAAAAAAAAAAAAAAAAAAAAAAAAAA",
                    "label": "Others"
                  }
                ]
              }
            },
            {
              "label": "Other (Specify)",
              "type": "obs",
              "id": "OthersNeckFindings",
              "required": "true",
              "questionOptions": {
                "concept": "160632AAAAAAAAAAAAAAAAAAAAAAAAAAAAAA",
                "rendering": "text"
              },
              "hide": {
                "hideWhenExpression": "isEmpty(neckFindinGs) || !arrayContains(['5622AAAAAAAAAAAAAAAAAAAAAAAAAAAAAAAA'], neckFindinGs)"
              }
            },
            {
              "label": "Clinical Notes",
              "type": "obs",
              "id": "clinicianfinDingsNotes",
              "questionOptions": {
                "concept": "462bfb69-b97e-425c-b387-ddd3a5c8653c",
                "rendering": "textarea",
                "rows": "10"
              }
            }
          ]
        }
      ]
    },
    {
      "label": "Patient's Management",
      "sections": [
        {
          "label": "Treatment/Management Plan",
          "isExpanded": "true",
          "questions": [
            {
              "label": "Diagnosis",
              "id": "DiagNosIS",
              "type": "diagnosis",
               "questionOptions": {
                "rendering": "repeating",
                "dataSource": "diagnoses",
                "rank": 1,
                "datasource": {
                  "name": "diagnoses",
                  "config": {
                    "conceptSourceUuid": "39ADDDDDDDDDDDDDDDDDDDDDDDDDDDDDDDDD"
                  }
                }
              }
            },
            {
              "label": "Diagnosis Categorization",
              "required": "true",
              "type": "obs",
              "id": "dxCategory",
              "questionOptions": {
                "rendering": "radio",
                "concept": "1f852fa4-caa6-4ad3-9f8e-551219af52ad",
                "answers": [
                  {
                    "concept": "1687AAAAAAAAAAAAAAAAAAAAAAAAAAAAAAAA",
                    "label": "New diagnosis"
                  },
                  {
                    "concept": "c38d0531-69e4-4f41-9baa-d1539fd22b24",
                    "label": "Pre-Existing diagnosis"
                  }
                ]
              }
            },
            {
              "label": "Management",
              "type": "obsGroup",
              "questionOptions": {
                "rendering": "repeating",
                "concept": "159947AAAAAAAAAAAAAAAAAAAAAAAAAAAAAA"
              },
              "id": "manaGement",
              "questions": [
                {
                  "label": "Management Plan",
                  "type": "obs",
                  "id": "manageMentPlan",
                  "questionOptions": {
                    "concept": "163104AAAAAAAAAAAAAAAAAAAAAAAAAAAAAA",
                    "rendering": "textarea"
                  }
                }
              ]
            },
            {
              "label": "Drug Order",
              "required": false,
              "id": "drugsWorkspaceLauncher",
              "questionOptions": {
                "rendering": "workspace-launcher",
                "buttonLabel": "Add drug order",
                "workspaceName": "add-drug-order"
              },
              "hide": {
                "hideWhenExpression": ""
              }
            }
          ]
        },
        {
          "label": "Patient Outcome",
          "isExpanded": "true",
          "questions": [
            {
              "label": "Patient Outcome ",
              "type": "obs",
              "id": "outcomePatient",
              "questionOptions": {
                "concept": "160433AAAAAAAAAAAAAAAAAAAAAAAAAAAAAA",
                "rendering": "radio",
                "answers": [
                  {
                    "concept": "160429AAAAAAAAAAAAAAAAAAAAAAAAAAAAAA",
                    "label": "Released Home"
                  },
                  {
                    "concept": "77eafb3f-58d3-4397-a6dc-d2c06e9062f3",
                    "label": "Admit"
                  },
                  {
                    "concept": "1693AAAAAAAAAAAAAAAAAAAAAAAAAAAAAAAA",
                    "label": "Referral"
                  },
                  {
                    "concept": "159AAAAAAAAAAAAAAAAAAAAAAAAAAAAAAAAA",
                    "label": "Deceased"
                  }
                ]
              }
            },
            {
              "label": "Appointments",
              "required": false,
              "id": "appointmentWorkspaceLauncher",
              "questionOptions": {
                "rendering": "workspace-launcher",
                "buttonLabel": "Add appointments",
                "workspaceName": "appointments-form-workspace"
              },
              "hide": {
                "hideWhenExpression": "outcomePatient !=='160429AAAAAAAAAAAAAAAAAAAAAAAAAAAAAA'"
              }
            },
            {
              "label": "Reffered For?",
              "type": "obs",
              "id": "refferalsOrderd",
              "questionOptions": {
                "concept": "162725AAAAAAAAAAAAAAAAAAAAAAAAAAAAAA",
                "rendering": "textarea"
              },
              "hide": {
                "hideWhenExpression": "outcomePatient !=='1693AAAAAAAAAAAAAAAAAAAAAAAAAAAAAAAA'"
              }
            },
            {
              "label": "Referred to?",
              "type": "obs",
              "id": "referralTo",
              "questionOptions": {
                "concept": "163145AAAAAAAAAAAAAAAAAAAAAAAAAAAAAA",
                "rendering": "select",
                "answers": [
                  {
                    "concept": "164407AAAAAAAAAAAAAAAAAAAAAAAAAAAAAA",
                    "label": "Other health facility"
                  },
                  {
                    "concept": "163266AAAAAAAAAAAAAAAAAAAAAAAAAAAAAA",
                    "label": "This health facility"
                  },
                  {
                    "concept": "4fcf003e-71cf-47a5-a967-47d24aa61092",
                    "label": "Community Health Unit"
                  }
                ]
              },
              "hide": {
                "hideWhenExpression": "outcomePatient !=='1693AAAAAAAAAAAAAAAAAAAAAAAAAAAAAAAA'"
              }
            },
            {
              "label": "Transfer to Facility:",
              "type": "obs",
              "id": "transferToFacility",
              "questionOptions": {
                "concept": "159495AAAAAAAAAAAAAAAAAAAAAAAAAAAAAA",
                "rendering": "encounterLocation"
              },
              "hide": {
                "hideWhenExpression": "referralTo !=='164407AAAAAAAAAAAAAAAAAAAAAAAAAAAAAA'"
              }
            },
            {
              "label": "Service Referred for:",
              "type": "obs",
              "id": "thisfacility",
              "questionOptions": {
                "concept": "162724AAAAAAAAAAAAAAAAAAAAAAAAAAAAAA",
                "rendering": "text"
              },
              "hide": {
                "hideWhenExpression": "referralTo !=='163266AAAAAAAAAAAAAAAAAAAAAAAAAAAAAA'"
              }
            }
          ]
        },
        {
          "label": "Ward Details",
          "isExpanded": "true",
          "questions": [
            {
              "type": "obsGroup",
              "id": "inpatientDispositionConstruct",
              "questionOptions": {
                "concept": "CIEL:169405",
                "rendering": "group"
              },
              "questions": [
                {
                  "id": "disposition",
                  "label": "Disposition",
                  "type": "obs",
                  "required": true,
                  "questionOptions": {
                    "rendering": "radio",
                    "required": true,
                    "concept": "CIEL:169402",
                    "answers": [
                      {
                        "concept": "CIEL:168619"
                      }
                    ]
                  },
                  "hide": {
                    "hideWhenExpression": "outcomePatient !=='77eafb3f-58d3-4397-a6dc-d2c06e9062f3'"
                  },
                  "validators": []
                },
                {
                  "id": "admitToLocation",
                  "label": "Admit To Location",
                  "type": "obs",
                  "required": true,
                  "questionOptions": {
                    "rendering": "remote-select",
                    "concept": "CIEL:169403",
                    "datasource": {
                      "name": "location",
                      "config": {
                        "tag": "Admission Location"
                      }
                    }
                  },
                  "hide": {
                    "hideWhenExpression": "outcomePatient !=='77eafb3f-58d3-4397-a6dc-d2c06e9062f3'"
                  }
                }
              ]
            }
          ]
        }
       
      ]
    }
  ],
  "processor": "EncounterFormProcessor",
  "referencedForms": [],
  "encounterType": "465a92f2-baf8-42e9-9612-53064be868e8"
}