{
	"name": "Family Planning Discontinuation",
	"description": "Family Planning Services Discontinuation",
	"version": "1.0",
	"published": true,
	"uuid": "efc782ea-9a16-4791-824a-18be7417eda4",
	"retired": false,
	"encounter": "FP Discontinuation",
	"meta": {
	  "programs": {
		"uuid": "191269d2-9973-4958-9936-f687ed771050",
		"isEnrollment": false,
		"discontinuationDateQuestionId": "encDate"
	  }
	},
	"pages": [
	  {
		"label": "Family Planning (FP) Services Discontinuation",
		"sections": [
		  {
			"label": "Visit Details",
			"isExpanded": "true",
			"questions": [
			  {
				"label": "Discontinued Date:",
				"type": "encounterDatetime",
				"required": "true",
				"questionOptions": {
				  "rendering": "ui-select-extended"
				},
				"validators": [
				  {
					"type": "date",
					"allowFutureDates": "false"
				  }
				],
				"id": "encDate"
			  },
			  {
				"label": "Provider:",
				"type": "encounterProvider",
				"required": "true",
				"questionOptions": {
				  "rendering": "ui-select-extended"
				},
				"id": "encProvider "
			  },
			  {
				"label": "Location:",
				"type": "encounterLocation",
				"required": "true",
				"questionOptions": {
				  "rendering": "ui-select-extended"
				},
				"id": "encLocation"
			  }
			]
		  },
		  {
			"label": "Family Planning Services Discontinuation",
			"isExpanded": "true",
			"questions": [
			  {
				"label": "Exit Criteria",
				"type": "obs",
				"required": "true",
				"questionOptions": {
				  "rendering": "select",
				  "concept": "161555AAAAAAAAAAAAAAAAAAAAAAAAAAAAAA",
				  "answers": [
					{
						"concept": "160571AAAAAAAAAAAAAAAAAAAAAAAAAAAAAA",
						"label": "Wants to get pregnant"
					},
					{
						"concept": "1434AAAAAAAAAAAAAAAAAAAAAAAAAAAAAAAA",
						"label": "Confirmed pregnant"
					},
					{
						"concept": "167533AAAAAAAAAAAAAAAAAAAAAAAAAAAAAA",
						"label": "Wants to stop using Family planning"
					},
					{
						"concept": "160754AAAAAAAAAAAAAAAAAAAAAAAAAAAAAA",
						"label": "Adverse reactions"
					},
					{
					  "concept": "159492AAAAAAAAAAAAAAAAAAAAAAAAAAAAAA",
					  "label": "Transferred Out"
					},
					{
					  "concept": "5240AAAAAAAAAAAAAAAAAAAAAAAAAAAAAAAA",
					  "label": "Lost to follow up"
					},
					{
					  "concept": "160432AAAAAAAAAAAAAAAAAAAAAAAAAAAAAA",
					  "label": "Died"
					}
				  ]
				},
				"id": "idReason"
			  }
			]
		  }
		]
	  }
	],
	"processor": "EncounterFormProcessor",
	"referencedForms": [],
    "encounterType": "eaf7da42-2985-41a5-a89e-eba6223ff2d6"
  }