{
	"name": "Family History",
	"description": "Family History",
	"version": "1",
	"published": true,
	"uuid": "xxxx",
	"retired": false,
	"encounter": "Registration",
	"pages": [
		{
			"label": "FAMILY HISTORY ",
			"sections": [
				{
					"label": "Visit Details",
					"isExpanded": "true",
					"questions": [
						{
							"label": "Date:",
							"type": "encounterDatetime",
							"required": "true",
							"questionOptions": {
								"rendering": "ui-select-extended",
								"allowFutureDates": "false"
							},
							"id": "encDate"
						},
						{
							"label": "Provider:",
							"type": "encounterProvider",
							"required": "true",
							"questionOptions": {
								"rendering": "ui-select-extended"
							},
							"id": "encProvider "
						},
						{
							"label": "Location:",
							"type": "encounterLocation",
							"required": "true",
							"questionOptions": {
								"rendering": "ui-select-extended"
							},
							"id": "encLocation"
						}
					]
				},
				{
					"label": "FAMILY HISTORY ",
					"isExpanded": "true",
					"questions": [
						{
							"label": "Family History",
							"type": "obsGroup",
							"questionOptions": {
								"concept": "160593AAAAAAAAAAAAAAAAAAAAAAAAAAAAAA",
								"rendering": "repeating"
							},
							"questions": [
								{
									"label": "Name of Member",
									"type": "obs",
									"id": "memberName",
									"questionOptions": {
										"concept": "160750AAAAAAAAAAAAAAAAAAAAAAAAAAAAAA",
										"rendering": "text"
									}
								},
								{
									"label": "Age",
									"type": "obs",
									"id": "age",
									"questionOptions": {
										"concept": "160617AAAAAAAAAAAAAAAAAAAAAAAAAAAAAA",
										"rendering": "number",
										"min": "0"
									}
								},
								{
									"label": "Age units",
									"type": "obs",
									"id": "ageUnits",
									"questionOptions": {
										"concept": "1732AAAAAAAAAAAAAAAAAAAAAAAAAAAAAAAA",
										"rendering": "select",
										"answers": [
											{
												"concept": "1074AAAAAAAAAAAAAAAAAAAAAAAAAAAAAAAA",
												"label": "Months"
											},
											{
												"concept": "1734AAAAAAAAAAAAAAAAAAAAAAAAAAAAAAAA",
												"label": "Years"
											}
										]
									}
								},
								{
									"label": "Relation",
									"type": "obs",
									"id": "relation",
									"questionOptions": {
										"concept": "1560AAAAAAAAAAAAAAAAAAAAAAAAAAAAAAAA",
										"rendering": "select",
										"answers": [
											{
												"concept": "5617AAAAAAAAAAAAAAAAAAAAAAAAAAAAAAAA",
												"label": "Spouse"
											},
											{
												"concept": "972AAAAAAAAAAAAAAAAAAAAAAAAAAAAAAAAA",
												"label": "Sibling"
											},
											{
												"concept": "162221AAAAAAAAAAAAAAAAAAAAAAAAAAAAAA",
												"label": "Co-Wife"
											},
											{
												"concept": "970AAAAAAAAAAAAAAAAAAAAAAAAAAAAAAAAA",
												"label": "Mother"
											},
											{
												"concept": "971AAAAAAAAAAAAAAAAAAAAAAAAAAAAAAAAA",
												"label": "Father"
											},
											{
												"concept": "163565AAAAAAAAAAAAAAAAAAAAAAAAAAAAAA",
												"label": "Partner"
											},
											{
												"concept": "1528AAAAAAAAAAAAAAAAAAAAAAAAAAAAAAAA",
												"label": "Child"
											}
										]
									}
								},
								{
									"label": "Hiv Status",
									"type": "obs",
									"id": "hivStatus",
									"questionOptions": {
										"concept": "1729AAAAAAAAAAAAAAAAAAAAAAAAAAAAAAAA",
										"rendering": "select",
										"answers": [
											{
												"concept": "1065AAAAAAAAAAAAAAAAAAAAAAAAAAAAAAAA",
												"label": "Positive"
											},
											{
												"concept": "1066AAAAAAAAAAAAAAAAAAAAAAAAAAAAAAAA",
												"label": "Negative"
											},
											{
												"concept": "1405AAAAAAAAAAAAAAAAAAAAAAAAAAAAAAAA",
												"label": "Exposed infant"
											},
											{
												"concept": "1067AAAAAAAAAAAAAAAAAAAAAAAAAAAAAAAA",
												"label": "Unknown"
											}
										]
									}
								},
								{
									"label": "Care status",
									"type": "obs",
									"id": "careStatus",
									"questionOptions": {
										"concept": "159811AAAAAAAAAAAAAAAAAAAAAAAAAAAAAA",
										"rendering": "select",
										"answers": [
											{
												"concept": "1065AAAAAAAAAAAAAAAAAAAAAAAAAAAAAAAA",
												"label": "Yes"
											},
											{
												"concept": "1066AAAAAAAAAAAAAAAAAAAAAAAAAAAAAAAA",
												"label": "No"
											},
											{
												"concept": "1067AAAAAAAAAAAAAAAAAAAAAAAAAAAAAAAA",
												"label": "Unknown"
											}
										]
									},
									"hide": {
										"hideWhenExpression": "hivStatus !== '1065AAAAAAAAAAAAAAAAAAAAAAAAAAAAAAAA'"
									}
								},
								{
									"label": "CCC Number",
									"type": "obs",
									"id": "cccNumber",
									"questionOptions": {
										"concept": "162053AAAAAAAAAAAAAAAAAAAAAAAAAAAAAA",
										"rendering": "number",
										"min": "0"
									},
									"hide": {
									  "hideWhenExpression": "isEmpty(careStatus) && careStatus !== '1065AAAAAAAAAAAAAAAAAAAAAAAAAAAAAAAA'"
									}
								}
							],
							"id": "__IKHospqEM"
						}
					]
				}
			]
		}
	],
	"processor": "EncounterFormProcessor",
	"referencedForms": []
}