{
  "name": "Family Planning",
  "description": "Family Planning Form",
  "version": "2",
  "published": true,
  "uuid": "a52c57d4-110f-4879-82ae-907b0d90add6",
  "retired": false,
  "encounter": "Family Planning",
  "pages": [
    {
      "label": "Visit Details",
      "sections": [
        {
          "label": "Encounter Details",
          "isExpanded": "true",
          "questions": [
            {
              "label": "Date:",
              "type": "encounterDatetime",
              "required": "true",
              "questionOptions": {
                "rendering": "ui-select-extended",
                "allowFutureDates": "false"
              },
              "id": "encDate"
            },
            {
              "label": "Provider:",
              "type": "encounterProvider",
              "required": "true",
              "questionOptions": {
                "rendering": "ui-select-extended"
              },
              "id": "encProvider "
            },
            {
              "label": "Location:",
              "type": "encounterLocation",
              "required": "true",
              "questionOptions": {
                "rendering": "ui-select-extended"
              },
              "id": "encLocation"
            }
          ]
        },
        {
          "label": "Client History",
          "isExpanded": "true",
          "questions": [
             {
              "label": "Is this Visit a referral?",
              "type": "obs",
              "required": "true",
              "id": "visitReferral",
              "questionOptions": {
                "rendering": "radio",
                "concept": "d105235e-41ee-4234-9b32-0bef507342d7",
                "answers": [
                  {
                    "concept": "1065AAAAAAAAAAAAAAAAAAAAAAAAAAAAAAAA",
                    "label": "Yes"
                  },
                  {
                    "concept": "1066AAAAAAAAAAAAAAAAAAAAAAAAAAAAAAAA",
                    "label": "No"
                  }
                ]
              }
            },
            {
              "label": "Referral from",
              "type": "obs",
              "required": "true",
              "id": "referralSpecification",
              "questionOptions": {
                "rendering": "radio",
                "concept": "160338AAAAAAAAAAAAAAAAAAAAAAAAAAAAAA",
                "conceptMappings": [],
                "answers": [
                  {
                    "concept": "164407AAAAAAAAAAAAAAAAAAAAAAAAAAAAAA",
                    "label": "From other facilities"
                  },
                  {
                    "concept": "1759AAAAAAAAAAAAAAAAAAAAAAAAAAAAAAAA",
                    "label": "Referred from CHU "
                  },
                  {
                    "concept": "164918AAAAAAAAAAAAAAAAAAAAAAAAAAAAAA",
                    "label": "Internal(Department)"
                  }
                ]
              },
              "hide": {
                "hideWhenExpression": "isEmpty(visitReferral) || visitReferral !== '1065AAAAAAAAAAAAAAAAAAAAAAAAAAAAAAAA'"
              }
            },
            {
              "label": "Client Number",
              "type": "obs",
              "required": "true",
              "id": "clientNumber",
              "questionOptions": {
                "rendering": "number",
                "concept": "164812AAAAAAAAAAAAAAAAAAAAAAAAAAAAAA"
              },
              "validators": [],
              "hide": {
                "hideWhenExpression": "age < 15"
              }
            },
            {
              "label": "Client Type",
              "type": "obs",
              "required": "true",
              "id": "clientType",
              "questionOptions": {
                "rendering": "radio",
                "concept": "162728AAAAAAAAAAAAAAAAAAAAAAAAAAAAAA",
                "answers": [
                  {
                    "concept": "164180AAAAAAAAAAAAAAAAAAAAAAAAAAAAAA",
                    "label": "New"
                  },
                  {
                    "concept": "d5ea1533-7346-4e0b-8626-9bff6cd183b2",
                    "label": "Revisit"
                  }
                ]
              },
              "validators": [],
              "hide": {
                "hideWhenExpression": "age < 15"
              }
            },
            {
              "label": "Pregnancy/ breastfeeding Status",
              "type": "obs",
              "required": "true",
              "id": "pregnancyBreastfeedingStatus",
              "questionOptions": {
                "rendering": "radio",
                "concept": "e6c10702-5dab-486e-9c0a-7cf6dafa4a91",
                "answers": [
                  {
                    "concept": "1434AAAAAAAAAAAAAAAAAAAAAAAAAAAAAAAA",
                    "label": "Pregnant"
                  },
                  {
                    "concept": "5632AAAAAAAAAAAAAAAAAAAAAAAAAAAAAAAA",
                    "label": "Breastfeeding"
                  },
                  {
                    "concept": "3e38ebc2-9598-4ce4-832a-954a21507e3a",
                    "label": "Not pregnant"
                  },
                  {
                    "concept": "1067AAAAAAAAAAAAAAAAAAAAAAAAAAAAAAAA",
                    "label": "Unknown"
                  }
                ]
              },
              "validators": [],
              "hide": {
                "hideWhenExpression": "age < 15"
              }
            },
            {
              "label": "LMP",
              "type": "obs",
              "required": "true",
              "id": "lmp",
              "questionOptions": {
                "rendering": "date",
                "concept": "1427AAAAAAAAAAAAAAAAAAAAAAAAAAAAAAAA"
              },
              "validators": [
                {
                  "type": "date",
                  "allowFutureDates": "false"
                }
              ],
              "hide": {
                "hideWhenExpression": "isEmpty(pregnancyBreastfeedingStatus) || age < 15 || pregnancyBreastfeedingStatus === '1434AAAAAAAAAAAAAAAAAAAAAAAAAAAAAAAA'"
              }
            }
          ]
        },
        {
          "label": "Medical History",
          "isExpanded": "true",
          "questions": [
            {
              "label": "Current medical problems/Chronic illness",
              "type": "obs",
              "required": "true",
              "id": "chronicIllness",
              "questionOptions": {
                "rendering": "checkbox",
                "concept": "1284AAAAAAAAAAAAAAAAAAAAAAAAAAAAAAAA",
                "answers": [
                  {
                    "concept": "139084AAAAAAAAAAAAAAAAAAAAAAAAAAAAAA",
                    "label": "Headache"
                  },
                  {
                    "concept": "1292AAAAAAAAAAAAAAAAAAAAAAAAAAAAAAAA",
                    "label": "Deep Vein Thrombosis (DVT)"
                  },
                  {
                    "concept": "117399AAAAAAAAAAAAAAAAAAAAAAAAAAAAAA",
                    "label": "Hypertension"
                  },
                  {
                    "concept": "119481AAAAAAAAAAAAAAAAAAAAAAAAAAAAAA",
                    "label": "Diabetes"
                  },
                  {
                    "concept": "116026AAAAAAAAAAAAAAAAAAAAAAAAAAAAAA",
                    "label": "Breast cancer"
                  },
                  {
                    "concept": "152867AAAAAAAAAAAAAAAAAAAAAAAAAAAAAA",
                    "label": "Liver cancer"
                  },
                  {
                    "concept": "152512AAAAAAAAAAAAAAAAAAAAAAAAAAAAAA",
                    "label": "Stroke"
                  },
                  {
                    "concept": "902AAAAAAAAAAAAAAAAAAAAAAAAAAAAAAAAA",
                    "label": "STI/PID"
                  },
                  {
                    "concept": "5622AAAAAAAAAAAAAAAAAAAAAAAAAAAAAAAA",
                    "label": "Others"
                  }
                ]
              }
            },
            {
              "label": "Specify other illness",
              "type": "obs",
              "id": "OtherSpecificIllness",
              "questionOptions": {
                "concept": "20395601-257c-490c-86c2-acffb627f91f",
                "rendering": "textarea"
              },
               "hide": {
                "hideWhenExpression": "isEmpty(chronicIllness) || !arrayContains(chronicIllness, '5622AAAAAAAAAAAAAAAAAAAAAAAAAAAAAAAA')"
              }
            },
            {
              "label": "Current medication taken",
              "type": "obs",
              "id": "currentMedicationTaken",
              "questionOptions": {
                "concept": "163104AAAAAAAAAAAAAAAAAAAAAAAAAAAAAA",
                "rendering": "textarea"
              }
            },
            {
              "label": "Surgical History",
              "type": "obs",
              "id": "surgicalHistory",
              "questionOptions": {
                "concept": "163104AAAAAAAAAAAAAAAAAAAAAAAAAAAAAA",
                "rendering": "textarea"
              }
            },
            {
              "label": "Gynecology History",
              "type": "obs",
              "id": "gynecologyHistory",
              "questionOptions": {
                "concept": "166364AAAAAAAAAAAAAAAAAAAAAAAAAAAAAA",
                "rendering": "textarea"
              },
              "hide": {
                "hideWhenExpression": "sex !== 'F'"
              }
            },
            {
              "label": "Social History",
              "type": "obs",
              "id": "socialHistory",
              "questionOptions": {
                "concept": "162143AAAAAAAAAAAAAAAAAAAAAAAAAAAAAA",
                "rendering": "textarea"
              }
            },
            {
              "label": "General and Counselling",
              "type": "obs",
              "id": "generalndCounselling",
              "questionOptions": {
                "concept": "161011AAAAAAAAAAAAAAAAAAAAAAAAAAAAAA",
                "rendering": "textarea"
              }
            },
            {
              "label": "Physical History",
              "type": "obs",
              "id": "physicalHistory",
              "questionOptions": {
                "concept": "160221AAAAAAAAAAAAAAAAAAAAAAAAAAAAAA",
                "rendering": "textarea"
              }
            },
            {
              "label": "General Examination",
              "type": "obs",
              "id": "generalExamination",
              "questionOptions": {
                "concept": "163042AAAAAAAAAAAAAAAAAAAAAAAAAAAAAA",
                "rendering": "textarea"
              }
            },
            {
              "label": "Breast Examination",
              "type": "obs",
              "id": "breastExamination",
              "questionOptions": {
                "concept": "162825AAAAAAAAAAAAAAAAAAAAAAAAAAAAAA",
                "rendering": "textarea"
              },
              "hide": {
                "hideWhenExpression": "sex !== 'F'"
              }
            },
            {
              "label": "Abdominal Examination",
              "type": "obs",
              "id": "abdominalExamination",
              "questionOptions": {
                "concept": "160947AAAAAAAAAAAAAAAAAAAAAAAAAAAAAA",
                "rendering": "textarea"
              },
              "hide": {
                "hideWhenExpression": "sex !== 'F'"
              }
            },
            {
              "label": "Bimanual Examination",
              "type": "obs",
              "id": "bimanualExamination",
              "questionOptions": {
                "concept": "160972AAAAAAAAAAAAAAAAAAAAAAAAAAAAAA",
                "rendering": "textarea"
              },
              "hide": {
                "hideWhenExpression": "sex !== 'F'"
              }
            },
            {
              "label": "Speculam Examination",
              "type": "obs",
              "id": "speculamExamination",
              "questionOptions": {
                "concept": "160972AAAAAAAAAAAAAAAAAAAAAAAAAAAAAA",
                "rendering": "textarea"
              },
              "hide": {
                "hideWhenExpression": "sex !== 'F'"
              }
            },
            {
              "label": "Sexual history",
              "type": "obs",
              "id": "sexualHistory",
              "questionOptions": {
                "concept": "162162AAAAAAAAAAAAAAAAAAAAAAAAAAAAAA",
                "rendering": "textarea"
              }
            },
            {
              "label": "Genital Exam",
              "type": "obs",
              "id": "genitalExam",
              "questionOptions": {
                "concept": "160985AAAAAAAAAAAAAAAAAAAAAAAAAAAAAA",
                "rendering": "textarea"
              },
              "hide": {
                "hideWhenExpression": "sex !== 'M'"
              }
            },
            {
              "label": "Rectal Exam",
              "type": "obs",
              "id": "rectalExam",
              "questionOptions": {
                "concept": "160961AAAAAAAAAAAAAAAAAAAAAAAAAAAAAA",
                "rendering": "textarea"
              },
              "hide": {
                "hideWhenExpression": "sex !== 'M'"
              }
            }
          ]
        },
        {
          "label": "Family Planning",
          "isExpanded": "true",
          "questions": [
            {
              "label": "First ever user of contraceptive",
              "type": "obs",
              "required": "true",
              "id": "firstEverUser",
              "questionOptions": {
                "rendering": "radio",
                "concept": "160653AAAAAAAAAAAAAAAAAAAAAAAAAAAAAA",
                "conceptMappings": [
                  {
                    "relationship": "NARROWER-THAN",
                    "type": "SNOMED NP",
                    "value": "423925001"
                  },
                  {
                    "relationship": "SAME-AS",
                    "type": "CIEL",
                    "value": "160653"
                  }
                ],
                "answers": [
                  {
                    "concept": "1065AAAAAAAAAAAAAAAAAAAAAAAAAAAAAAAA",
                    "label": "Yes"
                  },
                  {
                    "concept": "1066AAAAAAAAAAAAAAAAAAAAAAAAAAAAAAAA",
                    "label": "No"
                  }
                ]
              },
              "validators": [],
              "hide": {
                "hideWhenExpression": "age < 15"
              }
            },
            {
              "label": "Counselled on family planning?",
              "type": "obs",
              "required": "true",
              "id": "counselledOnFamilyPlanning",
              "questionOptions": {
                "rendering": "radio",
                "concept": "1382AAAAAAAAAAAAAAAAAAAAAAAAAAAAAAAA",
                "conceptMappings": [
                  {
                    "relationship": "SAME-AS",
                    "type": "SNOMED CT",
                    "value": "410290005"
                  },
                  {
                    "relationship": "SAME-AS",
                    "type": "CIEL",
                    "value": "1382"
                  }
                ],
                "answers": [
                  {
                    "concept": "1065AAAAAAAAAAAAAAAAAAAAAAAAAAAAAAAA",
                    "label": "Yes"
                  },
                  {
                    "concept": "1066AAAAAAAAAAAAAAAAAAAAAAAAAAAAAAAA",
                    "label": "No"
                  }
                ]
              },
              "validators": [],
              "hide": {
                "hideWhenExpression": "age < 15"
              }
            },
            {
              "label": "Contraceptive dispensed at this visit?",
              "type": "obs",
              "required": "true",
              "id": "contraceptiveDispensedF",
              "questionOptions": {
                "rendering": "select",
                "concept": "374AAAAAAAAAAAAAAAAAAAAAAAAAAAAAAAAA",
                "answers": [
                  {
                    "concept": "159783AAAAAAAAAAAAAAAAAAAAAAAAAAAAAA",
                    "label": "Combined oral contraceptive pills (Cycles)"
                  },
                  {
                    "concept": "159784AAAAAAAAAAAAAAAAAAAAAAAAAAAAAA",
                    "label": "Progestrone only pills (cycles)"
                  },
                  {
                    "concept": "160570AAAAAAAAAAAAAAAAAAAAAAAAAAAAAA",
                    "label": "Emergency contraceptive pills (Doses)"
                  },
                  {
                    "concept": "907AAAAAAAAAAAAAAAAAAAAAAAAAAAAAAAAA",
                    "label": "DMPA-IM (Vials)"
                  },
                  {
                    "concept": "79494AAAAAAAAAAAAAAAAAAAAAAAAAAAAAAA",
                    "label": "DMPA-SC (Vials)"
                  },
                  {
                    "concept": "76022AAAAAAAAAAAAAAAAAAAAAAAAAAAAAAA",
                    "label": "1 rod (set)"
                  },
                  {
                    "concept": "162422AAAAAAAAAAAAAAAAAAAAAAAAAAAAAA",
                    "label": "2 rods (3 yrs sets)"
                  },
                  {
                    "concept": "1873AAAAAAAAAAAAAAAAAAAAAAAAAAAAAAAA",
                    "label": "2 rod (5 yrs sets)"
                  },
                  {
                    "concept": "165464AAAAAAAAAAAAAAAAAAAAAAAAAAAAAA",
                    "label": "IUD Hormonal (Sets)"
                  },
                  {
                    "concept": "162794AAAAAAAAAAAAAAAAAAAAAAAAAAAAAA",
                    "label": "IUD Non hormonal (Sets)"
                  },
                  {
                    "concept": "164813AAAAAAAAAAAAAAAAAAAAAAAAAAAAAA",
                    "label": "Male condom"
                  },
                  {
                    "concept": "164814AAAAAAAAAAAAAAAAAAAAAAAAAAAAAA",
                    "label": "Female condom"
                  },
                  {
                    "concept": "1472AAAAAAAAAAAAAAAAAAAAAAAAAAAAAAAA",
                    "label": "Tubal ligation procedure (BLT)"
                  },
                  {
                    "concept": "1489AAAAAAAAAAAAAAAAAAAAAAAAAAAAAAAA",
                    "label": "Vasectomy (Partner)"
                  }
                ]
              },
              "validators": [],
              "hide": {
                "hideWhenExpression": "age < 15 || sex !== 'F'"
              }
            },
            {
              "label": "Contraceptive dispensed at this visit?",
              "type": "obs",
              "required": "true",
              "id": "contraceptiveDispensedM",
              "historicalExpression": "HD.getObject('prevEnc').getValue('374AAAAAAAAAAAAAAAAAAAAAAAAAAAAAAAAA')",
              "questionOptions": {
                "rendering": "select",
                "concept": "374AAAAAAAAAAAAAAAAAAAAAAAAAAAAAAAAA",
                "answers": [
                  {
                    "concept": "164813AAAAAAAAAAAAAAAAAAAAAAAAAAAAAA",
                    "label": "Male condom"
                  },
                  {
                    "concept": "1489AAAAAAAAAAAAAAAAAAAAAAAAAAAAAAAA",
                    "label": "Vasectomy"
                  },
                  {
                    "concept": "5622AAAAAAAAAAAAAAAAAAAAAAAAAAAAAAAA",
                    "label": "Others"
                  }
                ]
              },
              "validators": [],
              "hide": {
                "hideWhenExpression": "age < 15 || sex !== 'M'"
              }
            },
            {
              "label": "Specify other male contraceptives",
              "type": "obs",
              "id": "specifyOtherMaleContraceptives",
              "questionOptions": {
                "concept": "160716AAAAAAAAAAAAAAAAAAAAAAAAAAAAAA",
                "rendering": "textarea"
              },
              "hide": {
                "hideWhenExpression": "isEmpty(contraceptiveDispensedM) || contraceptiveDispensedM !== '5622AAAAAAAAAAAAAAAAAAAAAAAAAAAAAAAA'"
              }
            },
            {
              "label": "Type of visit for method",
              "type": "obs",
              "required": "true",
              "id": "typeOfVisitForMethod1",
              "questionOptions": {
                "rendering": "select",
                "concept": "167523AAAAAAAAAAAAAAAAAAAAAAAAAAAAAA",
                "answers": [
                  {
                    "concept": "164180AAAAAAAAAAAAAAAAAAAAAAAAAAAAAA",
                    "label": "New"
                  },
                  {
                    "concept": "164142AAAAAAAAAAAAAAAAAAAAAAAAAAAAAA",
                    "label": "Re-visit"
                  }
                ]
              },
              "validators": [],
              "hide": {
                "hideWhenExpression": "isEmpty(contraceptiveDispensedF) || age < 15 || contraceptiveDispensedF === '160570AAAAAAAAAAAAAAAAAAAAAAAAAAAAAA' || contraceptiveDispensedF === '1873AAAAAAAAAAAAAAAAAAAAAAAAAAAAAAAA' || contraceptiveDispensedF === '162422AAAAAAAAAAAAAAAAAAAAAAAAAAAAAA' || contraceptiveDispensedF === '76022AAAAAAAAAAAAAAAAAAAAAAAAAAAAAAA' || contraceptiveDispensedF === '162794AAAAAAAAAAAAAAAAAAAAAAAAAAAAAA' || contraceptiveDispensedF === '165464AAAAAAAAAAAAAAAAAAAAAAAAAAAAAA' || contraceptiveDispensedF === '1472AAAAAAAAAAAAAAAAAAAAAAAAAAAAAAAA' || contraceptiveDispensedF === '1489AAAAAAAAAAAAAAAAAAAAAAAAAAAAAAAA' || contraceptiveDispensedM === '1489AAAAAAAAAAAAAAAAAAAAAAAAAAAAAAAA'"
              }
            },
            {
              "label": "Type of visit for method",
              "type": "obs",
              "required": "true",
              "id": "typeOfVisitForMethod2",
              "questionOptions": {
                "rendering": "select",
                "concept": "1386AAAAAAAAAAAAAAAAAAAAAAAAAAAAAAAA",
                "answers": [
                  {
                    "concept": "164180AAAAAAAAAAAAAAAAAAAAAAAAAAAAAA",
                    "label": "1st time insertion"
                  },
                  {
                    "concept": "164161AAAAAAAAAAAAAAAAAAAAAAAAAAAAAA",
                    "label": "Removal"
                  },
                  {
                    "concept": "d5ea1533-7346-4e0b-8626-9bff6cd183b2",
                    "label": "Re-insertion"
                  },
                  {
                    "concept": "356f0bfc-a3e1-44a3-8a15-efe2845cb18f",
                    "label": "Check-up"
                  }
                ]
              },
              "validators": [],
               "hide": {
                "hideWhenExpression": "isEmpty(contraceptiveDispensedF) || age < 15 || sex !== 'F' || contraceptiveDispensedF !== '162794AAAAAAAAAAAAAAAAAAAAAAAAAAAAAA' && contraceptiveDispensedF !== '165464AAAAAAAAAAAAAAAAAAAAAAAAAAAAAA' && contraceptiveDispensedF !== '1873AAAAAAAAAAAAAAAAAAAAAAAAAAAAAAAA' && contraceptiveDispensedF !== '162422AAAAAAAAAAAAAAAAAAAAAAAAAAAAAA' && contraceptiveDispensedF !== '76022AAAAAAAAAAAAAAAAAAAAAAAAAAAAAAA'"
              }
            },
            {
              "label": "Quantity dispensed",
              "type": "obs",
              "required": "true",
              "id": "quantityDispensed",
              "questionOptions": {
                "rendering": "number",
                "concept": "166864AAAAAAAAAAAAAAAAAAAAAAAAAAAAAA",
                "conceptMappings": [
                  {
                    "relationship": "SAME-AS",
                    "type": "CIEL",
                    "value": "166864"
                  }
                ],
                "answers": []
              },
              "validators": [],
               "hide": {
                "hideWhenExpression": " age < 15 || contraceptiveDispensedF === '1489AAAAAAAAAAAAAAAAAAAAAAAAAAAAAAAA' || contraceptiveDispensedF === '1472AAAAAAAAAAAAAAAAAAAAAAAAAAAAAAAA' || contraceptiveDispensedM === '1489AAAAAAAAAAAAAAAAAAAAAAAAAAAAAAAA'"
              }
            },
            {
              "label": "Reasons For LARC Removal",
              "type": "obs",
              "required": false,
              "id": "reasonsForLarcRemoval",
              "questionOptions": {
                "rendering": "select",
                "concept": "164901AAAAAAAAAAAAAAAAAAAAAAAAAAAAAA",
                "answers": [
                  {
                    "concept": "161638AAAAAAAAAAAAAAAAAAAAAAAAAAAAAA",
                    "label": "Maturity"
                  },
                  {
                    "concept": "160571AAAAAAAAAAAAAAAAAAAAAAAAAAAAAA",
                    "label": "Desire to get pregnant"
                  },
                  {
                    "concept": "164154AAAAAAAAAAAAAAAAAAAAAAAAAAAAAA",
                    "label": "Health corcens/Side effects"
                  },
                  {
                    "concept": "163494AAAAAAAAAAAAAAAAAAAAAAAAAAAAAA",
                    "label": "Method Switch"
                  },
                  {
                    "concept": "160693AAAAAAAAAAAAAAAAAAAAAAAAAAAAAA",
                    "label": "Method Failure"
                  },
                  {
                    "concept": "5622AAAAAAAAAAAAAAAAAAAAAAAAAAAAAAAA",
                    "label": "Others(Specify)"
                  }
                ]
              },
              "validators": [],
              "hide": {
                "hideWhenExpression": "isEmpty(typeOfVisitForMethod2) || !arrayContains(typeOfVisitForMethod2, '164161AAAAAAAAAAAAAAAAAAAAAAAAAAAAAA') || sex !== 'F' || age < 15"
              }
            },
            {
              "label": "Specify",
              "type": "obs",
              "required": "true",
              "id": "otherSpecify",
              "questionOptions": {
                "rendering": "text",
                "concept": "160632AAAAAAAAAAAAAAAAAAAAAAAAAAAAAA",
                "conceptMappings": [
                  {
                    "relationship": "SAME-AS",
                    "type": "CIEL",
                    "value": "160632"
                  },
                  {
                    "relationship": "SAME-AS",
                    "type": "AMPATH",
                    "value": "1915"
                  },
                  {
                    "relationship": "NARROWER-THAN",
                    "type": "LOINC",
                    "value": "48767-8"
                  }
                ],
                "answers": []
              },
              "validators": [],
              "hide": {
                "hideWhenExpression": "reasonsForLarcRemoval !== '5622AAAAAAAAAAAAAAAAAAAAAAAAAAAAAAAA'"
              }
            },
            {
              "label": "Counselled for natural FP?",
              "type": "obs",
              "required": "true",
              "id": "counselledOnNaturalFp",
              "questionOptions": {
                "rendering": "radio",
                "concept": "1379AAAAAAAAAAAAAAAAAAAAAAAAAAAAAAAA",
                "answers": [
                  {
                    "concept": "1065AAAAAAAAAAAAAAAAAAAAAAAAAAAAAAAA",
                    "label": "Yes"
                  },
                  {
                    "concept": "1066AAAAAAAAAAAAAAAAAAAAAAAAAAAAAAAA",
                    "label": "No"
                  }
                ]
              },
              "validators": [],
              "hide": {
                "hideWhenExpression": "age < 15"
              }
            },
            {
              "label": "Circle Beads given",
              "type": "obs",
              "id": "circleBeadsGiven",
              "questionOptions": {
                "rendering": "radio",
                "concept": "166866AAAAAAAAAAAAAAAAAAAAAAAAAAAAAA",
                "conceptMappings": [
                  {
                    "relationship": "SAME-AS",
                    "type": "CIEL",
                    "value": "166866"
                  }
                ],
                "answers": [
                  {
                    "concept": "1065AAAAAAAAAAAAAAAAAAAAAAAAAAAAAAAA",
                    "label": "Yes"
                  },
                  {
                    "concept": "1066AAAAAAAAAAAAAAAAAAAAAAAAAAAAAAAA",
                    "label": "No"
                  }
                ]
              },
              "validators": [],
              "hide": {
                "hideWhenExpression": "isEmpty(counselledOnNaturalFp) || counselledOnNaturalFp !== '1065AAAAAAAAAAAAAAAAAAAAAAAAAAAAAAAA' || sex !== 'F' || age < 15"
              }
            },
            {
              "label": "Client receiving postpartum FP?",
              "type": "obs",
              "id": "clientReceivingPostpartumFp",
              "questionOptions": {
                "rendering": "select",
                "concept": "1177AAAAAAAAAAAAAAAAAAAAAAAAAAAAAAAA",
                "answers": [
                  {
                    "concept": "162253AAAAAAAAAAAAAAAAAAAAAAAAAAAAAA",
                    "label": "immediate post partum(< 48 hrs)"
                  },
                  {
                    "concept": "c14ae81a-bce4-4f53-8b36-7e582f79759d",
                    "label": "post partum (> 48 hrs to 6 weeks)"
                  },
                  {
                    "concept": "1180AAAAAAAAAAAAAAAAAAAAAAAAAAAAAAAA",
                    "label": "post partum (more than 6 weeks and less than 12 months)"
                  },
                  {
                    "concept": "164820AAAAAAAAAAAAAAAAAAAAAAAAAAAAAA",
                    "label": "post abortion (within 7 days)"
                  }
                ]
              },
              "validators": [],
              "hide": {
                "hideWhenExpression": "sex !== 'F' || age < 15"
              }
            },
            
            {
              "label": "TB Screening Status:",
              "type": "obs",
              "id": "tbScreeningStatus",
              "questionOptions": {
                "concept": "1659AAAAAAAAAAAAAAAAAAAAAAAAAAAAAAAA",
                "rendering": "radio",
                "answers": [
                  {
                    "concept": "142177AAAAAAAAAAAAAAAAAAAAAAAAAAAAAA",
                    "label": "Presumed TB"
                  },
                  {
                    "concept": "1660AAAAAAAAAAAAAAAAAAAAAAAAAAAAAAAA",
                    "label": "No TB Signs"
                  },
                  {
                    "concept": "1662AAAAAAAAAAAAAAAAAAAAAAAAAAAAAAAA",
                    "label": "On TB Treatment"
                  },
                  {
                    "concept": "160737AAAAAAAAAAAAAAAAAAAAAAAAAAAAAA",
                    "label": "Not Done"
                  }
                ]
              }
            },
            {
              "label": "Counselled on HIV",
              "type": "obs",
              "required": "true",
              "id": "counselledOnHiv",
              "questionOptions": {
                "rendering": "radio",
                "concept": "163760AAAAAAAAAAAAAAAAAAAAAAAAAAAAAA",
                "conceptMappings": [],
                "answers": [
                  {
                    "concept": "1065AAAAAAAAAAAAAAAAAAAAAAAAAAAAAAAA",
                    "label": "Yes"
                  },
                  {
                    "concept": "1066AAAAAAAAAAAAAAAAAAAAAAAAAAAAAAAA",
                    "label": "No"
                  }
                ]
              },
              "validators": []
            },
            {
              "label": "Counselled and tested",
              "type": "obs",
              "required": "true",
              "id": "counselledAndTested",
              "questionOptions": {
                "rendering": "radio",
                "concept": "161558AAAAAAAAAAAAAAAAAAAAAAAAAAAAAA",
                "conceptMappings": [],
                "answers": [
                  {
                    "concept": "1065AAAAAAAAAAAAAAAAAAAAAAAAAAAAAAAA",
                    "label": "Yes"
                  },
                  {
                    "concept": "1066AAAAAAAAAAAAAAAAAAAAAAAAAAAAAAAA",
                    "label": "No"
                  }
                ]
              },
              "validators": []
            },
            {
              "label": "HIV Results",
              "type": "obs",
              "required": "true",
              "id": "hivResults",
              "questionOptions": {
                "rendering": "radio",
                "concept": "159427AAAAAAAAAAAAAAAAAAAAAAAAAAAAAA",
                "conceptMappings": [],
                "answers": [
                  {
                    "concept": "6f6a5e50-6ea0-45a1-90cc-800bd858f82b",
                    "label": "Known positive"
                  },
                  {
                    "concept": "703AAAAAAAAAAAAAAAAAAAAAAAAAAAAAAAAA",
                    "label": "Positive"
                  },
                  {
                    "concept": "664AAAAAAAAAAAAAAAAAAAAAAAAAAAAAAAAA",
                    "label": "Negative"
                  },
                  {
                    "concept": "1067AAAAAAAAAAAAAAAAAAAAAAAAAAAAAAAA",
                    "label": "Unknown"
                  }
                ]
              },
              "validators": [],
              "hide": {
                "hideWhenExpression": "counselledAndTested !== '1065AAAAAAAAAAAAAAAAAAAAAAAAAAAAAAAA'"
              }
            },
            {
              "label": "Linked to HIV Care?",
              "type": "obs",
              "required": "true",
              "id": "linkedToHivCare",
              "questionOptions": {
                "rendering": "radio",
                "concept": "164849AAAAAAAAAAAAAAAAAAAAAAAAAAAAAA",
                "conceptMappings": [],
                "answers": [
                  {
                    "concept": "1065AAAAAAAAAAAAAAAAAAAAAAAAAAAAAAAA",
                    "label": "Yes"
                  },
                  {
                    "concept": "1066AAAAAAAAAAAAAAAAAAAAAAAAAAAAAAAA",
                    "label": "No"
                  }
                ]
              },
              "validators": [],
              "hide": {
                "hideWhenExpression": "hivResults !== '703AAAAAAAAAAAAAAAAAAAAAAAAAAAAAAAAA'"
              }
            },
            {
              "label": "PrEP Screening",
              "type": "obs",
              "required": "true",
              "id": "prepScreening",
              "questionOptions": {
                "rendering": "radio",
                "concept": "f1764e66-b2b7-4bd2-a539-9a28b3605ab3",
                "conceptMappings": [],
                "answers": [
                  {
                    "concept": "ccf759b9-bdd4-4265-a71a-67a894d89dec",
                    "label": "Eligible"
                  },
                  {
                    "concept": "8877e01c-10ee-45c6-bf6d-645dc6e30f27",
                    "label": "Not Eligible"
                  }
                ]
              },
              "validators": [],
              "hide": {
                "hideWhenExpression": "hivResults !== '664AAAAAAAAAAAAAAAAAAAAAAAAAAAAAAAAA'"
              }
            },
            {
              "label": "Linked to PrEP care",
              "type": "obs",
              "required": "true",
              "id": "linkedToPrepCare",
              "questionOptions": {
                "rendering": "radio",
                "concept": "cb583a50-2b6c-4a6a-a458-a6a3c41fa1a7",
                "conceptMappings": [],
                "answers": [
                  {
                    "concept": "1065AAAAAAAAAAAAAAAAAAAAAAAAAAAAAAAA",
                    "label": "Yes"
                  },
                  {
                    "concept": "1066AAAAAAAAAAAAAAAAAAAAAAAAAAAAAAAA",
                    "label": "No"
                  }
                ]
              },
              "validators": [],
              "hide": {
                "hideWhenExpression": "prepScreening !== 'ccf759b9-bdd4-4265-a71a-67a894d89dec'"
              }
            },
            {
              "label": "Experienced intimate partner violence/reproductive coertion",
              "type": "obs",
              "required": "true",
              "id": "experiencedIntimatePartner",
              "questionOptions": {
                "rendering": "select",
                "concept": "167255AAAAAAAAAAAAAAAAAAAAAAAAAAAAAA",
                "answers": [
                  {
                    "concept": "167243AAAAAAAAAAAAAAAAAAAAAAAAAAAAAA",
                    "label": "Intimate partner violence"
                  },
                  {
                    "concept": "965AAAAAAAAAAAAAAAAAAAAAAAAAAAAAAAAA",
                    "label": "reproductive coertion"
                  },
                  {
                    "concept": "1175AAAAAAAAAAAAAAAAAAAAAAAAAAAAAAAA",
                    "label": "Not Applicable"
                  }
                ]
              },
              "validators": [],
              "hide": {
                "hideWhenExpression": "age < 15"
              }
            },
            
            {
              "label": "Cervical Cancer Screening Done?",
              "type": "obs",
              "required": "true",
              "id": "cervicalCancerScreeningDone",
              "questionOptions": {
                "rendering": "select",
                "concept": "6f886f9f-ee0a-4be0-8055-5e23af125c49",
                "answers": [
                  {
                    "concept": "1065AAAAAAAAAAAAAAAAAAAAAAAAAAAAAAAA",
                    "label": "Yes"
                  },
                  {
                    "concept": "1066AAAAAAAAAAAAAAAAAAAAAAAAAAAAAAAA",
                    "label": "No"
                  }
                ]
              },
              "validators": [],
              "alert": {
                "alertWhenExpression": "myValue === '1066AAAAAAAAAAAAAAAAAAAAAAAAAAAAAAAA'",
                "message": "Screen for Cervical Cancer"
              }
            },
            {
              "label": "Cervical Cancer results",
              "type": "obs",
              "required": "true",
              "id": "cervicalCancerResults",
              "questionOptions": {
                "rendering": "select",
                "concept": "6f886f9f-ee0a-4be0-8055-5e23af125c49",
                "answers": [
                  {
                    "concept": "664AAAAAAAAAAAAAAAAAAAAAAAAAAAAAAAAA",
                    "label": "Normal"
                  },
                  {
                    "concept": "162743AAAAAAAAAAAAAAAAAAAAAAAAAAAAAA",
                    "label": "Suspected"
                  },
                  {
                    "concept": "165792AAAAAAAAAAAAAAAAAAAAAAAAAAAAAA",
                    "label": "Confirmed"
                  },
                  {
                    "concept": "1118AAAAAAAAAAAAAAAAAAAAAAAAAAAAAAAA",
                    "label": "Not done"
                  }
                ]
              },
              "validators": [],
              "hide": {
                "hideWhenExpression": "isEmpty(cervicalCancerScreeningDone) || cervicalCancerScreeningDone !== '1065AAAAAAAAAAAAAAAAAAAAAAAAAAAAAAAA' || sex !== 'F'"
              }
            },
            {
              "label": "Client referred for FP services",
              "type": "obs",
              "required": "true",
              "id": "refferredPatient",
              "questionOptions": {
                "rendering": "radio",
                "concept": "166515AAAAAAAAAAAAAAAAAAAAAAAAAAAAAA",
                "conceptMappings": [],
                "answers": [
                  {
                    "concept": "1065AAAAAAAAAAAAAAAAAAAAAAAAAAAAAAAA",
                    "label": "Yes"
                  },
                  {
                    "concept": "1066AAAAAAAAAAAAAAAAAAAAAAAAAAAAAAAA",
                    "label": "No"
                  }
                ]
              },
              "validators": [],
              "hide": {
                "hideWhenExpression": "age < 15"
              }
            },
            
            {
              "label": "Refferal reason?",
              "type": "obs",
              "id": "refferalsOrderd",
              "questionOptions": {
                "concept": "164359AAAAAAAAAAAAAAAAAAAAAAAAAAAAAA",
                "rendering": "textarea"
              },
              "hide": {
                "hideWhenExpression": "refferredPatient !=='1065AAAAAAAAAAAAAAAAAAAAAAAAAAAAAAAA'"
              }
            },
            {
              "label": "Referred to?",
              "type": "obs",
              "id": "referralTo",
              "questionOptions": {
                "concept": "163145AAAAAAAAAAAAAAAAAAAAAAAAAAAAAA",
                "rendering": "select",
                "answers": [
                  {
                    "concept": "164407AAAAAAAAAAAAAAAAAAAAAAAAAAAAAA",
                    "label": "Other health facility"
                  },
                  {
                    "concept": "9008cf1c-8631-440b-8fde-061ff273c04c",
                    "label": "Transfer within the facility"
                  },
                  {
                    "concept": "163488AAAAAAAAAAAAAAAAAAAAAAAAAAAAAA",
                    "label": "Community"
                  }
                ]
              },
              "hide": {
                "hideWhenExpression": "refferredPatient !=='1065AAAAAAAAAAAAAAAAAAAAAAAAAAAAAAAA'"
              }
            },
            {
              "label": "Referral to Facility:",
              "type": "obs",
              "id": "transferToFacility",
              "questionOptions": {
                "concept": "159495AAAAAAAAAAAAAAAAAAAAAAAAAAAAAA",
                "rendering": "encounterLocation"
              },
              "hide": {
                "hideWhenExpression": "referralTo !=='164407AAAAAAAAAAAAAAAAAAAAAAAAAAAAAA'"
              }
            },
            {
              "label": "Department transferred to",
              "type": "obs",
              "id": "departmentSpecify",
              "questionOptions": {
                "rendering": "radio",
                "concept": "160478AAAAAAAAAAAAAAAAAAAAAAAAAAAAAA",
                "conceptMappings": [],
                "answers": [
                  {
                    "concept": "160542AAAAAAAAAAAAAAAAAAAAAAAAAAAAAA",
                    "label": "Outpatient Department"
                  },
                  {
                    "concept": "167050AAAAAAAAAAAAAAAAAAAAAAAAAAAAAA",
                    "label": "Inpatient Department"
                  },
                  {
                    "concept": "160454AAAAAAAAAAAAAAAAAAAAAAAAAAAAAA",
                    "label": "Ophthalmology (Eye)Clinic"
                  },
                  {
                    "concept": "160455AAAAAAAAAAAAAAAAAAAAAAAAAAAAAA",
                    "label": "Ear, Nose, and Throat(ENT)Clinic"
                  },
                  {
                    "concept": "2a030791-14b4-4996-95ad-39c54b25f2b6",
                    "label": "Physiotherapy clinic"
                  },
                  {
                    "concept": "164164AAAAAAAAAAAAAAAAAAAAAAAAAAAAAA",
                    "label": "Surgical Outpatient Clinic"
                  },
                  {
                    "concept": "160457AAAAAAAAAAAAAAAAAAAAAAAAAAAAAA",
                    "label": "Paediatrics clinics"
                  },
                  {
                    "concept": "1d7d7c76-d807-4f33-8c7e-2531e28126ed",
                    "label": "Maxillofacial Clinic"
                  },
                  {
                    "concept": "160448AAAAAAAAAAAAAAAAAAAAAAAAAAAAAA",
                    "label": "Medical Outpatient clinic"
                  },
                  {
                    "concept": "66710a6d-5894-4f7d-a874-b449df77314d",
                    "label": "Oncology Clinic"
                  },
                  {
                    "concept": "30aff715-92de-4662-aa33-fa6b6179fed0",
                    "label": "Dental clinic"
                  },
                  {
                    "concept": "160475AAAAAAAAAAAAAAAAAAAAAAAAAAAAAA",
                    "label": "Renal Clinic"
                  },
                  {
                    "concept": "5489AAAAAAAAAAAAAAAAAAAAAAAAAAAAAAAA",
                    "label": "Mental Health"
                  },
                  {
                    "concept": "160460AAAAAAAAAAAAAAAAAAAAAAAAAAAAAA",
                    "label": "Dermatology Clinic"
                  },
                  {
                    "concept": "164103AAAAAAAAAAAAAAAAAAAAAAAAAAAAAA",
                    "label": "Diabetic Clinic"
                  },
                  {
                    "concept": "c2f85aed-695f-49b1-973e-002c37cbdebf",
                    "label": "Occupational Therapy Clinic"
                  },
                  {
                    "concept": "160465AAAAAAAAAAAAAAAAAAAAAAAAAAAAAA",
                    "label": "Orthopaedic Clinic"
                  },
                  {
                    "concept": "5622AAAAAAAAAAAAAAAAAAAAAAAAAAAAAAAA",
                    "label": "Others specify"
                  }
                ]
              },
              "hide": {
                "hideWhenExpression": "referralTo !=='9008cf1c-8631-440b-8fde-061ff273c04c'"
              }
            },
            {
              "label": "Remarks",
              "type": "obs",
              "required": "false",
              "id": "remarks",
              "questionOptions": {
                "rendering": "text",
                "concept": "160632AAAAAAAAAAAAAAAAAAAAAAAAAAAAAA"
              },
              "validators": []
            }
          ]
        }
      ]
    }
  ],
  "encounterType": "465a92f2-baf8-42e9-9612-53064be868e8"
}
