{
  "name": "Fertility Clinic Form",
  "description": "A form used to capture fertility Cases",
  "version": "2.0",
  "published": true,
  "uuid": "32e43fc9-6de3-48e3-aafe-3b92f167753d",
  "retired": false,
  "encounter": "Consultation",
  "pages": [
    {
      "label": "Visit Details",
      "sections": [
        {
          "label": "Encounter Details",
          "isExpanded": "true",
          "questions": [
            {
              "label": "Visit date:",
              "type": "encounterDatetime",
              "required": "true",
              "id": "encDate",
              "questionOptions": {
                "rendering": "date"
              },
              "validators": [
                {
                  "type": "date",
                  "allowFutureDates": "false"
                }
              ]
            },
            {
              "label": "Provider:",
              "type": "encounterProvider",
              "required": "true",
              "questionOptions": {
                "rendering": "ui-select-extended"
              },
              "id": "encProvider "
            },
            {
              "label": "Location:",
              "type": "encounterLocation",
              "required": "true",
              "questionOptions": {
                "rendering": "ui-select-extended"
              },
              "id": "encLocation"
            }
          ]
        },
        {
          "label": "Patient Details",
          "isExpanded": "true",
          "questions": [
            {
              "label": "Visit Type?",
              "type": "obs",
              "required": "true",
              "id": "visitType",
              "questionOptions": {
                "rendering": "radio",
                "concept": "164181AAAAAAAAAAAAAAAAAAAAAAAAAAAAAA",
                "conceptMappings": [
                  {
                    "relationship": "SAME-AS",
                    "type": "CIEL",
                    "value": "164181"
                  }
                ],
                "answers": [
                  {
                    "concept": "164180AAAAAAAAAAAAAAAAAAAAAAAAAAAAAA",
                    "label": "New visit"
                  },
                  {
                    "concept": "160530AAAAAAAAAAAAAAAAAAAAAAAAAAAAAA",
                    "label": "Revisit"
                  }
                  
                ]
              }
            },
             {
              "label": "Is this Visit a referral?",
              "type": "obs",
              "id": "visitReferral",
              "questionOptions": {
                "rendering": "radio",
                "concept": "d105235e-41ee-4234-9b32-0bef507342d7",
                "answers": [
                  {
                    "concept": "1065AAAAAAAAAAAAAAAAAAAAAAAAAAAAAAAA",
                    "label": "Yes"
                  },
                  {
                    "concept": "1066AAAAAAAAAAAAAAAAAAAAAAAAAAAAAAAA",
                    "label": "No"
                  }
                ]
              }
            },
            {
              "label": "Referral from",
              "type": "obs",
              "required": true,
              "id": "referralSpecification",
              "questionOptions": {
                "rendering": "radio",
                "concept": "160338AAAAAAAAAAAAAAAAAAAAAAAAAAAAAA",
                "conceptMappings": [],
                "answers": [
                  {
                    "concept": "164407AAAAAAAAAAAAAAAAAAAAAAAAAAAAAA",
                    "label": "From other facilities"
                  },
                  {
                    "concept": "1759AAAAAAAAAAAAAAAAAAAAAAAAAAAAAAAA",
                    "label": "Referred from CHU "
                  },
                  {
                    "concept": "164918AAAAAAAAAAAAAAAAAAAAAAAAAAAAAA",
                    "label": "Internal(Department)"
                  }
                ]
              },
              "hide": {
                "hideWhenExpression": "isEmpty(visitReferral) || visitReferral !== '1065AAAAAAAAAAAAAAAAAAAAAAAAAAAAAAAA'"
              }
            }
          ]
        }
      ]
    },
    {
      "label": "Patient History",
      "sections": [
        {
          "label": "Complaints and History of complaints",
          "isExpanded": "true",
          "questions": [
            {
              "label": "Patient having complaint(s) today?",
              "type": "obs",
              "id": "complaintsToday",
              "required": "true",
              "questionOptions": {
                "concept": "5219AAAAAAAAAAAAAAAAAAAAAAAAAAAAAAAA",
                "rendering": "radio",
                "answers": [
                  {
                    "concept": "1065AAAAAAAAAAAAAAAAAAAAAAAAAAAAAAAA",
                    "label": "Yes"
                  },
                  {
                    "concept": "1066AAAAAAAAAAAAAAAAAAAAAAAAAAAAAAAA",
                    "label": "No"
                  }
                ]
              }
            },
            {
              "label": "Presenting complaints",
              "type": "obsGroup",
              "id": "ComplaintLodgeByClient",
              "questionOptions": {
                "concept": "160531AAAAAAAAAAAAAAAAAAAAAAAAAAAAAA",
                "rendering": "repeating"
              },
              "validators": [],
              "hide": {
                "hideWhenExpression": "complaintsToday !== '1065AAAAAAAAAAAAAAAAAAAAAAAAAAAAAAAA'"
              },
              "questions": [
                {
                  "label": "Complaint",
                  "type": "obs",
                  "id": "cOmplaIntFieldFemale",
                  "questionOptions": {
                    "concept": "5219AAAAAAAAAAAAAAAAAAAAAAAAAAAAAAAA",
                    "rendering": "select",
                    "answers": [
                      {
                        "concept": "141615AAAAAAAAAAAAAAAAAAAAAAAAAAAAAA",
                        "label": "Dyspareunia"
                      },
                      {
                        "concept": "167252AAAAAAAAAAAAAAAAAAAAAAAAAAAAAA",
                        "label": "Genital pain"
                      },
                      {
                        "concept": "138603AAAAAAAAAAAAAAAAAAAAAAAAAAAAAA",
                        "label": "Hirsutism"
                      },
                      {
                        "concept": "140432AAAAAAAAAAAAAAAAAAAAAAAAAAAAAA",
                        "label": "Lack of arousal"
                      },
                      {
                        "concept": "140937AAAAAAAAAAAAAAAAAAAAAAAAAAAAAA",
                        "label": "Noticed increased weight gain"
                      },
                      {
                        "concept": "116412AAAAAAAAAAAAAAAAAAAAAAAAAAAAAA",
                        "label": "Reduced sex drive"
                      },
                      {
                        "concept": "135591AAAAAAAAAAAAAAAAAAAAAAAAAAAAAA",
                        "label": "Scalp hair loss or hair thinning"
                      },
                      {
                        "concept": "136669AAAAAAAAAAAAAAAAAAAAAAAAAAAAAA",
                        "label": "Temperature intolerance"
                      },
                      {
                        "concept": "123394AAAAAAAAAAAAAAAAAAAAAAAAAAAAAA",
                        "label": "Vaginal dryness"
                      },
                      {
                        "concept": "5622AAAAAAAAAAAAAAAAAAAAAAAAAAAAAAAA",
                        "label": "Other"
                      }
                    ]
                  },
                  "hide": {
                    "hideWhenExpression": "age < 15 || sex !=='F'"
                  }
                },
                {
                  "label": "Complaint",
                  "type": "obs",
                  "id": "cOmplaIntFieldMale",
                  "questionOptions": {
                    "concept": "5219AAAAAAAAAAAAAAAAAAAAAAAAAAAAAAAA",
                    "rendering": "select",
                    "answers": [
                      {
                        "concept": "155098AAAAAAAAAAAAAAAAAAAAAAAAAAAAAA",
                        "label": "Anejaculation"
                      },
                      {
                        "concept": "142092AAAAAAAAAAAAAAAAAAAAAAAAAAAAAA",
                        "label": "Delayed ejaculation"
                      },
                      {
                        "concept": "156162AAAAAAAAAAAAAAAAAAAAAAAAAAAAAA",
                        "label": "Erectile dysfunction"
                      },
                      {
                        "concept": "127775AAAAAAAAAAAAAAAAAAAAAAAAAAAAAA",
                        "label": "Low sex drive"
                      },
                      {
                        "concept": "129216AAAAAAAAAAAAAAAAAAAAAAAAAAAAAA",
                        "label": "Premature ejaculation"
                      },
                      {
                        "concept": "127503AAAAAAAAAAAAAAAAAAAAAAAAAAAAAA",
                        "label": "Retrogade ejaculation"
                      },
                      {
                        "concept": "5622AAAAAAAAAAAAAAAAAAAAAAAAAAAAAAAA",
                        "label": "Other"
                      }
                    ]
                  },
                  "hide": {
                    "hideWhenExpression": "age < 15 || sex !=='M'"
                  }
                },
                {
                  "label": "Specify other complaints",
                  "type": "obs",
                  "id": "OtherSpecificComplaintsFemale",
                  "questionOptions": {
                    "concept": "20395601-257c-490c-86c2-acffb627f91f",
                    "rendering": "textarea"
                  },
                  "validators": [],
                  "hide": {
                    "hideWhenExpression": "cOmplaIntFieldFemale !== '5622AAAAAAAAAAAAAAAAAAAAAAAAAAAAAAAA'"
                  }
                },
                {
                  "label": "Specify other complaints",
                  "type": "obs",
                  "id": "complaintMale",
                  "questionOptions": {
                    "concept": "20395601-257c-490c-86c2-acffb627f91f",
                    "rendering": "textarea"
                  },
                  "validators": [],
                  "hide": {
                    "hideWhenExpression": "cOmplaIntFieldMale !== '5622AAAAAAAAAAAAAAAAAAAAAAAAAAAAAAAA'"
                  }
                },
                {
                  "label": "Duration (Days)",
                  "type": "obs",
                  "id": "complaint-duration",
                  "questionOptions": {
                    "concept": "159368AAAAAAAAAAAAAAAAAAAAAAAAAAAAAA",
                    "rendering": "number",
                    "min": "0"
                  },
                  "validators": []
                },
               
                {
                  "label": "Onset Status",
                  "type": "obs",
                  "id": "onsetStatus",
                  "questionOptions": {
                    "concept": "d7a3441d-6aeb-49be-b7d6-b2a3bb39e78d",
                    "rendering": "select",
                    "answers": [
                      {
                        "concept": "1499AAAAAAAAAAAAAAAAAAAAAAAAAAAAAAAA",
                        "label": "Gradual"
                      },
                      {
                        "concept": "162707AAAAAAAAAAAAAAAAAAAAAAAAAAAAAA",
                        "label": "Sudden"
                      }
                    ]
                  }
                }
              ]
            },
            {
              "label": "Clinical notes",
              "type": "obs",
              "id": "ClinICNotes",
              "questionOptions": {
                "concept": "160430AAAAAAAAAAAAAAAAAAAAAAAAAAAAAA",
                "rendering": "textarea"
              },
              "validators": []
            }
          ]
        },
        {
          "label": "Female Fertility Assessment",
          "isExpanded": "true",
          "questions": [
            {
              "label": "How long have you been married? (Years)",
              "type": "obs",
              "id": "marriageNumber",
              "questionOptions": {
                "concept": "165929AAAAAAAAAAAAAAAAAAAAAAAAAAAAAA",
                "rendering": "number",
                "min": "0"
              },
              "hide": {
                "hideWhenExpression": "age < 15 || sex !=='F'"
              },
              "validators": []
            },
            {
              "label": "How long have you been trying to conceive?",
              "type": "obs",
              "id": "conceivingYears",
              "questionOptions": {
                "concept": "159616AAAAAAAAAAAAAAAAAAAAAAAAAAAAAA",
                "rendering": "number",
                "min": "0"
              },
              "hide": {
                "hideWhenExpression": "age < 15 || sex !=='F'"
              },
              "validators": []
            },
            {
              "label": "Timing of sexual intercourse(No of days per Week)",
              "type": "obs",
              "id": "sexualTime",
              "questionOptions": {
                "concept": "163204AAAAAAAAAAAAAAAAAAAAAAAAAAAAAA",
                "rendering": "number",
                "min": "0"
              },
              "hide": {
                "hideWhenExpression": "age < 15 || sex !=='F'"
              },
              "validators": []
            },
            {
              "label": "Have you ever been pregnant before?",
              "type": "obs",
              "id": "everPreg",
              "questionOptions": {
                "concept": "5272AAAAAAAAAAAAAAAAAAAAAAAAAAAAAAAA",
                "rendering": "radio",
                "answers": [
                  {
                    "concept": "1065AAAAAAAAAAAAAAAAAAAAAAAAAAAAAAAA",
                    "label": "Yes"
                  },
                  {
                    "concept": "1066AAAAAAAAAAAAAAAAAAAAAAAAAAAAAAAA",
                    "label": "No"
                  }
                ]
              },
              "hide": {
                "hideWhenExpression": "age < 15 || sex !=='F'"
              }
            },
            {
              "label": "Type of conception ",
              "type": "obs",
              "id": "conceptionType",
              "questionOptions": {
                "concept": "4b3eb27b-43c0-4862-bd83-be06beb3d699",
                "rendering": "radio",
                "answers": [
                  {
                    "concept": "5277AAAAAAAAAAAAAAAAAAAAAAAAAAAAAAAA",
                    "label": "Natural"
                  },
                  {
                    "concept": "4ce1c98e-1a2d-43e6-b510-83aae1cb868d",
                    "label": "IVF(In vitro fertilization)"
                  },
                  {
                    "concept": "5275AAAAAAAAAAAAAAAAAAAAAAAAAAAAAAAA",
                    "label": "Intrauterine insemination(IUI)"
                  },
                  {
                    "concept": "122634AAAAAAAAAAAAAAAAAAAAAAAAAAAAAA",
                    "label": "Donor Insemination (DI)"
                  }
                ]
              },
              "hide": {
                "hideWhenExpression": "everPreg !=='1065AAAAAAAAAAAAAAAAAAAAAAAAAAAAAAAA'"
              }
            },
            {
              "label": "Any problems during the pregnancy?",
              "type": "obs",
              "id": "pregProbs",
              "questionOptions": {
                "concept": "162594AAAAAAAAAAAAAAAAAAAAAAAAAAAAAA",
                "rendering": "checkbox",
                "answers": [
                  {
                    "concept": "1449AAAAAAAAAAAAAAAAAAAAAAAAAAAAAAAA",
                    "label": "Gestational diabetes"
                  },
                  {
                    "concept": "228AAAAAAAAAAAAAAAAAAAAAAAAAAAAAAAAA",
                    "label": "Antepartum haemorrhage"
                  },
                  {
                    "concept": "129251AAAAAAAAAAAAAAAAAAAAAAAAAAAAAA",
                    "label": "Hypetension,Pre-eclampsia or Eclampsia"
                  },
                  {
                    "concept": "5622AAAAAAAAAAAAAAAAAAAAAAAAAAAAAAAA",
                    "label": "Others"
                  }
                ]
              },
              "hide": {
                "hideWhenExpression": "everPreg !=='1065AAAAAAAAAAAAAAAAAAAAAAAAAAAAAAAA'"
              }
            },
            {
              "label": "Specify other problems",
              "type": "obs",
              "id": "otherProblems",
              "questionOptions": {
                "concept": "160632AAAAAAAAAAAAAAAAAAAAAAAAAAAAAA",
                "rendering": "textarea"
              },
              "validators": [],
              "hide": {
                "hideWhenExpression": "isEmpty(pregProbs) || !arrayContains(pregProbs, '5622AAAAAAAAAAAAAAAAAAAAAAAAAAAAAAAA')"
              }
            },
            {
              "label": "Type of delivery",
              "type": "obs",
              "id": "deliveryType",
              "questionOptions": {
                "concept": "5630AAAAAAAAAAAAAAAAAAAAAAAAAAAAAAAA",
                "rendering": "radio",
                "answers": [
                  {
                    "concept": "1171AAAAAAAAAAAAAAAAAAAAAAAAAAAAAAAA",
                    "label": "Ceserian Section(CS)"
                  },
                  {
                    "concept": "1170AAAAAAAAAAAAAAAAAAAAAAAAAAAAAAAA",
                    "label": "Spontaneous Vaginal delivery"
                  },
                  {
                    "concept": "1172AAAAAAAAAAAAAAAAAAAAAAAAAAAAAAAA",
                    "label": "Breech Delivery"
                  },
                  {
                    "concept": "118159AAAAAAAAAAAAAAAAAAAAAAAAAAAAAA",
                    "label": "Vacuum/Forcep Delivery"
                  }
                ]
              },
              "hide": {
                "hideWhenExpression": "everPreg !=='1065AAAAAAAAAAAAAAAAAAAAAAAAAAAAAAAA'"
              }
            },
            {
              "label": "Outcome of delivery",
              "type": "obs",
              "id": "deliveryOutcome",
              "questionOptions": {
                "concept": "159917AAAAAAAAAAAAAAAAAAAAAAAAAAAAAA",
                "rendering": "radio",
                "answers": [
                  {
                    "concept": "151849AAAAAAAAAAAAAAAAAAAAAAAAAAAAAA",
                    "label": "Live birth"
                  },
                  {
                    "concept": "135436AAAAAAAAAAAAAAAAAAAAAAAAAAAAAA",
                    "label": "Macerated stillbirth"
                  },
                  {
                    "concept": "126127AAAAAAAAAAAAAAAAAAAAAAAAAAAAAA",
                    "label": "Miscarriage/Abortion"
                  },
                  {
                    "concept": "159916AAAAAAAAAAAAAAAAAAAAAAAAAAAAAA",
                    "label": "Fresh Stillbirth"
                  }
                ]
              },
              "hide": {
                "hideWhenExpression": "everPreg !=='1065AAAAAAAAAAAAAAAAAAAAAAAAAAAAAAAA'"
              }
            },
            {
              "label": "No of weeks gestation",
              "type": "obs",
              "id": "noOfWeeks",
              "questionOptions": {
                "concept": "165425AAAAAAAAAAAAAAAAAAAAAAAAAAAAAA",
                "rendering": "number",
                "min": "0"
              },
              "validators": [],
              "hide": {
                "hideWhenExpression": "everPreg !=='1065AAAAAAAAAAAAAAAAAAAAAAAAAAAAAAAA'"
              }
            },
            {
              "label": "Sex of baby",
              "type": "obs",
              "id": "babySex",
              "questionOptions": {
                "concept": "1587AAAAAAAAAAAAAAAAAAAAAAAAAAAAAAAA",
                "rendering": "radio",
                "answers": [
                  {
                    "concept": "1535AAAAAAAAAAAAAAAAAAAAAAAAAAAAAAAA",
                    "label": "Female"
                  },
                  {
                    "concept": "1534AAAAAAAAAAAAAAAAAAAAAAAAAAAAAAAA",
                    "label": "Male"
                  }
                ]
              },
              "hide": {
                "hideWhenExpression": "everPreg !=='1065AAAAAAAAAAAAAAAAAAAAAAAAAAAAAAAA'"
              }
            }
          ]
        },
        {
          "label": "Male Fertility Assessment",
          "isExpanded": "true",
          "questions": [
            {
              "label": "How long have you been trying to conceive?(In months)",
              "type": "obs",
              "id": "conceiveNumber",
              "questionOptions": {
                "concept": "159616AAAAAAAAAAAAAAAAAAAAAAAAAAAAAA",
                "rendering": "number",
                "min": "0"
              },
              "hide": {
                "hideWhenExpression": "age < 15 || sex !=='M'"
              },
              "validators": []
            },
            {
              "label": "Have you fathered any pregnancies before?",
              "type": "obs",
              "id": "pregBefore",
              "questionOptions": {
                "concept": "160571AAAAAAAAAAAAAAAAAAAAAAAAAAAAAA",
                "rendering": "radio",
                "answers": [
                  {
                    "concept": "1065AAAAAAAAAAAAAAAAAAAAAAAAAAAAAAAA",
                    "label": "Yes"
                  },
                  {
                    "concept": "1066AAAAAAAAAAAAAAAAAAAAAAAAAAAAAAAA",
                    "label": "No"
                  }
                ]
              },
              "hide": {
                "hideWhenExpression": "age < 15 || sex !=='M'"
              }
            },
            {
              "label": "Have you had infertility tests or fertility treatment in the past?",
              "type": "obs",
              "id": "infertiltyTest",
              "questionOptions": {
                "concept": "166640AAAAAAAAAAAAAAAAAAAAAAAAAAAAAA",
                "rendering": "radio",
                "answers": [
                  {
                    "concept": "1065AAAAAAAAAAAAAAAAAAAAAAAAAAAAAAAA",
                    "label": "Yes"
                  },
                  {
                    "concept": "1066AAAAAAAAAAAAAAAAAAAAAAAAAAAAAAAA",
                    "label": "No"
                  }
                ]
              },
              "hide": {
                "hideWhenExpression": "age < 15 || sex !=='M'"
              }
            },
            {
              "label": "Date",
              "type": "obs",
              "id": "fertilityDate",
              "questionOptions": {
                "concept": "160753AAAAAAAAAAAAAAAAAAAAAAAAAAAAAA",
                "rendering": "date"
              },
              "hide": {
                "hideWhenExpression": "infertiltyTest !=='1065AAAAAAAAAAAAAAAAAAAAAAAAAAAAAAAA'"
              },
              "validators": [
                {
                  "type": "date",
                  "allowFutureDates": "false"
                }
              ]
            },
            {
              "label": "Timing of intercourse(How many times in a week)",
              "type": "obs",
              "id": "intercourseTimes",
              "questionOptions": {
                "concept": "1785AAAAAAAAAAAAAAAAAAAAAAAAAAAAAAAA",
                "rendering": "number",
                "min": "0"
              },
              "hide": {
                "hideWhenExpression": "age < 15 || sex !=='M'"
              },
              "validators": []
            }
          ]
        },
        {
          "label": "Menstrual History",
          "isExpanded": "true",
          "questions": [
            {
              "label": "Has patient ever had menses?",
              "type": "obs",
              "id": "hasLMP",
              "questionOptions": {
                "concept": "162877AAAAAAAAAAAAAAAAAAAAAAAAAAAAAA",
                "rendering": "radio",
                "answers": [
                  {
                    "concept": "1065AAAAAAAAAAAAAAAAAAAAAAAAAAAAAAAA",
                    "label": "Yes"
                  },
                  {
                    "concept": "1066AAAAAAAAAAAAAAAAAAAAAAAAAAAAAAAA",
                    "label": "No"
                  }
                ]
              },
              "hide": {
                "hideWhenExpression": "sex !== 'F' ||sex === 'F' && (age < 10 || age > 49)"
              }
            },
            {
              "label": "Age at Menarche:",
              "type": "obs",
              "id": "menarcheAge",
              "questionOptions": {
                "concept": "160598AAAAAAAAAAAAAAAAAAAAAAAAAAAAAA",
                "rendering": "number",
                "max": "18",
                "min": "8"
              },
              "hide": {
                "hideWhenExpression": "sex !== 'F' ||sex === 'F' && (age < 10 || age > 49) || hasLMP !=='1065AAAAAAAAAAAAAAAAAAAAAAAAAAAAAAAA'"
              }
            },
            {
              "label": "When was your LMP Date",
              "type": "obs",
              "id": "lmPdAte",
              "required": "true",
              "questionOptions": {
                "concept": "1427AAAAAAAAAAAAAAAAAAAAAAAAAAAAAAAA",
                "rendering": "date"
              },
              "hide": {
                "hideWhenExpression": "sex !== 'F' ||sex === 'F' && (age < 10 || age > 49) || hasLMP !=='1065AAAAAAAAAAAAAAAAAAAAAAAAAAAAAAAA'"
              },
              "validators": [
                {
                  "type": "date",
                  "allowFutureDate": "true"
                },
                {
                  "type": "js_expression",
                  "failsWhenExpression": "isEmpty(myValue) && !isEmpty(hasLMP) && hasLMP === '1065AAAAAAAAAAAAAAAAAAAAAAAAAAAAAAAA'",
                  "message": "Required!"
                },
                {
                  "type": "js_expression",
                  "failsWhenExpression": "(new moment(encDate)).isBefore((new moment(myValue)), 'day')",
                  "message": "LMP date should not be greater than the encounter date."
                }
              ]
            },
            {
              "label": "Menses Frequency",
              "type": "obs",
              "id": "mensesFrequency",
              "questionOptions": {
                "concept": "160596AAAAAAAAAAAAAAAAAAAAAAAAAAAAAA",
                "rendering": "radio",
                "answers": [
                  {
                    "concept": "160600AAAAAAAAAAAAAAAAAAAAAAAAAAAAAA",
                    "label": "Regular"
                  },
                  {
                    "concept": "116616AAAAAAAAAAAAAAAAAAAAAAAAAAAAAA",
                    "label": "Irregular"
                  }
                ]
              },
              "hide": {
                "hideWhenExpression": "sex !== 'F' ||sex === 'F' && (age < 10 || age > 49) || hasLMP !=='1065AAAAAAAAAAAAAAAAAAAAAAAAAAAAAAAA'"
              }
            },
            {
              "label": "Menstrual Flow Characteristics",
              "type": "obs",
              "id": "mensesCharacteristic",
              "questionOptions": {
                "concept": "166080AAAAAAAAAAAAAAAAAAAAAAAAAAAAAA",
                "rendering": "radio",
                "answers": [
                  {
                    "concept": "1115AAAAAAAAAAAAAAAAAAAAAAAAAAAAAAAA",
                    "label": "Normal"
                  },
                  {
                    "concept": "135795AAAAAAAAAAAAAAAAAAAAAAAAAAAAAA",
                    "label": "Light"
                  },
                  {
                    "concept": "140947AAAAAAAAAAAAAAAAAAAAAAAAAAAAAA",
                    "label": "Heavy"
                  }
                ]
              },
              "hide": {
                "hideWhenExpression": "sex !== 'F' ||sex === 'F' && (age < 10 || age > 49) || hasLMP !=='1065AAAAAAAAAAAAAAAAAAAAAAAAAAAAAAAA'"
              }
            },
            {
              "label": "Duration of menses (days) ",
              "type": "obs",
              "id": "mensesdays",
              "questionOptions": {
                "concept": "163732AAAAAAAAAAAAAAAAAAAAAAAAAAAAAA",
                "rendering": "number"
              },
              "hide": {
                "hideWhenExpression": "sex !== 'F' ||sex === 'F' && (age < 10 || age > 49) || hasLMP !=='1065AAAAAAAAAAAAAAAAAAAAAAAAAAAAAAAA'"
              }
            },
            {
              "label": "Reasons For Amenorrhea?",
              "type": "obs",
              "id": "amenorrheaSymptopmsNo",
              "questionOptions": {
                "concept": "4b59ac07-cf72-4f46-b8c0-4f62b1779f7e",
                "rendering": "radio",
                "answers": [
                  {
                    "concept": "154175AAAAAAAAAAAAAAAAAAAAAAAAAAAAAA",
                    "label": "Premanarche"
                  },
                  {
                    "concept": "5622AAAAAAAAAAAAAAAAAAAAAAAAAAAAAAAA",
                    "label": "Other"
                  }
                ]
              },
              "hide": {
                "hideWhenExpression": "sex !== 'F' ||sex === 'F' && (age < 10 || age > 49) || hasLMP !=='1066AAAAAAAAAAAAAAAAAAAAAAAAAAAAAAAA'"
              }
            },
            {
              "label": "Other Amenorrhea reason(Specify)",
              "type": "obs",
              "id": "otherAmenorrhea",
              "questionOptions": {
                "concept": "160632AAAAAAAAAAAAAAAAAAAAAAAAAAAAAA",
                "rendering": "text"
              },
              "validators": [],
              "hide": {
                "hideWhenExpression": "amenorrheaSymptopmsNo !== '5622AAAAAAAAAAAAAAAAAAAAAAAAAAAAAAAA'"
              }
            },
            {
              "label": "History of intermenstrual vaginal Bleeding?",
              "type": "obs",
              "id": "intraMenstrualHistory",
              "questionOptions": {
                "concept": "c67be9a5-f497-4082-af81-11753f65ed4b",
                "rendering": "radio",
                "answers": [
                  {
                    "concept": "1065AAAAAAAAAAAAAAAAAAAAAAAAAAAAAAAA",
                    "label": "Yes"
                  },
                  {
                    "concept": "1066AAAAAAAAAAAAAAAAAAAAAAAAAAAAAAAA",
                    "label": "No"
                  }
                ]
              },
              "hide": {
                "hideWhenExpression": "sex !== 'F' || hasLMP !=='1065AAAAAAAAAAAAAAAAAAAAAAAAAAAAAAAA' ||sex === 'F' && (age < 10 || age > 49)"
              }
            },
            {
              "label": "Associated Symptoms",
              "type": "obs",
              "id": "associatedSymptoms",
              "questionOptions": {
                "concept": "160632AAAAAAAAAAAAAAAAAAAAAAAAAAAAAA",
                "rendering": "textarea"
              },
              "hide": {
                "hideWhenExpression": "sex !== 'F' ||sex === 'F' && (age < 10 || age > 49) || hasLMP !=='1065AAAAAAAAAAAAAAAAAAAAAAAAAAAAAAAA'"
              }
            },
            {
              "label": "Do you have severe cramping or pelvic pain with your periods?",
              "type": "obs",
              "id": "severeCramping",
              "questionOptions": {
                "concept": "162189AAAAAAAAAAAAAAAAAAAAAAAAAAAAAA",
                "rendering": "radio",
                "answers": [
                  {
                    "concept": "1065AAAAAAAAAAAAAAAAAAAAAAAAAAAAAAAA",
                    "label": "Yes"
                  },
                  {
                    "concept": "1358AAAAAAAAAAAAAAAAAAAAAAAAAAAAAAAA",
                    "label": "Always"
                  },
                  {
                    "concept": "1385AAAAAAAAAAAAAAAAAAAAAAAAAAAAAAAA",
                    "label": "Sometimes"
                  },
                  {
                    "concept": "1066AAAAAAAAAAAAAAAAAAAAAAAAAAAAAAAA",
                    "label": "No"
                  }
                ]
              },
              "hide": {
                "hideWhenExpression": "sex !== 'F' ||sex === 'F' && (age < 10 || age > 49) || hasLMP !=='1065AAAAAAAAAAAAAAAAAAAAAAAAAAAAAAAA'"
              }
            }
          ]
        },
        {
          "label": "Contraceptive History",
          "isExpanded": "true",
          "questions": [
            {
              "label": "Previous Contraceptive Use",
              "type": "obs",
              "id": "conttaUse",
              "questionOptions": {
                "concept": "1635AAAAAAAAAAAAAAAAAAAAAAAAAAAAAAAA",
                "rendering": "radio",
                "answers": [
                  {
                    "concept": "1065AAAAAAAAAAAAAAAAAAAAAAAAAAAAAAAA",
                    "label": "Yes"
                  },
                  {
                    "concept": "1066AAAAAAAAAAAAAAAAAAAAAAAAAAAAAAAA",
                    "label": "No"
                  }
                ]
              },
              "hide": {
                "hideWhenExpression": "age < 15 || sex !=='F'"
              }
            },
            {
              "label": "Specify which method(s)",
              "required": "true",
              "type": "obs",
              "id": "fpMethod",
              "questionOptions": {
                "rendering": "select",
                "concept": "374AAAAAAAAAAAAAAAAAAAAAAAAAAAAAAAAA",
                "answers": [
                  {
                    "concept": "160570AAAAAAAAAAAAAAAAAAAAAAAAAAAAAA",
                    "label": "Emergency contraceptive pills"
                  },
                  {
                    "concept": "780AAAAAAAAAAAAAAAAAAAAAAAAAAAAAAAAA",
                    "label": "Oral Contraceptives Pills"
                  },
                  {
                    "concept": "5279AAAAAAAAAAAAAAAAAAAAAAAAAAAAAAAA",
                    "label": "Injectible"
                  },
                  {
                    "concept": "1359AAAAAAAAAAAAAAAAAAAAAAAAAAAAAAAA",
                    "label": "Implant"
                  },
                  {
                    "concept": "5275AAAAAAAAAAAAAAAAAAAAAAAAAAAAAAAA",
                    "label": "Intrauterine Device"
                  },
                  {
                    "concept": "136163AAAAAAAAAAAAAAAAAAAAAAAAAAAAAA",
                    "label": "Lactational Amenorhea Method"
                  },
                  {
                    "concept": "5278AAAAAAAAAAAAAAAAAAAAAAAAAAAAAAAA",
                    "label": "Diaphram/Cervical Cap"
                  },
                  {
                    "concept": "5277AAAAAAAAAAAAAAAAAAAAAAAAAAAAAAAA",
                    "label": "Fertility Awareness"
                  },
                  {
                    "concept": "1472AAAAAAAAAAAAAAAAAAAAAAAAAAAAAAAA",
                    "label": "Tubal Ligation"
                  },
                  {
                    "concept": "190AAAAAAAAAAAAAAAAAAAAAAAAAAAAAAAAA",
                    "label": "Condoms"
                  },
                  {
                    "concept": "1489AAAAAAAAAAAAAAAAAAAAAAAAAAAAAAAA",
                    "label": "Vasectomy(Partner)"
                  }
                ]
              },
              "validators": [],
              "hide": {
                "hideWhenExpression": "conttaUse !=='1065AAAAAAAAAAAAAAAAAAAAAAAAAAAAAAAA'"
              }
            },
            {
              "label": "Reason for not using Family Planning Methods",
              "type": "obs",
              "id": "FnotOnFp",
              "questionOptions": {
                "rendering": "checkbox",
                "concept": "163297AAAAAAAAAAAAAAAAAAAAAAAAAAAAAA",
                "answers": [
                  {
                    "concept": "159524AAAAAAAAAAAAAAAAAAAAAAAAAAAAAA",
                    "label": "Not sexually active"
                  },
                  {
                    "concept": "160572AAAAAAAAAAAAAAAAAAAAAAAAAAAAAA",
                    "label": "Thinks can't get pregnant"
                  },
                  {
                    "concept": "129227AAAAAAAAAAAAAAAAAAAAAAAAAAAAAA",
                    "label": "Wants to get pregnant"
                  },
                  {
                    "concept": "159640AAAAAAAAAAAAAAAAAAAAAAAAAAAAAA",
                    "label": "Health Concerns"
                  },
                  {
                    "concept": "110360AAAAAAAAAAAAAAAAAAAAAAAAAAAAAA",
                    "label": "Religious Prohibition"
                  },
                  {
                    "concept": "1778AAAAAAAAAAAAAAAAAAAAAAAAAAAAAAAA",
                    "label": "Fear of Side Effects"
                  },
                  {
                    "concept": "134346AAAAAAAAAAAAAAAAAAAAAAAAAAAAAA",
                    "label": "Menopause"
                  },
                  {
                    "concept": "5622AAAAAAAAAAAAAAAAAAAAAAAAAAAAAAAA",
                    "label": "Other"
                  }
                ]
              },
              "hide": {
                "hideWhenExpression": "conttaUse !=='1066AAAAAAAAAAAAAAAAAAAAAAAAAAAAAAAA'"
              }
            },
            {
              "label": "Other (Specify)",
              "type": "obs",
              "questionOptions": {
                "rendering": "text",
                "concept": "160632AAAAAAAAAAAAAAAAAAAAAAAAAAAAAA"
              },
              "id": "otherFeMale",
              "hide": {
                "hideWhenExpression": "FnotOnFp !=='5622AAAAAAAAAAAAAAAAAAAAAAAAAAAAAAAA'"
              }
            },
            {
              "label": "Duration on the current contraceptive?",
              "type": "obs",
              "id": "durationContra",
              "questionOptions": {
                "concept": "0fdb2341-7bc3-4921-85dd-0210cc0e3190",
                "rendering": "number",
                "min": "0"
              },
              "validators": [],
              "hide": {
                "hideWhenExpression": "conttaUse !=='1065AAAAAAAAAAAAAAAAAAAAAAAAAAAAAAAA'"
              }
            },
            {
              "label": "Any contraceptive side effects?",
              "type": "obs",
              "id": "sideEffectsFp",
              "questionOptions": {
                "concept": "163076AAAAAAAAAAAAAAAAAAAAAAAAAAAAAA",
                "rendering": "text"
              },
              "validators": [],
              "hide": {
                "hideWhenExpression": "conttaUse !=='1065AAAAAAAAAAAAAAAAAAAAAAAAAAAAAAAA'"
              }
            }
          ]
        },
        {
          "label": "Other History",
          "isExpanded": "true",
          "questions": [
            {
              "label": "Any history of hormone replacement therapies?",
              "type": "obs",
              "id": "therapyHis",
              "questionOptions": {
                "concept": "160345AAAAAAAAAAAAAAAAAAAAAAAAAAAAAA",
                "rendering": "radio",
                "answers": [
                  {
                    "concept": "1065AAAAAAAAAAAAAAAAAAAAAAAAAAAAAAAA",
                    "label": "Yes"
                  },
                  {
                    "concept": "1066AAAAAAAAAAAAAAAAAAAAAAAAAAAAAAAA",
                    "label": "No"
                  }
                ]
              },
              "hide": {
                "hideWhenExpression": "age < 15 || sex !=='F'"
              }
            },
            {
              "label": "Any history of chemotherapy or radiation?",
              "type": "obs",
              "id": "chemoHis",
              "questionOptions": {
                "concept": "166925AAAAAAAAAAAAAAAAAAAAAAAAAAAAAA",
                "rendering": "radio",
                "answers": [
                  {
                    "concept": "1065AAAAAAAAAAAAAAAAAAAAAAAAAAAAAAAA",
                    "label": "Yes"
                  },
                  {
                    "concept": "1066AAAAAAAAAAAAAAAAAAAAAAAAAAAAAAAA",
                    "label": "No"
                  }
                ]
              },
              "hide": {
                "hideWhenExpression": "age < 15 || sex !=='F'"
              }
            },
            {
              "label": "Age your mother transitioned into menopause?",
              "type": "obs",
              "id": "menoAge",
              "questionOptions": {
                "concept": "160599AAAAAAAAAAAAAAAAAAAAAAAAAAAAAA",
                "rendering": "number",
                "min": "0"
              },
              "hide": {
                "hideWhenExpression": "age < 15 || sex !=='F'"
              },
              "validators": []
            },
            {
              "label": "Is there any family history of infertility?",
              "type": "obs",
              "id": "fertilityHis",
              "questionOptions": {
                "concept": "163607AAAAAAAAAAAAAAAAAAAAAAAAAAAAAA",
                "rendering": "radio",
                "answers": [
                  {
                    "concept": "1065AAAAAAAAAAAAAAAAAAAAAAAAAAAAAAAA",
                    "label": "Yes"
                  },
                  {
                    "concept": "1066AAAAAAAAAAAAAAAAAAAAAAAAAAAAAAAA",
                    "label": "No"
                  }
                ]
              },
              "hide": {
                "hideWhenExpression": "age < 15 || sex !=='F'"
              }
            },
            {
              "label": "Any Substance abuse",
              "type": "obs",
              "id": "subHis",
              "questionOptions": {
                "concept": "160246AAAAAAAAAAAAAAAAAAAAAAAAAAAAAA",
                "rendering": "checkbox",
                "answers": [
                  {
                    "concept": "1107AAAAAAAAAAAAAAAAAAAAAAAAAAAAAAAA",
                    "label": "None"
                  },
                  {
                    "concept": "159449AAAAAAAAAAAAAAAAAAAAAAAAAAAAAA",
                    "label": "Alcohol use",
                    "disableWhenExpression": "myValue === '1107AAAAAAAAAAAAAAAAAAAAAAAAAAAAAAAA'"
                  },
                  {
                    "concept": "163731AAAAAAAAAAAAAAAAAAAAAAAAAAAAAA",
                    "label": "Tobacco use",
                    "disableWhenExpression": "myValue === '1107AAAAAAAAAAAAAAAAAAAAAAAAAAAAAAAA'"
                  },
                  {
                    "concept": "112603AAAAAAAAAAAAAAAAAAAAAAAAAAAAAA",
                    "label": "Recreational drugs",
                    "disableWhenExpression": "myValue === '1107AAAAAAAAAAAAAAAAAAAAAAAAAAAAAAAA'"
                  }
                ]
              },
              "hide": {
                "hideWhenExpression": "age < 15 || sex !=='F'"
              }
            },
            {
              "label": "Any Past Medical conditions",
              "type": "obs",
              "id": "medicalHisFemale",
              "questionOptions": {
                "concept": "1628AAAAAAAAAAAAAAAAAAAAAAAAAAAAAAAA",
                "rendering": "checkbox",
                "answers": [
                  {
                    "concept": "1107AAAAAAAAAAAAAAAAAAAAAAAAAAAAAAAA",
                    "label": "None"
                  },
                  {
                    "concept": "148117AAAAAAAAAAAAAAAAAAAAAAAAAAAAAA",
                    "label": "Autoimmune disease",
                    "disableWhenExpression": "myValue === '1107AAAAAAAAAAAAAAAAAAAAAAAAAAAAAAAA'"
                  },
                  {
                    "concept": "125925AAAAAAAAAAAAAAAAAAAAAAAAAAAAAA",
                    "label": "Cervical stenosis",
                    "disableWhenExpression": "myValue === '1107AAAAAAAAAAAAAAAAAAAAAAAAAAAAAAAA'"
                  },
                  {
                    "concept": "119481AAAAAAAAAAAAAAAAAAAAAAAAAAAAAA",
                    "label": "Diabetes",
                    "disableWhenExpression": "myValue === '1107AAAAAAAAAAAAAAAAAAAAAAAAAAAAAAAA'"
                  },
                  {
                    "concept": "118631AAAAAAAAAAAAAAAAAAAAAAAAAAAAAA",
                    "label": "Endometriosis",
                    "disableWhenExpression": "myValue === '1107AAAAAAAAAAAAAAAAAAAAAAAAAAAAAAAA'"
                  },
                  {
                    "concept": "902AAAAAAAAAAAAAAAAAAAAAAAAAAAAAAAAA",
                    "label": "History of STI/PID",
                    "disableWhenExpression": "myValue === '1107AAAAAAAAAAAAAAAAAAAAAAAAAAAAAAAA'"
                  },
                  {
                    "concept": "166429AAAAAAAAAAAAAAAAAAAAAAAAAAAAAA",
                    "label": "Pelvic organ surgeries or procedures",
                    "disableWhenExpression": "myValue === '1107AAAAAAAAAAAAAAAAAAAAAAAAAAAAAAAA'"
                  },
                  {
                    "concept": "129569AAAAAAAAAAAAAAAAAAAAAAAAAAAAAA",
                    "label": "Polycystic Ovarian Syndrome (PCOS)",
                    "disableWhenExpression": "myValue === '1107AAAAAAAAAAAAAAAAAAAAAAAAAAAAAAAA'"
                  },
                  {
                    "concept": "123455AAAAAAAAAAAAAAAAAAAAAAAAAAAAAA",
                    "label": "Uterine fibroids/ cysts",
                    "disableWhenExpression": "myValue === '1107AAAAAAAAAAAAAAAAAAAAAAAAAAAAAAAA'"
                  },
                  {
                    "concept": "5622AAAAAAAAAAAAAAAAAAAAAAAAAAAAAAAA",
                    "label": "Other",
                    "disableWhenExpression": "myValue === '1107AAAAAAAAAAAAAAAAAAAAAAAAAAAAAAAA'"
                  }
                ]
              },
              "hide": {
                "hideWhenExpression": "age < 15 || sex !=='F'"
              }
            },
            {
              "label": "Other (Specify)",
              "type": "obs",
              "id": "otherFindingsFemale",
              "questionOptions": {
                "rendering": "text",
                "concept": "160632AAAAAAAAAAAAAAAAAAAAAAAAAAAAAA"
              },
              "hide": {
                "hideWhenExpression": "isEmpty(medicalHisFemale) || !arrayContains(medicalHisFemale, '5622AAAAAAAAAAAAAAAAAAAAAAAAAAAAAAAA')"
              }
            },
            {
              "label": "Any Past Medical conditions",
              "type": "obs",
              "id": "medicalHisMale",
              "questionOptions": {
                "concept": "1628AAAAAAAAAAAAAAAAAAAAAAAAAAAAAAAA",
                "rendering": "checkbox",
                "answers": [
                  {
                    "concept": "1107AAAAAAAAAAAAAAAAAAAAAAAAAAAAAAAA",
                    "label": "None"
                  },
                  {
                    "concept": "119235AAAAAAAAAAAAAAAAAAAAAAAAAAAAAA",
                    "label": "Andropause or endocrine disorders",
                    "disableWhenExpression": "myValue === '1107AAAAAAAAAAAAAAAAAAAAAAAAAAAAAAAA'"
                  },
                  {
                    "concept": "148117AAAAAAAAAAAAAAAAAAAAAAAAAAAAAA",
                    "label": "Autoimmune disease",
                    "disableWhenExpression": "myValue === '1107AAAAAAAAAAAAAAAAAAAAAAAAAAAAAAAA'"
                  },
                  {
                    "concept": "119481AAAAAAAAAAAAAAAAAAAAAAAAAAAAAA",
                    "label": "Diabetes",
                    "disableWhenExpression": "myValue === '1107AAAAAAAAAAAAAAAAAAAAAAAAAAAAAAAA'"
                  },
                  {
                    "concept": "160345AAAAAAAAAAAAAAAAAAAAAAAAAAAAAA",
                    "label": "History of hormone or testosterone replacement therapies",
                    "disableWhenExpression": "myValue === '1107AAAAAAAAAAAAAAAAAAAAAAAAAAAAAAAA'"
                  },
                  {
                    "concept": "112992AAAAAAAAAAAAAAAAAAAAAAAAAAAAAA",
                    "label": "History of STI",
                    "disableWhenExpression": "myValue === '1107AAAAAAAAAAAAAAAAAAAAAAAAAAAAAAAA'"
                  },
                  {
                    "concept": "133671AAAAAAAAAAAAAAAAAAAAAAAAAAAAAA",
                    "label": "Mumps",
                    "disableWhenExpression": "myValue === '1107AAAAAAAAAAAAAAAAAAAAAAAAAAAAAAAA'"
                  },
                  {
                    "concept": "114732AAAAAAAAAAAAAAAAAAAAAAAAAAAAAA",
                    "label": "Orchitis",
                    "disableWhenExpression": "myValue === '1107AAAAAAAAAAAAAAAAAAAAAAAAAAAAAAAA'"
                  },
                  {
                    "concept": "113588AAAAAAAAAAAAAAAAAAAAAAAAAAAAAA",
                    "label": "Prostatitis",
                    "disableWhenExpression": "myValue === '1107AAAAAAAAAAAAAAAAAAAAAAAAAAAAAAAA'"
                  },
                  {
                    "concept": "124587AAAAAAAAAAAAAAAAAAAAAAAAAAAAAA",
                    "label": "Torsion",
                    "disableWhenExpression": "myValue === '1107AAAAAAAAAAAAAAAAAAAAAAAAAAAAAAAA'"
                  },
                  {
                    "concept": "123354AAAAAAAAAAAAAAAAAAAAAAAAAAAAAA",
                    "label": "Varicocele or testicular infection",
                    "disableWhenExpression": "myValue === '1107AAAAAAAAAAAAAAAAAAAAAAAAAAAAAAAA'"
                  },
                  {
                    "concept": "5622AAAAAAAAAAAAAAAAAAAAAAAAAAAAAAAA",
                    "label": "Other",
                    "disableWhenExpression": "myValue === '1107AAAAAAAAAAAAAAAAAAAAAAAAAAAAAAAA'"
                  }
                ]
              },
              "hide": {
                "hideWhenExpression": "age < 15 || sex !=='M'"
              }
            },
            {
              "label": "Other (Specify)",
              "type": "obs",
              "id": "otherFindingsMale",
              "questionOptions": {
                "rendering": "text",
                "concept": "160632AAAAAAAAAAAAAAAAAAAAAAAAAAAAAA"
              },
              "hide": {
                "hideWhenExpression": "isEmpty(medicalHisMale) || !arrayContains(medicalHisMale, '5622AAAAAAAAAAAAAAAAAAAAAAAAAAAAAAAA') || age < 15 || sex !=='M'"
              }
            },
            {
              "label": "Any Surgical Hhistory",
              "type": "obs",
              "id": "surgMale",
              "questionOptions": {
                "concept": "1633AAAAAAAAAAAAAAAAAAAAAAAAAAAAAAAA",
                "rendering": "checkbox",
                "answers": [
                  {
                    "concept": "1107AAAAAAAAAAAAAAAAAAAAAAAAAAAAAAAA",
                    "label": "None"
                  },
                  {
                    "concept": "161807AAAAAAAAAAAAAAAAAAAAAAAAAAAAAA",
                    "label": "Orchidopexy",
                    "disableWhenExpression": "myValue === '1107AAAAAAAAAAAAAAAAAAAAAAAAAAAAAAAA'"
                  },
                  {
                    "concept": "161811AAAAAAAAAAAAAAAAAAAAAAAAAAAAAA",
                    "label": "Varicocele ligation",
                    "disableWhenExpression": "myValue === '1107AAAAAAAAAAAAAAAAAAAAAAAAAAAAAAAA'"
                  },
                  {
                    "concept": "1489AAAAAAAAAAAAAAAAAAAAAAAAAAAAAAAA",
                    "label": "Vasectomy",
                    "disableWhenExpression": "myValue === '1107AAAAAAAAAAAAAAAAAAAAAAAAAAAAAAAA'"
                  },
                  {
                    "concept": "5622AAAAAAAAAAAAAAAAAAAAAAAAAAAAAAAA",
                    "label": "Other",
                    "disableWhenExpression": "myValue === '1107AAAAAAAAAAAAAAAAAAAAAAAAAAAAAAAA'"
                  }
                ]
              },
              "hide": {
                "hideWhenExpression": "age < 15 || sex !=='M'"
              }
            },
            {
              "label": "Other (Specify)",
              "type": "obs",
              "id": "otherFindingsSurg",
              "questionOptions": {
                "rendering": "text",
                "concept": "160632AAAAAAAAAAAAAAAAAAAAAAAAAAAAAA"
              },
              "hide": {
                "hideWhenExpression": "isEmpty(surgMale) || !arrayContains(surgMale, '5622AAAAAAAAAAAAAAAAAAAAAAAAAAAAAAAA')"
              }
            },
            {
              "label": "Do you smoke cigarattes",
              "type": "obs",
              "id": "smokingStatus",
              "questionOptions": {
                "concept": "163201AAAAAAAAAAAAAAAAAAAAAAAAAAAAAA",
                "rendering": "radio",
                "answers": [
                  {
                    "concept": "1065AAAAAAAAAAAAAAAAAAAAAAAAAAAAAAAA",
                    "label": "Yes"
                  },
                  {
                    "concept": "1066AAAAAAAAAAAAAAAAAAAAAAAAAAAAAAAA",
                    "label": "No"
                  },
                  {
                    "concept": "158939AAAAAAAAAAAAAAAAAAAAAAAAAAAAAA",
                    "label": "Stopped"
                  }
                ]
              },
              "hide": {
                "hideWhenExpression": "age < 15 || sex !=='M'"
              }
            },
            {
              "label": "Number of years smoked",
              "type": "obs",
              "id": "smokeYears",
              "questionOptions": {
                "concept": "159931AAAAAAAAAAAAAAAAAAAAAAAAAAAAAA",
                "rendering": "number",
                "min": "0",
                "max": "500"
              },
              "hide": {
                "hideWhenExpression": "isEmpty(smokingStatus) || smokingStatus !== '1065AAAAAAAAAAAAAAAAAAAAAAAAAAAAAAAA' && smokingStatus !==  '158939AAAAAAAAAAAAAAAAAAAAAAAAAAAAAA'"
              }
            },
            {
              "label": "Number of cigarette per day",
              "type": "obs",
              "id": "smokeDays",
              "questionOptions": {
                "concept": "1546AAAAAAAAAAAAAAAAAAAAAAAAAAAAAAAA",
                "rendering": "number",
                "min": "0",
                "max": "500"
              },
              "hide": {
                "hideWhenExpression": "isEmpty(smokingStatus) || smokingStatus !== '1065AAAAAAAAAAAAAAAAAAAAAAAAAAAAAAAA' && smokingStatus !==  '158939AAAAAAAAAAAAAAAAAAAAAAAAAAAAAA'"
              }
            },
            {
              "label": "Pack Years",
              "type": "obs",
              "id": "pacKyrs",
              "questionOptions": {
                "concept": "5089AAAAAAAAAAAAAAAAAAAAAAAAAAAAAAAA",
                "rendering": "numeric",
                "calculate": {
                  "calculateExpression": "(smokeYears * smokeDays) / 20"
                }
              },
              "hide": {
                "hideWhenExpression": "isEmpty(smokingStatus) || smokingStatus !== '1065AAAAAAAAAAAAAAAAAAAAAAAAAAAAAAAA' && smokingStatus !==  '158939AAAAAAAAAAAAAAAAAAAAAAAAAAAAAA'"
              }
            },
            {
              "label": "Have you ever used any recreational drugs ?",
              "type": "obs",
              "id": "substanceUse",
              "questionOptions": {
                "concept": "163731AAAAAAAAAAAAAAAAAAAAAAAAAAAAAA",
                "rendering": "radio",
                "answers": [
                  {
                    "concept": "1065AAAAAAAAAAAAAAAAAAAAAAAAAAAAAAAA",
                    "label": "Yes"
                  },
                  {
                    "concept": "1066AAAAAAAAAAAAAAAAAAAAAAAAAAAAAAAA",
                    "label": "No"
                  }
                ]
              },
              "hide": {
                "hideWhenExpression": "age < 15 || sex !=='M'"
              }
            },
            {
              "label": "Which Drugs",
              "type": "obs",
              "id": "drugsTaken",
              "questionOptions": {
                "concept": "162169AAAAAAAAAAAAAAAAAAAAAAAAAAAAAA",
                "rendering": "text"
              },
              "hide": {
                "hideWhenExpression": "isEmpty(substanceUse) || substanceUse !== '1065AAAAAAAAAAAAAAAAAAAAAAAAAAAAAAAA'"
              }
            },
            {
              "label": "Do you take Alcohol",
              "type": "obs",
              "id": "alcoholUse",
              "questionOptions": {
                "concept": "159449AAAAAAAAAAAAAAAAAAAAAAAAAAAAAA",
                "rendering": "radio",
                "answers": [
                  {
                    "concept": "1065AAAAAAAAAAAAAAAAAAAAAAAAAAAAAAAA",
                    "label": "Yes"
                  },
                  {
                    "concept": "1066AAAAAAAAAAAAAAAAAAAAAAAAAAAAAAAA",
                    "label": "No"
                  }
                ]
              },
              "hide": {
                "hideWhenExpression": "age < 15 || sex !=='M'"
              }
            },
            {
              "label": "How many units of alcohol per week? ",
              "type": "obs",
              "id": "yearsTaken",
              "questionOptions": {
                "concept": "1546AAAAAAAAAAAAAAAAAAAAAAAAAAAAAAAA",
                "rendering": "number",
                "min": "0",
                "max": "500"
              },
              "hide": {
                "hideWhenExpression": "isEmpty(alcoholUse) || alcoholUse !== '1065AAAAAAAAAAAAAAAAAAAAAAAAAAAAAAAA'"
              }
            },
            {
              "label": "Family history of infertility?",
              "type": "obs",
              "id": "infertilityHis",
              "questionOptions": {
                "concept": "9e7792d6-ee26-4b4a-9683-24b6714e9a91",
                "rendering": "radio",
                "answers": [
                  {
                    "concept": "1065AAAAAAAAAAAAAAAAAAAAAAAAAAAAAAAA",
                    "label": "Yes"
                  },
                  {
                    "concept": "1066AAAAAAAAAAAAAAAAAAAAAAAAAAAAAAAA",
                    "label": "No"
                  }
                ]
              },
              "hide": {
                "hideWhenExpression": "age < 15 || sex !=='M'"
              }
            },
            {
              "label": "Any Past/Current Medication",
              "type": "obs",
              "id": "currentMed",
              "questionOptions": {
                "concept": "160221AAAAAAAAAAAAAAAAAAAAAAAAAAAAAA",
                "rendering": "textarea"
              },
              "validators": []
            }
          ]
        }
      ]
    },
    {
      "label": "Patient Examination",
      "sections": [
        {
          "label": "Examination Details",
          "isExpanded": "true",
          "questions": [
            {
              "label": "General Examination Findings",
              "type": "obs",
              "id": "generalExamNotes",
              "questionOptions": {
                "concept": "160430AAAAAAAAAAAAAAAAAAAAAAAAAAAAAA",
                "rendering": "textarea"
              },
              "validators": []
            },
            {
              "label": " Genital Examination Findings",
              "type": "obs",
              "id": "genitalFindings",
              "questionOptions": {
                "concept": "166648AAAAAAAAAAAAAAAAAAAAAAAAAAAAAA",
                "rendering": "checkbox",
                "answers": [
                  {
                    "concept": "1107AAAAAAAAAAAAAAAAAAAAAAAAAAAAAAAA",
                    "label": "None"
                  },
                  {
                    "concept": "117474AAAAAAAAAAAAAAAAAAAAAAAAAAAAAA",
                    "label": "Hydrocele",
                    "disableWhenExpression": "myValue === '1107AAAAAAAAAAAAAAAAAAAAAAAAAAAAAAAA'"
                  },
                  {
                    "concept": "135350AAAAAAAAAAAAAAAAAAAAAAAAAAAAAA",
                    "label": "Hypogonadism",
                    "disableWhenExpression": "myValue === '1107AAAAAAAAAAAAAAAAAAAAAAAAAAAAAAAA'"
                  },
                  {
                    "concept": "138009AAAAAAAAAAAAAAAAAAAAAAAAAAAAAA",
                    "label": "Hypospadias",
                    "disableWhenExpression": "myValue === '1107AAAAAAAAAAAAAAAAAAAAAAAAAAAAAAAA'"
                  },
                  {
                    "concept": "118574AAAAAAAAAAAAAAAAAAAAAAAAAAAAAA",
                    "label": "Indurated ,swollen tender epididymis",
                    "disableWhenExpression": "myValue === '1107AAAAAAAAAAAAAAAAAAAAAAAAAAAAAAAA'"
                  },
                  {
                    "concept": "119952AAAAAAAAAAAAAAAAAAAAAAAAAAAAAA",
                    "label": "Micropenis",
                    "disableWhenExpression": "myValue === '1107AAAAAAAAAAAAAAAAAAAAAAAAAAAAAAAA'"
                  },
                  {
                    "concept": "126278AAAAAAAAAAAAAAAAAAAAAAAAAAAAAA",
                    "label": "Undescended testes",
                    "disableWhenExpression": "myValue === '1107AAAAAAAAAAAAAAAAAAAAAAAAAAAAAAAA'"
                  },
                  {
                    "concept": "123354AAAAAAAAAAAAAAAAAAAAAAAAAAAAAA",
                    "label": "Varicocele",
                    "disableWhenExpression": "myValue === '1107AAAAAAAAAAAAAAAAAAAAAAAAAAAAAAAA'"
                  },
                  {
                    "concept": "5622AAAAAAAAAAAAAAAAAAAAAAAAAAAAAAAA",
                    "label": "Other",
                    "disableWhenExpression": "myValue === '1107AAAAAAAAAAAAAAAAAAAAAAAAAAAAAAAA'"
                  }
                ]
              },
              "hide": {
                "hideWhenExpression": "age < 15 || sex !=='M'"
              }
            },
            {
              "label": "Other (Specify)",
              "type": "obs",
              "id": "otherFindingsGents",
              "questionOptions": {
                "rendering": "text",
                "concept": "160632AAAAAAAAAAAAAAAAAAAAAAAAAAAAAA"
              },
              "hide": {
                "hideWhenExpression": "isEmpty(genitalFindings) || !arrayContains(genitalFindings, '5622AAAAAAAAAAAAAAAAAAAAAAAAAAAAAAAA')"
              }
            },
            {
              "label": " Breast Examination Findings",
              "type": "obs",
              "id": "breastFindings",
              "questionOptions": {
                "concept": "166648AAAAAAAAAAAAAAAAAAAAAAAAAAAAAA",
                "rendering": "checkbox",
                "answers": [
                  {
                    "concept": "1107AAAAAAAAAAAAAAAAAAAAAAAAAAAAAAAA",
                    "label": "None"
                  },
                  {
                    "concept": "125212AAAAAAAAAAAAAAAAAAAAAAAAAAAAAA",
                    "label": "Breast swelling",
                    "disableWhenExpression": "myValue === '1107AAAAAAAAAAAAAAAAAAAAAAAAAAAAAAAA'"
                  },
                  {
                    "concept": "146928AAAAAAAAAAAAAAAAAAAAAAAAAAAAAA",
                    "label": "Breast tenderness",
                    "disableWhenExpression": "myValue === '1107AAAAAAAAAAAAAAAAAAAAAAAAAAAAAAAA'"
                  },
                  {
                    "concept": "117932AAAAAAAAAAAAAAAAAAAAAAAAAAAAAA",
                    "label": "Galactorrhea",
                    "disableWhenExpression": "myValue === '1107AAAAAAAAAAAAAAAAAAAAAAAAAAAAAAAA'"
                  },
                  {
                    "concept": "146931AAAAAAAAAAAAAAAAAAAAAAAAAAAAAA",
                    "label": "Mass/Lump",
                    "disableWhenExpression": "myValue === '1107AAAAAAAAAAAAAAAAAAAAAAAAAAAAAAAA'"
                  },
                  {
                    "concept": "142248AAAAAAAAAAAAAAAAAAAAAAAAAAAAAA",
                    "label": "Nipple discharge",
                    "disableWhenExpression": "myValue === '1107AAAAAAAAAAAAAAAAAAAAAAAAAAAAAAAA'"
                  },
                  {
                    "concept": "126278AAAAAAAAAAAAAAAAAAAAAAAAAAAAAA",
                    "label": "Nipple Soreness",
                    "disableWhenExpression": "myValue === '1107AAAAAAAAAAAAAAAAAAAAAAAAAAAAAAAA'"
                  },
                  {
                    "concept": "5622AAAAAAAAAAAAAAAAAAAAAAAAAAAAAAAA",
                    "label": "Other",
                    "disableWhenExpression": "myValue === '1107AAAAAAAAAAAAAAAAAAAAAAAAAAAAAAAA'"
                  }
                ]
              },
              "hide": {
                "hideWhenExpression": "age < 15 || sex !=='F'"
              }
            },
            {
              "label": "Other (Specify)",
              "type": "obs",
              "id": "otherFindingsBreast",
              "questionOptions": {
                "rendering": "text",
                "concept": "160632AAAAAAAAAAAAAAAAAAAAAAAAAAAAAA"
              },
              "hide": {
                "hideWhenExpression": "isEmpty(breastFindings) || !arrayContains(breastFindings, '5622AAAAAAAAAAAAAAAAAAAAAAAAAAAAAAAA')"
              }
            },
            {
              "label": "Pelvic Examination Findings",
              "type": "obs",
              "id": "pelvicFindings",
              "questionOptions": {
                "concept": "166806AAAAAAAAAAAAAAAAAAAAAAAAAAAAAA",
                "rendering": "checkbox",
                "answers": [
                  {
                    "concept": "1107AAAAAAAAAAAAAAAAAAAAAAAAAAAAAAAA",
                    "label": "None"
                  },
                  {
                    "concept": "125212AAAAAAAAAAAAAAAAAAAAAAAAAAAAAA",
                    "label": "Adnexal pain on movement of the cervix",
                    "disableWhenExpression": "myValue === '1107AAAAAAAAAAAAAAAAAAAAAAAAAAAAAAAA'"
                  },
                  {
                    "concept": "147232AAAAAAAAAAAAAAAAAAAAAAAAAAAAAA",
                    "label": "Cervical contact bleeding",
                    "disableWhenExpression": "myValue === '1107AAAAAAAAAAAAAAAAAAAAAAAAAAAAAAAA'"
                  },
                  {
                    "concept": "145804AAAAAAAAAAAAAAAAAAAAAAAAAAAAAA",
                    "label": "Cervical growth",
                    "disableWhenExpression": "myValue === '1107AAAAAAAAAAAAAAAAAAAAAAAAAAAAAAAA'"
                  },
                  {
                    "concept": "158410AAAAAAAAAAAAAAAAAAAAAAAAAAAAAA",
                    "label": "Cervical polyp",
                    "disableWhenExpression": "myValue === '1107AAAAAAAAAAAAAAAAAAAAAAAAAAAAAAAA'"
                  },
                  {
                    "concept": "121784AAAAAAAAAAAAAAAAAAAAAAAAAAAAAA",
                    "label": "Cervical tenderness",
                    "disableWhenExpression": "myValue === '1107AAAAAAAAAAAAAAAAAAAAAAAAAAAAAAAA'"
                  },
                  {
                    "concept": "141490AAAAAAAAAAAAAAAAAAAAAAAAAAAAAA",
                    "label": "Ectropion of the cervix",
                    "disableWhenExpression": "myValue === '1107AAAAAAAAAAAAAAAAAAAAAAAAAAAAAAAA'"
                  },
                  {
                    "concept": "130641AAAAAAAAAAAAAAAAAAAAAAAAAAAAAA",
                    "label": "Uterine/adenexal masses",
                    "disableWhenExpression": "myValue === '1107AAAAAAAAAAAAAAAAAAAAAAAAAAAAAAAA'"
                  },
                  {
                    "concept": "159261AAAAAAAAAAAAAAAAAAAAAAAAAAAAAA",
                    "label": "Vaginal atrophy",
                    "disableWhenExpression": "myValue === '1107AAAAAAAAAAAAAAAAAAAAAAAAAAAAAAAA'"
                  },
                  {
                    "concept": "127683AAAAAAAAAAAAAAAAAAAAAAAAAAAAAA",
                    "label": "Vaginal mass",
                    "disableWhenExpression": "myValue === '1107AAAAAAAAAAAAAAAAAAAAAAAAAAAAAAAA'"
                  },
                  {
                    "concept": "129521AAAAAAAAAAAAAAAAAAAAAAAAAAAAAA",
                    "label": "Vulva Polp",
                    "disableWhenExpression": "myValue === '1107AAAAAAAAAAAAAAAAAAAAAAAAAAAAAAAA'"
                  },
                  {
                    "concept": "123382AAAAAAAAAAAAAAAAAAAAAAAAAAAAAA",
                    "label": "Vaginal prolapse",
                    "disableWhenExpression": "myValue === '1107AAAAAAAAAAAAAAAAAAAAAAAAAAAAAAAA'"
                  },
                  {
                    "concept": "5622AAAAAAAAAAAAAAAAAAAAAAAAAAAAAAAA",
                    "label": "Other",
                    "disableWhenExpression": "myValue === '1107AAAAAAAAAAAAAAAAAAAAAAAAAAAAAAAA'"
                  }
                ]
              },
              "hide": {
                "hideWhenExpression": "age < 15 || sex !=='F'"
              }
            },
            {
              "label": "Other (Specify)",
              "type": "obs",
              "id": "otherFindingsPel",
              "questionOptions": {
                "rendering": "text",
                "concept": "160632AAAAAAAAAAAAAAAAAAAAAAAAAAAAAA"
              },
              "hide": {
                "hideWhenExpression": "isEmpty(pelvicFindings) || !arrayContains(pelvicFindings, '5622AAAAAAAAAAAAAAAAAAAAAAAAAAAAAAAA')"
              }
            },
            {
              "label": " Clinical Notes",
              "type": "obs",
              "id": "clinicalNotes",
              "questionOptions": {
                "concept": "162725AAAAAAAAAAAAAAAAAAAAAAAAAAAAAA",
                "rendering": "textarea"
              },
              "validators": []
            },
            {
              "label": "Impression",
              "id": "clinicalDiagnosisId",
              "type": "diagnosis",
              "questionOptions": {
                "rendering": "repeating",
                "dataSource": "diagnoses",
                "rank": 1,
                "datasource": {
                  "name": "diagnoses",
                  "config": {
                    "conceptSourceUuid": "39ADDDDDDDDDDDDDDDDDDDDDDDDDDDDDDDDD"
                  }
                }
              }
            },
            {
              "label": "Lab Order",
              "required": false,
              "id": "labsWorkspaceLauncher",
              "questionOptions": {
                "rendering": "workspace-launcher",
                "buttonLabel": "Add lab order",
                "workspaceName": "add-lab-order"
              }
            }
          ]
        }
      ]
    },
    {
      "label": "Patient Management",
      "sections": [
        {
          "label": "Treatment/Management Plan",
          "isExpanded": "true",
          "questions": [
            {
              "label": "Final Diagnosis",
              "id": "finalDiagnosisId",
              "type": "diagnosis",
              "questionOptions": {
                "rendering": "repeating",
                "rank": 2,
                "datasource": {
                  "name": "diagnoses",
                  "config": {
                    "conceptSourceUuid": "39ADDDDDDDDDDDDDDDDDDDDDDDDDDDDDDDDD"
                  }
                }
              }
            },
            {
              "label": "Diagnosis Categorization",
              "required": "true",
              "type": "obs",
              "id": "dxCategory",
              "questionOptions": {
                "rendering": "radio",
                "concept": "1f852fa4-caa6-4ad3-9f8e-551219af52ad",
                "answers": [
                  {
                    "concept": "1687AAAAAAAAAAAAAAAAAAAAAAAAAAAAAAAA",
                    "label": "New diagnosis"
                  },
                  {
                    "concept": "c38d0531-69e4-4f41-9baa-d1539fd22b24",
                    "label": "Pre-Existing diagnosis"
                  }
                ]
              }
            },
            {
              "label": "Drug Order",
              "required": false,
              "id": "drugsWorkspaceLauncher",
              "questionOptions": {
                "rendering": "workspace-launcher",
                "buttonLabel": "Add drug order",
                "workspaceName": "add-drug-order"
              }
            }
            
          ]
        },
        {
          "label": "Patient Outcome",
          "isExpanded": "true",
          "questions": [
            {
              "label": "Patient Outcome ",
              "type": "obs",
              "id": "outcomePatient",
              "questionOptions": {
                "concept": "160433AAAAAAAAAAAAAAAAAAAAAAAAAAAAAA",
                "rendering": "radio",
                "answers": [
                  {
                    "concept": "160429AAAAAAAAAAAAAAAAAAAAAAAAAAAAAA",
                    "label": "Released Home"
                  },
                  {
                    "concept": "77eafb3f-58d3-4397-a6dc-d2c06e9062f3",
                    "label": "Admit"
                  },
                  {
                    "concept": "1693AAAAAAAAAAAAAAAAAAAAAAAAAAAAAAAA",
                    "label": "Referral"
                  },
                  {
                    "concept": "159AAAAAAAAAAAAAAAAAAAAAAAAAAAAAAAAA",
                    "label": "Deceased"
                  }
                ]
              }
            },
            {
              "label": "Appointments",
              "required": false,
              "id": "appointmentWorkspaceLauncher",
              "questionOptions": {
                "rendering": "workspace-launcher",
                "buttonLabel": "Add appointments",
                "workspaceName": "appointments-form-workspace"
              },
              "hide": {
                "hideWhenExpression": "outcomePatient !=='160429AAAAAAAAAAAAAAAAAAAAAAAAAAAAAA'"
              }
            },
            {
              "label": "Reffered For?",
              "type": "obs",
              "id": "refferalsOrderd",
              "questionOptions": {
                "concept": "162725AAAAAAAAAAAAAAAAAAAAAAAAAAAAAA",
                "rendering": "textarea"
              },
              "hide": {
                "hideWhenExpression": "outcomePatient !=='1693AAAAAAAAAAAAAAAAAAAAAAAAAAAAAAAA'"
              }
            },
            {
              "label": "Referred to?",
              "type": "obs",
              "id": "referralTo",
              "questionOptions": {
                "concept": "163145AAAAAAAAAAAAAAAAAAAAAAAAAAAAAA",
                "rendering": "select",
                "answers": [
                  {
                    "concept": "164407AAAAAAAAAAAAAAAAAAAAAAAAAAAAAA",
                    "label": "Other health facility"
                  },
                  {
                    "concept": "163266AAAAAAAAAAAAAAAAAAAAAAAAAAAAAA",
                    "label": "This health facility"
                  },
                  {
                    "concept": "4fcf003e-71cf-47a5-a967-47d24aa61092",
                    "label": "Community Health Unit"
                  }
                ]
              },
              "hide": {
                "hideWhenExpression": "outcomePatient !=='1693AAAAAAAAAAAAAAAAAAAAAAAAAAAAAAAA'"
              }
            },
            {
              "label": "Transfer to Facility:",
              "type": "obs",
              "id": "transferToFacility",
              "questionOptions": {
                "concept": "159495AAAAAAAAAAAAAAAAAAAAAAAAAAAAAA",
                "rendering": "encounterLocation"
              },
              "hide": {
                "hideWhenExpression": "referralTo !=='164407AAAAAAAAAAAAAAAAAAAAAAAAAAAAAA'"
              }
            },
            {
              "label": "Service Referred for:",
              "type": "obs",
              "id": "thisfacility",
              "questionOptions": {
                "concept": "162724AAAAAAAAAAAAAAAAAAAAAAAAAAAAAA",
                "rendering": "text"
              },
              "hide": {
                "hideWhenExpression": "referralTo !=='163266AAAAAAAAAAAAAAAAAAAAAAAAAAAAAA'"
              }
            }
          ]
        },
        {
          "label": "Ward Details",
          "isExpanded": "true",
          "questions": [
            {
              "type": "obsGroup",
              "id": "inpatientDispositionConstruct",
              "questionOptions": {
                "concept": "CIEL:169405",
                "rendering": "group"
              },
              "questions": [
                {
                  "id": "disposition",
                  "label": "Disposition",
                  "type": "obs",
                  "required": true,
                  "questionOptions": {
                    "rendering": "radio",
                    "required": true,
                    "concept": "CIEL:169402",
                    "answers": [
                      {
                        "concept": "CIEL:168619"
                      }
                    ]
                  },
                  "hide": {
                    "hideWhenExpression": "outcomePatient !=='77eafb3f-58d3-4397-a6dc-d2c06e9062f3'"
                  },
                  "validators": []
                },
                {
                  "id": "admitToLocation",
                  "label": "Admit To Location",
                  "type": "obs",
                  "required": true,
                  "questionOptions": {
                    "rendering": "remote-select",
                    "concept": "CIEL:169403",
                    "datasource": {
                      "name": "location",
                      "config": {
                        "tag": "Admission Location"
                      }
                    }
                  },
                  "hide": {
                    "hideWhenExpression": "outcomePatient !=='77eafb3f-58d3-4397-a6dc-d2c06e9062f3'"
                  }
                }
              ]
            }
          ]
        }
      ]
    }
  ],
 
  "encounterType": "465a92f2-baf8-42e9-9612-53064be868e8",
  "referencedForms": []
  
}