{
  "name": "Fluid Intake and Output Form",
  "description": "A form for collecting fluid intake and output data",
  "published": true,
  "retired": false,
  "version": "1.0",
  "uuid": "b4bfa7a3-f6ed-4339-a4ec-b076463c0696",
  "encounter": "Fluid Intake and Output",
  "pages": [
    {
      "label": "Fluid Intake and Output Form",
      "sections": [
        {
          "label": "Visit Details",
          "isExpanded": "true",
          "questions": [
            {
              "label": "Date:",
              "type": "encounterDatetime",
              "questionOptions": {
                "rendering": "ui-select-extended"
              },
              "validators": [
                {
                  "type": "date",
                  "allowFutureDates": "false"
                }
              ],
              "id": "encDate"
            },
            {
              "label": "Provider:",
              "type": "encounterProvider",
              "questionOptions": {
                "rendering": "ui-select-extended"
              },
              "id": "encProvider "
            },
            {
              "label": "Location:",
              "type": "encounterLocation",
              "questionOptions": {
                "rendering": "ui-select-extended"
              },
              "id": "encLocation"
            }
          ]
        },
        {
          "label": "Input",
          "isExpanded": "true",
          "questions": [
            {
              "label": "Fluid Input",
              "type": "obsGroup",
              "id": "fluidInput",
              "questionOptions": {
                "concept": "162658AAAAAAAAAAAAAAAAAAAAAAAAAAAAAA",
                "rendering": "repeating"
              },
              "validators": [],
              "questions": [
                {
                  "label": "Type of Fluid",
                  "type": "obs",
                  "required": true,
                  "id": "typeOfFluid",
                  "questionOptions": {
                    "rendering": "select",
                    "concept": "161911AAAAAAAAAAAAAAAAAAAAAAAAAAAAAA",
                    "conceptMappings": [
                      {
                        "relationship": "SAME-AS",
                        "type": "CIEL",
                        "value": "161911"
                      },
                      {
                        "relationship": "SAME-AS",
                        "type": "PIH",
                        "value": "7895"
                      }
                    ],
                    "answers": [
                      {
                        "concept": "80804AAAAAAAAAAAAAAAAAAAAAAAAAAAAAAA",
                        "label": "Normal saline"
                      },
                      {
                        "concept": "74653AAAAAAAAAAAAAAAAAAAAAAAAAAAAAAA",
                        "label": "Dextran"
                      },
                      {
                        "concept": "162857AAAAAAAAAAAAAAAAAAAAAAAAAAAAAA",
                        "label": "Dextrose 5% in normal saline"
                      },
                      {
                        "concept": "161250AAAAAAAAAAAAAAAAAAAAAAAAAAAAAA",
                        "label": "Dextrose 5% in water"
                      },
                      {
                        "concept": "161922AAAAAAAAAAAAAAAAAAAAAAAAAAAAAA",
                        "label": "Dextrose 10% in water"
                      },
                      {
                        "concept": "162859AAAAAAAAAAAAAAAAAAAAAAAAAAAAAA",
                        "label": "Glucose 50 MG/ML / Sodium Chloride 0.0769 MEQ/ML Injectable Solution"
                      },
                      {
                        "concept": "162860AAAAAAAAAAAAAAAAAAAAAAAAAAAAAA",
                        "label": "Monopotassium phosphate 0.259% / sodium phosphate 2.9% injection solution"
                      },
                      {
                        "concept": "162855AAAAAAAAAAAAAAAAAAAAAAAAAAAAAA",
                        "label": "Potassium chloride 20 mmol/L in normal saline"
                      },
                      {
                        "concept": "162856AAAAAAAAAAAAAAAAAAAAAAAAAAAAAA",
                        "label": "Potassium chloride 40 mmol/sodium chloride 0.9% infusion solution"
                      },
                      {
                        "concept": "78617AAAAAAAAAAAAAAAAAAAAAAAAAAAAAAA",
                        "label": "Ringer's lactate"
                      },
                      {
                        "concept": "162861AAAAAAAAAAAAAAAAAAAAAAAAAAAAAA",
                        "label": "Sodium bicarbonate 1.26% injection solution"
                      },
                      {
                        "concept": "162757AAAAAAAAAAAAAAAAAAAAAAAAAAAAAA",
                        "label": "Juice"
                      },
                      {
                        "concept": "968AAAAAAAAAAAAAAAAAAAAAAAAAAAAAAAAA",
                        "label": "Milk"
                      },
                      {
                        "concept": "86426AAAAAAAAAAAAAAAAAAAAAAAAAAAAAAA",
                        "label": "Water"
                      },
                      {
                        "concept": "79284AAAAAAAAAAAAAAAAAAAAAAAAAAAAAAA",
                        "label": "Soup"
                      },
                      {
                        "concept": "5622AAAAAAAAAAAAAAAAAAAAAAAAAAAAAAAA",
                        "label": "Other Specify"
                      }
                    ]
                  },
                  "validators": []
                },
                {
                  "label": "Time Fluid Intake started",
                  "type": "obs",
                  "required": true,
                  "id": "timeFluidIntakeStarted",
                  "datePickerFormat": "timer",
                  "questionOptions": {
                    "rendering": "date",
                    "concept": "163509AAAAAAAAAAAAAAAAAAAAAAAAAAAAAA",
                    "conceptMappings": [
                      {
                        "relationship": "SAME-AS",
                        "type": "CIEL",
                        "value": "163509"
                      },
                      {
                        "relationship": "NARROWER-THAN",
                        "type": "SNOMED NP",
                        "value": "364713004"
                      }
                    ],
                    "answers": []
                  },
                  "validators": []
                },
                {
                  "label": "Intake Method",
                  "type": "obs",
                  "required": false,
                  "id": "intakeMethod",
                  "questionOptions": {
                    "rendering": "radio",
                    "concept": "162653AAAAAAAAAAAAAAAAAAAAAAAAAAAAAA",
                    "answers": [
                      {
                        "concept": "160242AAAAAAAAAAAAAAAAAAAAAAAAAAAAAA",
                        "label": "Intravenous"
                      },
                      {
                        "concept": "160240AAAAAAAAAAAAAAAAAAAAAAAAAAAAAA",
                        "label": "Oral"
                      },
                      {
                        "concept": "162798AAAAAAAAAAAAAAAAAAAAAAAAAAAAAA",
                        "label": "Nasogastric/Gastrotomy"
                      }
                    ]
                  },
                  "validators": []
                },
                {
                  "label": "Intake Amount/volume (mls)",
                  "type": "obs",
                  "required": true,
                  "id": "intakeAmount",
                  "questionOptions": {
                    "rendering": "number",
                    "min": "0",
                    "max": "1000",
                    "concept": "166650AAAAAAAAAAAAAAAAAAAAAAAAAAAAAA",
                    "conceptMappings": [],
                    "answers": []
                  },
                  "validators": []
                }
              ]
            }
          ]
        },
        {
          "label": "Output",
          "isExpanded": "true",
          "questions": [
            {
              "label": "Fluid Output",
              "type": "obsGroup",
              "id": "fluidOutput",
              "questionOptions": {
                "concept": "159484AAAAAAAAAAAAAAAAAAAAAAAAAAAAAA",
                "rendering": "repeating"
              },
              "validators": [],
              "questions": [
                {
                  "label": "Type of Output",
                  "type": "obs",
                  "required": true,
                  "id": "typeOfOutput",
                  "questionOptions": {
                    "rendering": "checkbox",
                    "concept": "166693AAAAAAAAAAAAAAAAAAAAAAAAAAAAAA",
                    "answers": [
                      {
                        "concept": "159994AAAAAAAAAAAAAAAAAAAAAAAAAAAAAA",
                        "label": "Urine"
                      },
                      {
                        "concept": "122983AAAAAAAAAAAAAAAAAAAAAAAAAAAAAA",
                        "label": "Vomitus"
                      },
                      {
                        "concept": "164240AAAAAAAAAAAAAAAAAAAAAAAAAAAAAA",
                        "label": "Drains"
                      },
                      {
                        "concept": "675fdb7f-f02a-431d-8256-499f12eeef38",
                        "label": "Nasogastric suction"
                      },
                      {
                        "concept": "135603AAAAAAAAAAAAAAAAAAAAAAAAAAAAAA",
                        "label": "Stool/Fistula"
                      },
                      {
                        "concept": "140941AAAAAAAAAAAAAAAAAAAAAAAAAAAAAA",
                        "label": "Insensible loss"
                      }
                    ]
                  },
                  "validators": []
                },
                {
                  "label": "Output amount(volume) in  ml",
                  "type": "obs",
                  "required": true,
                  "id": "outAmount",
                  "questionOptions": {
                    "rendering": "number",
                    "min": "0",
                    "max": "1000",
                    "concept": "162661AAAAAAAAAAAAAAAAAAAAAAAAAAAAAA",
                    "conceptMappings": [
                      {
                        "relationship": "SAME-AS",
                        "type": "LOINC",
                        "value": "9142-1"
                      },
                      {
                        "relationship": "SAME-AS",
                        "type": "CIEL",
                        "value": "162661"
                      },
                      {
                        "relationship": "NARROWER-THAN",
                        "type": "SNOMED NP",
                        "value": "251840008"
                      }
                    ],
                    "answers": []
                  },
                  "validators": []
                }
              ]
            }
          ]
        },
        {
          "label": "Intake and Output Summary",
          "isExpanded": "true",
          "questions": [
            {
              "label": "Total intake",
              "type": "obs",
              "required": true,
              "id": "totalIntake",
              "questionOptions": {
                "rendering": "number",
                "min": "0",
                "max": "1000",
                "concept": "165987AAAAAAAAAAAAAAAAAAAAAAAAAAAAAA",
                "conceptMappings": [],
                "answers": []
              },
              "validators": []
            },
            {
              "label": "Total output",
              "type": "obs",
              "required": true,
              "id": "totalOutput",
              "questionOptions": {
                "rendering": "number",
                "min": "0",
                "max": "1000",
                "concept": "162659AAAAAAAAAAAAAAAAAAAAAAAAAAAAAA",
                "conceptMappings": [
                  {
                    "relationship": "SAME-AS",
                    "type": "LOINC",
                    "value": "9262-7"
                  },
                  {
                    "relationship": "SAME-AS",
                    "type": "SNOMED CT",
                    "value": "251841007"
                  },
                  {
                    "relationship": "SAME-AS",
                    "type": "CIEL",
                    "value": "162659"
                  }
                ],
                "answers": []
              },
              "validators": []
            },
            {
              "label": "Balance",
              "type": "obs",
              "required": true,
              "id": "balance",
              "questionOptions": {
                "rendering": "number",
                "min": "0",
                "max": "1000",
                "calculate": {
                  "calculateExpression": "moment() ? moment(totalIntake).diff( moment(totalOutput)) :''"
                },
                "concept": "164392AAAAAAAAAAAAAAAAAAAAAAAAAAAAAA",
                "conceptMappings": [
                  {
                    "relationship": "SAME-AS",
                    "type": "CIEL",
                    "value": "164392"
                  }
                ],
                "answers": []
              },
              "validators": []
            },
            {
              "label": "Remarks",
              "type": "obs",
              "required": false,
              "id": "remarks",
              "questionOptions": {
                "rendering": "text",
                "concept": "160632AAAAAAAAAAAAAAAAAAAAAAAAAAAAAA",
                "conceptMappings": [
                  {
                    "relationship": "SAME-AS",
                    "type": "CIEL",
                    "value": "160632"
                  },
                  {
                    "relationship": "SAME-AS",
                    "type": "AMPATH",
                    "value": "1915"
                  },
                  {
                    "relationship": "NARROWER-THAN",
                    "type": "LOINC",
                    "value": "48767-8"
                  }
                ],
                "answers": []
              },
              "validators": []
            }
          ]
        }
      ]
    }
  ],
  "processor": "EncounterFormProcessor",
  "encounterType": "657bdb00-0eab-48a6-8da4-bb1644d5fd48",
  "referencedForms": []
}