{
    "name": "Violence Legal Form",
    "description": "Legal Encounter Form",
    "version": "2.0",
    "published": false,
    "retired": false,
    "encounter": "Violence Legal Encounter",
    "processor": "EncounterFormProcessor",
    "encounterType": "8941dc56-afda-4155-866f-e9fc0e71f5fd",
    "referencedForms": [],
    "uuid": "d0c36426-4503-4236-ab5d-39bff77f2b50",
    "pages": [
      {
        "label": "Starter page",
        "sections": [
          {
            "label": "Encounter Details",
            "isExpanded": "true",
            "questions": [
              {
                "label": "Visit date:",
                "type": "encounterDatetime",
                "required": "true",
                "id": "encDate",
                "questionOptions": {
                  "rendering": "date"
                },
                "validators": [
                  {
                    "type": "date",
                    "allowFutureDates": "false"
                  }
                ]
              },
              {
                "label": "Provider:",
                "type": "encounterProvider",
                "required": "true",
                "questionOptions": {
                  "rendering": "ui-select-extended"
                },
                "id": "encProvider "
              },
              {
                "label": "Location:",
                "type": "encounterLocation",
                "required": "true",
                "questionOptions": {
                  "rendering": "ui-select-extended"
                },
                "id": "encLocation"
              }
            ]
          },
          {
            "label": "Starter section",
            "isExpanded": true,
            "questions": [
              {
                "label": "OB Number",
                "type": "obs",
                "id": "obNumber",
                "questionOptions": {
                  "concept": "167133AAAAAAAAAAAAAAAAAAAAAAAAAAAAAA",
                  "rendering": "text"
                }
              },
              {
                "label": "Police Station Reported to",
                "type": "obs",
                "id": "policeStationReported",
                "questionOptions": {
                  "concept": "adf65dd8-9674-4759-a841-fd10631d1ef2",
                  "rendering": "text"
                }
              },
              {
                "label": "Name of the perpetrator",
                "type": "obs",
                "id": "ppName",
                "questionOptions": {
                  "concept": "70f75275-5345-41e1-a17a-d7af70971885",
                  "rendering": "text"
                }
              },
              {
                "label": "Investigating officer",
                "type": "obs",
                "id": "investigatingOfficer",
                "questionOptions": {
                  "concept": "167018AAAAAAAAAAAAAAAAAAAAAAAAAAAAAA",
                  "rendering": "text"
                }
              },
              {
                "label": "Phone number (for the Investigating officer)",
                "type": "obs",
                "id": "phoneNumberIO",
                "questionOptions": {
                  "concept": "163152AAAAAAAAAAAAAAAAAAAAAAAAAAAAAA",
                  "rendering": "text"
                }
              },
              {
                "label": "Nature of Action taken",
                "type": "obs",
                "id":"natureActionTaken",
                "questionOptions": {
                  "concept": "0b37e771-aea2-4745-8632-80be809d70a8",
                  "rendering": "multiCheckbox",
                  "answers": [
                    {
                      "concept": "161638AAAAAAAAAAAAAAAAAAAAAAAAAAAAAA",
                      "label": "Unreported case"
                    },
                    {
                      "concept": "126582AAAAAAAAAAAAAAAAAAAAAAAAAAAAAA",
                      "label": "Alternative justice system"
                    },
                    {
                      "concept": "147944AAAAAAAAAAAAAAAAAAAAAAAAAAAAAA",
                      "label": "Conviction"
                    },
                    {
                      "concept": "141537AAAAAAAAAAAAAAAAAAAAAAAAAAAAAA",
                      "label": "Alternative Dispute resolution (ADR)"
                    },
                    {
                      "concept": "127910AAAAAAAAAAAAAAAAAAAAAAAAAAAAAA",
                      "label": "Settled out of court"
                    },
                    {
                      "concept": "118688AAAAAAAAAAAAAAAAAAAAAAAAAAAAAA",
                      "label": "In court"
                    },
                    {
                      "concept": "145691AAAAAAAAAAAAAAAAAAAAAAAAAAAAAA",
                      "label": "Cases dropped"
                    },
                    {
                      "concept": "118935AAAAAAAAAAAAAAAAAAAAAAAAAAAAAA",
                      "label": "P3 filled"
                    }
                  ]
                }
              },
              {
                "label": "Brief Description of Action(s) taken",
                "type": "obs",
                "id": "actionDescription",
                "questionOptions": {
                  "concept": "166511AAAAAAAAAAAAAAAAAAAAAAAAAAAAAA",
                  "rendering": "textarea"
                }
              },
              {
                "label": "Referral from Violence Recovery center to",
                "type": "obs",
                "id":"referralTO",
                "questionOptions": {
                  "concept": "1885AAAAAAAAAAAAAAAAAAAAAAAAAAAAAAAA",
                  "rendering": "multiCheckbox",
                  "answers": [
                    {
                      "concept": "159928AAAAAAAAAAAAAAAAAAAAAAAAAAAAAA",
                      "label": "School"
                    },
                    {
                      "concept": "253b40ec-54da-4e92-9ab1-2d99075b19e8",
                      "label": "Police station"
                    },
                    {
                      "concept": "167254AAAAAAAAAAAAAAAAAAAAAAAAAAAAAA",
                      "label": "Shelter homes"
                    },
                    {
                      "concept": "141777AAAAAAAAAAAAAAAAAAAAAAAAAAAAAA",
                      "label": "DREAMs program"
                    },
                    {
                      "concept": "161597AAAAAAAAAAAAAAAAAAAAAAAAAAAAAA",
                      "label": "Children protection"
                    },
                    {
                      "concept": "162690AAAAAAAAAAAAAAAAAAAAAAAAAAAAAA",
                      "label": "Local administrators"
                    },
                    {
                      "concept": "135914AAAAAAAAAAAAAAAAAAAAAAAAAAAAAA",
                      "label": "Legal offices"
                    },
                    {
                      "concept": "5622AAAAAAAAAAAAAAAAAAAAAAAAAAAAAAAA",
                      "label": "Other (specify)"
                    }
                  ]
                }
              },
      
              {
                "label": "Any other referral place",
                "type": "obs",
                "id": "anyOtherReferralPlace",
                "questionOptions": {
                  "concept": "161103AAAAAAAAAAAAAAAAAAAAAAAAAAAAAA",
                  "rendering": "textarea"
                }
              },
              {
                "label": "In Court",
                "type": "obs",
                "id": "inCourt",
                "questionOptions": {
                  "concept": "1562AAAAAAAAAAAAAAAAAAAAAAAAAAAAAAAA",
                  "rendering": "radio",
                  "answers": [
                    {
                      "concept": "1066AAAAAAAAAAAAAAAAAAAAAAAAAAAAAAAA",
                      "label": "No"
                    },
                    {
                      "concept": "1065AAAAAAAAAAAAAAAAAAAAAAAAAAAAAAAA",
                      "label": "Yes"
                    }
                  ]
                }
              },
              {
                "label": "Criminal Suit Number",
                "type": "obs",
                "id": "criminalSuitNumber",
                "questionOptions": {
                  "concept": "162086AAAAAAAAAAAAAAAAAAAAAAAAAAAAAA",
                  "rendering": "text"
                }
              },
              {
                "label": "Case Details",
                "type": "obs",
                "id": "casDetails",
                "questionOptions": {
                  "concept": "161011AAAAAAAAAAAAAAAAAAAAAAAAAAAAAA",
                  "rendering": "textarea"
                }
              },
              {
                "label": "Alternative contact name",
                "type": "obs",
                "id": "alternateContactName",
                "questionOptions": {
                  "concept": "163258AAAAAAAAAAAAAAAAAAAAAAAAAAAAAA",
                  "rendering": "text"
                }
              },
              {
                "label": "Phone Number",
                "type": "obs",
                "id": "phoneNumber",
                "questionOptions": {
                  "concept": "159635AAAAAAAAAAAAAAAAAAAAAAAAAAAAAA",
                  "rendering": "text"
                }
              }
            ]
          }
        ]
      }
    ]
  }