{
    "name": "Violence Community Linkage Form",
    "description": "Violence Community Linkage Form",
    "version": "1.0",
    "published": false,
    "retired": false,
    "encounter": "Violence Community Linkage Encounter",
    "processor": "EncounterFormProcessor",
    "encounterType": "b38c73ee-6949-4f5f-8013-a89e36474d72",
    "referencedForms": [],
    "uuid": "f760e38c-3d2f-4a5d-aa3d-e9682576efa8",
    "pages": [
      {
        "label": "Violence Community Linkage Form",
        "sections": [
          {
            "label": "Encounter Details",
            "isExpanded": "true",
            "questions": [
              {
                "label": "Visit date:",
                "type": "encounterDatetime",
                "required": "true",
                "id": "encDate",
                "questionOptions": {
                  "rendering": "date"
                },
                "validators": [
                  {
                    "type": "date",
                    "allowFutureDates": "false"
                  }
                ]
              },
              {
                "label": "Provider:",
                "type": "encounterProvider",
                "required": "true",
                "questionOptions": {
                  "rendering": "ui-select-extended"
                },
                "id": "encProvider "
              },
              {
                "label": "Location:",
                "type": "encounterLocation",
                "required": "true",
                "questionOptions": {
                  "rendering": "ui-select-extended"
                },
                "id": "encLocation"
              }
            ]
          },
          {
            "label": "Violence Community Linkage",
            "isExpanded": true,
            "questions": [
              {
                "label": "Date of Violence",
                "type": "obs",
                "id": "dateOfViolence",
                "questionOptions": {
                  "concept": "b1251fe7-fc71-48e0-a79c-6b9f608d5d86",
                  "rendering": "date"
                },
                "validators": [
                  {
                    "type": "date",
                    "allowFutureDates": "false"
                  }
                ]
              },
              {
                "label": "Nature of Violence",
                "type": "obs",
                "id": "natureOfViolenceID",
                "questionOptions": {
                  "concept": "0b37e771-aea2-4745-8632-80be809d70a8",
                  "rendering": "multiCheckbox",
                  "answers": [
                    {
                      "concept": "124824AAAAAAAAAAAAAAAAAAAAAAAAAAAAAA",
                      "label": "Financial"
                    },
                    {
                      "concept": "152370AAAAAAAAAAAAAAAAAAAAAAAAAAAAAA",
                      "label": "Sexual"
                    },
                    {
                      "concept": "117510AAAAAAAAAAAAAAAAAAAAAAAAAAAAAA",
                      "label": "Emotional"
                    },
                    {
                      "concept": "158358AAAAAAAAAAAAAAAAAAAAAAAAAAAAAA",
                      "label": "Physical"
                    },
                    {
                      "concept": "141815AAAAAAAAAAAAAAAAAAAAAAAAAAAAAA",
                      "label": "IPV"
                    }
                  ]
                }
              },
              {
                "label": "Any actions taken by client so far",
                "type": "obs",
                "id": "actionTakenByClient",
                "questionOptions": {
                  "concept": "159639AAAAAAAAAAAAAAAAAAAAAAAAAAAAAA",
                  "rendering": "multiCheckbox",
                  "answers": [
                    {
                      "concept": "2a2370f9-f327-47ea-b147-6e3c884b4d11",
                      "label": "Reported to Authority"
                    },
                    {
                      "concept": "161189AAAAAAAAAAAAAAAAAAAAAAAAAAAAAA",
                      "label": "Gone to hospital"
                    },
                    {
                      "concept": "167254AAAAAAAAAAAAAAAAAAAAAAAAAAAAAA",
                      "label": "Moved to safe space"
                    },
                    {
                      "concept": "151316AAAAAAAAAAAAAAAAAAAAAAAAAAAAAA",
                      "label": "Taken over the counter medication"
                    },
                    {
                      "concept": "4d7db115-ad60-4817-8512-65b35c8b8865",
                      "label": "Received counselling"
                    },
                    {
                      "concept": "148502AAAAAAAAAAAAAAAAAAAAAAAAAAAAAA",
                      "label": "Perpetrator apprehended"
                    },
                    {
                      "concept": "5622AAAAAAAAAAAAAAAAAAAAAAAAAAAAAAAA",
                      "label": "Other (specify)"
                    }
                  ]
                }
              },
              {
                "label": "Other action taken, specify",
                "type": "obs",
                "id": "otherActionTaken",
                "questionOptions": {
                  "concept": "166511AAAAAAAAAAAAAAAAAAAAAAAAAAAAAA",
                  "rendering": "textarea"
                },
                "validators": [],
                "hide": {
                  "hideWhenExpression": "isEmpty(actionTakenByClient) || actionTakenByClient !== '5622AAAAAAAAAAAAAAAAAAAAAAAAAAAAAAAA'"
                }
              },
              {
                "label": "Any Special needs",
                "type": "obs",
                "id": "anySpecialNeed",
                "questionOptions": {
                  "concept": "161601AAAAAAAAAAAAAAAAAAAAAAAAAAAAAA",
                  "rendering": "radio",
                  "answers": [
                    {
                      "concept": "7dbb5b43-861e-4816-a88f-caa976ac2050",
                      "label": "OVC"
                    },
                    {
                      "concept": "161599AAAAAAAAAAAAAAAAAAAAAAAAAAAAAA",
                      "label": "Person living with disability"
                    },
                    {
                      "concept": "1107AAAAAAAAAAAAAAAAAAAAAAAAAAAAAAAA",
                      "label": "None"
                    },
                    {
                      "concept": "118686AAAAAAAAAAAAAAAAAAAAAAAAAAAAAA",
                      "label": "Elderly (>60yrs)"
                    },
                    {
                      "concept": "166043AAAAAAAAAAAAAAAAAAAAAAAAAAAAAA",
                      "label": "Child or Adolescent"
                    },
                    {
                      "concept": "5622AAAAAAAAAAAAAAAAAAAAAAAAAAAAAAAA",
                      "label": "Other (specify)"
                    }
                  ]
                }
              },
              {
                "label": "Specify other special needs",
                "type": "obs",
                "id": "otherSpecialNeed",
                "questionOptions": {
                  "concept": "161011AAAAAAAAAAAAAAAAAAAAAAAAAAAAAA",
                  "rendering": "textarea"
                },
                "validators": [],
                "hide": {
                  "hideWhenExpression": "isEmpty(anySpecialNeed) || anySpecialNeed !== '5622AAAAAAAAAAAAAAAAAAAAAAAAAAAAAAAA'"
                }
              },
              {
                "label": "Date contacted at the Community",
                "type": "obs",
                "id": "dateContactedAtCommunity",
                "questionOptions": {
                  "concept": "68bfa3f3-1fc7-4d9d-bb41-e897c3c430ef",
                  "rendering": "date"
                },
                "validators": [
                  {
                    "type": "date",
                    "allowFutureDates": "false"
                  }
                ]
              },
              {
                "label": "Number of Interactive sessions with mobilizer",
                "type": "obs",
                "id": "numberInteractive",
                "questionOptions": {
                  "concept": "1639AAAAAAAAAAAAAAAAAAAAAAAAAAAAAAAA",
                  "rendering": "number"
                }
              },
              {
                "label": "Date referred to Violence recovery center",
                "type": "obs",
                "id": "dateReferredID",
                "questionOptions": {
                  "concept": "161560AAAAAAAAAAAAAAAAAAAAAAAAAAAAAA",
                  "rendering": "date"
                }
              },
              {
                "label": "Date seen at Violence recovery center (to be filled at the clinic)",
                "type": "obs",
                "id": "dateSeenGBVID",
                "questionOptions": {
                  "concept": "163260AAAAAAAAAAAAAAAAAAAAAAAAAAAAAA",
                  "rendering": "date"
                }
              },
              {
                "label": "Name of Community Mobilizer",
                "type": "obs",
                "id": "communityMObilizer",
                "questionOptions": {
                  "concept": "164141AAAAAAAAAAAAAAAAAAAAAAAAAAAAAA",
                  "rendering": "text"
                }
              },
              {
                "label": "Phone Number",
                "type": "obs",
                "id": "phoneNumber",
                "questionOptions": {
                  "concept": "159635AAAAAAAAAAAAAAAAAAAAAAAAAAAAAA",
                  "rendering": "text"
                }
              },
              {
                "label": "Received By(Health care provider)",
                "type": "obs",
                "id": "receivedByID",
                "questionOptions": {
                  "concept": "1473AAAAAAAAAAAAAAAAAAAAAAAAAAAAAAAA",
                  "rendering": "text"
                }
              }
            ]
          }
        ]
      }
    ]
  }