{
    "name": "Violence Discontinuation Form",
    "description": "Violence Discontinuation",
    "version": "2.0",
    "published": false,
    "retired": false,
    "encounter": "Violence Discontinuation Encounter",
    "processor": "EncounterFormProcessor",
    "encounterType": "ab3031fe-d67c-4ae4-9317-f6f5b920b776",
    "referencedForms": [],
    "uuid": "8fed3d06-f8a1-4cb8-b853-cd93394bab79",
    "meta": {
      "programs": {
        "uuid": "e41c3d74-37c7-4001-9f19-ef9e35224b70",
        "isEnrollment": false,
        "discontinuationDateQuestionId": "encDate"
      }
    },
    "pages": [
      {
        "label": "Violence Discontinuation Form",
        "sections": [
          {
            "label": "Encounter Details",
            "isExpanded": "true",
            "questions": [
              {
                "label": "Visit date:",
                "type": "encounterDatetime",
                "required": "true",
                "id": "encDate",
                "questionOptions": {
                  "rendering": "date"
                },
                "validators": [
                  {
                    "type": "date",
                    "allowFutureDates": "false"
                  }
                ]
              },
              {
                "label": "Provider:",
                "type": "encounterProvider",
                "required": "true",
                "questionOptions": {
                  "rendering": "ui-select-extended"
                },
                "id": "encProvider "
              },
              {
                "label": "Location:",
                "type": "encounterLocation",
                "required": "true",
                "questionOptions": {
                  "rendering": "ui-select-extended"
                },
                "id": "encLocation"
              }
            ]
          },
          {
            "label": "Violence Discontinuation",
            "isExpanded": true,
            "questions": [
              {
                "label": "Discontinue reasons (Pep Management particularly and Legal cases)",
                "type": "obs",
                "id": "discontinue",
                "questionOptions": {
                  "concept": "161555AAAAAAAAAAAAAAAAAAAAAAAAAAAAAA",
                  "rendering": "select",
                  "answers": [
                    {
                      "concept": "978AAAAAAAAAAAAAAAAAAAAAAAAAAAAAAAAA",
                      "label": "Self Discontinuation"
                    },
                    {
                      "concept": "159598AAAAAAAAAAAAAAAAAAAAAAAAAAAAAA",
                      "label": "Not adherent to PEP"
                    },
                    {
                      "concept": "150506AAAAAAAAAAAAAAAAAAAAAAAAAAAAAA",
                      "label": "Intimate partner violence"
                    },
                    {
                      "concept": "164401AAAAAAAAAAAAAAAAAAAAAAAAAAAAAA",
                      "label": "Too many HIV tests"
                    },
                    {
                      "concept": "138571AAAAAAAAAAAAAAAAAAAAAAAAAAAAAA",
                      "label": "HIV test is positive"
                    },
                    {
                      "concept": "162696AAAAAAAAAAAAAAAAAAAAAAAAAAAAAA",
                      "label": "Client request"
                    },
                    {
                      "concept": "160581AAAAAAAAAAAAAAAAAAAAAAAAAAAAAA",
                      "label": "Low risk of HIV"
                    },
                    {
                      "concept": "121760AAAAAAAAAAAAAAAAAAAAAAAAAAAAAA",
                      "label": "Adverse drug reaction"
                    },
                    {
                      "concept": "113338AAAAAAAAAAAAAAAAAAAAAAAAAAAAAA",
                      "label": "Renal dysfunction"
                    },
                    {
                      "concept": "5622AAAAAAAAAAAAAAAAAAAAAAAAAAAAAAAA",
                      "label": "Other-specify"
                    }
                  ]
                }
              },
              {
                "label": "Discontinue reasons (Pep Management particularly and Legal cases)",
                "type": "obs",
                "id": "other-reason",
                "questionOptions": {
                  "concept": "160632AAAAAAAAAAAAAAAAAAAAAAAAAAAAAA",
                  "rendering": "text"
                },
                "hide": {
                  "hideWhenExpression": "isEmpty(discontinue) || discontinue !== '5622AAAAAAAAAAAAAAAAAAAAAAAAAAAAAAAA'"
                }
              },
              {
                "label": "Date of Last Pep dose:",
                "type": "obs",
                "id": "dateLastPEPDoseID",
                "questionOptions": {
                  "concept": "162549AAAAAAAAAAAAAAAAAAAAAAAAAAAAAA",
                  "rendering": "date"
                },
                "validators": [
                  {
                    "type": "date",
                    "allowFutureDates": "false"
                  }
                ]
              }
            ]
          }
        ]
      }
    ]
  }