{
  "name": "Generalized Anxiety Disorder Assessment",
  "description": "Generalized Anxiety Disorder Assessment",
  "version": "1.0",
  "published": true,
  "uuid": "524d078e-936a-4543-9ca6-7a8d9ed4db06",
  "retired": false,
  "encounter": "Generalized Anxiety Disorder Assessment",
  "pages": [
    {
      "label": "Generalized Anxiety Disorder Assessment",
      "sections": [
        {
          "label": "Visit Details",
          "isExpanded": "true",
          "questions": [
            {
              "label": "Date:",
              "type": "encounterDatetime",
              "required": "true",
              "questionOptions": {
                "rendering": "ui-select-extended"
              },
              "id": "encDate",
              "validators": [
                {
                  "type": "date",
                  "allowFutureDates": "false"
                }
              ]
            },
            {
              "label": "Provider:",
              "type": "encounterProvider",
              "required": "true",
              "questionOptions": {
                "rendering": "ui-select-extended"
              },
              "id": "encProvider "
            },
            {
              "label": "Location:",
              "type": "encounterLocation",
              "required": "true",
              "questionOptions": {
                "rendering": "ui-select-extended"
              },
              "id": "encLocation"
            }
          ]
        },
        {
          "label": "Over the last 2 weeks, how often have you been bothered by any of the following problems?",
          "isExpanded": "true",
          "questions": [
            {
              "label": "Feeling nervous, anxious or on edge",
              "type": "obs",
              "id": "anxious",
              "questionOptions": {
                "concept": "167003AAAAAAAAAAAAAAAAAAAAAAAAAAAAAA",
                "rendering": "radio",
                "answers": [
                  {
                    "concept": "160215AAAAAAAAAAAAAAAAAAAAAAAAAAAAAA",
                    "label": "Not at all"
                  },
                  {
                    "concept": "167000AAAAAAAAAAAAAAAAAAAAAAAAAAAAAA",
                    "label": "Several days "
                  },
                  {
                    "concept": "167001AAAAAAAAAAAAAAAAAAAAAAAAAAAAAA",
                    "label": "More than half the days"
                  },
                  {
                    "concept": "167002AAAAAAAAAAAAAAAAAAAAAAAAAAAAAA",
                    "label": "Nearly every day"
                  }
                ]
              }
            },
            {
              "label": "Not being able to stop or control worrying",
              "type": "obs",
              "id": "controlWorrying",
              "questionOptions": {
                "concept": "167005AAAAAAAAAAAAAAAAAAAAAAAAAAAAAA",
                "rendering": "radio",
                "answers": [
                  {
                    "concept": "160215AAAAAAAAAAAAAAAAAAAAAAAAAAAAAA",
                    "label": "Not at all"
                  },
                  {
                    "concept": "167000AAAAAAAAAAAAAAAAAAAAAAAAAAAAAA",
                    "label": "Several days "
                  },
                  {
                    "concept": "167001AAAAAAAAAAAAAAAAAAAAAAAAAAAAAA",
                    "label": "More than half the days"
                  },
                  {
                    "concept": "167002AAAAAAAAAAAAAAAAAAAAAAAAAAAAAA",
                    "label": "Nearly every day"
                  }
                ]
              }
            },
            {
              "label": "Worrying too much about different things",
              "type": "obs",
              "id": "worryingMuch",
              "questionOptions": {
                "concept": "166482AAAAAAAAAAAAAAAAAAAAAAAAAAAAAA",
                "rendering": "radio",
                "answers": [
                  {
                    "concept": "160215AAAAAAAAAAAAAAAAAAAAAAAAAAAAAA",
                    "label": "Not at all"
                  },
                  {
                    "concept": "167000AAAAAAAAAAAAAAAAAAAAAAAAAAAAAA",
                    "label": "Several days "
                  },
                  {
                    "concept": "167001AAAAAAAAAAAAAAAAAAAAAAAAAAAAAA",
                    "label": "More than half the days"
                  },
                  {
                    "concept": "167002AAAAAAAAAAAAAAAAAAAAAAAAAAAAAA",
                    "label": "Nearly every day"
                  }
                ]
              }
            },
            {
              "label": "Trouble Relaxing",
              "type": "obs",
              "id": "troubleRelaxing",
              "questionOptions": {
                "concept": "167064AAAAAAAAAAAAAAAAAAAAAAAAAAAAAA",
                "rendering": "radio",
                "answers": [
                  {
                    "concept": "160215AAAAAAAAAAAAAAAAAAAAAAAAAAAAAA",
                    "label": "Not at all"
                  },
                  {
                    "concept": "167000AAAAAAAAAAAAAAAAAAAAAAAAAAAAAA",
                    "label": "Several days "
                  },
                  {
                    "concept": "167001AAAAAAAAAAAAAAAAAAAAAAAAAAAAAA",
                    "label": "More than half the days"
                  },
                  {
                    "concept": "167002AAAAAAAAAAAAAAAAAAAAAAAAAAAAAA",
                    "label": "Nearly every day"
                  }
                ]
              }
            },
            {
              "label": "Being so restless that it is hard to sit still",
              "type": "obs",
              "id": "restless",
              "questionOptions": {
                "concept": "167065AAAAAAAAAAAAAAAAAAAAAAAAAAAAAA",
                "rendering": "radio",
                "answers": [
                  {
                    "concept": "160215AAAAAAAAAAAAAAAAAAAAAAAAAAAAAA",
                    "label": "Not at all"
                  },
                  {
                    "concept": "167000AAAAAAAAAAAAAAAAAAAAAAAAAAAAAA",
                    "label": "Several days "
                  },
                  {
                    "concept": "167001AAAAAAAAAAAAAAAAAAAAAAAAAAAAAA",
                    "label": "More than half the days"
                  },
                  {
                    "concept": "167002AAAAAAAAAAAAAAAAAAAAAAAAAAAAAA",
                    "label": "Nearly every day"
                  }
                ]
              }
            },
            {
              "label": "Feeling bad about yourself, or that you are a failure,or that you have let yourself or your family down",
              "type": "obs",
              "id": "feelingBad",
              "questionOptions": {
                "concept": "167066AAAAAAAAAAAAAAAAAAAAAAAAAAAAAA",
                "rendering": "radio",
                "answers": [
                  {
                    "concept": "160215AAAAAAAAAAAAAAAAAAAAAAAAAAAAAA",
                    "label": "Not at all"
                  },
                  {
                    "concept": "167000AAAAAAAAAAAAAAAAAAAAAAAAAAAAAA",
                    "label": "Several days "
                  },
                  {
                    "concept": "167001AAAAAAAAAAAAAAAAAAAAAAAAAAAAAA",
                    "label": "More than half the days"
                  },
                  {
                    "concept": "167002AAAAAAAAAAAAAAAAAAAAAAAAAAAAAA",
                    "label": "Nearly every day"
                  }
                ]
              }
            },
            {
              "label": "Feeling afraid as if something awful might happen",
              "type": "obs",
              "id": "feelingAfraid",
              "questionOptions": {
                "concept": "167067AAAAAAAAAAAAAAAAAAAAAAAAAAAAAA",
                "rendering": "radio",
                "answers": [
                  {
                    "concept": "160215AAAAAAAAAAAAAAAAAAAAAAAAAAAAAA",
                    "label": "Not at all"
                  },
                  {
                    "concept": "167000AAAAAAAAAAAAAAAAAAAAAAAAAAAAAA",
                    "label": "Several days "
                  },
                  {
                    "concept": "167001AAAAAAAAAAAAAAAAAAAAAAAAAAAAAA",
                    "label": "More than half the days"
                  },
                  {
                    "concept": "167002AAAAAAAAAAAAAAAAAAAAAAAAAAAAAA",
                    "label": "Nearly every day"
                  }
                ]
              }
            },
            {
							"label": "Anxiety score rating:",
							"id": "anxietyScore",
							"questionOptions": {
								"concept": "",
								"rendering": "text",
								"calculate": {
									"calculateExpression": "(String(anxious) === '167000AAAAAAAAAAAAAAAAAAAAAAAAAAAAAA' ? 1 : String(anxious) === '167001AAAAAAAAAAAAAAAAAAAAAAAAAAAAAA' ? 2 : String(anxious) === '167002AAAAAAAAAAAAAAAAAAAAAAAAAAAAAA' ? 3 : 0) + (String(controlWorrying) === '167000AAAAAAAAAAAAAAAAAAAAAAAAAAAAAA' ? 1 : String(controlWorrying) === '167001AAAAAAAAAAAAAAAAAAAAAAAAAAAAAA' ? 2 :  String(controlWorrying)==='167002AAAAAAAAAAAAAAAAAAAAAAAAAAAAAA' ? 3 : 0) + (String(worryingMuch) === '167000AAAAAAAAAAAAAAAAAAAAAAAAAAAAAA' ? 1 : String(worryingMuch) === '167001AAAAAAAAAAAAAAAAAAAAAAAAAAAAAA' ? 2 : String(worryingMuch) === '167002AAAAAAAAAAAAAAAAAAAAAAAAAAAAAA' ? 3 : 0) + (String(troubleRelaxing) === '167000AAAAAAAAAAAAAAAAAAAAAAAAAAAAAA' ? 1 : String(troubleRelaxing) === '167001AAAAAAAAAAAAAAAAAAAAAAAAAAAAAA' ? 2 : String(troubleRelaxing) === '167002AAAAAAAAAAAAAAAAAAAAAAAAAAAAAA' ? 3 : 0) +(String(feelingAfraid) === '167000AAAAAAAAAAAAAAAAAAAAAAAAAAAAAA' ? 1 : String(feelingAfraid) === '167001AAAAAAAAAAAAAAAAAAAAAAAAAAAAAA' ? 2 : String(feelingAfraid) === '167002AAAAAAAAAAAAAAAAAAAAAAAAAAAAAA' ? 3 : 0) + (String(restless) === '167000AAAAAAAAAAAAAAAAAAAAAAAAAAAAAA' ? 1 : String(restless) === '167001AAAAAAAAAAAAAAAAAAAAAAAAAAAAAA' ? 2 : String(restless) === '167002AAAAAAAAAAAAAAAAAAAAAAAAAAAAAA' ? 3 : 0) + (String(feelingBad) === '167000AAAAAAAAAAAAAAAAAAAAAAAAAAAAAA' ? 1 : String(feelingBad) === '167001AAAAAAAAAAAAAAAAAAAAAAAAAAAAAA' ? 2 : String(feelingBad) === '167002AAAAAAAAAAAAAAAAAAAAAAAAAAAAAA' ? 3 : 0)"
								}
							},
							"type": "control",
							"validators": [],
              "readOnly": "true"
						}
          ]
        },
        {
          "label": "Anxiety Assessment Score",
          "isExpanded": "true",
          "questions": [
            {
              "label": "GAD 7 Rating",
              "type": "obs",
              "id": "gad7",
              "questionOptions": {
                "concept": "167267AAAAAAAAAAAAAAAAAAAAAAAAAAAAAA",
                "rendering": "radio",
                "answers": [
                  {
                    "concept": "159410AAAAAAAAAAAAAAAAAAAAAAAAAAAAAA",
                    "label": "Minimal Anxiety"
                  },
                  {
                    "concept": "1498AAAAAAAAAAAAAAAAAAAAAAAAAAAAAAAA",
                    "label": "Mild Anxiety"
                  },
                  {
                    "concept": "1499AAAAAAAAAAAAAAAAAAAAAAAAAAAAAAAA",
                    "label": "Moderate Anxiety"
                  },
                  {
                    "concept": "1500AAAAAAAAAAAAAAAAAAAAAAAAAAAAAAAA",
                    "label": "Severe Anxiety"
                  }
                ],
              "calculate": {
                "calculateExpression": "(!isEmpty(anxious) || !isEmpty(feelingBad) || !isEmpty(worryingMuch) || !isEmpty(restless) || !isEmpty(controlWorrying)|| !isEmpty(troubleRelaxing)|| !isEmpty(feelingAfraid) ) && parseInt(anxietyScore) < 5 ? '159410AAAAAAAAAAAAAAAAAAAAAAAAAAAAAA' : ( parseInt(anxietyScore) > 4 && parseInt(anxietyScore) < 10 ) ? '1498AAAAAAAAAAAAAAAAAAAAAAAAAAAAAAAA' : ( parseInt(anxietyScore) > 9 && parseInt(anxietyScore) < 15 ) ? '1499AAAAAAAAAAAAAAAAAAAAAAAAAAAAAAAA': parseInt(anxietyScore) >= 15 ?  '1500AAAAAAAAAAAAAAAAAAAAAAAAAAAAAAAA' : ''"
              }
              }
            }
          ]
        }
      ],
      "processor": "EncounterFormProcessor",
      "referencedForms": [],
      "encounterType": "899d64ad-be13-4071-a879-2153847206b7"
    }
  ]
}
