{
    "name": "Home Visit  Checklist Form",
    "description": "A form used to capture home visit details",
    "version": "1.0",
    "published": true,
    "uuid": "ac3152de-1728-4786-828a-7fb4db0fc384",
    "retired": false,
    "encounter": "Home Visit Checklist",
    "pages": [
      {
        "label": "Home Visit Checklist",
        "sections": [
          {
            "label": "Areas to Assess and Discuss",
            "isExpanded": "true",
            "questions": [
              {
                "label": "Is the patient independent in the activities of daily living",
                "type": "obs",
                "id": "patientIndependent",
                "questionOptions": {
                  "rendering": "checkbox",
                  "concept": "162063AAAAAAAAAAAAAAAAAAAAAAAAAAAAAA",
                  "answers": [
                    {
                      "concept": "161650AAAAAAAAAAAAAAAAAAAAAAAAAAAAAA",
                      "label": "Feeding"
                    },
                    {
                      "concept": "159438AAAAAAAAAAAAAAAAAAAAAAAAAAAAAA",
                      "label": "Grooming"
                    },
                    {
                      "concept": "9a71c68b-2a21-48e6-9012-a89dc24800f8",
                      "label": "Toileting"
                    },
                    {
                      "concept": "5622AAAAAAAAAAAAAAAAAAAAAAAAAAAAAAAA",
                      "label": "Other"
                    }
                  ]
                }
              },
              {
                "label": "Specify other activities",
                "type": "obs",
                "id": "OtherSpecificCCComplaints",
                "questionOptions": {
                  "concept": "160632AAAAAAAAAAAAAAAAAAAAAAAAAAAAAA",
                  "rendering": "textarea"
                },
                "validators": [],
                "hide": {
                  "hideWhenExpression": "isEmpty(patientIndependent) || !arrayContains(patientIndependent, '5622AAAAAAAAAAAAAAAAAAAAAAAAAAAAAAAA')"
                }
              },
              {
                "label": "Are the patients basic needs being met?",
                "type": "obs",
                "id": "basicNeeds",
                "questionOptions": {
                  "rendering": "checkbox",
                  "concept": "aa6114e1-88a1-4fc2-8e00-1c1e595d21c7",
                  "answers": [
                    {
                      "concept": "165474AAAAAAAAAAAAAAAAAAAAAAAAAAAAAA",
                      "label": "Clothing"
                    },
                    {
                      "concept": "159597AAAAAAAAAAAAAAAAAAAAAAAAAAAAAA",
                      "label": "Food"
                    },
                    {
                      "concept": "157519AAAAAAAAAAAAAAAAAAAAAAAAAAAAAA",
                      "label": "Shelter"
                    },
                    {
                      "concept": "5622AAAAAAAAAAAAAAAAAAAAAAAAAAAAAAAA",
                      "label": "Other"
                    }
                  ]
                },
                "validators": []
              },
              {
                "label": "Specify other activities",
                "type": "obs",
                "id": "OtherSpecificComplaints",
                "questionOptions": {
                  "concept": "162725AAAAAAAAAAAAAAAAAAAAAAAAAAAAAA",
                  "rendering": "textarea"
                },
                "validators": [],
                "hide": {
                  "hideWhenExpression": "isEmpty(basicNeeds) || !arrayContains(basicNeeds, '5622AAAAAAAAAAAAAAAAAAAAAAAAAAAAAAAA')"
                }
              },
              {
                "label": "Does the patient has a sexual partner and has disclosure been done?",
                "type": "obs",
                "id": "sexualPartner",
                "questionOptions": {
                  "concept": "167144AAAAAAAAAAAAAAAAAAAAAAAAAAAAAA",
                  "rendering": "radio",
                  "answers": [
                    {
                      "concept": "1065AAAAAAAAAAAAAAAAAAAAAAAAAAAAAAAA",
                      "label": "Yes"
                    },
                    {
                      "concept": "1066AAAAAAAAAAAAAAAAAAAAAAAAAAAAAAAA",
                      "label": "No"
                    }
                  ]
                },
                "hide": {
                  "hideWhenExpression": "age <= 15"
                }
              },
              {
                "label": "Has the patient disclosed their HIV status to other household members? ",
                "type": "obs",
                "id": "patientDisclosed",
                "questionOptions": {
                  "concept": "159425AAAAAAAAAAAAAAAAAAAAAAAAAAAAAA",
                  "rendering": "radio",
                  "answers": [
                    {
                      "concept": "1065AAAAAAAAAAAAAAAAAAAAAAAAAAAAAAAA",
                      "label": "Yes"
                    },
                    {
                      "concept": "1066AAAAAAAAAAAAAAAAAAAAAAAAAAAAAAAA",
                      "label": "No"
                    }
                  ]
                }
              },
              {
                "label": "Disclosed to",
                "type": "obs",
                "id": "discloseTO",
                "questionOptions": {
                  "concept": "163108AAAAAAAAAAAAAAAAAAAAAAAAAAAAAA",
                  "rendering": "textarea"
                },
                "validators": [],
                "hide": {
                  "hideWhenExpression": "patientDisclosed !== '1065AAAAAAAAAAAAAAAAAAAAAAAAAAAAAAAA'"
                }
              },
              {
                "label": "How are the patients ARVs stored?",
                "type": "obs",
                "id": "arvsStorage",
                "questionOptions": {
                  "concept": "20395601-257c-490c-86c2-acffb627f91f",
                  "rendering": "textarea"
                },
                "validators": []
              },
              {
                "label": "How are the ARVs taken?(Assess for late taking of medication)",
                "type": "obs",
                "id": "arvsTaken",
                "questionOptions": {
                  "concept": "163104AAAAAAAAAAAAAAAAAAAAAAAAAAAAAA",
                  "rendering": "textarea"
                },
                "validators": []
              },
              {
                "label": "Does the patient receive social support from household members?",
                "type": "obs",
                "id": "supportReceived",
                "questionOptions": {
                  "concept": "63da4194-a26a-4aa5-b5d5-4125b4822cf7",
                  "rendering": "radio",
                  "answers": [
                    {
                      "concept": "1065AAAAAAAAAAAAAAAAAAAAAAAAAAAAAAAA",
                      "label": "Yes"
                    },
                    {
                      "concept": "1066AAAAAAAAAAAAAAAAAAAAAAAAAAAAAAAA",
                      "label": "No"
                    }
                  ]
                }
              },
              {
                "label": "Support Given",
                "type": "obs",
                "id": "supportGiven",
                "questionOptions": {
                  "concept": "161011AAAAAAAAAAAAAAAAAAAAAAAAAAAAAA",
                  "rendering": "textarea"
                },
                "validators": [],
                "hide": {
                  "hideWhenExpression": "supportReceived !== '1065AAAAAAAAAAAAAAAAAAAAAAAAAAAAAAAA'"
                }
              },
              {
                "label": "Is the patient receiving social support from the community?",
                "type": "obs",
                "id": "supportCommunity",
                "questionOptions": {
                  "concept": "bddb3732-1c6c-43b0-abb3-e6a337d9b9a4",
                  "rendering": "radio",
                  "answers": [
                    {
                      "concept": "1065AAAAAAAAAAAAAAAAAAAAAAAAAAAAAAAA",
                      "label": "Yes"
                    },
                    {
                      "concept": "1066AAAAAAAAAAAAAAAAAAAAAAAAAAAAAAAA",
                      "label": "No"
                    }
                  ]
                }
              },
              {
                "label": "Support Given",
                "type": "obs",
                "id": "GivenComm",
                "questionOptions": {
                  "concept": "9ce6af66-5039-49c0-9638-c1095a383933",
                  "rendering": "textarea"
                },
                "validators": [],
                "hide": {
                  "hideWhenExpression": "supportCommunity !== '1065AAAAAAAAAAAAAAAAAAAAAAAAAAAAAAAA'"
                }
              },
              {
                "label": "Is the patient linked to non-clinical services?",
                "type": "obs",
                "id": "patientLinked",
                "questionOptions": {
                  "rendering": "checkbox",
                  "concept": "159550AAAAAAAAAAAAAAAAAAAAAAAAAAAAAA",
                  "answers": [
                    {
                      "concept": "6fc6b318-01b3-4322-a661-80b4a408fcfd",
                      "label": "Legal"
                    },
                    {
                      "concept": "115125AAAAAAAAAAAAAAAAAAAAAAAAAAAAAA",
                      "label": "Nutritional"
                    },
                    {
                      "concept": "167180AAAAAAAAAAAAAAAAAAAAAAAAAAAAAA",
                      "label": "Spiritual"
                    },
                    {
                      "concept": "5622AAAAAAAAAAAAAAAAAAAAAAAAAAAAAAAA",
                      "label": "Other"
                    }
                  ]
                }
              },
              {
                "label": "Specify other services",
                "type": "obs",
                "id": "pecificCCComplaints",
                "questionOptions": {
                  "concept": "164879AAAAAAAAAAAAAAAAAAAAAAAAAAAAAA",
                  "rendering": "textarea"
                },
                "validators": [],
                "hide": {
                  "hideWhenExpression": "isEmpty(patientLinked) || !arrayContains(patientLinked, '5622AAAAAAAAAAAAAAAAAAAAAAAAAAAAAAAA')"
                }
              },
              {
                "label": "Does the patient have mental health issues that need to be addressed",
                "type": "obs",
                "id": "mentalStatus",
                "questionOptions": {
                  "concept": "81bbc312-d0f6-4950-822a-f7a47e599013",
                  "rendering": "radio",
                  "answers": [
                    {
                      "concept": "1065AAAAAAAAAAAAAAAAAAAAAAAAAAAAAAAA",
                      "label": "Yes"
                    },
                    {
                      "concept": "1066AAAAAAAAAAAAAAAAAAAAAAAAAAAAAAAA",
                      "label": "No"
                    }
                  ]
                }
              },
              {
                "label": "Is the patient suffering from a stressful situation or significant loss/grief?",
                "type": "obs",
                "id": "stressCondition",
                "questionOptions": {
                  "concept": "c67be9a5-f497-4082-af81-11753f65ed4b",
                  "rendering": "radio",
                  "answers": [
                    {
                      "concept": "1065AAAAAAAAAAAAAAAAAAAAAAAAAAAAAAAA",
                      "label": "Yes"
                    },
                    {
                      "concept": "1066AAAAAAAAAAAAAAAAAAAAAAAAAAAAAAAA",
                      "label": "No"
                    }
                  ]
                }
              },
              {
                "label": "Does the patient use drugs or alcohol?",
                "type": "obs",
                "id": "useAlcohol",
                "questionOptions": {
                  "concept": "1288AAAAAAAAAAAAAAAAAAAAAAAAAAAAAAAA",
                  "rendering": "radio",
                  "answers": [
                    {
                      "concept": "1065AAAAAAAAAAAAAAAAAAAAAAAAAAAAAAAA",
                      "label": "Yes"
                    },
                    {
                      "concept": "1066AAAAAAAAAAAAAAAAAAAAAAAAAAAAAAAA",
                      "label": "No"
                    }
                  ]
                }
              },
              {
                "label": "Is the patient having any side-effects from the medications?",
                "type": "obs",
                "id": "sideEffects",
                "questionOptions": {
                  "concept": "159935AAAAAAAAAAAAAAAAAAAAAAAAAAAAAA",
                  "rendering": "radio",
                  "answers": [
                    {
                      "concept": "1065AAAAAAAAAAAAAAAAAAAAAAAAAAAAAAAA",
                      "label": "Yes"
                    },
                    {
                      "concept": "1066AAAAAAAAAAAAAAAAAAAAAAAAAAAAAAAA",
                      "label": "No"
                    }
                  ]
                }
              },
              {
                "label": "Side Effects",
                "type": "obs",
                "id": "supportGivenComm",
                "questionOptions": {
                  "concept": "163076AAAAAAAAAAAAAAAAAAAAAAAAAAAAAA",
                  "rendering": "textarea"
                },
                "validators": [],
                "hide": {
                  "hideWhenExpression": "sideEffects !== '1065AAAAAAAAAAAAAAAAAAAAAAAAAAAAAAAA'"
                }
              },
              {
                "label": "Assessment Notes",
                "type": "obs",
                "id": "assessMent",
                "questionOptions": {
                  "concept": "162169AAAAAAAAAAAAAAAAAAAAAAAAAAAAAA",
                  "rendering": "textarea"
                },
                "validators": []
              }
            ]
          }
        ]
      }
    ],
    "processor": "EncounterFormProcessor",
    "encounterType": "bfbb5dc2-d3e6-41ea-ad86-101336e3e38f",
    "referencedForms": []
  }