{
	"name": "HTS Client Tracing Form",
	"description": "HTS Client Tracing Form",
	"version": "1",
	"published": true,
	"uuid": "15ed03d2-c972-11e9-a32f-2a2ae2dbcce4",
	"retired": false,
	"encounter": "HTS",
	"pages": [
		{
			"label": "HTS Client tracing",
			"sections": [
				{
					"label": "Visit Details",
					"isExpanded": "true",
					"questions": [
						{
							"label": "Date:",
							"type": "encounterDatetime",
							"required": "true",
							"questionOptions": {
								"rendering": "ui-select-extended"
							},
							"validators": [
								{
									"type": "date",
									"allowFutureDates": "false"
								}
							],
							"id": "encDate"
						},
						{
							"label": "Provider:",
							"type": "encounterProvider",
							"required": "true",
							"questionOptions": {
								"rendering": "ui-select-extended"
							},
							"id": "encProvider "
						},
						{
							"label": "Location:",
							"type": "encounterLocation",
							"required": "true",
							"questionOptions": {
								"rendering": "ui-select-extended"
							},
							"id": "encLocation"
						}
					]
				},
				{
					"label": "HTS Client Tracing",
					"isExpanded": "true",
					"id": "contactType",
					"questions": [
						{
							"label": "Contact type:",
							"type": "obs",
							"questionOptions": {
								"rendering": "select",
								"concept": "a55f9516-ddb6-47ec-b10d-cb99d1d0bd41",
								"answers": [
									{
										"concept": "eb113c76-aef8-4890-a611-fe22ba003123",
										"label": "Physical tracing"
									},
									{
										"concept": "1650AAAAAAAAAAAAAAAAAAAAAAAAAAAAAAAA",
										"label": "Phone tracing"
									}
								]
							},
							"required": "true",
							"id": "__9xuKvqEHx"
						},
						{
							"label": "Status :",
							"type": "obs",
							"alert": {
								"alertWhenExpression": "contactStatus === '1065AAAAAAAAAAAAAAAAAAAAAAAAAAAAAAAA'",
								"message": "Please remember to fill the referral and linkage form after saving this form"
							  },
							"questionOptions": {
								"rendering": "select",
								"concept": "159811AAAAAAAAAAAAAAAAAAAAAAAAAAAAAA",
								"answers": [
									{
										"concept": "1118AAAAAAAAAAAAAAAAAAAAAAAAAAAAAAAA",
										"label": "Not contacted"
									},
									{
										"concept": "1066AAAAAAAAAAAAAAAAAAAAAAAAAAAAAAAA",
										"label": "Contacted but not linked"
									},
									{
										"concept": "1065AAAAAAAAAAAAAAAAAAAAAAAAAAAAAAAA",
										"label": "Contacted and linked"
									}
								]
							},
							"id": "contactStatus",
							"required": "true"
						},
						{
							"label": "Reason not contacted :",
							"type": "obs",
							"id": "reasonsPhone",
							"questionOptions": {
								"concept": "1779AAAAAAAAAAAAAAAAAAAAAAAAAAAAAAAA",
								"rendering": "select",
								"answers": [
									{
										"concept": "0c112728-17b5-4342-b603-ac6dd2acf9cd",
										"label": "Incorrect locator information"
									},
									{
										"concept": "ac1fcb25-f443-4a32-b638-193f04d897a9",
										"label": "No locator information"
									},
									{
										"concept": "1567AAAAAAAAAAAAAAAAAAAAAAAAAAAAAAAA",
										"label": "Calls not going through"
									},
									{
										"concept": "1706AAAAAAAAAAAAAAAAAAAAAAAAAAAAAAAA",
										"label": "Not found at home"
									},
									{
										"concept": "160415AAAAAAAAAAAAAAAAAAAAAAAAAAAAAA",
										"label": "Migrated"
									},
									{
										"concept": "160034AAAAAAAAAAAAAAAAAAAAAAAAAAAAAA",
										"label": "Died"
									},
									{
										"concept": "5622AAAAAAAAAAAAAAAAAAAAAAAAAAAAAAAA",
										"label": "Others"
									}
								]
							},
							"validators": [],
							"hide": {
								"hideWhenExpression": "contactStatus !== '1118AAAAAAAAAAAAAAAAAAAAAAAAAAAAAAAA'"
							}
						},
						{
							"label": "Remarks:",
							"type": "obs",
							"id": "remarks",
							"questionOptions": {
								"concept": "163042AAAAAAAAAAAAAAAAAAAAAAAAAAAAAA",
								"rendering": "textarea"
							}
						}
					]
				}
			]
		}
	],
	"processor": "EncounterFormProcessor",
	"referencedForms": []
}