{
  "name": "HTS Eligibility Screening Form",
  "description": "Form used to screen clients prior to HIV testing",
  "version": "2.2",
  "published": true,
  "uuid": "04295648-7606-11e8-adc0-fa7ae01bbebc",
  "retired": false,
  "encounter": "HTS",
  "pages": [
    {
      "label": "HTS Eligibility Screening",
      "sections": [
        {
          "label": "Visit Details",
          "isExpanded": "true",
          "questions": [
            {
              "label": "Date:",
              "type": "encounterDatetime",
              "required": "true",
              "questionOptions": {
                "rendering": "ui-select-extended"
              },
              "validators": [
                {
                  "type": "date",
                  "allowFutureDates": "false"
                }
              ],
              "id": "encDate"
            },
            {
              "label": "Provider:",
              "type": "encounterProvider",
              "required": "true",
              "questionOptions": {
                "rendering": "ui-select-extended"
              },
              "id": "encProvider "
            },
            {
              "label": "Location:",
              "type": "encounterLocation",
              "required": "true",
              "questionOptions": {
                "rendering": "ui-select-extended"
              },
              "id": "encLocation"
            }
          ]
        },
        {
          "label": "Population",
          "isExpanded": "true",
          "questions": [
            {
              "label": "Population Type :",
              "type": "obs",
              "questionOptions": {
                "rendering": "select",
                "concept": "cf543666-ce76-4e91-8b8d-c0b54a436a2e",
                "answers": [
                  {
                    "concept": "5d308c8c-ad49-45e1-9885-e5d09a8e5587",
                    "label": "General Population"
                  },
                  {
                    "concept": "bf850dd4-309b-4cbd-9470-9d8110ea5550",
                    "label": "Key Population"
                  },
                  {
                    "concept": "138643AAAAAAAAAAAAAAAAAAAAAAAAAAAAAA",
                    "label": "Priority Population"
                  }
                ]
              },
              "id": "populationType",
              "required": "true"
            },
            {
              "label": "Key Population Type :",
              "type": "obs",
              "id": "kpTypeFemale",
              "questionOptions": {
                "concept": "160581AAAAAAAAAAAAAAAAAAAAAAAAAAAAAA",
                "rendering": "select",
                "answers": [
                  {
                    "concept": "105AAAAAAAAAAAAAAAAAAAAAAAAAAAAAAAAA",
                    "label": "People who inject drugs"
                  },
                  {
                    "concept": "160579AAAAAAAAAAAAAAAAAAAAAAAAAAAAAA",
                    "label": "Female sex Worker"
                  },
                  {
                    "concept": "162277AAAAAAAAAAAAAAAAAAAAAAAAAAAAAA",
                    "label": "People in prison or enclosed spaces"
                  }
                 
                 
                ]
              },
              "hide": {
                "hideWhenExpression": "populationType !== 'bf850dd4-309b-4cbd-9470-9d8110ea5550' || age <15 || sex != 'F'"
              }
            },
            
            {
              "label": "Key Population Type :",
              "type": "obs",
              "id": "kpTypeMale",
              "questionOptions": {
                "concept": "160581AAAAAAAAAAAAAAAAAAAAAAAAAAAAAA",
                "rendering": "select",
                "answers": [
                  {
                    "concept": "105AAAAAAAAAAAAAAAAAAAAAAAAAAAAAAAAA",
                    "label": "People who inject drugs"
                  },
                  {
                    "concept": "160578AAAAAAAAAAAAAAAAAAAAAAAAAAAAAA",
                    "label": "Men who have sex with men"
                  },
                  {
                    "concept": "162277AAAAAAAAAAAAAAAAAAAAAAAAAAAAAA",
                    "label": "People in prison or enclosed spaces"
                  }
                  
                  
                ]
              },
              "hide": {
                "hideWhenExpression": "populationType !== 'bf850dd4-309b-4cbd-9470-9d8110ea5550' || age <15 || sex != 'M'"
              }
            },
            
            {
              "label": "Priority Population Type :",
              "type": "obs",
              "id": "ppType",
              "questionOptions": {
                "concept": "138643AAAAAAAAAAAAAAAAAAAAAAAAAAAAAA",
                "rendering": "select",
                "answers": [
                  {
                    "concept": "159674AAAAAAAAAAAAAAAAAAAAAAAAAAAAAA",
                    "label": "Fisher folk"
                  },
                  {
                    "concept": "162198AAAAAAAAAAAAAAAAAAAAAAAAAAAAAA",
                    "label": "Truck driver"
                  },
                  {
                    "concept": "160549AAAAAAAAAAAAAAAAAAAAAAAAAAAAAA",
                    "label": "Adolescent and young girls"
                  },
                  {
                    "concept": "162277AAAAAAAAAAAAAAAAAAAAAAAAAAAAAA",
                    "label": "People in prison or enclosed spaces"
                  },
                  {
                    "concept": "253b40ec-54da-4e92-9ab1-2d99075b19e8",
                    "label": "Military and other uniformed services"
                  }
                ]
              },
              "hide": {
                "hideWhenExpression": "populationType !== '138643AAAAAAAAAAAAAAAAAAAAAAAAAAAAAA' || age <15"
              }
            },
            {
              "label": "Does client have any disability?",
              "type": "obs",
              "questionOptions": {
                "rendering": "radio",
                "concept": "162558AAAAAAAAAAAAAAAAAAAAAAAAAAAAAA",
                "answers": [
                  {
                    "concept": "1065AAAAAAAAAAAAAAAAAAAAAAAAAAAAAAAA",
                    "label": "Yes"
                  },
                  {
                    "concept": "1066AAAAAAAAAAAAAAAAAAAAAAAAAAAAAAAA",
                    "label": "No"
                  }
                ]
              },
              "id": "DisabilityClienT"
            },
            {
              "label": "Please indicated the type of disability :",
              "type": "obs",
              "questionOptions": {
                "rendering": "checkbox",
                "concept": "162558AAAAAAAAAAAAAAAAAAAAAAAAAAAAAA",
                "answers": [
                  {
                    "concept": "120291AAAAAAAAAAAAAAAAAAAAAAAAAAAAAA",
                    "label": "Hearing impairment"
                  },
                  {
                    "concept": "147215AAAAAAAAAAAAAAAAAAAAAAAAAAAAAA",
                    "label": "Visual impairment"
                  },
                  {
                    "concept": "151342AAAAAAAAAAAAAAAAAAAAAAAAAAAAAA",
                    "label": "Mentally Challenged"
                  },
                  {
                    "concept": "164538AAAAAAAAAAAAAAAAAAAAAAAAAAAAAA",
                    "label": "Physically Challenged"
                  },
                  {
                    "concept": "5622AAAAAAAAAAAAAAAAAAAAAAAAAAAAAAAA",
                    "label": "Others"
                  }
                ]
              },
              "id": "disaBilityTypes",
              "hide": {
                "hideWhenExpression": "isEmpty(DisabilityClienT) || DisabilityClienT != '1065AAAAAAAAAAAAAAAAAAAAAAAAAAAAAAAA'"
              }
            },
            {
              "label": "Specify",
              "type": "obs",
              "questionOptions": {
                "rendering": "text",
                "concept": "160632AAAAAAAAAAAAAAAAAAAAAAAAAAAAAA"
              },
              "id": "specifyOtherDisability",
              "hide": {
                "hideWhenExpression": "isEmpty(disaBilityTypes) || disaBilityTypes != '5622AAAAAAAAAAAAAAAAAAAAAAAAAAAAAAAA'"
              }
            }
          ]
        },
        {
          "label": "Department/Coverage",
          "isExpanded": "true",
          "questions": [
            {
              "label": "Department",
              "type": "obs",
              "id": "patDepart",
              "questionOptions": {
                "rendering": "select",
                "concept": "159936AAAAAAAAAAAAAAAAAAAAAAAAAAAAAA",
                "answers": [
                  {
                    "concept": "160542AAAAAAAAAAAAAAAAAAAAAAAAAAAAAA",
                    "label": "OPD:Out-patient department"
                  },
                  {
                    "concept": "5485AAAAAAAAAAAAAAAAAAAAAAAAAAAAAAAA",
                    "label": "IPD:In-patient department"
                  },
                  {
                    "concept": "160473AAAAAAAAAAAAAAAAAAAAAAAAAAAAAA",
                    "label": "Emergency"
                  },
                  {
                    "concept": "160538AAAAAAAAAAAAAAAAAAAAAAAAAAAAAA",
                    "label": "PMTCT"
                  },
                  {
                    "concept": "159940AAAAAAAAAAAAAAAAAAAAAAAAAAAAAA",
                    "label": "VCT"
                  },
                  {
                    "concept": "163488AAAAAAAAAAAAAAAAAAAAAAAAAAAAAA",
                    "label": "Community outreach"
                  }
                ]
              },
              "required": "true"
            },
            {
              "label": "Patient Type",
              "type": "obs",
              "id": "patienTyPe",
              "questionOptions": {
                "rendering": "radio",
                "concept": "423c034e-14ac-4243-ae75-80d1daddce55",
                "answers": [
                  {
                    "concept": "164163AAAAAAAAAAAAAAAAAAAAAAAAAAAAAA",
                    "label": "HP:Hospital Patient"
                  },
                  {
                    "concept": "06f16792-9611-40d4-82ec-9615930cc486",
                    "label": "NP:Non-Hospital Patient"
                  }
                ]
              },
              "required": "true"
            },
            {
              "label": "Client a health care worker?",
              "type": "obs",
              "id": "hcwCare",
              "questionOptions": {
                "rendering": "radio",
                "concept": "5619AAAAAAAAAAAAAAAAAAAAAAAAAAAAAAAA",
                "answers": [
                  {
                    "concept": "1065AAAAAAAAAAAAAAAAAAAAAAAAAAAAAAAA",
                    "label": "Yes"
                  },
                  {
                    "concept": "1066AAAAAAAAAAAAAAAAAAAAAAAAAAAAAAAA",
                    "label": "No"
                  }
                ]
              },
              "required": "true",
              "hide": {
                "hideWhenExpression": "age < 17"
              }
            },
            {
              "label": "Client has any relationship with an index client?",
              "type": "obs",
              "questionOptions": {
                "rendering": "checkbox",
                "concept": "166570AAAAAAAAAAAAAAAAAAAAAAAAAAAAAA",
                "answers": [
                  {
                    "concept": "1107AAAAAAAAAAAAAAAAAAAAAAAAAAAAAAAA",
                    "label": "None"
                  },
                  {
                    "concept": "166606AAAAAAAAAAAAAAAAAAAAAAAAAAAAAA",
                    "label": "Social Contact",
                    "disableWhenExpression": "myValue === '1107AAAAAAAAAAAAAAAAAAAAAAAAAAAAAAAA'"
                  },
                  {
                    "concept": "166517AAAAAAAAAAAAAAAAAAAAAAAAAAAAAA",
                    "label": "Needle Sharing",
                    "disableWhenExpression": "myValue === '1107AAAAAAAAAAAAAAAAAAAAAAAAAAAAAAAA'"
                  }
                ]
              },
              "id": "cricChild",
              "required": "true",
              "hide": {
                "hideWhenExpression": "!(age <=10)"
              }
            },
            {
              "label": "Client has any relationship with an index client?",
              "type": "obs",
              "questionOptions": {
                "rendering": "checkbox",
                "concept": "166570AAAAAAAAAAAAAAAAAAAAAAAAAAAAAA",
                "answers": [
                  {
                    "concept": "1107AAAAAAAAAAAAAAAAAAAAAAAAAAAAAAAA",
                    "label": "None"
                  },
                  {
                    "concept": "163565AAAAAAAAAAAAAAAAAAAAAAAAAAAAAA",
                    "label": "Sexual Contact",
                    "disableWhenExpression": "myValue === '1107AAAAAAAAAAAAAAAAAAAAAAAAAAAAAAAA'"
                  },
                  {
                    "concept": "166606AAAAAAAAAAAAAAAAAAAAAAAAAAAAAA",
                    "label": "Social Contact",
                    "disableWhenExpression": "myValue === '1107AAAAAAAAAAAAAAAAAAAAAAAAAAAAAAAA'"
                  },
                  {
                    "concept": "166517AAAAAAAAAAAAAAAAAAAAAAAAAAAAAA",
                    "label": "Needle Sharing",
                    "disableWhenExpression": "myValue === '1107AAAAAAAAAAAAAAAAAAAAAAAAAAAAAAAA'"
                  }
                ]
              },
              "id": "cricAdulT",
              "required": "true",
              "hide": {
                "hideWhenExpression": "!(age >10)"
              }
            }
          ]
        },
        {
          "label": "HTS Strategy",
          "isExpanded": "true",
          "questions": [
            {
              "label": "Indicate HTS strategy used:",
              "type": "obs",
              "questionOptions": {
                "rendering": "select",
                "concept": "d85ff219-0f5a-408d-8df0-96bcc9be5071",
                "answers": [
                  {
                    "concept": "164163AAAAAAAAAAAAAAAAAAAAAAAAAAAAAA",
                    "label": "HP:Provider Initiated Testing(PITC)"
                  },
                  {
                    "concept": "06f16792-9611-40d4-82ec-9615930cc486",
                    "label": "NP: HTS for non-patients"
                  },
                  {
                    "concept": "d650368d-0228-4493-b7c3-25bd1c74b462",
                    "label": "VI:Integrated VCT Center"
                  },
                  {
                    "concept": "159939AAAAAAAAAAAAAAAAAAAAAAAAAAAAAA",
                    "label": "MO: Mobile Outreach HTS"
                  },
                  {
                    "concept": "161557AAAAAAAAAAAAAAAAAAAAAAAAAAAAAA",
                    "label": "Index testing"
                  },
                  {
                    "concept": "166606AAAAAAAAAAAAAAAAAAAAAAAAAAAAAA",
                    "label": "SNS: Social Networks"
                  },
                  {
                    "concept": "5622AAAAAAAAAAAAAAAAAAAAAAAAAAAAAAAA",
                    "label": "O: Others"
                  }
                ]
              },
              "id": "facilityHTStrategy",
              "required": "true"
            },
            {
              "label": "Specify:",
              "type": "obs",
              "questionOptions": {
                "rendering": "text",
                "concept": "163761AAAAAAAAAAAAAAAAAAAAAAAAAAAAAA"
              },
              "id": "otherFacilityhtsStrategy",
              "hide": {
                "hideWhenExpression": "isEmpty(facilityHTStrategy) || facilityHTStrategy !== '5622AAAAAAAAAAAAAAAAAAAAAAAAAAAAAAAA'"
              }
            }
          ]
        },
        {
          "label": "HTS Entry Point",
          "isExpanded": "true",
          "questions": [
            {
              "label": "Indicate HTS entry point: ",
              "type": "obs",
              "required": "true",
              "questionOptions": {
                "rendering": "select",
                "concept": "160540AAAAAAAAAAAAAAAAAAAAAAAAAAAAAA",
                "answers": [
                  {
                    "concept": "5485AAAAAAAAAAAAAAAAAAAAAAAAAAAAAAAA",
                    "label": "In Patient Department(IPD)"
                  },
                  {
                    "concept": "160542AAAAAAAAAAAAAAAAAAAAAAAAAAAAAA",
                    "label": "Out Patient Department(OPD)"
                  },
                  {
                    "concept": "162181AAAAAAAAAAAAAAAAAAAAAAAAAAAAAA",
                    "label": "Peadiatric Clinic"
                  },
                  {
                    "concept": "160552AAAAAAAAAAAAAAAAAAAAAAAAAAAAAA",
                    "label": "Nutrition Clinic"
                  },
                  {
                    "concept": "160538AAAAAAAAAAAAAAAAAAAAAAAAAAAAAA",
                    "label": "PMTCT - ANC"
                  },
                  {
                    "concept": "160456AAAAAAAAAAAAAAAAAAAAAAAAAAAAAA",
                    "label": "PMTCT - MAT"
                  },
                  {
                    "concept": "1623AAAAAAAAAAAAAAAAAAAAAAAAAAAAAAAA",
                    "label": "PMTCT - PNC"
                  },
                  {
                    "concept": "160541AAAAAAAAAAAAAAAAAAAAAAAAAAAAAA",
                    "label": "TB"
                  },
                  {
                    "concept": "159940AAAAAAAAAAAAAAAAAAAAAAAAAAAAAA",
                    "label": "VCT"
                  },
                  {
                    "concept": "162223AAAAAAAAAAAAAAAAAAAAAAAAAAAAAA",
                    "label": "VMMC"
                  },
                  {
                    "concept": "160546AAAAAAAAAAAAAAAAAAAAAAAAAAAAAA",
                    "label": "STI Clinic"
                  },
                  {
                    "concept": "160522AAAAAAAAAAAAAAAAAAAAAAAAAAAAAA",
                    "label": "Emergency"
                  },
                  {
                    "concept": "5622AAAAAAAAAAAAAAAAAAAAAAAAAAAAAAAA",
                    "label": "Other"
                  }
                ]
              },
              "id": "htsFacilityEntryPoint"
            },
            {
              "label": "Specify:",
              "type": "obs",
              "questionOptions": {
                "rendering": "text",
                "concept": "163761AAAAAAAAAAAAAAAAAAAAAAAAAAAAAA"
              },
              "id": "otherEntryPoint",
              "hide": {
                "hideWhenExpression": "isEmpty(htsFacilityEntryPoint) || htsFacilityEntryPoint !== '5622AAAAAAAAAAAAAAAAAAAAAAAAAAAAAAAA'"
              }
            }
          ]
        },
        {
          "label": "History of HIV Testing",
          "isExpanded": "true",
          "questions": [
            {
              "label": "Mother's HIV Status :",
              "type": "obs",
              "questionOptions": {
                "rendering": "radio",
                "concept": "1396AAAAAAAAAAAAAAAAAAAAAAAAAAAAAAAA",
                "answers": [
                  {
                    "concept": "703AAAAAAAAAAAAAAAAAAAAAAAAAAAAAAAAA",
                    "label": "Positive"
                  },
                  {
                    "concept": "664AAAAAAAAAAAAAAAAAAAAAAAAAAAAAAAAA",
                    "label": "Negative"
                  },
                  {
                    "concept": "1067AAAAAAAAAAAAAAAAAAAAAAAAAAAAAAAA",
                    "label": "Unknown"
                  }
                ]
              },
              "id": "motHersHivstatus",
              "required": "true",
              "validators": [],
              "hide": {
                "hideWhenExpression": "age > 10"
              }
            },
            {
              "label": "Tested for HIV before :",
              "type": "obs",
              "questionOptions": {
                "rendering": "radio",
                "concept": "164401AAAAAAAAAAAAAAAAAAAAAAAAAAAAAA",
                "answers": [
                  {
                    "concept": "1065AAAAAAAAAAAAAAAAAAAAAAAAAAAAAAAA",
                    "label": "Yes"
                  },
                  {
                    "concept": "1066AAAAAAAAAAAAAAAAAAAAAAAAAAAAAAAA",
                    "label": "No"
                  }
                ]
              },
              "id": "testHistory",
              "required": "true"
            },
            {
              "label": "Who performed the test?:",
              "type": "obs",
              "id": "teSteR",
              "questionOptions": {
                "concept": "cabad9c8-87e1-4163-b5fc-64cab0ca578b",
                "rendering": "checkbox",
                "answers": [
                  {
                    "concept": "5619AAAAAAAAAAAAAAAAAAAAAAAAAAAAAAAA",
                    "label": "HTS Provider"
                  },
                  {
                    "concept": "2797e57b-d1ff-4928-b10e-b72e95b63faf",
                    "label": "Self Tested"
                  }
                ]
              },
              "validators": [],
              "hide": {
                "hideWhenExpression": "isEmpty(testHistory) || testHistory !== '1065AAAAAAAAAAAAAAAAAAAAAAAAAAAAAAAA'"
              }
            },
            {
              "label": "Provider Test Result :",
              "type": "obs",
              "id": "testedResultsprovider",
              "questionOptions": {
                "concept": "159427AAAAAAAAAAAAAAAAAAAAAAAAAAAAAA",
                "rendering": "select",
                "answers": [
                  {
                    "concept": "703AAAAAAAAAAAAAAAAAAAAAAAAAAAAAAAAA",
                    "label": "Positive"
                  },
                  {
                    "concept": "664AAAAAAAAAAAAAAAAAAAAAAAAAAAAAAAAA",
                    "label": "Negative"
                  },
                  {
                    "concept": "1067AAAAAAAAAAAAAAAAAAAAAAAAAAAAAAAA",
                    "label": "Unknown"
                  }
                ]
              },
              "validators": [],
              "hide": {
                "hideWhenExpression": "isEmpty(teSteR) || !arrayContains(teSteR, ['5619AAAAAAAAAAAAAAAAAAAAAAAAAAAAAAAA']) || testHistory === '1066AAAAAAAAAAAAAAAAAAAAAAAAAAAAAAAA'"
              }
            },
            {
              "label": "Date Tested:",
              "type": "obs",
              "id": "dateProvider",
              "questionOptions": {
                "concept": "164400AAAAAAAAAAAAAAAAAAAAAAAAAAAAAA",
                "rendering": "date"
              },
              "validators": [
                {
                  "type": "date",
                  "allowFutureDates": "false"
                },
                {
                  "type": "js_expression",
                  "failsWhenExpression": "(new moment(encDate)).isBefore((new moment(myValue)), 'day')",
                  "message": "The date tested cannot be in the future."
                }
              ],
              "hide": {
                "hideWhenExpression": "isEmpty(teSteR) || !arrayContains(teSteR, ['5619AAAAAAAAAAAAAAAAAAAAAAAAAAAAAAAA']) || testedResultsprovider === '1067AAAAAAAAAAAAAAAAAAAAAAAAAAAAAAAA' || testHistory === '1066AAAAAAAAAAAAAAAAAAAAAAAAAAAAAAAA'"
              }
            },
            {
              "label": "Self Test Result :",
              "type": "obs",
              "id": "testedResultsself",
              "questionOptions": {
                "concept": "159427AAAAAAAAAAAAAAAAAAAAAAAAAAAAAA",
                "rendering": "select",
                "answers": [
                  {
                    "concept": "703AAAAAAAAAAAAAAAAAAAAAAAAAAAAAAAAA",
                    "label": "Positive"
                  },
                  {
                    "concept": "664AAAAAAAAAAAAAAAAAAAAAAAAAAAAAAAAA",
                    "label": "Negative"
                  },
                  {
                    "concept": "1067AAAAAAAAAAAAAAAAAAAAAAAAAAAAAAAA",
                    "label": "Unknown"
                  }
                ]
              },
              "validators": [],
              "hide": {
                "hideWhenExpression": "isEmpty(teSteR) || !arrayContains(teSteR, ['2797e57b-d1ff-4928-b10e-b72e95b63faf']) || testHistory === '1066AAAAAAAAAAAAAAAAAAAAAAAAAAAAAAAA'"
              }
            },
            {
              "label": "Date Tested:",
              "type": "obs",
              "id": "dateSelf",
              "questionOptions": {
                "concept": "164400AAAAAAAAAAAAAAAAAAAAAAAAAAAAAA",
                "rendering": "date"
              },
              "validators": [
                {
                  "type": "date",
                  "allowFutureDates": "false"
                },
                {
                  "type": "js_expression",
                  "failsWhenExpression": "(new moment(encDate)).isBefore((new moment(myValue)), 'day')",
                  "message": "The date tested cannot be in the future."
                }
              ],
              "hide": {
                "hideWhenExpression": "isEmpty(teSteR)|| !arrayContains(teSteR, ['2797e57b-d1ff-4928-b10e-b72e95b63faf']) || testHistory === '1066AAAAAAAAAAAAAAAAAAAAAAAAAAAAAAAA'"
              }
            },
            {
              "label": "Client started on ART :",
              "type": "obs",
              "id": "startedArt",
              "questionOptions": {
                "concept": "64132ecd-3a0f-41b8-b743-78c26af2f4b9",
                "rendering": "radio",
                "answers": [
                  {
                    "concept": "1065AAAAAAAAAAAAAAAAAAAAAAAAAAAAAAAA",
                    "label": "Yes"
                  },
                  {
                    "concept": "1066AAAAAAAAAAAAAAAAAAAAAAAAAAAAAAAA",
                    "label": "No"
                  }
                ]
              },
              "validators": [],
              "hide": {
                "hideWhenExpression": "isEmpty(testHistory) || testedResultsprovider !== '703AAAAAAAAAAAAAAAAAAAAAAAAAAAAAAAAA'"
              }
            },
            {
              "label": "CCC Number :",
              "type": "obs",
              "id": "upnConcept",
              "questionOptions": {
                "concept": "162053AAAAAAAAAAAAAAAAAAAAAAAAAAAAAA",
                "rendering": "number",
                "min": "0"
              },
              "validators": [],
              "hide": {
                "hideWhenExpression": "isEmpty(startedArt) || startedArt !== '1065AAAAAAAAAAAAAAAAAAAAAAAAAAAAAAAA'"
              }
            }
          ]
        },
        {
          "label": "Risk Assessment",
          "isExpanded": "true",
          "questions": [
            {
              "label": "Has the child been defiled?",
              "type": "obs",
              "id": "childDefiled",
              "questionOptions": {
                "concept": "160109AAAAAAAAAAAAAAAAAAAAAAAAAAAAAA",
                "rendering": "radio",
                "answers": [
                  {
                    "concept": "1065AAAAAAAAAAAAAAAAAAAAAAAAAAAAAAAA",
                    "label": "Yes"
                  },
                  {
                    "concept": "1066AAAAAAAAAAAAAAAAAAAAAAAAAAAAAAAA",
                    "label": "No"
                  },
                  {
                    "concept": "162570AAAAAAAAAAAAAAAAAAAAAAAAAAAAAA",
                    "label": "Declined to answer"
                  }
                ]
              },
              "validators": [],
              "hide": {
                "hideWhenExpression": "(age < 10 || age > 14) || testedResultsprovider === '703AAAAAAAAAAAAAAAAAAAAAAAAAAAAAAAAA'"
              }
            },
            {
              "label": "Has the child been defiled?",
              "type": "obs",
              "id": "childDefiledMother",
              "questionOptions": {
                "concept": "160109AAAAAAAAAAAAAAAAAAAAAAAAAAAAAA",
                "rendering": "radio",
                "answers": [
                  {
                    "concept": "1065AAAAAAAAAAAAAAAAAAAAAAAAAAAAAAAA",
                    "label": "Yes"
                  },
                  {
                    "concept": "1066AAAAAAAAAAAAAAAAAAAAAAAAAAAAAAAA",
                    "label": "No"
                  },
                  {
                    "concept": "162570AAAAAAAAAAAAAAAAAAAAAAAAAAAAAA",
                    "label": "Declined to answer"
                  }
                ]
              },
              "validators": [],
              "hide": {
                "hideWhenExpression": "age > 9 || testedResultsprovider === '703AAAAAAAAAAAAAAAAAAAAAAAAAAAAAAAAA' || motHersHivstatus == '703AAAAAAAAAAAAAAAAAAAAAAAAAAAAAAAAA' && testHistory == '1066AAAAAAAAAAAAAAAAAAAAAAAAAAAAAAAA'"
              }
            },
            {
              "label": "Has the client ever had sex?",
              "type": "obs",
              "id": "sexuallyActive",
              "required": "true",
              "questionOptions": {
                "concept": "5569AAAAAAAAAAAAAAAAAAAAAAAAAAAAAAAA",
                "rendering": "radio",
                "answers": [
                  {
                    "concept": "1",
                    "label": "Yes"
                  },
                  {
                    "concept": "0",
                    "label": "No"
                  }
                ]
              },
              "hide": {
                "hideWhenExpression": "(age < 15 ) || testedResultsprovider === '703AAAAAAAAAAAAAAAAAAAAAAAAAAAAAAAAA'"
              }
            },
            {
              "label": "Is the client sexually active?",
              "type": "obs",
              "id": "activeSexually",
              "questionOptions": {
                "concept": "160109AAAAAAAAAAAAAAAAAAAAAAAAAAAAAA",
                "rendering": "radio",
                "answers": [
                  {
                    "concept": "1065AAAAAAAAAAAAAAAAAAAAAAAAAAAAAAAA",
                    "label": "Yes"
                  },
                  {
                    "concept": "1066AAAAAAAAAAAAAAAAAAAAAAAAAAAAAAAA",
                    "label": "No"
                  },
                  {
                    "concept": "162570AAAAAAAAAAAAAAAAAAAAAAAAAAAAAA",
                    "label": "Declined to answer"
                  }
                ]
              },
              "validators": [],
              "hide": {
                "hideWhenExpression": "isEmpty(sexuallyActive) || sexuallyActive == '0' || age < 9 || sexuallyActive == '162570AAAAAAAAAAAAAAAAAAAAAAAAAAAAAA'"
              }
            },
            {
              "label": "Has the client had a new sexual partner in the last 3 months?",
              "type": "obs",
              "id": "newPartner",
              "questionOptions": {
                "concept": "167144AAAAAAAAAAAAAAAAAAAAAAAAAAAAAA",
                "rendering": "radio",
                "answers": [
                  {
                    "concept": "1065AAAAAAAAAAAAAAAAAAAAAAAAAAAAAAAA",
                    "label": "Yes"
                  },
                  {
                    "concept": "1066AAAAAAAAAAAAAAAAAAAAAAAAAAAAAAAA",
                    "label": "No"
                  },
                  {
                    "concept": "162570AAAAAAAAAAAAAAAAAAAAAAAAAAAAAA",
                    "label": "Declined to answer"
                  }
                ]
              },
              "validators": [],
              "hide": {
                "hideWhenExpression": "isEmpty(sexuallyActive) || sexuallyActive == '0'   || age < 9 || sexuallyActive == '162570AAAAAAAAAAAAAAAAAAAAAAAAAAAAAA'"
              }
            },
            {
              "label": "Partner HIV status",
              "type": "obs",
              "id": "partnerHivStatus",
              "questionOptions": {
                "concept": "1436AAAAAAAAAAAAAAAAAAAAAAAAAAAAAAAA",
                "rendering": "radio",
                "answers": [
                  {
                    "concept": "703AAAAAAAAAAAAAAAAAAAAAAAAAAAAAAAAA",
                    "label": "HIV Positive"
                  },
                  {
                    "concept": "664AAAAAAAAAAAAAAAAAAAAAAAAAAAAAAAAA",
                    "label": "HIV Negative"
                  },
                  {
                    "concept": "1067AAAAAAAAAAAAAAAAAAAAAAAAAAAAAAAA",
                    "label": "Unknown"
                  },
                  {
                    "concept": "162570AAAAAAAAAAAAAAAAAAAAAAAAAAAAAA",
                    "label": "Declined to answer"
                  }
                ]
              },
              "validators": [],
              "hide": {
                "hideWhenExpression": "isEmpty(sexuallyActive) || sexuallyActive == '0' || sexuallyActive == '162570AAAAAAAAAAAAAAAAAAAAAAAAAAAAAA' || age < 10"
              }
            },
            {
              "label": "Discordant Couple",
              "type": "obs",
              "id": "coupleDiscordant",
              "questionOptions": {
                "concept": "6096AAAAAAAAAAAAAAAAAAAAAAAAAAAAAAAA",
                "rendering": "radio",
                "answers": [
                  {
                    "concept": "1065AAAAAAAAAAAAAAAAAAAAAAAAAAAAAAAA",
                    "label": "Yes"
                  },
                  {
                    "concept": "1066AAAAAAAAAAAAAAAAAAAAAAAAAAAAAAAA",
                    "label": "No"
                  },
                  {
                    "concept": "162570AAAAAAAAAAAAAAAAAAAAAAAAAAAAAA",
                    "label": "Declined to answer"
                  }
                ]
              },
              "validators": [],
              "hide": {
                "hideWhenExpression": "isEmpty(sexuallyActive) || sexuallyActive !== '1' || age < 10 || partnerHivStatus !== '703AAAAAAAAAAAAAAAAAAAAAAAAAAAAAAAAA'"
              }
            },
            {
              "label": "Have you engaged yourself in unprotected sex with more than one sexual partner in the last 12 months?",
              "type": "obs",
              "id": "multipleSexPartners",
              "questionOptions": {
                "concept": "5568AAAAAAAAAAAAAAAAAAAAAAAAAAAAAAAA",
                "rendering": "radio",
                "answers": [
                  {
                    "concept": "1",
                    "label": "Yes"
                  },
                  {
                    "concept": "0",
                    "label": "No"
                  }
                ]
              },
              "validators": [],
              "hide": {
                "hideWhenExpression": "isEmpty(sexuallyActive) || sexuallyActive !== '1' || age < 9"
              }
            },
            {
              "label": "How many sexual partners?",
              "type": "obs",
              "id": "noSexPartners",
              "questionOptions": {
                "concept": "5570AAAAAAAAAAAAAAAAAAAAAAAAAAAAAAAA",
                "rendering": "number",
                "max": "10000",
                "min": "0"
              },
              "validators": [],
              "hide": {
                "hideWhenExpression": "isEmpty(multipleSexPartners) || multipleSexPartners !== '1'"
              }
            },
            {
              "label": "Does the client engage in sex under the influence of alcohol/drugs?",
              "type": "obs",
              "id": "alcoholicSex",
              "questionOptions": {
                "concept": "7e5eac79-31d5-4a31-a8ee-1b07f824aa67",
                "rendering": "radio",
                "answers": [
                  {
                    "concept": "1066AAAAAAAAAAAAAAAAAAAAAAAAAAAAAAAA",
                    "label": "Not at all"
                  },
                  {
                    "concept": "0d2f24cd-0bd9-4159-b71d-a92f2c11a396",
                    "label": "Always"
                  },
                  {
                    "concept": "1385AAAAAAAAAAAAAAAAAAAAAAAAAAAAAAAA",
                    "label": "Sometimes"
                  },
                  {
                    "concept": "162570AAAAAAAAAAAAAAAAAAAAAAAAAAAAAA",
                    "label": "Declined to answer"
                  }
                ]
              },
              "validators": [],
              "hide": {
                "hideWhenExpression": "isEmpty(sexuallyActive) || sexuallyActive !== '1' || age < 9 "
              }
            },
            {
              "label": "Have you ever had unprotected sex in exchange of money or other material gains?",
              "type": "obs",
              "id": "moneySex",
              "questionOptions": {
                "concept": "160579AAAAAAAAAAAAAAAAAAAAAAAAAAAAAA",
                "rendering": "radio",
                "answers": [
                  {
                    "concept": "1065AAAAAAAAAAAAAAAAAAAAAAAAAAAAAAAA",
                    "label": "Yes"
                  },
                  {
                    "concept": "1066AAAAAAAAAAAAAAAAAAAAAAAAAAAAAAAA",
                    "label": "No"
                  },
                  {
                    "concept": "162570AAAAAAAAAAAAAAAAAAAAAAAAAAAAAA",
                    "label": "Declined to answer"
                  }
                ]
              },
              "validators": [],
              "hide": {
                "hideWhenExpression": "isEmpty(sexuallyActive) || sexuallyActive !== '1'"
              }
            },
            {
              "label": "Have you recently had any incident of condom burst?",
              "type": "obs",
              "id": "condomBurst",
              "questionOptions": {
                "concept": "166559AAAAAAAAAAAAAAAAAAAAAAAAAAAAAA",
                "rendering": "radio",
                "answers": [
                  {
                    "concept": "1065AAAAAAAAAAAAAAAAAAAAAAAAAAAAAAAA",
                    "label": "Yes"
                  },
                  {
                    "concept": "1066AAAAAAAAAAAAAAAAAAAAAAAAAAAAAAAA",
                    "label": "No"
                  },
                  {
                    "concept": "162570AAAAAAAAAAAAAAAAAAAAAAAAAAAAAA",
                    "label": "Declined to answer"
                  }
                ]
              },
              "validators": [],
              "hide": {
                "hideWhenExpression": "isEmpty(sexuallyActive) || sexuallyActive !== '1'"
              }
            },
            {
              "label": "Have you engaged in unprotected sex with someone you don’t know their HIV status in the last 12 months?",
              "type": "obs",
              "id": "strangerSex",
              "questionOptions": {
                "concept": "159218AAAAAAAAAAAAAAAAAAAAAAAAAAAAAA",
                "rendering": "radio",
                "answers": [
                  {
                    "concept": "1065AAAAAAAAAAAAAAAAAAAAAAAAAAAAAAAA",
                    "label": "Yes"
                  },
                  {
                    "concept": "1066AAAAAAAAAAAAAAAAAAAAAAAAAAAAAAAA",
                    "label": "No"
                  },
                  {
                    "concept": "162570AAAAAAAAAAAAAAAAAAAAAAAAAAAAAA",
                    "label": "Declined to answer"
                  }
                ]
              },
              "validators": [],
              "hide": {
                "hideWhenExpression": "isEmpty(sexuallyActive) || sexuallyActive !== '1'"
              }
            },
            {
              "label": "Have you had unprotected sex with someone who has known HIV positive status?",
              "type": "obs",
              "id": "knownPositive",
              "questionOptions": {
                "concept": "163568AAAAAAAAAAAAAAAAAAAAAAAAAAAAAA",
                "rendering": "radio",
                "answers": [
                  {
                    "concept": "1065AAAAAAAAAAAAAAAAAAAAAAAAAAAAAAAA",
                    "label": "Yes"
                  },
                  {
                    "concept": "1066AAAAAAAAAAAAAAAAAAAAAAAAAAAAAAAA",
                    "label": "No"
                  },
                  {
                    "concept": "162570AAAAAAAAAAAAAAAAAAAAAAAAAAAAAA",
                    "label": "Declined to answer"
                  }
                ]
              },
              "validators": [],
              "hide": {
                "hideWhenExpression": "isEmpty(sexuallyActive) || sexuallyActive !== '1'"
              }
            },
            {
              "label": "Have you ever shared a needle while injecting drugs with someone else?",
              "type": "obs",
              "id": "needleShared",
              "questionOptions": {
                "concept": "c8ae2850-abab-4b9c-927c-129ecc2c2752",
                "rendering": "radio",
                "answers": [
                  {
                    "concept": "1065AAAAAAAAAAAAAAAAAAAAAAAAAAAAAAAA",
                    "label": "Yes"
                  },
                  {
                    "concept": "1066AAAAAAAAAAAAAAAAAAAAAAAAAAAAAAAA",
                    "label": "No"
                  }
                ]
              },
              "validators": [],
              "hide": {
                "hideWhenExpression": "isEmpty(sexuallyActive) || sexuallyActive == '0' || kpTypeMale !== '105AAAAAAAAAAAAAAAAAAAAAAAAAAAAAAAAA' || kpTypeFemale !== '105AAAAAAAAAAAAAAAAAAAAAAAAAAAAAAAAA'"
              }
            },
            {
              "label": "Has the client had needle stick injuries?",
              "type": "obs",
              "id": "needleStick",
              "questionOptions": {
                "concept": "3ac6cb43-0fc9-437d-aca2-bc2b66066941",
                "rendering": "radio",
                "answers": [
                  {
                    "concept": "1065AAAAAAAAAAAAAAAAAAAAAAAAAAAAAAAA",
                    "label": "Yes"
                  },
                  {
                    "concept": "1066AAAAAAAAAAAAAAAAAAAAAAAAAAAAAAAA",
                    "label": "No"
                  }
                ]
              },
              "validators": [],
              "hide": {
                "hideWhenExpression": "isEmpty(hcwCare) || hcwCare !== '1065AAAAAAAAAAAAAAAAAAAAAAAAAAAAAAAA'"
              }
            },
            {
              "label": "Traditional /non-medical procedures e.g. scarification, plastic tooth extraction, Circumcision, uvulectomy etc",
              "type": "obs",
              "id": "traditionalMethds",
              "required": "true",
              "questionOptions": {
                "concept": "166365AAAAAAAAAAAAAAAAAAAAAAAAAAAAAA",
                "rendering": "radio",
                "answers": [
                  {
                    "concept": "1065AAAAAAAAAAAAAAAAAAAAAAAAAAAAAAAA",
                    "label": "Yes"
                  },
                  {
                    "concept": "1066AAAAAAAAAAAAAAAAAAAAAAAAAAAAAAAA",
                    "label": "No"
                  }
                ]
              },
              "hide": {
                "hideWhenExpression": "testedResultsprovider === '703AAAAAAAAAAAAAAAAAAAAAAAAAAAAAAAAA' || (age < 10)"
              }
            },
            {
              "label": "Traditional /non-medical procedures e.g. scarification, plastic tooth extraction, Circumcision, uvulectomy etc",
              "type": "obs",
              "id": "traditionalMethdsMother",
              "required": "true",
              "questionOptions": {
                "concept": "166365AAAAAAAAAAAAAAAAAAAAAAAAAAAAAA",
                "rendering": "radio",
                "answers": [
                  {
                    "concept": "1065AAAAAAAAAAAAAAAAAAAAAAAAAAAAAAAA",
                    "label": "Yes"
                  },
                  {
                    "concept": "1066AAAAAAAAAAAAAAAAAAAAAAAAAAAAAAAA",
                    "label": "No"
                  }
                ]
              },
              "hide": {
                "hideWhenExpression": "testedResultsprovider === '703AAAAAAAAAAAAAAAAAAAAAAAAAAAAAAAAA' || age > 9 || motHersHivstatus == '703AAAAAAAAAAAAAAAAAAAAAAAAAAAAAAAAA'"
              }
            },
            {
              "label": "For children if any of the below are present , explore with the guardian and determine HTS eligibility",
              "type": "obs",
              "id": "EligiBiliTykiDs",
              "questionOptions": {
                "concept": "165908AAAAAAAAAAAAAAAAAAAAAAAAAAAAAA",
                "rendering": "checkbox",
                "answers": [
                  {
                    "concept": "115122AAAAAAAAAAAAAAAAAAAAAAAAAAAAAA",
                    "label": "Malnutrition"
                  },
                  {
                    "concept": "5050AAAAAAAAAAAAAAAAAAAAAAAAAAAAAAAA",
                    "label": "Failure to thrive (age and child's growth rate has discrepancy)"
                  },
                  {
                    "concept": "127833AAAAAAAAAAAAAAAAAAAAAAAAAAAAAA",
                    "label": "Recurrent infections"
                  },
                  {
                    "concept": "112141AAAAAAAAAAAAAAAAAAAAAAAAAAAAAA",
                    "label": "TB"
                  },
                  {
                    "concept": "1174AAAAAAAAAAAAAAAAAAAAAAAAAAAAAAAA",
                    "label": "No parent (are orphaned)"
                  },
                  {
                    "concept": "163718AAAAAAAAAAAAAAAAAAAAAAAAAAAAAA",
                    "label": "Parents /siblings who recently tested HIV positive."
                  },
                  {
                    "concept": "140238AAAAAAAAAAAAAAAAAAAAAAAAAAAAAA",
                    "label": "Prolonged fever of unknown origin"
                  },
                  {
                    "concept": "5632AAAAAAAAAAAAAAAAAAAAAAAAAAAAAAAA",
                    "label": "Children >18 months who are still breastfeeding or wet nursing"
                  }
                ]
              },
              "hide": {
                "hideWhenExpression": "age > 9 || testedResultsprovider === '703AAAAAAAAAAAAAAAAAAAAAAAAAAAAAAAAA' || motHersHivstatus == '703AAAAAAAAAAAAAAAAAAAAAAAAAAAAAAAAA'"
              }
            }
          ]
        },
        {
          "label": "Violence Screening",
          "isExpanded": "true",
          "questions": [
            {
              "label": "Has the client recently experienced Violence?",
              "type": "obs",
              "id": "experiencedGbv",
              "required": "true",
              "questionOptions": {
                "concept": "167161AAAAAAAAAAAAAAAAAAAAAAAAAAAAAA",
                "rendering": "radio",
                "answers": [
                  {
                    "concept": "1065AAAAAAAAAAAAAAAAAAAAAAAAAAAAAAAA",
                    "label": "Yes"
                  },
                  {
                    "concept": "1066AAAAAAAAAAAAAAAAAAAAAAAAAAAAAAAA",
                    "label": "No"
                  }
                ]
              },
              "hide": {
                "hideWhenExpression": "age < 9 || testedResultsprovider === '703AAAAAAAAAAAAAAAAAAAAAAAAAAAAAAAAA' || motHersHivstatus === '703AAAAAAAAAAAAAAAAAAAAAAAAAAAAAAAAA'"
              }
            },
            {
              "label": "Within the last 3 months, has the client experienced either physical or sexual violence?",
              "type": "obs",
              "id": "sexualViolence",
              "questionOptions": {
                "concept": "167145AAAAAAAAAAAAAAAAAAAAAAAAAAAAAA",
                "rendering": "radio",
                "answers": [
                  {
                    "concept": "1065AAAAAAAAAAAAAAAAAAAAAAAAAAAAAAAA",
                    "label": "Yes"
                  },
                  {
                    "concept": "1066AAAAAAAAAAAAAAAAAAAAAAAAAAAAAAAA",
                    "label": "No"
                  }
                ]
              },
              "validators": [],
              "hide": {
                "hideWhenExpression": "isEmpty(experiencedGbv) || experiencedGbv !== '1065AAAAAAAAAAAAAAAAAAAAAAAAAAAAAAAA' || age < 9"
              }
            },
            {
              "label": "Have you recently been forced to participate into sexual activity against your wish?",
              "type": "obs",
              "id": "forcedSex",
              "questionOptions": {
                "concept": "160658AAAAAAAAAAAAAAAAAAAAAAAAAAAAAA",
                "rendering": "radio",
                "answers": [
                  {
                    "concept": "1065AAAAAAAAAAAAAAAAAAAAAAAAAAAAAAAA",
                    "label": "Yes"
                  },
                  {
                    "concept": "1066AAAAAAAAAAAAAAAAAAAAAAAAAAAAAAAA",
                    "label": "No"
                  }
                ]
              },
              "validators": [],
              "hide": {
                "hideWhenExpression": "isEmpty(experiencedGbv) || experiencedGbv !== '1065AAAAAAAAAAAAAAAAAAAAAAAAAAAAAAAA' || age < 9"
              }
            }
          ]
        },
        {
          "label": "Preventive Care Assessment",
          "isExpanded": "true",
          "questions": [
            {
              "label": "PrEP Service",
              "type": "obs",
              "id": "prepService",
              "questionOptions": {
                "concept": "cb583a50-2b6c-4a6a-a458-a6a3c41fa1a7",
                "rendering": "checkbox",
                "answers": [
                  {
                    "concept": "1065AAAAAAAAAAAAAAAAAAAAAAAAAAAAAAAA",
                    "label": "PrEP"
                  }
                ]
              },
              "hide": {
                "hideWhenExpression": "age < 15 || testedResultsprovider === '703AAAAAAAAAAAAAAAAAAAAAAAAAAAAAAAAA' || motHersHivstatus == '703AAAAAAAAAAAAAAAAAAAAAAAAAAAAAAAAA'"
              }
            },
            {
              "label": "Is the client currently on PrEP?",
              "type": "obs",
              "id": "currentlyPrep",
              "questionOptions": {
                "concept": "2f3e668b-695e-4a79-9531-15872b89e5c6",
                "rendering": "radio",
                "answers": [
                  {
                    "concept": "1065AAAAAAAAAAAAAAAAAAAAAAAAAAAAAAAA",
                    "label": "Yes"
                  },
                  {
                    "concept": "1066AAAAAAAAAAAAAAAAAAAAAAAAAAAAAAAA",
                    "label": "No"
                  },
                  {
                    "concept": "162570AAAAAAAAAAAAAAAAAAAAAAAAAAAAAA",
                    "label": "Declined to answer"
                  }
                ]
              },
              "validators": [],
              "hide": {
                "hideWhenExpression": "isEmpty(prepService) || !arrayContains(prepService, ['1065AAAAAAAAAAAAAAAAAAAAAAAAAAAAAAAA']) || age < 15 || motHersHivstatus == '703AAAAAAAAAAAAAAAAAAAAAAAAAAAAAAAAA'"
              }
            },
            {
              "label": "PEP",
              "type": "obs",
              "id": "pepService",
              "questionOptions": {
                "concept": "164845AAAAAAAAAAAAAAAAAAAAAAAAAAAAAA",
                "rendering": "checkbox",
                "answers": [
                  {
                    "concept": "1065AAAAAAAAAAAAAAAAAAAAAAAAAAAAAAAA",
                    "label": "PEP"
                  }
                ]
              },
              "hide": {
                "hideWhenExpression": "testedResultsprovider === '703AAAAAAAAAAAAAAAAAAAAAAAAAAAAAAAAA' || age < 9 || motHersHivstatus == '703AAAAAAAAAAAAAAAAAAAAAAAAAAAAAAAAA'"
              }
            },
            {
              "label": "Has the client used PEP in the last 3 months?",
              "type": "obs",
              "id": "currentlyPep",
              "questionOptions": {
                "concept": "d3f845d4-3a6a-447e-9c68-89a32830071d",
                "rendering": "radio",
                "answers": [
                  {
                    "concept": "1065AAAAAAAAAAAAAAAAAAAAAAAAAAAAAAAA",
                    "label": "Yes"
                  },
                  {
                    "concept": "1066AAAAAAAAAAAAAAAAAAAAAAAAAAAAAAAA",
                    "label": "No"
                  },
                  {
                    "concept": "162570AAAAAAAAAAAAAAAAAAAAAAAAAAAAAA",
                    "label": "Declined to answer"
                  }
                ]
              },
              "validators": [],
              "hide": {
                "hideWhenExpression": "isEmpty(pepService) || !arrayContains(pepService, ['1065AAAAAAAAAAAAAAAAAAAAAAAAAAAAAAAA'])"
              }
            },
            {
              "label": "STI Service",
              "type": "obs",
              "id": "stiService",
              "questionOptions": {
                "concept": "b39992a0-7d5b-4b72-b551-9e0970ae49fa",
                "rendering": "checkbox",
                "answers": [
                  {
                    "concept": "1065AAAAAAAAAAAAAAAAAAAAAAAAAAAAAAAA",
                    "label": "STI"
                  }
                ]
              },
              "hide": {
                "hideWhenExpression": "age < 9 || testedResultsprovider === '703AAAAAAAAAAAAAAAAAAAAAAAAAAAAAAAAA' || motHersHivstatus == '703AAAAAAAAAAAAAAAAAAAAAAAAAAAAAAAAA'"
              }
            },
            {
              "label": "Has the client had an STI in the last 3 months?",
              "type": "obs",
              "id": "currentlySti",
              "questionOptions": {
                "concept": "d7b6a98f-025e-4732-b0b2-2fe8b00e6b4c",
                "rendering": "radio",
                "answers": [
                  {
                    "concept": "1065AAAAAAAAAAAAAAAAAAAAAAAAAAAAAAAA",
                    "label": "Yes"
                  },
                  {
                    "concept": "1066AAAAAAAAAAAAAAAAAAAAAAAAAAAAAAAA",
                    "label": "No"
                  },
                  {
                    "concept": "162570AAAAAAAAAAAAAAAAAAAAAAAAAAAAAA",
                    "label": "Declined to answer"
                  }
                ]
              },
              "validators": [],
              "hide": {
                "hideWhenExpression": "isEmpty(stiService) || !arrayContains(stiService, ['1065AAAAAAAAAAAAAAAAAAAAAAAAAAAAAAAA']) || age < 9"
              }
            }
          ]
        },
        {
          "label": "TB Risk Assessment",
          "isExpanded": "true",
          "questions": [
            {
              "label": "Has the client been screened for TB?",
              "type": "obs",
              "id": "screenedTB",
              "required": "true",
              "questionOptions": {
                "concept": "cddbf6fe-4bcd-40b6-a7ea-8573e4080192",
                "rendering": "radio",
                "answers": [
                  {
                    "concept": "1065AAAAAAAAAAAAAAAAAAAAAAAAAAAAAAAA",
                    "label": "Yes"
                  },
                  {
                    "concept": "1066AAAAAAAAAAAAAAAAAAAAAAAAAAAAAAAA",
                    "label": "No"
                  },
                  {
                    "concept": "162570AAAAAAAAAAAAAAAAAAAAAAAAAAAAAA",
                    "label": "Declined to answer"
                  }
                ]
              },
              "hide": {
                "hideWhenExpression": "testedResultsprovider === '703AAAAAAAAAAAAAAAAAAAAAAAAAAAAAAAAA' || motHersHivstatus == '703AAAAAAAAAAAAAAAAAAAAAAAAAAAAAAAAA'"
              }
            },
            {
              "label": "Cough of any duration",
              "type": "obs",
              "id": "coughDuration",
              "questionOptions": {
                "concept": "5959AAAAAAAAAAAAAAAAAAAAAAAAAAAAAAAA",
                "rendering": "radio",
                "answers": [
                  {
                    "concept": "1065AAAAAAAAAAAAAAAAAAAAAAAAAAAAAAAA",
                    "label": "Yes"
                  },
                  {
                    "concept": "1066AAAAAAAAAAAAAAAAAAAAAAAAAAAAAAAA",
                    "label": "No"
                  }
                ]
              },
              "validators": [],
              "hide": {
                "hideWhenExpression": "isEmpty(screenedTB) || screenedTB !== '1065AAAAAAAAAAAAAAAAAAAAAAAAAAAAAAAA' "
              }
            },
            {
              "label": "Client has a fever?",
              "type": "obs",
              "id": "fever",
              "questionOptions": {
                "concept": "140238AAAAAAAAAAAAAAAAAAAAAAAAAAAAAA",
                "rendering": "radio",
                "answers": [
                  {
                    "concept": "1065AAAAAAAAAAAAAAAAAAAAAAAAAAAAAAAA",
                    "label": "Yes"
                  },
                  {
                    "concept": "1066AAAAAAAAAAAAAAAAAAAAAAAAAAAAAAAA",
                    "label": "No"
                  }
                ]
              },
              "validators": [],
              "hide": {
                "hideWhenExpression": "isEmpty(screenedTB) || screenedTB !== '1065AAAAAAAAAAAAAAAAAAAAAAAAAAAAAAAA' "
              }
            },
            {
              "label": "Noticable weight loss or poor weight gain",
              "type": "obs",
              "id": "weightLoss",
              "questionOptions": {
                "concept": "832AAAAAAAAAAAAAAAAAAAAAAAAAAAAAAAAA",
                "rendering": "radio",
                "answers": [
                  {
                    "concept": "1",
                    "label": "Yes"
                  },
                  {
                    "concept": "0",
                    "label": "No"
                  }
                ]
              },
              "validators": [],
              "hide": {
                "hideWhenExpression": "isEmpty(screenedTB) || screenedTB !== '1065AAAAAAAAAAAAAAAAAAAAAAAAAAAAAAAA' "
              }
            },
            {
              "label": "Client Experiencing night sweats?",
              "type": "obs",
              "id": "experiencingSweats",
              "questionOptions": {
                "concept": "133027AAAAAAAAAAAAAAAAAAAAAAAAAAAAAA",
                "rendering": "radio",
                "answers": [
                  {
                    "concept": "1",
                    "label": "Yes"
                  },
                  {
                    "concept": "0",
                    "label": "No"
                  }
                ]
              },
              "validators": [],
              "hide": {
                "hideWhenExpression": "isEmpty(screenedTB) || screenedTB !== '1065AAAAAAAAAAAAAAAAAAAAAAAAAAAAAAAA' "
              }
            },
            {
              "label": "Client Lethargic, less playful than usual?",
              "type": "obs",
              "id": "LetHargy",
              "questionOptions": {
                "concept": "140501AAAAAAAAAAAAAAAAAAAAAAAAAAAAAA",
                "rendering": "radio",
                "answers": [
                  {
                    "concept": "1",
                    "label": "Yes"
                  },
                  {
                    "concept": "0",
                    "label": "No"
                  }
                ]
              },
              "validators": [],
              "hide": {
                "hideWhenExpression": "isEmpty(screenedTB) || screenedTB !== '1065AAAAAAAAAAAAAAAAAAAAAAAAAAAAAAAA' || age > 10"
              }
            },
            {
              "label": "Resulting TB Status:",
              "type": "obs",
              "id": "tbResultstaTuS",
              "questionOptions": {
                "concept": "1659AAAAAAAAAAAAAAAAAAAAAAAAAAAAAAAA",
                "rendering": "radio",
                "calculate": {
                  "calculateExpression": "String(coughDuration) === '1066AAAAAAAAAAAAAAAAAAAAAAAAAAAAAAAA' && String(fever) === '1066AAAAAAAAAAAAAAAAAAAAAAAAAAAAAAAA' && String(weightLoss) === '0'  && String(experiencingSweats) === '0' ? '1660AAAAAAAAAAAAAAAAAAAAAAAAAAAAAAAA' : ( (String(coughDuration) === '1065AAAAAAAAAAAAAAAAAAAAAAAAAAAAAAAA'? 1 : 0) + (String(fever) === '1065AAAAAAAAAAAAAAAAAAAAAAAAAAAAAAAA'? 1 : 0) + (String(experiencingSweats) === '1'? 1 : 0) + (String(weightLoss) === '1'? 1 : 0) ) > 0 ?  '142177AAAAAAAAAAAAAAAAAAAAAAAAAAAAAA' : ''"
                },
                "answers": [
                  {
                    "concept": "1660AAAAAAAAAAAAAAAAAAAAAAAAAAAAAAAA",
                    "label": "No TB Signs"
                  },
                  {
                    "concept": "142177AAAAAAAAAAAAAAAAAAAAAAAAAAAAAA",
                    "label": "Presumed TB"
                  },
                  {
                    "concept": "1662AAAAAAAAAAAAAAAAAAAAAAAAAAAAAAAA",
                    "label": "TB Confirmed"
                  },
                  {
                    "concept": "160737AAAAAAAAAAAAAAAAAAAAAAAAAAAAAA",
                    "label": "TB Screening Not Done"
                  }
                ]
              },
              "hide": {
                "hideWhenExpression": "isEmpty(screenedTB) || screenedTB !== '1065AAAAAAAAAAAAAAAAAAAAAAAAAAAAAAAA' "
              }
            }
          ]
        },
        {
          "label": "Pregnancy Assessment",
          "isExpanded": "true",
          "questions": [
            {
              "label": "Client currently pregnant?",
              "type": "obs",
              "id": "preGnant",
              "required": "true",
              "questionOptions": {
                "concept": "5272AAAAAAAAAAAAAAAAAAAAAAAAAAAAAAAA",
                "rendering": "radio",
                "answers": [
                  {
                    "concept": "1065AAAAAAAAAAAAAAAAAAAAAAAAAAAAAAAA",
                    "label": "Yes"
                  },
                  {
                    "concept": "1066AAAAAAAAAAAAAAAAAAAAAAAAAAAAAAAA",
                    "label": "No"
                  },
                  {
                    "concept": "162570AAAAAAAAAAAAAAAAAAAAAAAAAAAAAA",
                    "label": "Declined to answer"
                  }
                ]
              },
              "hide": {
                "hideWhenExpression": "sex !== 'F' || age < 10 || testedResultsprovider === '703AAAAAAAAAAAAAAAAAAAAAAAAAAAAAAAAA' || motHersHivstatus == '703AAAAAAAAAAAAAAAAAAAAAAAAAAAAAAAAA'"
              }
            },
            {
              "label": "Breastfeeding mother",
              "type": "obs",
              "id": "breastfeeding",
              "questionOptions": {
                "concept": "5632AAAAAAAAAAAAAAAAAAAAAAAAAAAAAAAA",
                "rendering": "radio",
                "answers": [
                  {
                    "concept": "1065AAAAAAAAAAAAAAAAAAAAAAAAAAAAAAAA",
                    "label": "Yes"
                  },
                  {
                    "concept": "1066AAAAAAAAAAAAAAAAAAAAAAAAAAAAAAAA",
                    "label": "No"
                  },
                  {
                    "concept": "162570AAAAAAAAAAAAAAAAAAAAAAAAAAAAAA",
                    "label": "Declined to answer"
                  }
                ]
              },
              "hide": {
                "hideWhenExpression": "sex !== 'F' || age < 10 || testedResultsprovider === '703AAAAAAAAAAAAAAAAAAAAAAAAAAAAAAAAA' || motHersHivstatus == '703AAAAAAAAAAAAAAAAAAAAAAAAAAAAAAAAA'"
              }
            }
          ]
        },
        {
          "label": "Eligibility & Referral for Testing",
          "isExpanded": "true",
          "questions": [
            {
              "label": "Client eligible for testing :",
              "type": "obs",
              "id": "eligibleTest",
              "questionOptions": {
                "concept": "162699AAAAAAAAAAAAAAAAAAAAAAAAAAAAAA",
                "rendering": "radio",
                "calculate": {
                  "calculateExpression": "String(testedResultsprovider) === '703AAAAAAAAAAAAAAAAAAAAAAAAAAAAAAAAA' ? '1066AAAAAAAAAAAAAAAAAAAAAAAAAAAAAAAA' : ''"
                },
                "answers": [
                  {
                    "concept": "1065AAAAAAAAAAAAAAAAAAAAAAAAAAAAAAAA",
                    "label": "Yes"
                  },
                  {
                    "concept": "1066AAAAAAAAAAAAAAAAAAAAAAAAAAAAAAAA",
                    "label": "No"
                  }
                ]
              }
            },
            {
              "label": "Get HIV Risk Score :",
              "type": "obs",
              "required": "true",
              "id": "riskScore",
              "questionOptions": {
                "concept": "167162AAAAAAAAAAAAAAAAAAAAAAAAAAAAAA",
                "rendering": "machine-learning"
              },
              "hide": {
                "hideWhenExpression": "testedResultsprovider === '703AAAAAAAAAAAAAAAAAAAAAAAAAAAAAAAAA'"
              }
            },
            {
              "label": "Generated HIV Risk Category",
              "type": "obs",
              "questionOptions": {
                "rendering": "radio",
                "concept": "167163AAAAAAAAAAAAAAAAAAAAAAAAAAAAAA",
                "readOnly": "true",
                "answers": [
                  {
                    "concept": "1407AAAAAAAAAAAAAAAAAAAAAAAAAAAAAAAA",
                    "label": "Low"
                  },
                  {
                    "concept": "1499AAAAAAAAAAAAAAAAAAAAAAAAAAAAAAAA",
                    "label": "Medium"
                  },
                  {
                    "concept": "1408AAAAAAAAAAAAAAAAAAAAAAAAAAAAAAAA",
                    "label": "High"
                  },
                  {
                    "concept": "167164AAAAAAAAAAAAAAAAAAAAAAAAAAAAAA",
                    "label": "Highest"
                  }
                ]
              },
              "id": "genRisK",
              "hide": {
                "hideWhenExpression": "testedResultsprovider === '703AAAAAAAAAAAAAAAAAAAAAAAAAAAAAAAAA'"
              }
            },
            {
              "label": "Did you recommend HIV testing?",
              "type": "obs",
              "id": "reCommeNHiVtest",
              "required": "true",
              "questionOptions": {
                "concept": "167229AAAAAAAAAAAAAAAAAAAAAAAAAAAAAA",
                "rendering": "radio",
                "answers": [
                  {
                    "concept": "1065AAAAAAAAAAAAAAAAAAAAAAAAAAAAAAAA",
                    "label": "Yes"
                  },
                  {
                    "concept": "1066AAAAAAAAAAAAAAAAAAAAAAAAAAAAAAAA",
                    "label": "No"
                  }
                ]
              },
              "hide": {
                "hideWhenExpression": "testedResultsprovider === '703AAAAAAAAAAAAAAAAAAAAAAAAAAAAAAAAA'"
              }
            },
            {
              "label": "Why did you recommend testing?",
              "type": "obs",
              "id": "ReasonOnE",
              "required": "true",
              "questionOptions": {
                "concept": "164082AAAAAAAAAAAAAAAAAAAAAAAAAAAAAA",
                "rendering": "radio",
                "answers": [
                  {
                    "concept": "ccf759b9-bdd4-4265-a71a-67a894d89dec",
                    "label": "HCW Provider Discretion"
                  },
                  {
                    "concept": "d79488b7-eb63-49ba-b99c-a52f777a1a7f",
                    "label": "Based on Risk screening findings"
                  },
                  {
                    "concept": "1163AAAAAAAAAAAAAAAAAAAAAAAAAAAAAAAA",
                    "label": "ML Risk category"
                  },
                  {
                    "concept": "163510AAAAAAAAAAAAAAAAAAAAAAAAAAAAAA",
                    "label": "HTS Guidelines"
                  }
                ]
              },
              "hide": {
                "hideWhenExpression": "isEmpty(reCommeNHiVtest) || reCommeNHiVtest != '1065AAAAAAAAAAAAAAAAAAAAAAAAAAAAAAAA' "
              }
            },
            {
              "label": "Why did you not recommend testing?",
              "type": "obs",
              "id": "ReasonTwO",
              "required": "true",
              "questionOptions": {
                "concept": "160416AAAAAAAAAAAAAAAAAAAAAAAAAAAAAA",
                "rendering": "radio",
                "answers": [
                  {
                    "concept": "ccf759b9-bdd4-4265-a71a-67a894d89dec",
                    "label": "HCW Provider Discretion"
                  },
                  {
                    "concept": "d79488b7-eb63-49ba-b99c-a52f777a1a7f",
                    "label": "Based on Risk screening findings"
                  },
                  {
                    "concept": "1163AAAAAAAAAAAAAAAAAAAAAAAAAAAAAAAA",
                    "label": "ML Risk category"
                  },
                  {
                    "concept": "163510AAAAAAAAAAAAAAAAAAAAAAAAAAAAAA",
                    "label": "HTS Guidelines"
                  }
                ]
              },
              "hide": {
                "hideWhenExpression": "isEmpty(reCommeNHiVtest) || reCommeNHiVtest != '1066AAAAAAAAAAAAAAAAAAAAAAAAAAAAAAAA' "
              }
            },
            {
              "label": "Client referred for testing :",
              "type": "obs",
              "id": "clientReferred",
              "required": "true",
              "questionOptions": {
                "concept": "162699AAAAAAAAAAAAAAAAAAAAAAAAAAAAAA",
                "rendering": "radio",
                "answers": [
                  {
                    "concept": "1065AAAAAAAAAAAAAAAAAAAAAAAAAAAAAAAA",
                    "label": "Yes"
                  },
                  {
                    "concept": "1066AAAAAAAAAAAAAAAAAAAAAAAAAAAAAAAA",
                    "label": "No"
                  }
                ]
              },
              "hide": {
                "hideWhenExpression": "eligibleTest === '1066AAAAAAAAAAAAAAAAAAAAAAAAAAAAAAAA'"
              }
            },
            {
              "label": "If No, Choose a reason below",
              "type": "obsGroup",
              "questionOptions": {
                "concept": "8877e01c-10ee-45c6-bf6d-645dc6e30f27",
                "rendering": "group"
              },
              "questions": [
                {
                  "label": "If No, Choose a reason below",
                  "type": "obs",
                  "id": "declineTesting",
                  "questionOptions": {
                    "concept": "159803AAAAAAAAAAAAAAAAAAAAAAAAAAAAAA",
                    "rendering": "checkbox",
                    "answers": [
                      {
                        "concept": "167156AAAAAAAAAAAAAAAAAAAAAAAAAAAAAA",
                        "label": "Declined testing"
                      },
                      {
                        "concept": "40f73782-a928-43d9-9fbf-db5b4c707605",
                        "label": "Wants to test with partner"
                      },
                      {
                        "concept": "160589AAAAAAAAAAAAAAAAAAAAAAAAAAAAAA",
                        "label": "Stigma related issues"
                      },
                      {
                        "concept": "141814AAAAAAAAAAAAAAAAAAAAAAAAAAAAAA",
                        "label": "Fear of violent partner"
                      },
                      {
                        "concept": "155974AAAAAAAAAAAAAAAAAAAAAAAAAAAAAA",
                        "label": "No counselor to test"
                      },
                      {
                        "concept": "158948AAAAAAAAAAAAAAAAAAAAAAAAAAAAAA",
                        "label": "High workload for the staff"
                      },
                      {
                        "concept": "163293AAAAAAAAAAAAAAAAAAAAAAAAAAAAAA",
                        "label": "Too sick"
                      },
                      {
                        "concept": "5622AAAAAAAAAAAAAAAAAAAAAAAAAAAAAAAA",
                        "label": "Other"
                      }
                    ]
                  },
                  "hide": {
                    "hideWhenExpression": "clientReferred !== '1066AAAAAAAAAAAAAAAAAAAAAAAAAAAAAAAA'"
                  }
                },
                {
                  "label": "Specify :",
                  "type": "obs",
                  "id": "reasonSpecify",
                  "questionOptions": {
                    "concept": "160632AAAAAAAAAAAAAAAAAAAAAAAAAAAAAA",
                    "rendering": "text"
                  },
                  "hide": {
                    "hideWhenExpression": "declineTesting != '5622AAAAAAAAAAAAAAAAAAAAAAAAAAAAAAAA'"
                  }
                }
              ],
              "id": "ReferTestIng"
            }
          ]
        }
      ]
    }
  ],
  "processor": "EncounterFormProcessor",
  "referencedForms": [],
  "encounterType": "9c0a7a57-62ff-4f75-babe-5835b0e921b7"
}