{
    "name": "In-Patient Admission Form",
    "processor": "EncounterFormProcessor",
    "encounter": "Transfer Request",
    "encounterType": "e22e39fd-7db2-45e7-80f1-60fa0d5a4378",
    "referencedForms": [],
    "uuid": "49f3686d-b83c-4263-a5a1-89040f643a78",
    "description": "Create an admission request to an inpatient ward",
    "version": "1.0.0",
    "published": true,
    "retired": false,
    "pages": [
    {
      "label": "Encounter Details",
      "sections": [
        {
          "label": "Encounter Details",
          "isExpanded": "true",
          "questions": [
            {
              "label": "Date:",
              "type": "encounterDatetime",
              "required": "true",
              "questionOptions": {
                "rendering": "ui-select-extended"
              },
              "validators": [
                {
                  "type": "date",
                  "allowFutureDates": "false"
                }
              ],
              "id": "encDate"
            },
            {
              "label": "Provider:",
              "type": "encounterProvider",
              "required": "true",
              "questionOptions": {
                "rendering": "ui-select-extended"
              },
              "id": "encProvider "
            },
            {
              "label": "Location:",
              "type": "encounterLocation",
              "required": "true",
              "questionOptions": {
                "rendering": "ui-select-extended"
              },
              "id": "encLocation"
            }
          ]
        }
      ]
    },
    {
      "label": "Admission Details",
      "sections": [
        {
          "label": "Admission Date",
          "isExpanded": "true",
          "questions": [
            {
              "label": "Date of Admission",
              "type": "obs",
              "id": "dateOfPatientAdmission",
              "questionOptions": {
                "concept": "1640AAAAAAAAAAAAAAAAAAAAAAAAAAAAAAAA",
                "useMostRecentValue": "true",
                "autoPopulateWithMostRecentValue": "true",
                "rendering": "date"
              },
              "validators": [
                {
                  "type": "date",
                  "allowFutureDates": "false"
                }
              ]
            }
          ]
        }
      ]
    },
    {
      "label": "Ward Request",
      "sections": [
        {
          "label": "Admission Information",
          "isExpanded": "true",
          "questions": [
            {
              "label": "Major Complaint/Diagnosis",
              "id": "majorComplaintDiagnosis",
              "type": "diagnosis",
              "questionOptions": {
                "rendering": "remote-select",
                "rank": 1,
                "datasource": {
                  "name": "diagnoses",
                  "config": {
                    "conceptSourceUuid": "39ADDDDDDDDDDDDDDDDDDDDDDDDDDDDDDDDD"
                  }
                }
              }
            },
            {
              "label": "Primary Doctor",
              "id": "primaryDoctor",
              "type": "encounterProvider",
              "questionOptions": {
                "concept": "2b537713-298c-4b60-83c3-8006ea622d70",
                "rendering": "text",
                "useMostRecentValue": "true",
                "autoPopulateWithMostRecentValue": "true"
              }
            },
            {
              "label": "Primary Doctor Phone No",
              "id": "primaryDoctorPhone",
              "type": "obs",
              "questionOptions": {
                "rendering": "text",
                "concept": "159635AAAAAAAAAAAAAAAAAAAAAAAAAAAAAA",
                "useMostRecentValue": "true",
                "autoPopulateWithMostRecentValue": "true"
              }
            },
            {
              "label": "Emergency Doctor",
              "id": "emeRgDoctor",
              "type": "encounterProvider",
              "questionOptions": {
                "rendering": "text",
                "concept": "1473AAAAAAAAAAAAAAAAAAAAAAAAAAAAAAAA"
              }
            },
            {
              "label": "Emergency Doctor Phone No",
              "id": "emeRGDoctorPhone",
              "type": "obs",
              "questionOptions": {
                "rendering": "text",
                "concept": "163152AAAAAAAAAAAAAAAAAAAAAAAAAAAAAA"
              }
            },
            {
              "label": "Payment Mode",
              "id": "paymentMode",
              "type": "obs",
              "questionOptions": {
                "rendering": "radio",
                "concept": "ffd8e033-a286-42b4-89d5-c6d6506d3161",
                "useMostRecentValue": "true",
                "autoPopulateWithMostRecentValue": "true",
                "answers": [
                  {
                    "concept": "fc894152-07be-4e77-9dac-2a164e400a13",
                    "label": "Cash"
                  },
                  {
                    "concept": "9b24f997-6582-46b5-8f58-924b0e39ad9a",
                    "label": "MPESA"
                  },
                  {
                    "concept": "95d2b358-ef3b-4a41-9215-06bfc9ef107e",
                    "label": "Insurance"
                  }
                ]
              }
            },
            {
              "label": "If insurance",
              "id": "insuranceType",
              "type": "obs",
              "questionOptions": {
                "rendering": "select",
                "concept": "159356AAAAAAAAAAAAAAAAAAAAAAAAAAAAAA",
                "useMostRecentValue": "true",
                "autoPopulateWithMostRecentValue": "true",
                "answers": [
                {
                    "concept": "1a7fb8b5-6093-486d-baa2-65f8b4388544",
                    "label": "SHA"
                  },
                  {
                    "concept": "1917AAAAAAAAAAAAAAAAAAAAAAAAAAAAAAAA",
                    "label": "Policy Holder"
                  },
                  {
                    "concept": "1917AAAAAAAAAAAAAAAAAAAAAAAAAAAAAAAA",
                    "label": "KENYA ALLIANCE"
                  },
                  {
                    "concept": "1917AAAAAAAAAAAAAAAAAAAAAAAAAAAAAAAA",
                    "label": "MADISON"
                  },
                  {
                    "concept": "1917AAAAAAAAAAAAAAAAAAAAAAAAAAAAAAAA",
                    "label": "BRITAM"
                  },
                  {
                    "concept": "1917AAAAAAAAAAAAAAAAAAAAAAAAAAAAAAAA",
                    "label": "CIC"
                  },
                  {
                    "concept": "1917AAAAAAAAAAAAAAAAAAAAAAAAAAAAAAAA",
                    "label": "PACIS"
                  },
                  {
                    "concept": "1917AAAAAAAAAAAAAAAAAAAAAAAAAAAAAAAA",
                    "label": "AAR"
                  },
                  {
                    "concept": "1917AAAAAAAAAAAAAAAAAAAAAAAAAAAAAAAA",
                    "label": "GA"
                  },
                  {
                    "concept": "1917AAAAAAAAAAAAAAAAAAAAAAAAAAAAAAAA",
                    "label": "APA"
                  },
                  {
                    "concept": "1917AAAAAAAAAAAAAAAAAAAAAAAAAAAAAAAA",
                    "label": "JUBILEE"
                  },
                  {
                    "concept": "1917AAAAAAAAAAAAAAAAAAAAAAAAAAAAAAAA",
                    "label": "AKL"
                  },
                  {
                    "concept": "1917AAAAAAAAAAAAAAAAAAAAAAAAAAAAAAAA",
                    "label": "EQUITY"
                  },
                  {
                    "concept": "1917AAAAAAAAAAAAAAAAAAAAAAAAAAAAAAAA",
                    "label": "LIASON"
                  },
                  {
                    "concept": "1917AAAAAAAAAAAAAAAAAAAAAAAAAAAAAAAA",
                    "label": "DEFMIS"
                  },
                  {
                    "concept": "1917AAAAAAAAAAAAAAAAAAAAAAAAAAAAAAAA",
                    "label": "FIRST ASSURANCE"
                  },
                  {
                    "concept": "1917AAAAAAAAAAAAAAAAAAAAAAAAAAAAAAAA",
                    "label": "SECCO AFIA"
                  },
                  {
                    "concept": "5622AAAAAAAAAAAAAAAAAAAAAAAAAAAAAAAA",
                    "label": "OTHER"
                  }
                ]
              },
              "hide": {
                "hideWhenExpression": "isEmpty(paymentMode) || paymentMode !== '95d2b358-ef3b-4a41-9215-06bfc9ef107e'"
              }
            },
            {
              "label": "Specify",
              "id": "insuranceOtherSpecify",
              "type": "obs",
              "questionOptions": {
                "rendering": "text",
                "concept": "162169AAAAAAAAAAAAAAAAAAAAAAAAAAAAAA"
              },
              "hide": {
                "hideWhenExpression": "isEmpty(insuranceType) || insuranceType !== '5622AAAAAAAAAAAAAAAAAAAAAAAAAAAAAAAA'"
              }
            }
          ]
        },
        {
          "label": "Ward Details",
          "isExpanded": "true",
          "questions": [
            {
              "type": "obsGroup",
              "id": "inpatientDispositionConstruct",
              "questionOptions": {
                "concept": "CIEL:169405",
                "rendering": "group"
              },
              "questions": [
                {
                  "id": "disposition",
                  "type": "obs",
                  "required": true,
                  "questionOptions": {
                    "rendering": "radio",
                    "required": true,
                    "concept": "CIEL:169402",
                    "answers": [
                      {
                        "concept": "CIEL:168619"
                      }
                    ]
                  },
                  "validators": []
                },
                {
                  "id": "admitToLocation",
                  "type": "obs",
                  "required": true,
                  "label": "Admit to location",
                  "questionOptions": {
                    "rendering": "remote-select",
                    "required": true,
                    "concept": "CIEL:169403",
                    "datasource": {
                      "name": "location",
                      "config": {
                        "tag": "Admission Location"
                      }
                    }
                  }
                },
                {
                  "label": "Bed Type",
                  "id": "BeDtyPe",
                  "type": "obs",
                  "questionOptions": {
                    "rendering": "radio",
                    "concept": "ffd8e033-a286-42b4-89d5-c6d6506d3161",
                    "useMostRecentValue": "true",
                    "autoPopulateWithMostRecentValue": "true",
                    "answers": [
                      {
                        "concept": "fc894152-07be-4e77-9dac-2a164e400a13",
                        "label": "ICU"
                      },
                      {
                        "concept": "9b24f997-6582-46b5-8f58-924b0e39ad9a",
                        "label": "Standard"
                      },
                      {
                        "concept": "95d2b358-ef3b-4a41-9215-06bfc9ef107e",
                        "label": "Private"
                      }
                    ]
                  },
                  "hide": {
                    "hideWhenExpression": "!(age > 1)"
                  }
                },
                {
                  "label": "Cot Type",
                  "id": "CoTtyPe",
                  "type": "obs",
                  "questionOptions": {
                    "rendering": "radio",
                    "concept": "ffd8e033-a286-42b4-89d5-c6d6506d3161",
                    "useMostRecentValue": "true",
                    "autoPopulateWithMostRecentValue": "true",
                    "answers": [
                      {
                        "concept": "fc894152-07be-4e77-9dac-2a164e400a13",
                        "label": "ICU"
                      },
                      {
                        "concept": "9b24f997-6582-46b5-8f58-924b0e39ad9a",
                        "label": "Standard"
                      },
                      {
                        "concept": "95d2b358-ef3b-4a41-9215-06bfc9ef107e",
                        "label": "Private"
                      }
                    ]
                  },
                  "hide": {
                    "hideWhenExpression": "!(age > 0) || !(age < 5)"
                  }
                },
                {
                  "label": "Bed name",
                  "id": "BeDnaMe",
                  "type": "obs",
                  "questionOptions": {
                    "rendering": "radio",
                    "concept": "ffd8e033-a286-42b4-89d5-c6d6506d3161",
                    "useMostRecentValue": "true",
                    "autoPopulateWithMostRecentValue": "true",
                    "answers": [
                      {
                        "concept": "fc894152-07be-4e77-9dac-2a164e400a13",
                        "label": "NCRH-0012"
                      },
                      {
                        "concept": "9b24f997-6582-46b5-8f58-924b0e39ad9a",
                        "label": "NCRH-0013"
                      },
                      {
                        "concept": "95d2b358-ef3b-4a41-9215-06bfc9ef107e",
                        "label": "NCRH-0014"
                      }
                    ]
                  },
                  "hide": {
                    "hideWhenExpression": "!(age > 1)"
                  }
                },
                {
                  "label": "Cot name",
                  "id": "CoTnaMe",
                  "type": "obs",
                  "questionOptions": {
                    "rendering": "radio",
                    "concept": "ffd8e033-a286-42b4-89d5-c6d6506d3161",
                    "useMostRecentValue": "true",
                    "autoPopulateWithMostRecentValue": "true",
                    "answers": [
                      {
                        "concept": "fc894152-07be-4e77-9dac-2a164e400a13",
                        "label": "COT-0012"
                      },
                      {
                        "concept": "9b24f997-6582-46b5-8f58-924b0e39ad9a",
                        "label": "COT-0013"
                      },
                      {
                        "concept": "95d2b358-ef3b-4a41-9215-06bfc9ef107e",
                        "label": "COT-0014"
                      }
                    ]
                  },
                  "hide": {
                    "hideWhenExpression": "!(age > 0) || !(age < 5)"
                  }
                }
              ]
            }
          ]
        }
      ]
    }
  ]
}