{
    "name": "Infectious Disease Clinic Form",
    "description": "Infectious Disease Speciality Clinic Form",
    "version": "1",
    "published": true,
    "uuid": "8f2fbcca-126f-439b-95b5-bcbc62647328",
    "retired": false,
    "encounter": "Infectious Disease",
    "pages": [
    {
      "label": "Visit Details",
      "sections": [
        {
          "label": "Encounter Details",
          "isExpanded": "true",
          "questions": [
            {
              "label": "Visit date:",
              "type": "encounterDatetime",
              "required": "true",
              "id": "encDate",
              "questionOptions": {
                "rendering": "date"
              },
              "validators": [
                {
                  "type": "date",
                  "allowFutureDates": "false"
                }
              ]
            },
            {
              "label": "Provider:",
              "type": "encounterProvider",
              "required": "true",
              "questionOptions": {
                "rendering": "ui-select-extended"
              },
              "id": "encProvider "
            },
            {
              "label": "Location:",
              "type": "encounterLocation",
              "required": "true",
              "questionOptions": {
                "rendering": "ui-select-extended"
              },
              "id": "encLocation"
            }
          ]
        },
        {
          "label": "Patient Details",
          "isExpanded": "true",
          "questions": [
            {
              "label": "Visit Type?",
              "type": "obs",
              "required": "true",
              "id": "visitType",
              "questionOptions": {
                "rendering": "radio",
                "concept": "164181AAAAAAAAAAAAAAAAAAAAAAAAAAAAAA",
                "conceptMappings": [
                  {
                    "relationship": "SAME-AS",
                    "type": "CIEL",
                    "value": "164181"
                  }
                ],
                "answers": [
                  {
                    "concept": "164180AAAAAAAAAAAAAAAAAAAAAAAAAAAAAA",
                    "label": "New visit"
                  },
                  {
                    "concept": "160530AAAAAAAAAAAAAAAAAAAAAAAAAAAAAA",
                    "label": "Return Visit"
                  }
                  
                ]
              }
            },
            {
              "label": "Is this Visit a referral?",
              "type": "obs",
              "id": "visitReferral",
              "questionOptions": {
                "rendering": "radio",
                "concept": "d105235e-41ee-4234-9b32-0bef507342d7",
                "answers": [
                  {
                    "concept": "1065AAAAAAAAAAAAAAAAAAAAAAAAAAAAAAAA",
                    "label": "Yes"
                  },
                  {
                    "concept": "1066AAAAAAAAAAAAAAAAAAAAAAAAAAAAAAAA",
                    "label": "No"
                  }
                ]
              }
            },
            {
              "label": "Referral from",
              "type": "obs",
              "required": true,
              "id": "referralSpecification",
              "questionOptions": {
                "rendering": "radio",
                "concept": "160338AAAAAAAAAAAAAAAAAAAAAAAAAAAAAA",
                "conceptMappings": [],
                "answers": [
                  {
                    "concept": "164407AAAAAAAAAAAAAAAAAAAAAAAAAAAAAA",
                    "label": "From other facilities"
                  },
                  {
                    "concept": "1759AAAAAAAAAAAAAAAAAAAAAAAAAAAAAAAA",
                    "label": "Referred from CHU "
                  },
                  {
                    "concept": "164918AAAAAAAAAAAAAAAAAAAAAAAAAAAAAA",
                    "label": "Internal(Department)"
                  }
                ]
              },
              "hide": {
                "hideWhenExpression": "isEmpty(visitReferral) || visitReferral !== '1065AAAAAAAAAAAAAAAAAAAAAAAAAAAAAAAA'"
              }
            },
            {
              "label": "Visit To:",
              "type": "obs",
              "id": "visitTo",
              "questionOptions": {
                "rendering": "radio",
                "concept": "161643AAAAAAAAAAAAAAAAAAAAAAAAAAAAAA",
                "answers": [
                  {
                    "concept": "160542AAAAAAAAAAAAAAAAAAAAAAAAAAAAAA",
                    "label": "Outpatient department(OPD)"
                  },
                  {
                    "concept": "167050AAAAAAAAAAAAAAAAAAAAAAAAAAAAAA",
                    "label": "Inpatient department(IPD)"
                  }
                ]
              },
              "validators": [],
              "hide": {
                "hideWhenExpression": "visitReferral !== '1065AAAAAAAAAAAAAAAAAAAAAAAAAAAAAAAA'"
              }
            }
          ]
        }
      ]
    },
    {
      "label": "Patient's History",
      "sections": [
        {
            "label": "Patient's Travel History",
            "isExpanded": "true",
            "questions": [
                {
                    "label": "Please state your destination",
                    "type": "obs",
                    "id": "screeNqUizres",
                    "questionOptions": {
                      "concept": "08a53430-e304-4c3f-a154-8473b4cbd8f2",
                      "rendering": "select",
                      "answers": [
                        {
                          "concept": "162883AAAAAAAAAAAAAAAAAAAAAAAAAAAAAA",
                          "label": "Kenyan"
                        },
                        {
                          "concept": "162884AAAAAAAAAAAAAAAAAAAAAAAAAAAAAA",
                          "label": "Ugandan"
                        },
                        {
                          "concept": "165752AAAAAAAAAAAAAAAAAAAAAAAAAAAAAA",
                          "label": "Rwandese"
                        },
                        {
                          "concept": "165639AAAAAAAAAAAAAAAAAAAAAAAAAAAAAA",
                          "label": "Tanzanian"
                        },
                        {
                          "concept": "165744AAAAAAAAAAAAAAAAAAAAAAAAAAAAAA",
                          "label": "Burundian"
                        },
                        {
                          "concept": "165765AAAAAAAAAAAAAAAAAAAAAAAAAAAAAA",
                          "label": "South Sudanese"
                        }
                      ]
                    }
                  },
                  {
                    "label": "Date of travel (Beginning Date)",
                    "type": "obs",
                    "questionOptions": {
                      "rendering": "date",
                      "concept": "162601AAAAAAAAAAAAAAAAAAAAAAAAAAAAAA"
                    },
                    "id": "dateBeginning",
                    "hide": {
                      "hideWhenExpression": ""
                    }
                  },
                  {
                    "label": "Date of travel (End Date)",
                    "type": "obs",
                    "questionOptions": {
                      "rendering": "date",
                      "concept": "162602AAAAAAAAAAAAAAAAAAAAAAAAAAAAAA"
                    },
                    "id": "dateEnding",
                    "hide": {
                      "hideWhenExpression": ""
                    }
                  },
                  {
                    "label": "Duration of stay (weeks)",
                    "type": "obs",
                    "questionOptions": {
                      "rendering": "number",
                      "concept": "162196AAAAAAAAAAAAAAAAAAAAAAAAAAAAAA"
                    },
                    "id": "freQtaKEn",
                    "hide": {
                      "hideWhenExpression": ""
                    }
                  },
                  {
                    "label": "Reason for travelling",
                    "type": "obs",
                    "required": false,
                    "id": "tourism_specification",
                    "questionOptions": {
                        "rendering": "radio",
                        "concept": "5605AAAAAAAAAAAAAAAAAAAAAAAAAAAAAAAA",
                        "conceptMappings": [],
                        "answers": [
                            {
                                "concept": "",
                                "label": "Tourism"
                            },
                            {
                                "concept": "159673AAAAAAAAAAAAAAAAAAAAAAAAAAAAAA",
                                "label": "Business"
                            },
                            {
                                "concept": "5629AAAAAAAAAAAAAAAAAAAAAAAAAAAAAAAA",
                                "label": "Study"
                            },
                            {
                                "concept": "166425AAAAAAAAAAAAAAAAAAAAAAAAAAAAAA",
                                "label": "Volunteering"
                            },
                            {
                                "concept": "5622AAAAAAAAAAAAAAAAAAAAAAAAAAAAAAAA",
                                "label": "Others"
                            }
                        ]
                    },
                    "hide": {
                        "hideWhenExpression": "isEmpty(visitType) || visitType !== '160563AAAAAAAAAAAAAAAAAAAAAAAAAAAAAA'"
                    }
                },
                {
                    "label": "Mode of Travel",
                    "type": "obs",
                    "required": true,
                    "id": "transport_specification",
                    "questionOptions": {
                        "rendering": "radio",
                        "concept": "1375AAAAAAAAAAAAAAAAAAAAAAAAAAAAAAAA",
                        "conceptMappings": [],
                        "answers": [
                            {
                                "concept": "20e9d9a0-c6a1-4c16-a063-dddf5ca694c3",
                                "label": "Road"
                            },
                            {
                                "concept": "162611AAAAAAAAAAAAAAAAAAAAAAAAAAAAAA",
                                "label": "Air"
                            },
                            {
                                "concept": "1378AAAAAAAAAAAAAAAAAAAAAAAAAAAAAAAA",
                                "label": "Sea"
                            }
                        ]
                    },
                    "hide": {
                        "hideWhenExpression": "isEmpty(visitType) || visitType !== '160563AAAAAAAAAAAAAAAAAAAAAAAAAAAAAA'"
                    }
                },
                {
                    "label": "Planned Activities",
                    "type": "obs",
                    "required": true,
                    "id": "activities_specification",
                    "questionOptions": {
                        "rendering": "radio",
                        "concept": "355970d3-b6d6-4695-a99b-a222119fd5b4",
                        "conceptMappings": [],
                        "answers": [
                            {
                                "concept": "165834AAAAAAAAAAAAAAAAAAAAAAAAAAAAAA",
                                "label": "Working with animals"
                            },
                            {
                                "concept": "de110475-e165-4062-a789-17c95460c8e3",
                                "label": "Camping"
                            },
                            {
                                "concept": "159310AAAAAAAAAAAAAAAAAAAAAAAAAAAAAA",
                                "label": "Hiking"
                            },
                            {
                                "concept": "154932AAAAAAAAAAAAAAAAAAAAAAAAAAAAAA",
                                "label": "Swimming in fresh water"
                            },
                            {
                                "concept": "5622AAAAAAAAAAAAAAAAAAAAAAAAAAAAAAAA",
                                "label": "Others"
                            }
                        ]
                    },
                    "hide": {
                        "hideWhenExpression": "isEmpty(visitType) || visitType !== '160563AAAAAAAAAAAAAAAAAAAAAAAAAAAAAA'"
                    }
                }
            ]
        },
        {
          "label": "Patient Compalints",
          "isExpanded": "true",
          "questions": [
            {
              "label": "Patient having complaint(s) today?",
              "type": "obs",
              "id": "complaintsToday",
              "required": "true",
              "questionOptions": {
                "concept": "5219AAAAAAAAAAAAAAAAAAAAAAAAAAAAAAAA",
                "rendering": "radio",
                "answers": [
                  {
                    "concept": "1065AAAAAAAAAAAAAAAAAAAAAAAAAAAAAAAA",
                    "label": "Yes"
                  },
                  {
                    "concept": "1066AAAAAAAAAAAAAAAAAAAAAAAAAAAAAAAA",
                    "label": "No"
                  }
                ]
              },
              "hide": {
                "hideWhenExpression": "visitTo === '167050AAAAAAAAAAAAAAAAAAAAAAAAAAAAAA'"
              }
            },
            {
              "label": "Presenting complaints",
              "type": "obsGroup",
              "id": "ComplaintLodgeByClient",
              "questionOptions": {
                "concept": "160531AAAAAAAAAAAAAAAAAAAAAAAAAAAAAA",
                "rendering": "repeating"
              },
              "validators": [],
              "hide": {
                "hideWhenExpression": "complaintsToday !== '1065AAAAAAAAAAAAAAAAAAAAAAAAAAAAAAAA'"
              },
              "questions": [
                {
                  "label": "Complaint",
                  "type": "obs",
                  "id": "cOmplaIntField",
                  "questionOptions": {
                    "concept": "5219AAAAAAAAAAAAAAAAAAAAAAAAAAAAAAAA",
                    "rendering": "select",
                    "answers": [
                      {
                        "concept": "151AAAAAAAAAAAAAAAAAAAAAAAAAAAAAAAAA",
                        "label": "Abdominal pain"
                      },
                      {
                        "concept": "141631AAAAAAAAAAAAAAAAAAAAAAAAAAAAAA",
                        "label": "Abnormal Uterine Bleeding"
                      },
                      {
                        "concept": "121543AAAAAAAAAAAAAAAAAAAAAAAAAAAAAA",
                        "label": "Anxiety"
                      },
                      {
                        "concept": "148035AAAAAAAAAAAAAAAAAAAAAAAAAAAAAA",
                        "label": "Back pain"
                      },
                      {
                        "concept": "840AAAAAAAAAAAAAAAAAAAAAAAAAAAAAAAAA",
                        "label": "Bloody Urine"
                      },
                      {
                        "concept": "117671AAAAAAAAAAAAAAAAAAAAAAAAAAAAAA",
                        "label": "Blood in stool"
                      },
                      {
                        "concept": "131021AAAAAAAAAAAAAAAAAAAAAAAAAAAAAA",
                        "label": "Breast Pain"
                      },
                      {
                        "concept": "120749AAAAAAAAAAAAAAAAAAAAAAAAAAAAAA",
                        "label": "Chest Pain"
                      },
                      {
                        "concept": "871AAAAAAAAAAAAAAAAAAAAAAAAAAAAAAAAA",
                        "label": "Cold and Chills"
                      },
                      {
                        "concept": "120345AAAAAAAAAAAAAAAAAAAAAAAAAAAAAA",
                        "label": "Confusion"
                      },
                      {
                        "concept": "143264AAAAAAAAAAAAAAAAAAAAAAAAAAAAAA",
                        "label": "Cough"
                      },
                      {
                        "concept": "113054AAAAAAAAAAAAAAAAAAAAAAAAAAAAAA",
                        "label": "Convulsions"
                      },
                      {
                        "concept": "144576AAAAAAAAAAAAAAAAAAAAAAAAAAAAAA",
                        "label": "Coma"
                      },
                      {
                        "concept": "106AAAAAAAAAAAAAAAAAAAAAAAAAAAAAAAAA",
                        "label": "Coryza"
                      },
                      {
                        "concept": "143129AAAAAAAAAAAAAAAAAAAAAAAAAAAAAA",
                        "label": "Crying Infant"
                      },
                      {
                        "concept": "119574AAAAAAAAAAAAAAAAAAAAAAAAAAAAAA",
                        "label": "Delirium"
                      },
                      {
                        "concept": "119537AAAAAAAAAAAAAAAAAAAAAAAAAAAAAA",
                        "label": "Depression"
                      },
                      {
                        "concept": "142412AAAAAAAAAAAAAAAAAAAAAAAAAAAAAA",
                        "label": "Diarrhea"
                      },
                      {
                        "concept": "122496AAAAAAAAAAAAAAAAAAAAAAAAAAAAAA",
                        "label": "Difficult in breathing"
                      },
                      {
                        "concept": "118789AAAAAAAAAAAAAAAAAAAAAAAAAAAAAA",
                        "label": "Difficulty in swallowing"
                      },
                      {
                        "concept": "142247AAAAAAAAAAAAAAAAAAAAAAAAAAAAAA",
                        "label": "Discharge from Penis"
                      },
                      {
                        "concept": "141830AAAAAAAAAAAAAAAAAAAAAAAAAAAAAA",
                        "label": "Dizziness"
                      },
                      {
                        "concept": "141585AAAAAAAAAAAAAAAAAAAAAAAAAAAAAA",
                        "label": "Ear Pain"
                      },
                      {
                        "concept": "141128AAAAAAAAAAAAAAAAAAAAAAAAAAAAAA",
                        "label": "Epigastric Pain"
                      },
                      {
                        "concept": "131040AAAAAAAAAAAAAAAAAAAAAAAAAAAAAA",
                        "label": "Eye Pain"
                      },
                      {
                        "concept": "140941AAAAAAAAAAAAAAAAAAAAAAAAAAAAAA",
                        "label": "Excessive Sweating"
                      },
                      {
                        "concept": "114399AAAAAAAAAAAAAAAAAAAAAAAAAAAAAA",
                        "label": "Facial Pain"
                      },
                      {
                        "concept": "162626AAAAAAAAAAAAAAAAAAAAAAAAAAAAAA",
                        "label": "Fatigue/weakness"
                      },
                      {
                        "concept": "140070AAAAAAAAAAAAAAAAAAAAAAAAAAAAAA",
                        "label": "Flank Pain"
                      },
                      {
                        "concept": "140238AAAAAAAAAAAAAAAAAAAAAAAAAAAAAA",
                        "label": "Fever"
                      },
                      {
                        "concept": "135462AAAAAAAAAAAAAAAAAAAAAAAAAAAAAA",
                        "label": "Genital Ulcer"
                      },
                      {
                        "concept": "139084AAAAAAAAAAAAAAAAAAAAAAAAAAAAAA",
                        "label": "Headache"
                      },
                      {
                        "concept": "117698AAAAAAAAAAAAAAAAAAAAAAAAAAAAAA",
                        "label": "Hearing Loss"
                      },
                      {
                        "concept": "116214AAAAAAAAAAAAAAAAAAAAAAAAAAAAAA",
                        "label": "Hypotension"
                      },
                      {
                        "concept": "879AAAAAAAAAAAAAAAAAAAAAAAAAAAAAAAAA",
                        "label": "Itchiness/Pruritus"
                      },
                      {
                        "concept": "116558AAAAAAAAAAAAAAAAAAAAAAAAAAAAAA",
                        "label": "Joint Pain"
                      },
                      {
                        "concept": "114395AAAAAAAAAAAAAAAAAAAAAAAAAAAAAA",
                        "label": "Leg Pain"
                      },
                      {
                        "concept": "116334AAAAAAAAAAAAAAAAAAAAAAAAAAAAAA",
                        "label": "Lethargy"
                      },
                      {
                        "concept": "135595AAAAAAAAAAAAAAAAAAAAAAAAAAAAAA",
                        "label": "Loss of Appetite"
                      },
                      {
                        "concept": "135488AAAAAAAAAAAAAAAAAAAAAAAAAAAAAA",
                        "label": "Lymphadenopathy"
                      },
                      {
                        "concept": "121657AAAAAAAAAAAAAAAAAAAAAAAAAAAAAA",
                        "label": "Memory Loss"
                      },
                      {
                        "concept": "111721AAAAAAAAAAAAAAAAAAAAAAAAAAAAAA",
                        "label": "Mouth Ulceration"
                      },
                      {
                        "concept": "131015AAAAAAAAAAAAAAAAAAAAAAAAAAAAAA",
                        "label": "Mouth Pain"
                      },
                      {
                        "concept": "133028AAAAAAAAAAAAAAAAAAAAAAAAAAAAAA",
                        "label": "Muscle cramps"
                      },
                      {
                        "concept": "133632AAAAAAAAAAAAAAAAAAAAAAAAAAAAAA",
                        "label": "Muscle Pain"
                      },
                      {
                        "concept": "121AAAAAAAAAAAAAAAAAAAAAAAAAAAAAAAAA",
                        "label": "Mylagia"
                      },
                      {
                        "concept": "5978AAAAAAAAAAAAAAAAAAAAAAAAAAAAAAAA",
                        "label": "Nausea"
                      },
                      {
                        "concept": "133469AAAAAAAAAAAAAAAAAAAAAAAAAAAAAA",
                        "label": "Neck Pain"
                      },
                      {
                        "concept": "133027AAAAAAAAAAAAAAAAAAAAAAAAAAAAAA",
                        "label": "Night sweats"
                      },
                      {
                        "concept": "132653AAAAAAAAAAAAAAAAAAAAAAAAAAAAAA",
                        "label": "Numbness"
                      },
                      {
                        "concept": "162628AAAAAAAAAAAAAAAAAAAAAAAAAAAAAA",
                        "label": "Unexplained bleeding"
                      },
                      {
                        "concept": "125225AAAAAAAAAAAAAAAAAAAAAAAAAAAAAA",
                        "label": "Pain when Swallowing"
                      },
                      {
                        "concept": "131034AAAAAAAAAAAAAAAAAAAAAAAAAAAAAA",
                        "label": "Pelvic Pain"
                      },
                      {
                        "concept": "5953AAAAAAAAAAAAAAAAAAAAAAAAAAAAAAAA",
                        "label": "Poor Vision"
                      },
                      {
                        "concept": "512AAAAAAAAAAAAAAAAAAAAAAAAAAAAAAAAA",
                        "label": "Rash"
                      },
                      {
                        "concept": "127777AAAAAAAAAAAAAAAAAAAAAAAAAAAAAA",
                        "label": "Red Eye"
                      },
                      {
                        "concept": "6017AAAAAAAAAAAAAAAAAAAAAAAAAAAAAAAA",
                        "label": "Refusal to feed"
                      },
                      {
                        "concept": "113224AAAAAAAAAAAAAAAAAAAAAAAAAAAAAA",
                        "label": "Running/Blocked nose"
                      },
                      {
                        "concept": "131032AAAAAAAAAAAAAAAAAAAAAAAAAAAAAA",
                        "label": "Scrotal Pain"
                      },
                      {
                        "concept": "206AAAAAAAAAAAAAAAAAAAAAAAAAAAAAAAAA",
                        "label": "Seizure"
                      },
                      {
                        "concept": "126535AAAAAAAAAAAAAAAAAAAAAAAAAAAAAA",
                        "label": "Shoulder Pain"
                      },
                      {
                        "concept": "112989AAAAAAAAAAAAAAAAAAAAAAAAAAAAAA",
                        "label": "Shock"
                      },
                      {
                        "concept": "158843AAAAAAAAAAAAAAAAAAAAAAAAAAAAAA",
                        "label": "Sore Throat"
                      },
                      {
                        "concept": "141597AAAAAAAAAAAAAAAAAAAAAAAAAAAAAA",
                        "label": "Sleep Disturbance"
                      },
                      {
                        "concept": "125198AAAAAAAAAAAAAAAAAAAAAAAAAAAAAA",
                        "label": "Swollen Legs"
                      },
                      {
                        "concept": "112200AAAAAAAAAAAAAAAAAAAAAAAAAAAAAA",
                        "label": "Tremors"
                      },
                      {
                        "concept": "160208AAAAAAAAAAAAAAAAAAAAAAAAAAAAAA",
                        "label": "Urinary Symptoms"
                      },
                      {
                        "concept": "157498AAAAAAAAAAAAAAAAAAAAAAAAAAAAAA",
                        "label": "Weakness of Limbs"
                      },
                      {
                        "concept": "832AAAAAAAAAAAAAAAAAAAAAAAAAAAAAAAAA",
                        "label": "Weight Loss"
                      },
                      {
                        "concept": "123396AAAAAAAAAAAAAAAAAAAAAAAAAAAAAA",
                        "label": "Vaginal Discharge"
                      },
                      {
                        "concept": "122983AAAAAAAAAAAAAAAAAAAAAAAAAAAAAA",
                        "label": "Vomiting"
                      },
                      {
                        "concept": "111525AAAAAAAAAAAAAAAAAAAAAAAAAAAAAA",
                        "label": "Vertigo"
                      },
                      {
                        "concept": "5622AAAAAAAAAAAAAAAAAAAAAAAAAAAAAAAA",
                        "label": "Other"
                      }
                    ]
                  }
                },
                {
                  "label": "Specify other complaints",
                  "type": "obs",
                  "id": "OtherSpecificComplaints",
                  "questionOptions": {
                    "concept": "20395601-257c-490c-86c2-acffb627f91f",
                    "rendering": "textarea"
                  },
                  "validators": [],
                  "hide": {
                    "hideWhenExpression": "!isEmpty(cOmplaIntField) || cOmplaIntField !== '5622AAAAAAAAAAAAAAAAAAAAAAAAAAAAAAAA'"
                  }
                },
                {
                  "label": "Patient had contact with TB Infected person in the last 12 months?",
                  "type": "obs",
                  "id": "contactTB",
                  "required": "true",
                  "questionOptions": {
                    "concept": "124068AAAAAAAAAAAAAAAAAAAAAAAAAAAAAA",
                    "rendering": "radio",
                    "answers": [
                      {
                        "concept": "1065AAAAAAAAAAAAAAAAAAAAAAAAAAAAAAAA",
                        "label": "Yes"
                      },
                      {
                        "concept": "1066AAAAAAAAAAAAAAAAAAAAAAAAAAAAAAAA",
                        "label": "No"
                      }
                    ]
                  },
                  "hide": {
                    "hideWhenExpression": "cOmplaIntField !== '143264AAAAAAAAAAAAAAAAAAAAAAAAAAAAAA'"
                  }
                },
                {
                  "label": "Duration (Days)",
                  "type": "obs",
                  "id": "complaint-duration",
                  "questionOptions": {
                    "concept": "159368AAAAAAAAAAAAAAAAAAAAAAAAAAAAAA",
                    "rendering": "number",
                    "min": "0"
                  },
                  "validators": []
                },
                {
                  "label": "Onset Date",
                  "type": "obs",
                  "id": "OnSETdate",
                  "questionOptions": {
                    "concept": "159948AAAAAAAAAAAAAAAAAAAAAAAAAAAAAA",
                    "rendering": "date"
                  },
                  "validators": [
                    {
                      "type": "date",
                      "allowFutureDates": "false"
                    }
                  ]
                },
                {
                  "label": "Onset Status",
                  "type": "obs",
                  "id": "onsetStatus",
                  "questionOptions": {
                    "concept": "d7a3441d-6aeb-49be-b7d6-b2a3bb39e78d",
                    "rendering": "select",
                    "answers": [
                      {
                        "concept": "1499AAAAAAAAAAAAAAAAAAAAAAAAAAAAAAAA",
                        "label": "Gradual"
                      },
                      {
                        "concept": "162707AAAAAAAAAAAAAAAAAAAAAAAAAAAAAA",
                        "label": "Sudden"
                      }
                    ]
                  }
                }
              ]
            },
            {
              "label": "History of presenting illiness notes",
              "type": "obs",
              "id": "ClinICNotes",
              "questionOptions": {
                "concept": "160430AAAAAAAAAAAAAAAAAAAAAAAAAAAAAA",
                "rendering": "textarea"
              },
              "validators": [],
              "hide": {
                "hideWhenExpression": "visitTo === '167050AAAAAAAAAAAAAAAAAAAAAAAAAAAAAA'"
              }
            }
          ]
        },
        {
            "label": "Past Medical/Surgical History",
            "isExpanded": "true",
            "questions": [
              {
                "label": "Is there any additional history for this revisit?",
                "type": "obs",
                "id": "addItiOnalHist",
                "required": "true",
                "questionOptions": {
                    "concept": "163148AAAAAAAAAAAAAAAAAAAAAAAAAAAAAA",
                    "rendering": "radio",
                    "answers": [
                        {
                            "concept": "1065AAAAAAAAAAAAAAAAAAAAAAAAAAAAAAAA",
                            "label": "Yes"
                          },
                          {
                            "concept": "1066AAAAAAAAAAAAAAAAAAAAAAAAAAAAAAAA",
                            "label": "No"
                          }
                    ]
                },
                "hide": {
                    "hideWhenExpression": "isEmpty(visitType) || visitType !== '160530AAAAAAAAAAAAAAAAAAAAAAAAAAAAAA'"
                }
              },
              {
                "label": "Any chronic illnesses?",
                "type": "obs",
                "id": "chroniCillneSSes",
                "questionOptions": {
                  "rendering": "radio",
                  "concept": "140228AAAAAAAAAAAAAAAAAAAAAAAAAAAAAA",
                  "answers": [
                    {
                      "concept": "1065AAAAAAAAAAAAAAAAAAAAAAAAAAAAAAAA",
                      "label": "Yes"
                    },
                    {
                      "concept": "1066AAAAAAAAAAAAAAAAAAAAAAAAAAAAAAAA",
                      "label": "No"
                    }
                  ]
                },
                "hide": {
                  "hideWhenExpression": "visitTo === '167050AAAAAAAAAAAAAAAAAAAAAAAAAAAAAA'"
                }
              },
              {
                "label": "Record Conditions",
                "required": false,
                "id": "iLLsWorkspaceLauncher",
                "questionOptions": {
                  "rendering": "workspace-launcher",
                  "buttonLabel": "Add Conditions",
                  "workspaceName": "conditions-form-workspace"
                },
                "hide": {
                  "hideWhenExpression": "chroniCillneSSes !== '1065AAAAAAAAAAAAAAAAAAAAAAAAAAAAAAAA'"
                }
              },
              {
                "label": "Any Medication taken before this visit",
                "type": "obs",
                "id": "medHis",
                "questionOptions": {
                  "rendering": "radio",
                  "concept": "1628AAAAAAAAAAAAAAAAAAAAAAAAAAAAAAAA",
                  "answers": [
                    {
                      "concept": "1065AAAAAAAAAAAAAAAAAAAAAAAAAAAAAAAA",
                      "label": "Yes"
                    },
                    {
                      "concept": "1066AAAAAAAAAAAAAAAAAAAAAAAAAAAAAAAA",
                      "label": "No"
                    }
                  ]
                },
                "hide": {
                  "hideWhenExpression": "isEmpty(addItiOnalHist) || visitTo === '167050AAAAAAAAAAAAAAAAAAAAAAAAAAAAAA' || addItiOnalHist === '1066AAAAAAAAAAAAAAAAAAAAAAAAAAAAAAAA'"
                }
              },
              {
                "label": "Past Medication/Drug History",
                "type": "obs",
                "id": "MedsPast",
                "questionOptions": {
                  "concept": "",
                  "rendering": "checkbox",
                  "answers": [
                    {
                      "concept": "167427AAAAAAAAAAAAAAAAAAAAAAAAAAAAAA",
                      "label": "Anticonvulsant therapy"
                    },
                    {
                      "concept": "780AAAAAAAAAAAAAAAAAAAAAAAAAAAAAAAAA",
                      "label": "Oral contraceptive or other estrogen-based contraceptive preparation"
                    },
                    {
                      "concept": "73951AAAAAAAAAAAAAAAAAAAAAAAAAAAAAAA",
                      "label": "Corticosteroids"
                    },
                    {
                      "concept": "166106AAAAAAAAAAAAAAAAAAAAAAAAAAAAAA",
                      "label": "Anticoagulants or antiplatelet agents"
                    },
                    {
                      "concept": "5622AAAAAAAAAAAAAAAAAAAAAAAAAAAAAAAA",
                      "label": "Others"
                    }
                  ]
                },
                "hide": {
                  "hideWhenExpression": "medHis !== '1065AAAAAAAAAAAAAAAAAAAAAAAAAAAAAAAA'"
                }
              },
              {
                "label": "Other Medication History",
                "type": "obsGroup",
                "id": "pastprescribedDrugs",
                "questionOptions": {
                  "concept": "1628AAAAAAAAAAAAAAAAAAAAAAAAAAAAAAAA",
                  "rendering": "repeating"
                },
                "validators": [],
                "hide": {
                  "hideWhenExpression": "isEmpty(MedsPast) || !arrayContains(MedsPast, '5622AAAAAAAAAAAAAAAAAAAAAAAAAAAAAAAA')"
                },
                "questions": [
                  {
                    "label": "Drug Name",
                    "type": "obs",
                    "id": "druG",
                    "questionOptions": {
                      "concept": "162725AAAAAAAAAAAAAAAAAAAAAAAAAAAAAA",
                      "rendering": "text"
                    }
                  },
                  {
                    "label": "Dosage",
                    "type": "obs",
                    "id": "dose",
                    "questionOptions": {
                      "concept": "1443AAAAAAAAAAAAAAAAAAAAAAAAAAAAAAAA",
                      "rendering": "number"
                    }
                  },
                  {
                    "label": "Frequency",
                    "type": "obs",
                    "id": "frequency",
                    "questionOptions": {
                      "concept": "160855AAAAAAAAAAAAAAAAAAAAAAAAAAAAAA",
                      "rendering": "select",
                      "answers": [
                        {
                          "concept": "160864AAAAAAAAAAAAAAAAAAAAAAAAAAAAAA",
                          "label": "Once daily in the evening"
                        },
                        {
                          "concept": "160866AAAAAAAAAAAAAAAAAAAAAAAAAAAAAA",
                          "label": "Thrice daily"
                        },
                        {
                          "concept": "160862AAAAAAAAAAAAAAAAAAAAAAAAAAAAAA",
                          "label": "Once daily"
                        },
                        {
                          "concept": "160865AAAAAAAAAAAAAAAAAAAAAAAAAAAAAA",
                          "label": "Once daily in the morning"
                        },
                        {
                          "concept": "160863AAAAAAAAAAAAAAAAAAAAAAAAAAAAAA",
                          "label": "Once daily at bedtime"
                        },
                        {
                          "concept": "160858AAAAAAAAAAAAAAAAAAAAAAAAAAAAAA",
                          "label": "Twice daily"
                        },
                        {
                          "concept": "160870AAAAAAAAAAAAAAAAAAAAAAAAAAAAAA",
                          "label": "Four times daily"
                        }
                      ]
                    }
                  },
                  {
                    "label": "Route of Adminstration",
                    "type": "obs",
                    "id": "routeOfAdmin",
                    "questionOptions": {
                      "concept": "163398AAAAAAAAAAAAAAAAAAAAAAAAAAAAAA",
                      "rendering": "select",
                      "answers": [
                        {
                          "concept": "160240AAAAAAAAAAAAAAAAAAAAAAAAAAAAAA",
                          "label": "Oral"
                        },
                        {
                          "concept": "160242AAAAAAAAAAAAAAAAAAAAAAAAAAAAAA",
                          "label": "Intravenous"
                        },
                        {
                          "concept": "160243AAAAAAAAAAAAAAAAAAAAAAAAAAAAAA",
                          "label": "Intramuscular"
                        },
                        {
                          "concept": "160245AAAAAAAAAAAAAAAAAAAAAAAAAAAAAA",
                          "label": "Subcutaneous"
                        },
                        {
                          "concept": "160241AAAAAAAAAAAAAAAAAAAAAAAAAAAAAA",
                          "label": "Inhalation"
                        },
                        {
                          "concept": "161253AAAAAAAAAAAAAAAAAAAAAAAAAAAAAA",
                          "label": "Intranasal"
                        },
                        {
                          "concept": "162391AAAAAAAAAAAAAAAAAAAAAAAAAAAAAA",
                          "label": "Transdermal"
                        },
                        {
                          "concept": "162392AAAAAAAAAAAAAAAAAAAAAAAAAAAAAA",
                          "label": "Vaginally"
                        },
                        {
                          "concept": "162393AAAAAAAAAAAAAAAAAAAAAAAAAAAAAA",
                          "label": "Rectally"
                        },
                        {
                          "concept": "162824AAAAAAAAAAAAAAAAAAAAAAAAAAAAAA",
                          "label": "Intraosseous"
                        },
                        {
                          "concept": "162391AAAAAAAAAAAAAAAAAAAAAAAAAAAAAA",
                          "label": "Transdermal"
                        }
                      ]
                    }
                  }
                ]
              },
              {
                "label": "Patient pregnant?",
                "type": "obs",
                "id": "pregnancyOption",
                "required": "true",
                "questionOptions": {
                  "concept": "5272AAAAAAAAAAAAAAAAAAAAAAAAAAAAAAAA",
                  "rendering": "radio",
                  "answers": [
                    {
                      "concept": "1065AAAAAAAAAAAAAAAAAAAAAAAAAAAAAAAA",
                      "label": "Yes"
                    },
                    {
                      "concept": "1066AAAAAAAAAAAAAAAAAAAAAAAAAAAAAAAA",
                      "label": "No"
                    }
                  ]
                },
                "hide": {
                    "hideWhenExpression": "age < 15 || sex !== F"
                }
              },
              {
                "label": "Gestational age of the current pregnancy",
                "type": "obs",
                "id": "gestation",
                "questionOptions": {
                  "concept": "1789AAAAAAAAAAAAAAAAAAAAAAAAAAAAAAAA",
                  "rendering": "number",
                  "min": "0"
                },
                "hide": {
                  "hideWhenExpression": "isEmpty(pregnancyOption) || pregnancyOption !== '1065AAAAAAAAAAAAAAAAAAAAAAAAAAAAAAAA'"
                }
              },
              {
                "label": "Have you had any previous travel-related illiness?",
                "type": "obs",
                "id": "TraVelHistory",
                "questionOptions": {
                  "rendering": "radio",
                  "concept": "165656AAAAAAAAAAAAAAAAAAAAAAAAAAAAAA",
                  "answers": [
                    {
                      "concept": "1065AAAAAAAAAAAAAAAAAAAAAAAAAAAAAAAA",
                      "label": "Yes"
                    },
                    {
                      "concept": "1066AAAAAAAAAAAAAAAAAAAAAAAAAAAAAAAA",
                      "label": "No"
                    }
                  ]
                },
                "hide": {
                  "hideWhenExpression": "isEmpty(addItiOnalHist) || visitTo === '167050AAAAAAAAAAAAAAAAAAAAAAAAAAAAAA' || addItiOnalHist === '1066AAAAAAAAAAAAAAAAAAAAAAAAAAAAAAAA'"
                }
              },
              {
                "label": "Specify illness",
                "type": "obs",
                "id": "traVelIllness",
                "questionOptions": {
                  "concept": "165996AAAAAAAAAAAAAAAAAAAAAAAAAAAAAA",
                  "rendering": "text"
                },
                "hide": {
                  "hideWhenExpression": "TraVelHistory !== '1065AAAAAAAAAAAAAAAAAAAAAAAAAAAAAAAA'"
                }
              },
              {
                "label": "Previous vaccinations for Travel",
                "type": "obs",
                "id": "prevVaCC",
                "questionOptions": {
                  "rendering": "radio",
                  "concept": "984AAAAAAAAAAAAAAAAAAAAAAAAAAAAAAAAA",
                  "answers": [
                    {
                      "concept": "1065AAAAAAAAAAAAAAAAAAAAAAAAAAAAAAAA",
                      "label": "Yes"
                    },
                    {
                      "concept": "1066AAAAAAAAAAAAAAAAAAAAAAAAAAAAAAAA",
                      "label": "No"
                    }
                  ]
                },
                "hide": {
                  "hideWhenExpression": "isEmpty(addItiOnalHist) || visitTo === '167050AAAAAAAAAAAAAAAAAAAAAAAAAAAAAA' || addItiOnalHist === '1066AAAAAAAAAAAAAAAAAAAAAAAAAAAAAAAA'"
                }
              },
              {
                "label": "Record vaccines",
                "required": false,
                "id": "VaccsWorkspaceLauncher",
                "questionOptions": {
                  "rendering": "workspace-launcher",
                  "buttonLabel": "Add Vaccinations",
                  "workspaceName": "immunization-form-workspace"
                },
                "hide": {
                  "hideWhenExpression": "prevVaCC !== '1065AAAAAAAAAAAAAAAAAAAAAAAAAAAAAAAA'"
                }
              },
              {
                "label": "Any Surgical History",
                "type": "obs",
                "id": "surgHis",
                "questionOptions": {
                  "rendering": "radio",
                  "concept": "30fe6669-75f3-4a1d-89c3-753a060d559a",
                  "answers": [
                    {
                      "concept": "1065AAAAAAAAAAAAAAAAAAAAAAAAAAAAAAAA",
                      "label": "Yes"
                    },
                    {
                      "concept": "1066AAAAAAAAAAAAAAAAAAAAAAAAAAAAAAAA",
                      "label": "No"
                    }
                  ]
                },
                "hide": {
                  "hideWhenExpression": "isEmpty(addItiOnalHist) || visitTo === '167050AAAAAAAAAAAAAAAAAAAAAAAAAAAAAA' || addItiOnalHist === '1066AAAAAAAAAAAAAAAAAAAAAAAAAAAAAAAA'"
                }
              },
              {
                "label": "Type of Surgery performed",
                "type": "obs",
                "id": "typeofSurgery",
                "questionOptions": {
                  "concept": "166635AAAAAAAAAAAAAAAAAAAAAAAAAAAAAA",
                  "rendering": "text"
                },
                "hide": {
                  "hideWhenExpression": "surgHis !== '1065AAAAAAAAAAAAAAAAAAAAAAAAAAAAAAAA'"
                }
              },
              {
                "label": "Date Surgery Performed?",
                "type": "obs",
                "id": "dateOfSurgery",
                "questionOptions": {
                  "concept": "160715AAAAAAAAAAAAAAAAAAAAAAAAAAAAAA",
                  "rendering": "date"
                },
                "hide": {
                  "hideWhenExpression": "surgHis !== '1065AAAAAAAAAAAAAAAAAAAAAAAAAAAAAAAA'"
                },
                "validators": [
                  {
                    "type": "date",
                    "allowFutureDates": "false"
                  }
                ]
              },
              {
                "label": "Indication of surgery:",
                "type": "obs",
                "id": "surgeryIndication",
                "questionOptions": {
                  "concept": "163393AAAAAAAAAAAAAAAAAAAAAAAAAAAAAA",
                  "rendering": "text"
                },
                "hide": {
                  "hideWhenExpression": "surgHis !== '1065AAAAAAAAAAAAAAAAAAAAAAAAAAAAAAAA'"
                }
              },
              {
                "label": "Any history of Trauma/accident?",
                "type": "obs",
                "id": "tRauMAccIdEnt",
                "questionOptions": {
                  "rendering": "radio",
                  "concept": "1716AAAAAAAAAAAAAAAAAAAAAAAAAAAAAAAA",
                  "answers": [
                    {
                      "concept": "1065AAAAAAAAAAAAAAAAAAAAAAAAAAAAAAAA",
                      "label": "Yes"
                    },
                    {
                      "concept": "1066AAAAAAAAAAAAAAAAAAAAAAAAAAAAAAAA",
                      "label": "No"
                    }
                  ]
                },
                "hide": {
                  "hideWhenExpression": "isEmpty(addItiOnalHist) || visitTo === '167050AAAAAAAAAAAAAAAAAAAAAAAAAAAAAA' || addItiOnalHist === '1066AAAAAAAAAAAAAAAAAAAAAAAAAAAAAAAA'"
                }
              },
              {
                "label": "Explain Trauma/Accident",
                "type": "obs",
                "id": "TraUMAcc",
                "questionOptions": {
                  "concept": "1671AAAAAAAAAAAAAAAAAAAAAAAAAAAAAAAA",
                  "rendering": "textarea",
                  "rows": "8"
                },
                "hide": {
                  "hideWhenExpression": "tRauMAccIdEnt !== '1065AAAAAAAAAAAAAAAAAAAAAAAAAAAAAAAA'"
                }
              },
              {
                "label": "Any Admission History",
                "type": "obs",
                "id": "admissionHistory",
                "questionOptions": {
                  "rendering": "radio",
                  "concept": "165644AAAAAAAAAAAAAAAAAAAAAAAAAAAAAA",
                  "answers": [
                    {
                      "concept": "1065AAAAAAAAAAAAAAAAAAAAAAAAAAAAAAAA",
                      "label": "Yes"
                    },
                    {
                      "concept": "1066AAAAAAAAAAAAAAAAAAAAAAAAAAAAAAAA",
                      "label": "No"
                    }
                  ]
                },
                "hide": {
                  "hideWhenExpression": "isEmpty(addItiOnalHist) || visitTo === '167050AAAAAAAAAAAAAAAAAAAAAAAAAAAAAA' || addItiOnalHist === '1066AAAAAAAAAAAAAAAAAAAAAAAAAAAAAAAA'"
                }
              },
              {
                "label": "Reason for admission",
                "type": "obs",
                "id": "admiReason",
                "questionOptions": {
                  "concept": "162879AAAAAAAAAAAAAAAAAAAAAAAAAAAAAA",
                  "rendering": "text"
                },
                "hide": {
                  "hideWhenExpression": "admissionHistory !== '1065AAAAAAAAAAAAAAAAAAAAAAAAAAAAAAAA'"
                }
              },
              {
                "label": "Date of Admission",
                "type": "obs",
                "id": "dateOfAdmission",
                "questionOptions": {
                  "concept": "1640AAAAAAAAAAAAAAAAAAAAAAAAAAAAAAAA",
                  "rendering": "date"
                },
                "hide": {
                  "hideWhenExpression": "admissionHistory !== '1065AAAAAAAAAAAAAAAAAAAAAAAAAAAAAAAA'"
                },
                "validators": [
                  {
                    "type": "date",
                    "allowFutureDates": "false"
                  }
                ]
              }
            ]
          }
      ]
    },
    {
      "label": "Patient's Examination",
      "sections": [
        {
          "label": "General Examination Findings",
          "isExpanded": "true",
          "questions": [
            {
              "label": "Physical examination findings:",
              "required": "true",
              "type": "obs",
              "questionOptions": {
                "rendering": "checkbox",
                "concept": "162737AAAAAAAAAAAAAAAAAAAAAAAAAAAAAA",
                "answers": [
                  {
                    "concept": "1107AAAAAAAAAAAAAAAAAAAAAAAAAAAAAAAA",
                    "label": "None"
                  },
                  {
                    "concept": "136443AAAAAAAAAAAAAAAAAAAAAAAAAAAAAA",
                    "label": "Jaundice",
                    "disableWhenExpression": "myValue === '1107AAAAAAAAAAAAAAAAAAAAAAAAAAAAAAAA'"
                  },
                  {
                    "concept": "460AAAAAAAAAAAAAAAAAAAAAAAAAAAAAAAAA",
                    "label": "Oedema",
                    "disableWhenExpression": "myValue === '1107AAAAAAAAAAAAAAAAAAAAAAAAAAAAAAAA'"
                  },
                  {
                    "concept": "5334AAAAAAAAAAAAAAAAAAAAAAAAAAAAAAAA",
                    "label": "Oral thrush",
                    "disableWhenExpression": "myValue === '1107AAAAAAAAAAAAAAAAAAAAAAAAAAAAAAAA'"
                  },
                  {
                    "concept": "5245AAAAAAAAAAAAAAAAAAAAAAAAAAAAAAAA",
                    "label": "Pallor",
                    "disableWhenExpression": "myValue === '1107AAAAAAAAAAAAAAAAAAAAAAAAAAAAAAAA'"
                  },
                  {
                    "concept": "140125AAAAAAAAAAAAAAAAAAAAAAAAAAAAAA",
                    "label": "Finger Clubbing",
                    "disableWhenExpression": "myValue === '1107AAAAAAAAAAAAAAAAAAAAAAAAAAAAAAAA'"
                  },
                  {
                    "concept": "126952AAAAAAAAAAAAAAAAAAAAAAAAAAAAAA",
                    "label": "Lymph Node Axillary",
                    "disableWhenExpression": "myValue === '1107AAAAAAAAAAAAAAAAAAAAAAAAAAAAAAAA'"
                  },
                  {
                    "concept": "143050AAAAAAAAAAAAAAAAAAAAAAAAAAAAAA",
                    "label": "Cyanosis",
                    "disableWhenExpression": "myValue === '1107AAAAAAAAAAAAAAAAAAAAAAAAAAAAAAAA'"
                  },
                  {
                    "concept": "126939AAAAAAAAAAAAAAAAAAAAAAAAAAAAAA",
                    "label": "Lymph Nodes Inguinal",
                    "disableWhenExpression": "myValue === '1107AAAAAAAAAAAAAAAAAAAAAAAAAAAAAAAA'"
                  },
                  {
                    "concept": "823AAAAAAAAAAAAAAAAAAAAAAAAAAAAAAAAA",
                    "label": "Wasting",
                    "disableWhenExpression": "myValue === '1107AAAAAAAAAAAAAAAAAAAAAAAAAAAAAAAA'"
                  },
                  {
                    "concept": "142630AAAAAAAAAAAAAAAAAAAAAAAAAAAAAA",
                    "label": "Dehydration",
                    "disableWhenExpression": "myValue === '1107AAAAAAAAAAAAAAAAAAAAAAAAAAAAAAAA'"
                  },
                  {
                    "concept": "116334AAAAAAAAAAAAAAAAAAAAAAAAAAAAAA",
                    "label": "Lethargic",
                    "disableWhenExpression": "myValue === '1107AAAAAAAAAAAAAAAAAAAAAAAAAAAAAAAA'"
                  }
                ]
              },
              "validators": [],
              "hide": {
                "hideWhenExpression": "isEmpty(visitScheduled) || personPresent !== '978AAAAAAAAAAAAAAAAAAAAAAAAAAAAAAAAA'"
              },
              "id": "genExamFindings"
            }
          ]
        }
      ]
    },
    {
      "label": "Patient's Management",
      "sections": [
        {
            "label": "Investigations",
            "isExpanded": "true",
            "questions": [
              {
                "label": "Order any Investigation?",
                "type": "obs",
                "id": "investigationOrderd",
                "questionOptions": {
                  "rendering": "radio",
                  "concept": "0179f241-8c1d-47c1-8128-841f6508e251",
                  "answers": [
                    {
                      "concept": "1065AAAAAAAAAAAAAAAAAAAAAAAAAAAAAAAA",
                      "label": "Yes"
                    },
                    {
                      "concept": "1066AAAAAAAAAAAAAAAAAAAAAAAAAAAAAAAA",
                      "label": "No"
                    }
                  ]
                },
                "hide": {
                  "hideWhenExpression": "visitTo === '167050AAAAAAAAAAAAAAAAAAAAAAAAAAAAAA'"
                }
              },
              {
                "label": "Order Investigations",
                "required": false,
                "id": "aLLWorkspaceLauncher",
                "questionOptions": {
                  "rendering": "workspace-launcher",
                  "buttonLabel": "Add orders",
                  "workspaceName": "order-basket"
                },
                "hide": {
                  "hideWhenExpression": "isEmpty(investigationOrderd) || investigationOrderd !== '1065AAAAAAAAAAAAAAAAAAAAAAAAAAAAAAAA'"
                }
              }
            ]
          },
        {
          "label": "Patient Diagnosis",
          "isExpanded": "true",
          "questions": [
            {
              "label": "Diagnosis",
              "id": "DiagNosIS",
              "type": "diagnosis",
              "questionOptions": {
                "rendering": "repeating",
                "dataSource": "diagnoses",
                "rank": 1,
                "datasource": {
                  "name": "diagnoses",
                  "config": {
                    "conceptSourceUuid": "39ADDDDDDDDDDDDDDDDDDDDDDDDDDDDDDDDD"
                  }
                }
              }
            },
            {
              "label": "Diagnosis Categorization",
              "required": "true",
              "type": "obs",
              "id": "dxCategory",
              "questionOptions": {
                "rendering": "radio",
                "concept": "1f852fa4-caa6-4ad3-9f8e-551219af52ad",
                "answers": [
                  {
                    "concept": "1687AAAAAAAAAAAAAAAAAAAAAAAAAAAAAAAA",
                    "label": "New diagnosis"
                  },
                  {
                    "concept": "c38d0531-69e4-4f41-9baa-d1539fd22b24",
                    "label": "Pre-Existing diagnosis"
                  }
                ]
              }
            },
            {
                "label": "Pre-Travel vaccinations given?",
                "type": "obs",
                "id": "preTravelvVaCC",
                "questionOptions": {
                  "rendering": "radio",
                  "concept": "984AAAAAAAAAAAAAAAAAAAAAAAAAAAAAAAAA",
                  "answers": [
                    {
                      "concept": "1065AAAAAAAAAAAAAAAAAAAAAAAAAAAAAAAA",
                      "label": "Yes"
                    },
                    {
                      "concept": "1066AAAAAAAAAAAAAAAAAAAAAAAAAAAAAAAA",
                      "label": "No"
                    }
                  ]
                },
                "hide": {
                  "hideWhenExpression": "visitTo === ''"
                }
              },
              {
                "label": "Record vaccines",
                "required": false,
                "id": "VaccsWorkspaceLauncher",
                "questionOptions": {
                  "rendering": "workspace-launcher",
                  "buttonLabel": "Add Vaccinations",
                  "workspaceName": "immunization-form-workspace"
                },
                "hide": {
                  "hideWhenExpression": "preTravelvVaCC !== '1065AAAAAAAAAAAAAAAAAAAAAAAAAAAAAAAA'"
                }
              },
              {
                "label": "Prophylaxis and preventive measures",
                "type": "obs",
                "id": "propMalariA",
                "questionOptions": {
                  "rendering": "radio",
                  "concept": "97241e6a-847c-4a23-aae5-67bea8043750",
                  "answers": [
                    {
                      "concept": "159610AAAAAAAAAAAAAAAAAAAAAAAAAAAAAA",
                      "label": "Malaria Prophylaxis"
                    },
                    {
                      "concept": "c9404c8f-cf83-4bfe-acc0-4881599c78ba",
                      "label": "Personal  preventive measures"
                    }
                  ]
                },
                "hide": {
                  "hideWhenExpression": "visitTo === ''"
                }
              },
              {
                "label": "Type personal  preventive measures",
                "type": "obs",
                "id": "pppEs",
                "questionOptions": {
                  "rendering": "checkbox",
                  "concept": "c9404c8f-cf83-4bfe-acc0-4881599c78ba",
                  "answers": [
                    {
                      "concept": "159610AAAAAAAAAAAAAAAAAAAAAAAAAAAAAA",
                      "label": "Insect repellents"
                    },
                    {
                      "concept": "159855AAAAAAAAAAAAAAAAAAAAAAAAAAAAAA",
                      "label": "Bed nets"
                    },
                    {
                        "concept": "c9f87fed-26ca-444c-9912-c1dc2813d40f",
                        "label": "Emergency Kits"
                      },
                      {
                        "concept": "5622AAAAAAAAAAAAAAAAAAAAAAAAAAAAAAAA",
                        "label": "Other (Specify)"
                      }
                  ]
                },
                "hide": {
                  "hideWhenExpression": "propMalariA !== 'c9404c8f-cf83-4bfe-acc0-4881599c78ba'"
                }
              },
              {
                "label": "Counselling and Health Education given",
                "type": "obs",
                "id": "healThEdu",
                "questionOptions": {
                  "rendering": "radio",
                  "concept": "164875AAAAAAAAAAAAAAAAAAAAAAAAAAAAAA",
                  "answers": [
                    {
                      "concept": "164870AAAAAAAAAAAAAAAAAAAAAAAAAAAAAA",
                      "label": "Water and food safety"
                    },
                    {
                      "concept": "156201AAAAAAAAAAAAAAAAAAAAAAAAAAAAAA",
                      "label": "Sun and heat exposure precautions"
                    }
                  ]
                },
                "hide": {
                  "hideWhenExpression": "visitTo === ''"
                }
              }
          ]
        }
      ]
    },
    {
      "label": "Plan and requested actions",
      "sections": [
        {
          "label": "Plan and requested actions",
          "isExpanded": "true",
          "questions": [
            {
              "label": "Name of Procedures Ordered",
              "type": "obs",
              "id": "procedureOrderd",
              "questionOptions": {
                "concept": "1806AAAAAAAAAAAAAAAAAAAAAAAAAAAAAAAA",
                "rendering": "multiCheckbox",
                "answers": [
                  {
                    "concept": "156560AAAAAAAAAAAAAAAAAAAAAAAAAAAAAA",
                    "label": "Hearing AID Fitting"
                  },
                  {
                    "concept": "0341285e-9c74-464e-9384-1f1d9eb6e3cd",
                    "label": "Hearing AID Demonstration"
                  },
                  {
                    "concept": "861AAAAAAAAAAAAAAAAAAAAAAAAAAAAAAAAA",
                    "label": "Earmould Manufacture"
                  },
                  {
                    "concept": "118582AAAAAAAAAAAAAAAAAAAAAAAAAAAAAA",
                    "label": "Vestibular Rehabilation"
                  },
                  {
                    "concept": "ac77f9a5-8878-4e33-b6c5-7a92b138cdf1",
                    "label": "Visual Reinforcement Audiometry"
                  },
                  {
                    "concept": "5622AAAAAAAAAAAAAAAAAAAAAAAAAAAAAAAA",
                    "label": "Others"
                  }
                ]
              },
              "hide": {
                "hideWhenExpression": ""
              }
            },
            {
              "label": "Other (Specify)",
              "type": "obs",
              "id": "specifyProceDure",
              "questionOptions": {
                "concept": "160632AAAAAAAAAAAAAAAAAAAAAAAAAAAAAA",
                "rendering": "text"
              },
              "validators": [],
              "hide": {
                "hideWhenExpression": "isEmpty(procedureOrderd) || !arrayContains(['5622AAAAAAAAAAAAAAAAAAAAAAAAAAAAAAAA'], procedureOrderd)"
              }
            },
            {
              "label": "Therapy ordered",
              "type": "obs",
              "id": "theRapyOrdered",
              "questionOptions": {
                "concept": "160846AAAAAAAAAAAAAAAAAAAAAAAAAAAAAA",
                "rendering": "checkbox",
                "answers": [
                  {
                    "concept": "1107AAAAAAAAAAAAAAAAAAAAAAAAAAAAAAAA",
                    "label": "None"
                  },
                  {
                    "concept": "9fbf5c54-17cd-44d0-925e-b2c12c412c32",
                    "label": "Physiotherapy",
                    "disableWhenExpression": "myValue === '1107AAAAAAAAAAAAAAAAAAAAAAAAAAAAAAAA'"
                  },
                  {
                    "concept": "2f85aed-695f-49b1-973e-002c37cbdebf",
                    "label": "Occupational therapy",
                    "disableWhenExpression": "myValue === '1107AAAAAAAAAAAAAAAAAAAAAAAAAAAAAAAA'"
                  },
                  {
                    "concept": "151108AAAAAAAAAAAAAAAAAAAAAAAAAAAAAA",
                    "label": "Speech therapy",
                    "disableWhenExpression": "myValue === '1107AAAAAAAAAAAAAAAAAAAAAAAAAAAAAAAA'"
                  },
                  {
                    "concept": "5484AAAAAAAAAAAAAAAAAAAAAAAAAAAAAAAA",
                    "label": "Nutritional therapy",
                    "disableWhenExpression": "myValue === '1107AAAAAAAAAAAAAAAAAAAAAAAAAAAAAAAA'"
                  },
                  {
                    "concept": "a858c44b-b87f-4fd5-915c-1d7fe56e3452",
                    "label": "Music Therapy",
                    "disableWhenExpression": "myValue === '1107AAAAAAAAAAAAAAAAAAAAAAAAAAAAAAAA'"
                  },
                  {
                    "concept": "165424AAAAAAAAAAAAAAAAAAAAAAAAAAAAAA",
                    "label": "Cognitive Behavioral Therapy",
                    "disableWhenExpression": "myValue === '1107AAAAAAAAAAAAAAAAAAAAAAAAAAAAAAAA'"
                  },
                  {
                    "concept": "132976AAAAAAAAAAAAAAAAAAAAAAAAAAAAAA",
                    "label": "Tinnitus Retraining Therapy (TRT)",
                    "disableWhenExpression": "myValue === '1107AAAAAAAAAAAAAAAAAAAAAAAAAAAAAAAA'"
                  },
                  {
                    "concept": "5622AAAAAAAAAAAAAAAAAAAAAAAAAAAAAAAA",
                    "label": "Others",
                    "disableWhenExpression": "myValue === '1107AAAAAAAAAAAAAAAAAAAAAAAAAAAAAAAA'"
                  }
                ]
              },
              "hide": {
                "hideWhenExpression": ""
              }
            },
            {
              "label": "Other (Specify)",
              "type": "obs",
              "id": "specifyTherapy",
              "questionOptions": {
                "concept": "160632AAAAAAAAAAAAAAAAAAAAAAAAAAAAAA",
                "rendering": "text"
              },
              "validators": [],
              "hide": {
                "hideWhenExpression": "isEmpty(theRapyOrdered) || !arrayContains(['5622AAAAAAAAAAAAAAAAAAAAAAAAAAAAAAAA'], theRapyOrdered)"
              }
            },
            {
              "label": "Consultations with other specialist",
              "type": "obs",
              "id": "consultationText",
              "questionOptions": {
                "concept": "163229AAAAAAAAAAAAAAAAAAAAAAAAAAAAAA",
                "rendering": "text"
              },
              "validators": [],
              "hide": {
                "hideWhenExpression": ""
              }
            },
            {
              "label": "Referrals",
              "type": "obs",
              "questionOptions": {
                "concept": "1788AAAAAAAAAAAAAAAAAAAAAAAAAAAAAAAA",
                "rendering": "radio",
                "answers": [
                  {
                    "concept": "1693AAAAAAAAAAAAAAAAAAAAAAAAAAAAAAAA",
                    "label": "Transferring to another ward"
                  },
                  {
                    "concept": "164165AAAAAAAAAAAAAAAAAAAAAAAAAAAAAA",
                    "label": "Referring to another facility"
                  },
                  {
                    "concept": "1692AAAAAAAAAAAAAAAAAAAAAAAAAAAAAAAA",
                    "label": "Discharge"
                  }
                ]
              },
              "id": "referStO",
              "hide": {
                "hideWhenExpression": ""
              }
            },
            {
              "label": "Discharge status",
              "type": "obs",
              "required": true,
              "id": "dischargeStatus",
              "questionOptions": {
                "rendering": "select",
                "concept": "1695AAAAAAAAAAAAAAAAAAAAAAAAAAAAAAAA",
                "conceptMappings": [
                  {
                    "relationship": "SAME-AS",
                    "type": "SNOMED CT",
                    "value": "309039003"
                  },
                  {
                    "relationship": "SAME-AS",
                    "type": "CIEL",
                    "value": "1695"
                  }
                ],
                "answers": [
                  {
                    "concept": "162677AAAAAAAAAAAAAAAAAAAAAAAAAAAAAA",
                    "label": "Cured"
                  },
                  {
                    "concept": "160431AAAAAAAAAAAAAAAAAAAAAAAAAAAAAA",
                    "label": "Absconded"
                  },
                  {
                    "concept": "1694AAAAAAAAAAAAAAAAAAAAAAAAAAAAAAAA",
                    "label": "Left against medical advice"
                  },
                  {
                    "concept": "164165AAAAAAAAAAAAAAAAAAAAAAAAAAAAAA",
                    "label": "Referred to higher level facility"
                  },
                  {
                    "concept": "159AAAAAAAAAAAAAAAAAAAAAAAAAAAAAAAAA",
                    "label": "Deceased"
                  }
                ]
              },
              "validators": [],
              "hide": {
                "hideWhenExpression": "referStO !== '1692AAAAAAAAAAAAAAAAAAAAAAAAAAAAAAAA'"
              }
            },
            {
              "label": "Next review date:",
              "required": false,
              "id": "appointmentWorkspaceLauncher",
              "questionOptions": {
                "rendering": "workspace-launcher",
                "buttonLabel": "Add appointments",
                "workspaceName": "appointments-form-workspace"
              },
              "validators": [
                {
                  "type": "date",
                  "allowFutureDates": "true"
                },
                {
                  "type": "js_expression",
                  "failsWhenExpression": "(new moment(encDate)).isAfter((new moment(myValue)), 'day') || (new moment(encDate)).isSame((new moment(myValue)), 'day')",
                  "message": "Next Appointment should be greater than the encounter date."
                }
              ],
              "hide": {
                "hideWhenExpression": "dischargeStatus !== '162677AAAAAAAAAAAAAAAAAAAAAAAAAAAAAA' || referStO === '164165AAAAAAAAAAAAAAAAAAAAAAAAAAAAAA'"
              }
            }
          ]
        }
      ]
    }
  ],
    "encounterType": "a2cac281-81a8-4f35-9bc5-62493c8ee7df"
  }