{
  "name": "Inpatient Discharge Form",
  "description": "A form for collecting patient's discharge information",
  "version": "1.0",
  "published": true,
  "uuid": "98a781d2-b777-4756-b4c9-c9b0deb3483c",
  "encounterType": "7e618d13-ffdb-4650-9a97-10ccd16ca36d",
  "retired": false,
  "encounter": "IPD Discharge",
  "pages": [
    {
      "label": "Encounter Details",
      "sections": [
        {
          "label": "Encounter Details",
          "isExpanded": "true",
          "questions": [
            {
              "label": "Date:",
              "type": "encounterDatetime",
              "required": "true",
              "questionOptions": {
                "rendering": "ui-select-extended"
              },
              "validators": [
                {
                  "type": "date",
                  "allowFutureDates": "false"
                }
              ],
              "id": "encDate"
            },
            {
              "label": "Provider:",
              "type": "encounterProvider",
              "required": "true",
              "questionOptions": {
                "rendering": "ui-select-extended"
              },
              "id": "encProvider "
            },
            {
              "label": "Location:",
              "type": "encounterLocation",
              "required": "true",
              "questionOptions": {
                "rendering": "ui-select-extended"
              },
              "id": "encLocation"
            }
          ]
        }
      ]
    },
    {
      "label": "Patient Details",
      "sections": [
        {
          "label": "Delivery Details",
          "isExpanded": "true",
          "questions": [
            {
              "label": "Mode of Delivery:",
              "type": "obs",
              "id": "deliveryMode",
              "questionOptions": {
                "concept": "5630AAAAAAAAAAAAAAAAAAAAAAAAAAAAAAAA",
                "useMostRecentValue": "true",
                "autoPopulateWithMostRecentValue": "true",
                "rendering": "select",
                "answers": [
                  {
                    "concept": "1170AAAAAAAAAAAAAAAAAAAAAAAAAAAAAAAA",
                    "label": "Spontaneous vaginal delivery(SVD)"
                  },
                  {
                    "concept": "1171AAAAAAAAAAAAAAAAAAAAAAAAAAAAAAAA",
                    "label": "Cesarean section(CS)"
                  },
                  {
                    "concept": "1172AAAAAAAAAAAAAAAAAAAAAAAAAAAAAAAA",
                    "label": "Breech delivery"
                  },
                  {
                    "concept": "118159AAAAAAAAAAAAAAAAAAAAAAAAAAAAAA",
                    "label": "Assisted vaginal delivery(AVD)"
                  }
                ]
              },
              "hide": {
                "hideWhenExpression": "sex !== 'F' || !(age >= 10 && age <= 45)"
              }
            },
            {
              "label": "Date and time of Delivery:",
              "type": "obs",
              "datePickerFormat": "both",
              "questionOptions": {
                "rendering": "date",
                "concept": "5599AAAAAAAAAAAAAAAAAAAAAAAAAAAAAAAA",
                "useMostRecentValue": "true",
                "autoPopulateWithMostRecentValue": "true"
              },
              "id": "deliveryDateTime",
              "validators": [
                {
                  "type": "date",
                  "allowFutureDates": "false"
                }
              ],
              "required": "true",
              "hide": {
                "hideWhenExpression": "isEmpty(deliveryMode) || sex !== 'F' || !(age >= 10 && age <= 45)"
              }
            },
            {
              "label": "Blood loss during delivery in millilitres (mls):",
              "type": "obs",
              "id": "EstimateDBL",
              "questionOptions": {
                "concept": "161928AAAAAAAAAAAAAAAAAAAAAAAAAAAAAA",
                "useMostRecentValue": "true",
                "autoPopulateWithMostRecentValue": "true",
                "rendering": "number",
                "min": "0",
                "max": "500"
              },
              "hide": {
                "hideWhenExpression": "isEmpty(deliveryMode) || sex !== 'F' || !(age >= 10 && age <= 45)"
              }
            },
            {
              "label": "Complications during labour delivery and after delivery",
              "type": "obs",
              "id": "compLicaTionsOnMother",
              "questionOptions": {
                "concept": "CIEL: 1000130",
                "useMostRecentValue": "true",
                "autoPopulateWithMostRecentValue": "true",
                "rendering": "checkbox",
                "answers": [
                  {
                    "concept": "CIEL: 113602",
                    "label": "Prolonged labour"
                  },
                  {
                    "concept": "CIEL: 115036",
                    "label": "Obstructed labour"
                  },
                  {
                    "concept": "CIEL: 160854",
                    "label": "Obstetric fistula"
                  },
                  {
                    "concept": "CIEL: 127253",
                    "label": "Rapture of the uterus"
                  },
                  {
                    "concept": "CIEL: 118256",
                    "label": "Fetal distress"
                  },
                  {
                    "concept": "CIEL: 129192",
                    "label": "Cord presentation and Cord prolapse"
                  },
                  {
                    "concept": "CIEL: 115948",
                    "label": "Malpresentation and Malpositions"
                  },
                  {
                    "concept": "CIEL: 112980",
                    "label": "Shoulder dystocia"
                  },
                  {
                    "concept": "CIEL: 230",
                    "label": "PPH"
                  }
                ]
              },
              "hide": {
                "hideWhenExpression": "isEmpty(deliveryMode) || sex !== 'F' || !(age >= 10 && age <= 45)"
              }
            },
            {
              "label": "Counselled on infant feeding ?",
              "type": "obs",
              "id": "counselledOnInfantFeeding",
              "questionOptions": {
                "concept": "161651AAAAAAAAAAAAAAAAAAAAAAAAAAAAAA",
                "useMostRecentValue": "true",
                "autoPopulateWithMostRecentValue": "true",
                "rendering": "select",
                "answers": [
                  {
                    "concept": "1065AAAAAAAAAAAAAAAAAAAAAAAAAAAAAAAA",
                    "label": "Yes"
                  },
                  {
                    "concept": "1066AAAAAAAAAAAAAAAAAAAAAAAAAAAAAAAA",
                    "label": "No"
                  }
                ]
              },
              "hide": {
                "hideWhenExpression": "isEmpty(deliveryMode) || sex !== 'F' || !(age >= 10 && age <= 45)"
              }
            },
            {
              "label": "Vitamin A for mother dispensed?",
              "type": "obs",
              "id": "vitaminAdispensed",
              "questionOptions": {
                "concept": "161534AAAAAAAAAAAAAAAAAAAAAAAAAAAAAA",
                "useMostRecentValue": "true",
                "autoPopulateWithMostRecentValue": "true",
                "rendering": "select",
                "answers": [
                  {
                    "concept": "1065AAAAAAAAAAAAAAAAAAAAAAAAAAAAAAAA",
                    "label": "Yes"
                  },
                  {
                    "concept": "1066AAAAAAAAAAAAAAAAAAAAAAAAAAAAAAAA",
                    "label": "No"
                  },
                  {
                    "concept": "1175AAAAAAAAAAAAAAAAAAAAAAAAAAAAAAAA",
                    "label": "N/A"
                  }
                ]
              },
              "hide": {
                "hideWhenExpression": "isEmpty(deliveryMode) || sex !== 'F' || !(age >= 10 && age <= 45)"
              }
            },
            {
              "label": "Delivery Outcome",
              "type": "obs",
              "id": "deliveryOutcome",
              "questionOptions": {
                "concept": "159949AAAAAAAAAAAAAAAAAAAAAAAAAAAAAA",
                "useMostRecentValue": "true",
                "autoPopulateWithMostRecentValue": "true",
                "rendering": "select",
                "answers": [
                  {
                    "concept": "159913AAAAAAAAAAAAAAAAAAAAAAAAAAAAAA",
                    "label": "Single"
                  },
                  {
                    "concept": "159914AAAAAAAAAAAAAAAAAAAAAAAAAAAAAA",
                    "label": "Twins"
                  },
                  {
                    "concept": "159915AAAAAAAAAAAAAAAAAAAAAAAAAAAAAA",
                    "label": "Triplets"
                  }
                ]
              },
              "hide": {
                "hideWhenExpression": "isEmpty(deliveryMode) || sex !== 'F' || !(age >= 10 && age <= 45)"
              }
            },
            {
              "label": "Baby(s) details",
              "type": "obsGroup",
              "questionOptions": {
                "concept": "162588AAAAAAAAAAAAAAAAAAAAAAAAAAAAAA",
                "rendering": "repeating"
              },
              "hide": {
                "hideWhenExpression": "!(age > 0 && age <= 5)"
              },
              "questions": [
                {
                  "label": "Immunization Status",
                  "type": "obs",
                  "id": "iMMuNHist",
                  "questionOptions": {
                    "concept": "164464AAAAAAAAAAAAAAAAAAAAAAAAAAAAAA",
                    "rendering": "checkbox",
                    "answers": [
                      {
                        "concept": "783AAAAAAAAAAAAAAAAAAAAAAAAAAAAAAAAA",
                        "label": "Polio"
                      },
                      {
                        "concept": "162586AAAAAAAAAAAAAAAAAAAAAAAAAAAAAA",
                        "label": "Measles"
                      }
                    ]
                  }
                },
                {
                  "label": "Birth notification number :",
                  "type": "obs",
                  "id": "birthNotificationNumber",
                  "questionOptions": {
                    "concept": "162051AAAAAAAAAAAAAAAAAAAAAAAAAAAAAA",
                    "useMostRecentValue": "true",
                    "autoPopulateWithMostRecentValue": "true",
                    "rendering": "text"
                  }
                },
                {
                  "label": "Apgar Score",
                  "type": "obs",
                  "id": "babyApgarScore10Min",
                  "required": "true",
                  "questionOptions": {
                    "concept": "159605AAAAAAAAAAAAAAAAAAAAAAAAAAAAAA",
                    "useMostRecentValue": "true",
                    "autoPopulateWithMostRecentValue": "true",
                    "rendering": "number",
                    "min": "0",
                    "max": "10"
                  }
                }
              ],
              "id": "babyDetails"
            },
            {
              "label": "Maternal condition",
              "type": "obs",
              "id": "maternalCondition",
              "questionOptions": {
                "concept": "162093AAAAAAAAAAAAAAAAAAAAAAAAAAAAAA",
                "rendering": "textarea",
                "rows": "10"
              },
              "hide": {
                "hideWhenExpression": "sex !== 'F' || !(age >= 10 && age <= 45)"
              }
            }
          ]
        }
      ]
    },
    {
      "label": "Patient Outcome",
      "sections": [
        {
          "label": "Discharge Details",
          "isExpanded": "true",
          "questions": [
            {
              "label": "Final Diagnosis",
              "id": "FinAlDiagnosis",
              "type": "diagnosis",
              "questionOptions": {
                "rendering": "remote-select",
                "rank": 1,
                "datasource": {
                  "name": "diagnoses",
                  "config": {
                    "conceptSourceUuid": "39ADDDDDDDDDDDDDDDDDDDDDDDDDDDDDDDDD"
                  }
                }
              }
            },
            {
              "label": "Discharge date :",
              "type": "obs",
              "id": "dischargeDate",
              "questionOptions": {
                "concept": "1641AAAAAAAAAAAAAAAAAAAAAAAAAAAAAAAA",
                "rendering": "date"
              },
              "validators": [
                {
                  "type": "date",
                  "allowFutureDates": "false"
                },
                {
                  "type": "js_expression",
                  "failsWhenExpression": "(new moment(encDate)).isAfter((new moment(myValue)), 'day')",
                  "message": "Discharge date should not be before the encounter date."
                }
              ]
            }
          ]
        },
        {
          "label": "Clinical summary",
          "isExpanded": "true",
          "questions": [
            {
              "label": "Discharge instructions/remarks",
              "type": "obs",
              "required": false,
              "id": "dischargeInstructions",
              "questionOptions": {
                "rendering": "textarea",
                "concept": "160632AAAAAAAAAAAAAAAAAAAAAAAAAAAAAA",
                "rows": "5"
              },
              "validators": []
            },
            {
              "label": "Clinical Notes",
              "type": "obs",
              "id": "clinicalNotes",
              "questionOptions": {
                "concept": "159395AAAAAAAAAAAAAAAAAAAAAAAAAAAAAA",
                "rendering": "textarea",
                "rows": "10"
              }
            },
            {
              "label": "Discharge status",
              "type": "obs",
              "required": true,
              "id": "dischargeStatus",
              "questionOptions": {
                "rendering": "select",
                "concept": "1695AAAAAAAAAAAAAAAAAAAAAAAAAAAAAAAA",
                "answers": [
                  {
                    "concept": "162677AAAAAAAAAAAAAAAAAAAAAAAAAAAAAA",
                    "label": "Discharged Home"
                  },
                  {
                    "concept": "160431AAAAAAAAAAAAAAAAAAAAAAAAAAAAAA",
                    "label": "Absconded"
                  },
                  {
                    "concept": "1694AAAAAAAAAAAAAAAAAAAAAAAAAAAAAAAA",
                    "label": "Left against medical advice"
                  },
                  {
                    "concept": "164165AAAAAAAAAAAAAAAAAAAAAAAAAAAAAA",
                    "label": "Referred to another facility"
                  },
                  {
                    "concept": "159AAAAAAAAAAAAAAAAAAAAAAAAAAAAAAAAA",
                    "label": "Deceased"
                  }
                ]
              },
              "validators": []
            },
            {
              "label": "Referred to?",
              "type": "obs",
              "id": "referredTo",
              "questionOptions": {
                "concept": "163145AAAAAAAAAAAAAAAAAAAAAAAAAAAAAA",
                "rendering": "select",
                "answers": [
                  {
                    "concept": "163488AAAAAAAAAAAAAAAAAAAAAAAAAAAAAA",
                    "label": "Community Unit"
                  },
                  {
                    "concept": "1537AAAAAAAAAAAAAAAAAAAAAAAAAAAAAAAA",
                    "label": "Another Health Facility"
                  }
                ]
              },
              "hide": {
                "hideWhenExpression": "isEmpty(dischargeStatus) || dischargeStatus !== '164165AAAAAAAAAAAAAAAAAAAAAAAAAAAAAA'"
              }
            },
            {
              "label": "Name of Facility:",
              "type": "encounterLocation",
              "required": "true",
              "questionOptions": {
                "rendering": "ui-select-extended"
              },
              "id": "OtherFacility",
              "hide": {
                "hideWhenExpression": "isEmpty(referredTo) || referredTo !== '1537AAAAAAAAAAAAAAAAAAAAAAAAAAAAAAAA'"
              }
            },
            {
              "label": "Follow up appointment",
              "required": false,
              "id": "appointmentWorkspaceLauncher",
              "questionOptions": {
                "rendering": "workspace-launcher",
                "buttonLabel": "Add appointments",
                "workspaceName": "appointments-form-workspace"
              },
              "hide": {
                "hideWhenExpression": "isEmpty(dischargeStatus) || dischargeStatus !=='162677AAAAAAAAAAAAAAAAAAAAAAAAAAAAAA' && dischargeStatus !=='160483AAAAAAAAAAAAAAAAAAAAAAAAAAAAAA'"
              }
            },
            {
              "label": "Discharging doctor",
              "type": "encounterProvider",
              "required": false,
              "id": "dischargingDoctor",
              "questionOptions": {
                "rendering": "ui-select-extended",
                "concept": "1473AAAAAAAAAAAAAAAAAAAAAAAAAAAAAAAA"
              },
              "validators": []
            }
          ]
        }
      ]
    }
  ],
  "processor": "EncounterFormProcessor",
  "referencedForms": []
}