{
  "name": "MAT Clinical Eligibility Assessment & Referral Form",
  "description": "A form used to collect data on eligibility",
  "uuid": "7b470a63-4c20-453c-8d5d-d75a7bfb87d1",
  "version": "2.0",
  "published": true,
  "retired": false,
  "processor": "EncounterFormProcessor",
  "encounter": "MAT Clinical eligibility assessment",
  "referencedForms": [],
  "pages": [
    {
      "label": "ELIGIBILITY ASSESSMENT",
      "sections": [
        {
          "label": "Visit Details",
          "isExpanded": "true",
          "questions": [
            {
              "label": "Date:",
              "type": "encounterDatetime",
              "required": "true",
              "questionOptions": {
                "rendering": "ui-select-extended"
              },
              "id": "encDate",
              "validators": [
                {
                  "type": "date",
                  "allowFutureDates": "false"
                }
              ]
            },
            {
              "label": "Provider:",
              "type": "encounterProvider",
              "required": "true",
              "questionOptions": {
                "rendering": "ui-select-extended"
              },
              "id": "encProvider "
            },
            {
              "label": "Location:",
              "type": "encounterLocation",
              "required": "true",
              "questionOptions": {
                "rendering": "ui-select-extended"
              },
              "id": "encLocation"
            }
          ]
        },
        {
          "label": "DSM-5 Criteria for Diagnosis of Opioid Use Disorder Severity:",
          "isExpanded": "true",
          "questions": [
            {
              "label": "Opioids are often taken in larger amounts or over a longer period of time than intended.",
              "type": "obs",
              "id": "opioidTake",
              "required": "true",
              "questionOptions": {
                "rendering": "radio",
                "concept": "167534AAAAAAAAAAAAAAAAAAAAAAAAAAAAAA",
                "answers": [
                  {
                    "concept": "1065AAAAAAAAAAAAAAAAAAAAAAAAAAAAAAAA",
                    "label": "Yes"
                  },
                  {
                    "concept": "1066AAAAAAAAAAAAAAAAAAAAAAAAAAAAAAAA",
                    "label": "No"
                  }
                ]
              },
              "validators": []
            },
            {
              "label": "There is a persistent desire or unsuccessful efforts to cut down or control opioid use.",
              "type": "obs",
             "id": "opioidDep",
              "required": "true",
              "questionOptions": {
                "rendering": "radio",
                "concept": "160666AAAAAAAAAAAAAAAAAAAAAAAAAAAAAA",
                "answers": [
                  {
                    "concept": "1065AAAAAAAAAAAAAAAAAAAAAAAAAAAAAAAA",
                    "label": "Yes"
                  },
                  {
                    "concept": "1066AAAAAAAAAAAAAAAAAAAAAAAAAAAAAAAA",
                    "label": "No"
                  }
                ]
              },
              "validators": []
            },
            {
              "label": "A great deal of time is spent in activities necessary to obtain the opioid, use the opioid.",
              "type": "obs",
              "id": "opioidUsageEffort",
              "required": "true",
              "questionOptions": {
                "rendering": "radio",
                "concept": "c67be9a5-f497-4082-af81-11753f65ed4b",
                "answers": [
                  {
                    "concept": "1065AAAAAAAAAAAAAAAAAAAAAAAAAAAAAAAA",
                    "label": "Yes"
                  },
                  {
                    "concept": "1066AAAAAAAAAAAAAAAAAAAAAAAAAAAAAAAA",
                    "label": "No"
                  }
                ]
              },
              "validators": []
            },
            {
              "label": "Craving, or a strong desire to use opioids.",
              "type": "obs",
             "id": "opioidCraving",
              "required": "true",
              "questionOptions": {
                "rendering": "radio",
                "concept": "162556AAAAAAAAAAAAAAAAAAAAAAAAAAAAAA",
                "answers": [
                  {
                    "concept": "1065AAAAAAAAAAAAAAAAAAAAAAAAAAAAAAAA",
                    "label": "Yes"
                  },
                  {
                    "concept": "1066AAAAAAAAAAAAAAAAAAAAAAAAAAAAAAAA",
                    "label": "No"
                  }
                ]
              },
              "validators": []
            },
            {
              "label": "Recurrent opioid use resulting in failure to fulfill major role obligations at work, school or home.",
              "type": "obs",
              "id": "opioidAdverseEffects",
              "required": "true",
              "questionOptions": {
                "rendering": "radio",
                "concept": "165525AAAAAAAAAAAAAAAAAAAAAAAAAAAAAA",
                "answers": [
                  {
                    "concept": "1065AAAAAAAAAAAAAAAAAAAAAAAAAAAAAAAA",
                    "label": "Yes"
                  },
                  {
                    "concept": "1066AAAAAAAAAAAAAAAAAAAAAAAAAAAAAAAA",
                    "label": "No"
                  }
                ]
              },
              "validators": []
            },
            {
              "label": "Continued opioid use despite having persistent or recurrent social or interpersonal problems caused or exacerbated by the effects of opioids",
              "type": "obs",
             "id": "opioidUsageEffects",
              "required": "true",
              "questionOptions": {
                "rendering": "radio",
                "concept": "4c8c7fc3-b0f3-4977-b460-37d100e7fade",
                "answers": [
                  {
                    "concept": "1065AAAAAAAAAAAAAAAAAAAAAAAAAAAAAAAA",
                    "label": "Yes"
                  },
                  {
                    "concept": "1066AAAAAAAAAAAAAAAAAAAAAAAAAAAAAAAA",
                    "label": "No"
                  }
                ]
              },
              "validators": []
            },
            {
              "label": "Important social, occupational, or recreational activities are given up or reduced because of opioid use.",
              "type": "obs",
             "required": "true",
              "id": "opioidSocialEffects",
              "questionOptions": {
                "rendering": "radio",
                "concept": "63da4194-a26a-4aa5-b5d5-4125b4822cf7",
                "answers": [
                  {
                    "concept": "1065AAAAAAAAAAAAAAAAAAAAAAAAAAAAAAAA",
                    "label": "Yes"
                  },
                  {
                    "concept": "1066AAAAAAAAAAAAAAAAAAAAAAAAAAAAAAAA",
                    "label": "No"
                  }
                ]
              },
              "validators": []
            },
            {
              "label": "Recurrent opioid use in situations in which it is physically hazardous.",
              "type": "obs",
              "id": "opioidUsageHazardous",
              "required": "true",
              "questionOptions": {
                "rendering": "radio",
                "concept": "8742743d-a74f-41c4-8f54-6010418a755f",
                "answers": [
                  {
                    "concept": "1065AAAAAAAAAAAAAAAAAAAAAAAAAAAAAAAA",
                    "label": "Yes"
                  },
                  {
                    "concept": "1066AAAAAAAAAAAAAAAAAAAAAAAAAAAAAAAA",
                    "label": "No"
                  }
                ]
              },
              "validators": []
            },
            {
              "label": "Continued use despite knowledge of having a persistent or recurrent physical or psychological problem that is likely to have been caused or exacerbated by the substance",
              "type": "obs",
              "id": "opioidPhysicalEffects",
              "required": "true",
              "questionOptions": {
                "rendering": "radio",
                "concept": "81bbc312-d0f6-4950-822a-f7a47e599013",
                "answers": [
                  {
                    "concept": "1065AAAAAAAAAAAAAAAAAAAAAAAAAAAAAAAA",
                    "label": "Yes"
                  },
                  {
                    "concept": "1066AAAAAAAAAAAAAAAAAAAAAAAAAAAAAAAA",
                    "label": "No"
                  }
                ]
              },
              "validators": []
            },
            {
              "label": "Tolerance defined as need to for markedly increased amounts of opioids to achieve intoxification or desired effect",
              "type": "obs",
              "id": "opioidPsychologicalProblem",
              "required": "true",
              "questionOptions": {
                "rendering": "radio",
                "concept": "361809e3-65f9-428e-82e6-e0da0488d4db",
                "answers": [
                  {
                    "concept": "1065AAAAAAAAAAAAAAAAAAAAAAAAAAAAAAAA",
                    "label": "Yes"
                  },
                  {
                    "concept": "1066AAAAAAAAAAAAAAAAAAAAAAAAAAAAAAAA",
                    "label": "No"
                  }
                ]
              },
              "validators": []
            },
            {
              "label": "Tolerance defined as markedly diminished effect with continued use of the same amount of an opioid",
              "type": "obs",
              "id": "opioidTolerance",
              "required": "true",
              "questionOptions": {
                "rendering": "radio",
                "concept": "6a6db9bc-eec6-4b1f-85ca-13c4fa5c193a",
                "answers": [
                  {
                    "concept": "1065AAAAAAAAAAAAAAAAAAAAAAAAAAAAAAAA",
                    "label": "Yes"
                  },
                  {
                    "concept": "1066AAAAAAAAAAAAAAAAAAAAAAAAAAAAAAAA",
                    "label": "No"
                  }
                ]
              },
              "validators": []
            },
            {
              "label": "Opioids are taken to relieve or avoid withdrawal symptoms",
              "type": "obs",
              "id": "opioidPeriod",
              "required": "true",
              "questionOptions": {
                "rendering": "radio",
                "concept": "c238b32f-71bf-43af-8e28-a0c19f0f1ef3",
                "answers": [
                  {
                    "concept": "1065AAAAAAAAAAAAAAAAAAAAAAAAAAAAAAAA",
                    "label": "Yes"
                  },
                  {
                    "concept": "1066AAAAAAAAAAAAAAAAAAAAAAAAAAAAAAAA",
                    "label": "No"
                  }
                ]
              },
              "validators": []
            },
            {
              "label": "Scoring",
              "type": "obs",
              "required": true,
              "id": "assessmentScore",
              "questionOptions": {
                "rendering": "radio",
                "concept": "33bb96f8-e009-482a-ba68-212281780fb8",
                "calculate": {
                  "calculateExpression": "((!isEmpty(opioidTake) || !isEmpty(opioidDep) || !isEmpty(opioidUsageEffort) || !isEmpty(opioidCraving) || !isEmpty(opioidAdverseEffects) || !isEmpty(opioidUsageEffects) || !isEmpty(opioidSocialEffects) || !isEmpty(opioidUsageHazardous) || !isEmpty(opioidPhysicalEffects) || !isEmpty(opioidPsychologicalProblem) || !isEmpty(opioidTolerance) || !isEmpty(opioidPeriod)) && ((String(opioidTake) === '1065AAAAAAAAAAAAAAAAAAAAAAAAAAAAAAAA' ? 1 : 0) + (String(opioidDep) === '1065AAAAAAAAAAAAAAAAAAAAAAAAAAAAAAAA' ? 1 : 0) +(String(opioidUsageEffort) === '1065AAAAAAAAAAAAAAAAAAAAAAAAAAAAAAAA' ? 1 : 0) + (String(opioidCraving) === '1065AAAAAAAAAAAAAAAAAAAAAAAAAAAAAAAA' ? 1 : 0) + (String(opioidAdverseEffects) === '1065AAAAAAAAAAAAAAAAAAAAAAAAAAAAAAAA' ? 1 : 0) + (String(opioidUsageEffects) === '1065AAAAAAAAAAAAAAAAAAAAAAAAAAAAAAAA' ? 1 : 0) + (String(opioidSocialEffects) === '1065AAAAAAAAAAAAAAAAAAAAAAAAAAAAAAAA' ? 1 : 0) + (String(opioidUsageHazardous) === '1065AAAAAAAAAAAAAAAAAAAAAAAAAAAAAAAA' ? 1 : 0) + (String(opioidPhysicalEffects) === '1065AAAAAAAAAAAAAAAAAAAAAAAAAAAAAAAA' ? 1 : 0) + (String(opioidPsychologicalProblem) === '1065AAAAAAAAAAAAAAAAAAAAAAAAAAAAAAAA' ? 1 : 0) + (String(opioidTolerance) === '1065AAAAAAAAAAAAAAAAAAAAAAAAAAAAAAAA' ? 1 : 0) + (String(opioidPeriod) === '1065AAAAAAAAAAAAAAAAAAAAAAAAAAAAAAAA' ? 1 : 0)) > 3 ? '1499AAAAAAAAAAAAAAAAAAAAAAAAAAAAAAAA' : '1498AAAAAAAAAAAAAAAAAAAAAAAAAAAAAAAA')"
                },
                "answers": [
                  {
                    "concept": "1498AAAAAAAAAAAAAAAAAAAAAAAAAAAAAAAA",
                    "label": "Mild"
                  },
                  {
                    "concept": "1499AAAAAAAAAAAAAAAAAAAAAAAAAAAAAAAA",
                    "label": "Moderate"
                  },
                  {
                    "concept": "1500AAAAAAAAAAAAAAAAAAAAAAAAAAAAAAAA",
                    "label": "Severe"
                  }
                ]
              },
              "validators": []
            }
          ]
        },
        {
          "label": "Referral Details",
          "isExpanded": "true",
          "questions": [
            {
              "label": "Name of Peer Educator:",
              "type": "obs",
              "id": "nameOfpeer",
              "questionOptions": {
                "concept": "1473AAAAAAAAAAAAAAAAAAAAAAAAAAAAAAAA",
                "rendering": "text"
              }
            },
            {
              "label": "Phone Number",
              "type": "obs",
              "id": "phoneNumber",
              "questionOptions": {
                "concept": "1473AAAAAAAAAAAAAAAAAAAAAAAAAAAAAAAA",
                "rendering": "text"
              }
            },
            {
              "label": "Outreach Workers Name:",
              "type": "obs",
              "id": "nameOfoutreach",
              "questionOptions": {
                "concept": "1473AAAAAAAAAAAAAAAAAAAAAAAAAAAAAAAA",
                "rendering": "text"
              }
            },
            {
              "label": "Phone Number",
              "type": "obs",
              "id": "phoneNumberoutreach",
              "questionOptions": {
                "concept": "1473AAAAAAAAAAAAAAAAAAAAAAAAAAAAAAAA",
                "rendering": "text"
              }
            }
          ]
        }
      ]
    }
  ]
}
