{
  "name": "MAT Patient Treatment Form",
  "description": "MAT Patient Treatment Form",
  "processor": "EncounterFormProcessor",
  "published": true,
  "retired": false,
  "uuid": "350d93cd-66da-4b7e-ae9a-fdfdc9195add",
  "referencedForms": [],
  "version": "2.0",
  "encounter": "MAT Treatment Encounter",
  "pages": [
    {
      "label": "Visit Details",
      "sections": [
        {
          "label": "Encounter Details",
          "isExpanded": "true",
          "questions": [
            {
              "label": "Visit date:",
              "type": "encounterDatetime",
              "required": "true",
              "id": "encDate",
              "questionOptions": {
                "rendering": "date"
              },
              "validators": [
                {
                  "type": "date",
                  "allowFutureDates": "false"
                }
              ]
            },
            {
              "label": "Provider:",
              "type": "encounterProvider",
              "required": "true",
              "questionOptions": {
                "rendering": "ui-select-extended"
              },
              "id": "encProvider "
            },
            {
              "label": "Location:",
              "type": "encounterLocation",
              "required": "true",
              "questionOptions": {
                "rendering": "ui-select-extended"
              },
              "id": "encLocation"
            }
          ]
        }
      ]
    },
    {
      "label": "Patient Details",
      "sections": [
        {
          "label": "Patient Details",
          "isExpanded": "true",
          "questions": [
            {
              "label": "Patient MAT Unique Identification Number",
              "type": "obs",
              "questionOptions": {
                "rendering": "text",
                "concept": "161550AAAAAAAAAAAAAAAAAAAAAAAAAAAAAA"
              },
              "validators": [],
              "id": "patientId"
            },
            {
              "label": "Date of consultation",
              "type": "obs",
              "id": "dateofConsultation",
              "questionOptions": {
                "concept": "160753AAAAAAAAAAAAAAAAAAAAAAAAAAAAAA",
                "rendering": "date"
              },
              "validators": [
                {
                  "type": "date",
                  "allowFutureDates": "false"
                }
              ]
            },
            {
              "label": "Date started on MAT",
              "type": "obs",
              "id": "dateStart",
              "questionOptions": {
                "concept": "163526AAAAAAAAAAAAAAAAAAAAAAAAAAAAAA",
                "rendering": "date"
              },
              "validators": [
                {
                  "type": "date",
                  "allowFutureDates": "false"
                }
              ]
            }
          ]
        },
        {
          "label": "Methadone/Buprenorphine maintenance",
          "isExpanded": "true",
          "questions": [
            {
              "label": "Opioid Substitution Therapy",
              "type": "obs",
              "id": "opioidTherapy",
              "questionOptions": {
                "rendering": "radio",
                "concept": "160575AAAAAAAAAAAAAAAAAAAAAAAAAAAAAA",
                "answers": [
                  {
                    "concept": "72510AAAAAAAAAAAAAAAAAAAAAAAAAAAAAAA",
                    "label": "Buprenorphine"
                  },
                  {
                    "concept": "79661AAAAAAAAAAAAAAAAAAAAAAAAAAAAAAA",
                    "label": "Methadone"
                  }
                ]
              }
            },
            {
              "label": " Current Methadone dose(Mls)",
              "type": "obs",
              "id": "currentMethDose",
              "questionOptions": {
                "concept": "167369AAAAAAAAAAAAAAAAAAAAAAAAAAAAAA",
                "rendering": "number",
                "min": "0",
                "max": "500"
              },
              "hide": {
                "hideWhenExpression": "opioidTherapy !== '79661AAAAAAAAAAAAAAAAAAAAAAAAAAAAAAA'"
              }
            },
            {
              "label": " Current Buprenorphine dose(Mgs)",
              "type": "obs",
              "id": "currentBupDose",
              "questionOptions": {
                "concept": "167369AAAAAAAAAAAAAAAAAAAAAAAAAAAAAA",
                "rendering": "number",
                "min": "0",
                "max": "500"
              },
              "hide": {
                "hideWhenExpression": "opioidTherapy !== '72510AAAAAAAAAAAAAAAAAAAAAAAAAAAAAAA'"
              }
            },
            {
              "label": "Complaints",
              "type": "obs",
              "id": "complainsPatient",
              "questionOptions": {
                "concept": "161550AAAAAAAAAAAAAAAAAAAAAAAAAAAAAA",
                "rendering": "textarea"
              }
            },
            {
              "label": "Signs of overdose/over medication:",
              "type": "obs",
              "id": "signsOverdose",
              "questionOptions": {
                "concept": "160632AAAAAAAAAAAAAAAAAAAAAAAAAAAAAA",
                "rendering": "textarea"
              }
            },
            {
              "label": "Days missed doses",
              "type": "obs",
              "id": "missedDoses",
              "questionOptions": {
                "rendering": "number",
                "concept": "5325AAAAAAAAAAAAAAAAAAAAAAAAAAAAAAAA",
                "max": "1000",
                "min": "0"
              }
            },
            {
              "label": "COWS Score",
              "type": "obs",
              "id": "cowsScore",
              "questionOptions": {
                "rendering": "number",
                "concept": "5325AAAAAAAAAAAAAAAAAAAAAAAAAAAAAAAA",
                "max": "1000",
                "min": "0"
              }
            },
            {
              "label": "New Methadone/Buprenorphine dose(Mgs)",
              "type": "obs",
              "id": "newDose",
              "questionOptions": {
                "concept": "167369AAAAAAAAAAAAAAAAAAAAAAAAAAAAAA",
                "rendering": "number",
                "min": "0",
                "max": "500"
              }
            },
            {
              "label": "Reason for Dose Adjustment",
              "type": "obs",
              "id": "reasonAdjustment",
              "questionOptions": {
                "concept": "160632AAAAAAAAAAAAAAAAAAAAAAAAAAAAAA",
                "rendering": "textarea"
              }
            }
          ]
        },
        {
          "label": "Treatment for MTD/Buprenorphine Side effects",
          "isExpanded": "true",
          "questions": [
            {
              "label": "Treatment",
              "type": "obs",
              "id": "treatmentPlan",
              "questionOptions": {
                "concept": "20395601-257c-490c-86c2-acffb627f91f",
                "rendering": "textarea"
              }
            }
          ]
        },
        {
          "label": "Management of identified co-morbidities",
          "isExpanded": "true",
          "questions": [
            {
              "label": "Mental Health disorder Treatment",
              "type": "obs",
              "id": "mentalHealthtreatment",
              "questionOptions": {
                "concept": "20395601-257c-490c-86c2-acffb627f91f",
                "rendering": "textarea"
              }
            },
            {
              "label": "ART Regimen",
              "type": "obs",
              "id": "artRegimen",
              "questionOptions": {
                "concept": "161011AAAAAAAAAAAAAAAAAAAAAAAAAAAAAA",
                "rendering": "textarea"
              }
            },
            {
              "label": "PrEP/PEP",
              "type": "obs",
              "id": "pepRegimen",
              "questionOptions": {
                "concept": "161011AAAAAAAAAAAAAAAAAAAAAAAAAAAAAA",
                "rendering": "textarea"
              }
            },
            {
              "label": "Hepatitis B – Regimen",
              "type": "obs",
              "id": "hepRegimen",
              "questionOptions": {
                "concept": "161011AAAAAAAAAAAAAAAAAAAAAAAAAAAAAA",
                "rendering": "textarea"
              }
            },
            {
              "label": "Hepatitis C – Regimen",
              "type": "obs",
              "id": "hepcRegimen",
              "questionOptions": {
                "concept": "161011AAAAAAAAAAAAAAAAAAAAAAAAAAAAAA",
                "rendering": "textarea"
              }
            },
            {
              "label": "STI Treatment",
              "type": "obs",
              "id": "stiTreatment",
              "questionOptions": {
                "concept": "161011AAAAAAAAAAAAAAAAAAAAAAAAAAAAAA",
                "rendering": "textarea"
              }
            },
            {
              "label": " Other Specify ",
              "type": "obs",
              "id": "OthertreatmentSpecify",
              "questionOptions": {
                "concept": "20395601-257c-490c-86c2-acffb627f91f",
                "rendering": "textarea"
              }
            }
          ]
        },
        {
          "label": "Reproductive Health Services",
          "isExpanded": "true",
          "questions": [
            {
              "label": " Patient Pregnant",
              "type": "obs",
              "id": "patientPregnant",
              "questionOptions": {
                "rendering": "radio",
                "concept": "1282AAAAAAAAAAAAAAAAAAAAAAAAAAAAAAAA",
                "answers": [
                  {
                    "concept": "1065AAAAAAAAAAAAAAAAAAAAAAAAAAAAAAAA",
                    "label": "Yes"
                  },
                  {
                    "concept": "1066AAAAAAAAAAAAAAAAAAAAAAAAAAAAAAAA",
                    "label": "No"
                  }
                ]
              },
              "hide": {
                "hideWhenExpression": "sex !== 'F' || sex === 'F' && (age < 10 || age > 49)"
              }
            },
            {
              "label": "LMP Date",
              "type": "obs",
              "id": "lmPdAte",
              "required": "true",
              "questionOptions": {
                "concept": "1427AAAAAAAAAAAAAAAAAAAAAAAAAAAAAAAA",
                "rendering": "date"
              },
              "hide": {
                "hideWhenExpression": "sex !== 'F' || sex === 'F' && (age < 10 || age > 49)"
              },
              "validators": [
                {
                  "type": "date",
                  "allowFutureDate": "true"
                },
                {
                  "type": "js_expression",
                  "failsWhenExpression": "isEmpty(myValue) && !isEmpty(hasLMP) && hasLMP === '1065AAAAAAAAAAAAAAAAAAAAAAAAAAAAAAAA'",
                  "message": "Required!"
                },
                {
                  "type": "js_expression",
                  "failsWhenExpression": "(new moment(encDate)).isBefore((new moment(myValue)), 'day')",
                  "message": "LMP date should not be greater than the encounter date."
                }
              ]
            },
            {
              "label": "EDD date:",
              "type": "obs",
              "id": "ultrasoundEdd",
              "questionOptions": {
                "concept": "5599AAAAAAAAAAAAAAAAAAAAAAAAAAAAAAAA",
                "rendering": "date"
              },
              "hide": {
                "hideWhenExpression": "patientPregnant !== '1065AAAAAAAAAAAAAAAAAAAAAAAAAAAAAAAA'"
              },
              "validators": [
                {
                  "type": "date",
                  "allowFutureDates": "true"
                },
                {
                  "type": "js_expression",
                  "failsWhenExpression": "(new moment(encDate)).isAfter((new moment(myValue)), 'day') || (new moment(encDate)).isSame((new moment(myValue)), 'day')",
                  "message": "EDD date should be greater than the encounter date."
                }
              ]
            },
            {
              "label": "Cervical cancer screening",
              "type": "obs",
              "id": "cervicalScreening",
              "questionOptions": {
                "rendering": "radio",
                "concept": "06398e78-0d3e-43d5-8017-f2fc3865e2e0",
                "answers": [
                  {
                    "concept": "1065AAAAAAAAAAAAAAAAAAAAAAAAAAAAAAAA",
                    "label": "Yes"
                  },
                  {
                    "concept": "1066AAAAAAAAAAAAAAAAAAAAAAAAAAAAAAAA",
                    "label": "No"
                  }
                ]
              },
              "hide": {
                "hideWhenExpression": "sex !== 'F' || sex === 'F' && (age < 10 || age > 49)"
              }
            },
            {
              "label": "Patient on Family Planning",
              "type": "obs",
              "id": "patientFamilyplanning",
              "questionOptions": {
                "rendering": "radio",
                "concept": "160653AAAAAAAAAAAAAAAAAAAAAAAAAAAAAA",
                "answers": [
                  {
                    "concept": "1065AAAAAAAAAAAAAAAAAAAAAAAAAAAAAAAA",
                    "label": "Yes"
                  },
                  {
                    "concept": "1066AAAAAAAAAAAAAAAAAAAAAAAAAAAAAAAA",
                    "label": "No"
                  }
                ]
              },
              "hide": {
                "hideWhenExpression": "sex !== 'F' || sex === 'F' && (age < 10 || age > 49)"
              }
            },
            {
              "label": "Family planning method(s)",
              "required": "true",
              "type": "obs",
              "id": "fpMethod",
              "questionOptions": {
                "rendering": "checkbox",
                "concept": "374AAAAAAAAAAAAAAAAAAAAAAAAAAAAAAAAA",
                "answers": [
                  {
                    "concept": "160570AAAAAAAAAAAAAAAAAAAAAAAAAAAAAA",
                    "label": "Emergency contraceptive pills"
                  },
                  {
                    "concept": "780AAAAAAAAAAAAAAAAAAAAAAAAAAAAAAAAA",
                    "label": "Oral Contraceptives Pills"
                  },
                  {
                    "concept": "5279AAAAAAAAAAAAAAAAAAAAAAAAAAAAAAAA",
                    "label": "Injectible"
                  },
                  {
                    "concept": "1359AAAAAAAAAAAAAAAAAAAAAAAAAAAAAAAA",
                    "label": "Implant"
                  },
                  {
                    "concept": "5275AAAAAAAAAAAAAAAAAAAAAAAAAAAAAAAA",
                    "label": "Intrauterine Device"
                  },
                  {
                    "concept": "136163AAAAAAAAAAAAAAAAAAAAAAAAAAAAAA",
                    "label": "Lactational Amenorhea Method"
                  },
                  {
                    "concept": "5278AAAAAAAAAAAAAAAAAAAAAAAAAAAAAAAA",
                    "label": "Diaphram/Cervical Cap"
                  },
                  {
                    "concept": "5277AAAAAAAAAAAAAAAAAAAAAAAAAAAAAAAA",
                    "label": "Fertility Awareness"
                  },
                  {
                    "concept": "1472AAAAAAAAAAAAAAAAAAAAAAAAAAAAAAAA",
                    "label": "Tubal Ligation"
                  },
                  {
                    "concept": "190AAAAAAAAAAAAAAAAAAAAAAAAAAAAAAAAA",
                    "label": "Condoms"
                  },
                  {
                    "concept": "1489AAAAAAAAAAAAAAAAAAAAAAAAAAAAAAAA",
                    "label": "Vasectomy(Partner)"
                  }
                ]
              },
              "validators": [],
              "hide": {
                "hideWhenExpression": "patientFamilyplanning !== '1065AAAAAAAAAAAAAAAAAAAAAAAAAAAAAAAA'"
              }
            },
            {
              "label": "GBV Screening results",
              "type": "obs",
              "id": "gbvResults",
              "questionOptions": {
                "concept": "162725AAAAAAAAAAAAAAAAAAAAAAAAAAAAAA",
                "rendering": "text"
              }
            }
          ]
        },
        {
          "label": "Referral and Linkages",
          "isExpanded": "true",
          "questions": [
            {
              "label": "Patient referred and linked for",
              "type": "obs",
              "id": "referralLink",
              "questionOptions": {
                "rendering": "checkbox",
                "concept": "163145AAAAAAAAAAAAAAAAAAAAAAAAAAAAAA",
                "answers": [
                  {
                    "concept": "5490AAAAAAAAAAAAAAAAAAAAAAAAAAAAAAAA",
                    "label": "Psychosocial Support"
                  },
                  {
                    "concept": "160461AAAAAAAAAAAAAAAAAAAAAAAAAAAAAA",
                    "label": "Psychiatric Support"
                  },
                  {
                    "concept": "5484AAAAAAAAAAAAAAAAAAAAAAAAAAAAAAAA",
                    "label": "Nutritional Support"
                  },
                  {
                    "concept": "160564AAAAAAAAAAAAAAAAAAAAAAAAAAAAAA",
                    "label": "Vaccination Service"
                  },
                  {
                    "concept": "cda613c9-dd03-405a-af7c-c44212b08586",
                    "label": "Sexual and Reproductive Health"
                  },
                  {
                    "concept": "160463AAAAAAAAAAAAAAAAAAAAAAAAAAAAAA",
                    "label": "Radiology service"
                  },
                  {
                    "concept": "164831AAAAAAAAAAAAAAAAAAAAAAAAAAAAAA",
                    "label": "Laboratory Service"
                  },
                  {
                    "concept": "6fc6b318-01b3-4322-a661-80b4a408fcfd",
                    "label": "Legal/Paralegal services"
                  },
                  {
                    "concept": "167062AAAAAAAAAAAAAAAAAAAAAAAAAAAAAA",
                    "label": "Social Protection"
                  },
                  {
                    "concept": "8f41ddb8-1b90-4375-9c46-8a4acdeef12d",
                    "label": "GBV Services"
                  },
                  {
                    "concept": "5622AAAAAAAAAAAAAAAAAAAAAAAAAAAAAAAA",
                    "label": "Other"
                  }
                ]
              }
            },
            {
              "label": " Other Specify ",
              "type": "obs",
              "id": "OtSpecify",
              "questionOptions": {
                "concept": "20395601-257c-490c-86c2-acffb627f91f",
                "rendering": "textarea"
              },
              "validators": [],
              "hide": {
                "hideWhenExpression": "isEmpty(referralLink) || !arrayContains(referralLink, '5622AAAAAAAAAAAAAAAAAAAAAAAAAAAAAAAA')"
              }
            },
            {
              "label": "Next review date:",
              "required": false,
              "id": "appointmentWorkspaceLauncher",
              "questionOptions": {
                "rendering": "workspace-launcher",
                "buttonLabel": "Add appointments",
                "workspaceName": "appointments-form-workspace"
              }
              }
          ]
        }
      ]
    }
  ]
}
