{
  "name": "MAT Initial Registration Form",
  "description": "Initial Registration Form",
  "uuid": "9a9cadd7-fba1-4a24-94aa-43edfbecf8d9",
  "published": true,
  "retired": false,
  "referencedForms": [],
  "version": "1.0",
  "encounter": "MAT Initial registration Encounter",
  "meta": {
    "programs": {
      "uuid": "4b898e20-9b2d-11ee-b9d1-0242ac120002",
      "isEnrollment": true,
      "enrollmentDateQuestionId": "dateMatEnrolled"
    }
  },
  "pages": [
    {
      "label": "Initial Form",
      "sections": [
        {
          "label": "Intial",
          "isExpanded": "true",
          "questions": [
            {
              "label": "Client Type",
              "type": "obs",
              "questionOptions": {
                "rendering": "radio",
                "concept": "164181AAAAAAAAAAAAAAAAAAAAAAAAAAAAAA",
                "answers": [
                  {
                    "concept": "164180AAAAAAAAAAAAAAAAAAAAAAAAAAAAAA",
                    "label": "New",
                    "conceptMappings": [
                      {
                        "type": "CIEL",
                        "value": "164180"
                      },
                      {
                        "type": "SNOMED NP",
                        "value": "NP: 103324002"
                      }
                    ]
                  },
                  {
                    "concept": "160530AAAAAAAAAAAAAAAAAAAAAAAAAAAAAA",
                    "label": "Transfer In",
                    "conceptMappings": [
                      {
                        "type": "CIEL",
                        "value": "160530"
                      },
                      {
                        "type": "PIH Malawi",
                        "value": "Malawi: 6190"
                      }
                    ]
                  }
                ]
              },
              "id": "clientType"
            },
            {
              "label": " MAT ID",
              "type": "obs",
              "questionOptions": {
                "rendering": "text",
                "concept": "161550AAAAAAAAAAAAAAAAAAAAAAAAAAAAAA"
              },
              "validators": [],
              "hide": {
                "hideWhenExpression": "clientType !== '164180AAAAAAAAAAAAAAAAAAAAAAAAAAAAAA' && clientType !== '160530AAAAAAAAAAAAAAAAAAAAAAAAAAAAAA' "
              },
              "id": "matNewID"
            },
            {
              "label": "Type of referral",
              "type": "obs",
              "questionOptions": {
                "rendering": "radio",
                "concept": "166636AAAAAAAAAAAAAAAAAAAAAAAAAAAAAA",
                "answers": [
                  {
                    "concept": "160551AAAAAAAAAAAAAAAAAAAAAAAAAAAAAA",
                    "label": "Self"
                  },
                  {
                    "concept": "160480AAAAAAAAAAAAAAAAAAAAAAAAAAAAAA",
                    "label": "GOK Facility"
                  },
                  {
                    "concept": "160479AAAAAAAAAAAAAAAAAAAAAAAAAAAAAA",
                    "label": "Private Clinic"
                  },
                  {
                    "concept": "166576AAAAAAAAAAAAAAAAAAAAAAAAAAAAAA",
                    "label": "CSO"
                  },
                  {
                    "concept": "334d4b72-26fb-442e-a148-a2cd469f5796",
                    "label": "Criminal Justice System"
                  },
                  {
                    "concept": "5622AAAAAAAAAAAAAAAAAAAAAAAAAAAAAAAA",
                    "label": "Other"
                  }
                ]
              },
              "id": "referralType"
            },
            {
              "label": " Other Specify ",
              "type": "obs",
              "id": "OtherSpecify",
              "questionOptions": {
                "concept": "20395601-257c-490c-86c2-acffb627f91f",
                "rendering": "textarea"
              },
              "validators": [],
              "hide": {
                "hideWhenExpression": "isEmpty(referralType) || referralType !== '5622AAAAAAAAAAAAAAAAAAAAAAAAAAAAAAAA'"
              }
            },
            {
              "label": "Name of Referring facility:",
              "type": "obs",
              "id": "matFacReferral",
              "questionOptions": {
                "concept": "161550AAAAAAAAAAAAAAAAAAAAAAAAAAAAAA",
                "rendering": "text"
              },
              "hide": {
                "hideWhenExpression": "clientType !== '160530AAAAAAAAAAAAAAAAAAAAAAAAAAAAAA' "
              }
            },
            {
              "label": "Referring facilitys client registration number:",
              "type": "obs",
              "id": "facClientNumber",
              "questionOptions": {
                "concept": "160632AAAAAAAAAAAAAAAAAAAAAAAAAAAAAA",
                "rendering": "text"
              },
              "hide": {
                "hideWhenExpression": "clientType !== '160530AAAAAAAAAAAAAAAAAAAAAAAAAAAAAA' "
              }
            },
            {
              "label": "Accompined By",
              "type": "obs",
              "questionOptions": {
                "rendering": "radio",
                "concept": "160112AAAAAAAAAAAAAAAAAAAAAAAAAAAAAA",
                "answers": [
                  {
                    "concept": "1527AAAAAAAAAAAAAAAAAAAAAAAAAAAAAAAA",
                    "label": "Parent"
                  },
                  {
                    "concept": "5617AAAAAAAAAAAAAAAAAAAAAAAAAAAAAAAA",
                    "label": "Partner"
                  },
                  {
                    "concept": "5618AAAAAAAAAAAAAAAAAAAAAAAAAAAAAAAA",
                    "label": "Friend"
                  },
                  {
                    "concept": "1555AAAAAAAAAAAAAAAAAAAAAAAAAAAAAAAA",
                    "label": "Outreach worker"
                  },
                  {
                    "concept": "5622AAAAAAAAAAAAAAAAAAAAAAAAAAAAAAAA",
                    "label": "Other"
                  }
                ]
              },
              "id": "accompBy"
            },
            {
              "label": " Other Specify ",
              "type": "obs",
              "id": "OtSpecify",
              "questionOptions": {
                "concept": "20395601-257c-490c-86c2-acffb627f91f",
                "rendering": "textarea"
              },
              "validators": [],
              "hide": {
                "hideWhenExpression": "isEmpty(accompBy) || accompBy !== '5622AAAAAAAAAAAAAAAAAAAAAAAAAAAAAAAA'"
              }
            },
            {
              "label": "Outreach workers name:",
              "type": "obs",
              "id": "workerName",
              "questionOptions": {
                "concept": "160638AAAAAAAAAAAAAAAAAAAAAAAAAAAAAA",
                "rendering": "text"
              }
            },
            {
              "label": "Cell phone number:",
              "type": "obs",
              "id": "phoneNumber",
              "questionOptions": {
                "concept": "163152AAAAAAAAAAAAAAAAAAAAAAAAAAAAAA",
                "rendering": "text"
              }
            },
            {
              "label": "Name of Treatment supporter:",
              "type": "obs",
              "id": "supporterName",
              "questionOptions": {
                "concept": "160638AAAAAAAAAAAAAAAAAAAAAAAAAAAAAA",
                "rendering": "text"
              }
            },
            {
              "label": "Cell phone number:",
              "type": "obs",
              "id": "cellPhoneNo",
              "questionOptions": {
                "concept": "163152AAAAAAAAAAAAAAAAAAAAAAAAAAAAAA",
                "rendering": "text"
              }
            },
            {
              "label": "Relationship of Treatment supporter:",
              "type": "obs",
              "id": "relationTreatment",
              "questionOptions": {
                "concept": "160638AAAAAAAAAAAAAAAAAAAAAAAAAAAAAA",
                "rendering": "text"
              }
            },
            {
              "label": "Name of Service Provider:",
              "type": "obs",
              "id": "serviceProvName",
              "questionOptions": {
                "concept": "1473AAAAAAAAAAAAAAAAAAAAAAAAAAAAAAAA",
                "rendering": "text"
              }
            },
            {
              "label": "Date Enrolled In MAT:",
              "type": "obs",
              "id": "dateMatEnrolled",
              "questionOptions": {
                "concept": "163181AAAAAAAAAAAAAAAAAAAAAAAAAAAAAA",
                "rendering": "date"
              },
              "validators": [
                {
                  "type": "date",
                  "allowFutureDates": "false"
                }
              ]
            }
          ]
        }
      ]
    }
  ],
  "processor": "EncounterFormProcessor"
}