{
	"name": "MCH-MS Discontinuation",
	"description": "MCH-MS Discontinuation",
	"version": "2",
	"published": true,
	"uuid": "25935b9f-68ad-4e0c-9663-d2cacda82bbf",
	"retired": false,
	"encounter": "MCH Mother Discontinuation",
	"meta": {
		"programs": {
			"uuid": "b5d9e05f-f5ab-4612-98dd-adb75438ed34",
			"isEnrollment": false,
			"discontinuationDateQuestionId": "getencounterDatetime"
		}
  },
	"pages": [
		{
			"label": "MCH-MS Discontinuation",
			"sections": [
				{
					"label": "Visit Details",
					"isExpanded": "true",
					"questions": [
						{
							"label": "Date:",
							"type": "encounterDatetime",
							"required": "true",
							"questionOptions": {
								"rendering": "ui-select-extended"
							},
							"validators": [
								{
									"type": "date",
									"allowFutureDates": "false"
								}
							],
							"id": "encDate"
						},
						{
							"label": "Provider:",
							"type": "encounterProvider",
							"required": "true",
							"questionOptions": {
								"rendering": "ui-select-extended"
							},
							"id": "encProvider "
						},
						{
							"label": "Location:",
							"type": "encounterLocation",
							"required": "true",
							"questionOptions": {
								"rendering": "ui-select-extended"
							},
							"id": "encLocation"
						}
					]
				},
				{
					"label": "Reason for Discontinuation",
					"isExpanded": "true",
					"questions": [
						{
							"label": "Reason:",
							"type": "obs",
							"id": "DiscontinuationReason",
							"questionOptions": {
								"concept": "161555AAAAAAAAAAAAAAAAAAAAAAAAAAAAAA",
								"rendering": "select",
								"answers": [
									{
										"concept": "160035AAAAAAAAAAAAAAAAAAAAAAAAAAAAAA",
										"label": "Treatment complete"
									},
									{
										"concept": "5240AAAAAAAAAAAAAAAAAAAAAAAAAAAAAAAA",
										"label": "Lost to followup"
									},
									{
										"concept": "48AAAAAAAAAAAAAAAAAAAAAAAAAAAAAAAAAA",
										"label": "Loss of pregnancy"
									},
									{
										"concept": "159492AAAAAAAAAAAAAAAAAAAAAAAAAAAAAA",
										"label": "Transferred out"
									},
									{
										"concept": "160034AAAAAAAAAAAAAAAAAAAAAAAAAAAAAA",
										"label": "Mother died"
									},
									{
										"concept": "162076AAAAAAAAAAAAAAAAAAAAAAAAAAAAAA",
										"label": "Baby died"
									},
									{
										"concept": "128299AAAAAAAAAAAAAAAAAAAAAAAAAAAAAA",
										"label": "False pregnancy"
									},
									{
										"concept": "129321AAAAAAAAAAAAAAAAAAAAAAAAAAAAAA",
										"label": "Perinatal death"
									}
								]
							}
						},
						{
							"label": "Transfer to Facility(if transferred out):",
							"type": "obs",
							"id": "transferFacility",
							"questionOptions": {
								"concept": "159495AAAAAAAAAAAAAAAAAAAAAAAAAAAAAA",
								"rendering": "remote-select",
								"dataSource":"location"
							  },
							"hide": {
							  "hideWhenExpression": "DiscontinuationReason !== '159492AAAAAAAAAAAAAAAAAAAAAAAAAAAAAA'"
							}
						  },
						{
							"label": "Date Transferred Out",
							"type": "obs",
							"id": "dateTransferredOut",
							"questionOptions": {
								"concept": "160649AAAAAAAAAAAAAAAAAAAAAAAAAAAAAA",
								"rendering": "date"
							},
							"validators": [
								{
									"type": "date",
									"allowFutureDates": "false"
								}
							],
							"hide": {
								"hideWhenExpression": "DiscontinuationReason !== '159492AAAAAAAAAAAAAAAAAAAAAAAAAAAAAA'"
							}
						},
						{
							"label": "Please provide Date of Death if Known:",
							"type": "obs",
							"id": "dateDeath",
							"questionOptions": {
								"concept": "1543AAAAAAAAAAAAAAAAAAAAAAAAAAAAAAAA",
								"rendering": "date"
							},
							"validators": [
								{
									"type": "date",
									"allowFutureDates": "false"
								}
							],
							"hide": {
								"hideWhenExpression": "DiscontinuationReason !== '160034AAAAAAAAAAAAAAAAAAAAAAAAAAAAAA' && DiscontinuationReason !== '129321AAAAAAAAAAAAAAAAAAAAAAAAAAAAAA' && DiscontinuationReason !== '162076AAAAAAAAAAAAAAAAAAAAAAAAAAAAAA'"
							}
						}
					]
				}
			]
		}
	],
	"processor": "EncounterFormProcessor",
	"referencedForms": []
}
