{
  "name": "MCH Postnatal Visit",
"description": "MCH Postnatal Visit",
"version": "3",
"published": true,
"uuid": "72aa78e0-ee4b-47c3-9073-26f3b9ecc4a7",
"retired": false,
"encounter": "MCH Mother Consultation",
"pages": [
    {
      "label": "Visit Details",
      "sections": [
        {
          "label": "Encounter Details",
          "isExpanded": "true",
          "questions": [
            {
              "label": "Visit date:",
              "type": "encounterDatetime",
              "required": "true",
              "id": "encDate",
              "questionOptions": {
                "rendering": "date"
              },
              "validators": [
                {
                  "type": "date",
                  "allowFutureDates": "false"
                }
              ]
            },
            {
              "label": "Provider:",
              "type": "encounterProvider",
              "required": "true",
              "questionOptions": {
                "rendering": "ui-select-extended"
              },
              "id": "encProvider "
            },
            {
              "label": "Location:",
              "type": "encounterLocation",
              "required": "true",
              "questionOptions": {
                "rendering": "ui-select-extended"
              },
              "id": "encLocation"
            }
          ]
        },
        {
          "label": "Patient Visit Details",
          "isExpanded": "true",
          "questions": [
            {
              "label": "PNC Number:",
              "type": "obs",
              "id": "pncRegisterNumber",
              "required": "true",
              "questionOptions": {
                "concept": "1646AAAAAAAAAAAAAAAAAAAAAAAAAAAAAAAA",
                "rendering": "text",
                "min": "0"
              }
            },
            {
              "label": "PNC Visit Number:",
              "type": "obs",
              "id": "pncVisitNumber",
              "required": "true",
              "questionOptions": {
                "concept": "159893AAAAAAAAAAAAAAAAAAAAAAAAAAAAAA",
                "rendering": "number",
                "min": "0",
                "max": "99"
              }
            },
            {
              "label": "Is this Visit a referral?",
              "type": "obs",
              "required": "true",
              "id": "visitReferral",
              "questionOptions": {
                "rendering": "radio",
                "concept": "d105235e-41ee-4234-9b32-0bef507342d7",
                "answers": [
                  {
                    "concept": "1065AAAAAAAAAAAAAAAAAAAAAAAAAAAAAAAA",
                    "label": "Yes"
                  },
                  {
                    "concept": "1066AAAAAAAAAAAAAAAAAAAAAAAAAAAAAAAA",
                    "label": "No"
                  }
                ]
              }
            },
            {
              "label": "Referral from",
              "type": "obs",
              "required": "true",
              "id": "referralSpecification",
              "questionOptions": {
                "rendering": "radio",
                "concept": "160338AAAAAAAAAAAAAAAAAAAAAAAAAAAAAA",
                "conceptMappings": [],
                "answers": [
                  {
                    "concept": "164407AAAAAAAAAAAAAAAAAAAAAAAAAAAAAA",
                    "label": "From other facilities"
                  },
                  {
                    "concept": "1759AAAAAAAAAAAAAAAAAAAAAAAAAAAAAAAA",
                    "label": "Referred from CHU "
                  },
                  {
                    "concept": "164918AAAAAAAAAAAAAAAAAAAAAAAAAAAAAA",
                    "label": "Internal(Department)"
                  }
                ]
              },
              "hide": {
                "hideWhenExpression": "isEmpty(visitReferral) || visitReferral !== '1065AAAAAAAAAAAAAAAAAAAAAAAAAAAAAAAA'"
              }
            }
          ]
        },
        {
          "label": "Post Partum Visit",
          "isExpanded": "true",
          "questions": [
            {
              "label": "Visit timing Mother:",
              "type": "obs",
              "id": "visitTimingMother",
              "questionOptions": {
                "concept": "1724AAAAAAAAAAAAAAAAAAAAAAAAAAAAAAAA",
                "rendering": "radio",
                "answers": [
                  {
                    "concept": "1721AAAAAAAAAAAAAAAAAAAAAAAAAAAAAAAA",
                    "label": "0 - 48 Hours"
                  },
                  {
                    "concept": "1722AAAAAAAAAAAAAAAAAAAAAAAAAAAAAAAA",
                    "label": "3 days - 6 weeks"
                  },
                  {
                    "concept": "1723AAAAAAAAAAAAAAAAAAAAAAAAAAAAAAAA",
                    "label": "More than 6 Weeks"
                  },
                  {
                    "concept": "167015AAAAAAAAAAAAAAAAAAAAAAAAAAAAAA",
                    "label": "4 - 6 Months"
                  }
                ]
              }
            },
            {
              "label": "Visit timing Baby:",
              "type": "obs",
              "id": "visitTimingBaby:",
              "questionOptions": {
                "concept": "167017AAAAAAAAAAAAAAAAAAAAAAAAAAAAAA",
                "rendering": "radio",
                "answers": [
                  {
                    "concept": "167012AAAAAAAAAAAAAAAAAAAAAAAAAAAAAA",
                    "label": "0 - 48 Hours"
                  },
                  {
                    "concept": "167013AAAAAAAAAAAAAAAAAAAAAAAAAAAAAA",
                    "label": "3 days - 6 weeks"
                  },
                  {
                    "concept": "167015AAAAAAAAAAAAAAAAAAAAAAAAAAAAAA",
                    "label": "More than 6 Weeks"
                  },
                  {
                    "concept": "167015AAAAAAAAAAAAAAAAAAAAAAAAAAAAAA",
                    "label": "4 - 6 Months"
                  }
                ]
              }
            }
          ]
        }
      ]
    },
    {
      "label": "Patient History",
      "sections": [
        {
          "label": "Maternity History",
          "isExpanded": "true",
          "questions": [
            {
              "label": "Date of Delivery:",
              "type": "obs",
              "required": "true",
              "id": "deliveryDate",
              "questionOptions": {
                "concept": "5599AAAAAAAAAAAAAAAAAAAAAAAAAAAAAAAA",
                "useMostRecentValue": true,
                "autoPopulateWithMostRecentValue": true,
                "rendering": "date"
              },
              "validators": [
                {
                  "type": "date",
                  "allowFutureDates": "false"
                }
              ]
            },
            {
              "label": "Mode of Delivery:",
              "type": "obs",
              "id": "deliveryMode",
              "questionOptions": {
                "concept": "5630AAAAAAAAAAAAAAAAAAAAAAAAAAAAAAAA",
                "useMostRecentValue": true,
                "autoPopulateWithMostRecentValue": true,
                "rendering": "radio",
                "answers": [
                  {
                    "concept": "1171AAAAAAAAAAAAAAAAAAAAAAAAAAAAAAAA",
                    "label": "Cesarean section(CS)"
                  },
                  {
                    "concept": "1170AAAAAAAAAAAAAAAAAAAAAAAAAAAAAAAA",
                    "label": "Spontaneous vaginal delivery(SVD)"
                  },
                  {
                    "concept": "1172AAAAAAAAAAAAAAAAAAAAAAAAAAAAAAAA",
                    "label": "Breech delivery"
                  },
                  {
                    "concept": "118159AAAAAAAAAAAAAAAAAAAAAAAAAAAAAA",
                    "label": "Assisted vaginal delivery(AVD)"
                  }
                ]
              }
            },
            {
              "label": "Place of Delivery:",
              "type": "obs",
              "id": "deliveryPlace",
              "questionOptions": {
                "concept": "1572AAAAAAAAAAAAAAAAAAAAAAAAAAAAAAAA",
                "useMostRecentValue": true,
                "autoPopulateWithMostRecentValue": true,
                "rendering": "radio",
                "answers": [
                  {
                    "concept": "1536AAAAAAAAAAAAAAAAAAAAAAAAAAAAAAAA",
                    "label": "Home"
                  },
                  {
                    "concept": "1589AAAAAAAAAAAAAAAAAAAAAAAAAAAAAAAA",
                    "label": "Facility"
                  },
                  {
                    "concept": "1601AAAAAAAAAAAAAAAAAAAAAAAAAAAAAAAA",
                    "label": "Born Before Arrival"
                  }
                ]
              }
            }
          ]
        }
      ]
    },
    {
      "label": "Patient Examination",
      "sections": [
        {
          "label": "Mother's observations",
          "isExpanded": "true",
          "questions": [
            {
              "label": "General Condition:",
              "type": "obs",
              "id": "generalCondition",
              "questionOptions": {
                "concept": "1856AAAAAAAAAAAAAAAAAAAAAAAAAAAAAAAA",
                "rendering": "radio",
                "answers": [
                  {
                    "concept": "1855AAAAAAAAAAAAAAAAAAAAAAAAAAAAAAAA",
                    "label": "Good"
                  },
                  {
                    "concept": "162133AAAAAAAAAAAAAAAAAAAAAAAAAAAAAA",
                    "label": "Fair"
                  },
                  {
                    "concept": "162132AAAAAAAAAAAAAAAAAAAAAAAAAAAAAA",
                    "label": "Poor"
                  }
                ]
              }
            },
            {
              "label": "Breast:",
              "type": "obs",
              "id": "breast",
              "questionOptions": {
                "concept": "159780AAAAAAAAAAAAAAAAAAAAAAAAAAAAAA",
                "rendering": "radio",
                "answers": [
                  {
                    "concept": "1115AAAAAAAAAAAAAAAAAAAAAAAAAAAAAAAA",
                    "label": "Normal"
                  },
                  {
                    "concept": "127522AAAAAAAAAAAAAAAAAAAAAAAAAAAAAA",
                    "label": "Engorged"
                  },
                  {
                    "concept": "115915AAAAAAAAAAAAAAAAAAAAAAAAAAAAAA",
                    "label": "Mastitis"
                  },
                  {
                    "concept": "143242AAAAAAAAAAAAAAAAAAAAAAAAAAAAAA",
                    "label": "Cracked nipple"
                  },
                  {
                    "concept": "5622AAAAAAAAAAAAAAAAAAAAAAAAAAAAAAAA",
                    "label": "Others"
                  }
                ]
              }
            },
            {
              "label": "Other Specify",
              "type": "obs",
              "id": "otherBreastSpecify",
              "questionOptions": {
                "concept": "162825AAAAAAAAAAAAAAAAAAAAAAAAAAAAAA",
                "rendering": "text"
              },
              "validators": [],
              "hide": {
                "hideWhenExpression": "isEmpty(breast) || !arrayContains(['5622AAAAAAAAAAAAAAAAAAAAAAAAAAAAAAAA'], breast)"
              }
            },
            {
              "label": "PPH:",
              "type": "obs",
              "id": "pph",
              "questionOptions": {
                "concept": "230AAAAAAAAAAAAAAAAAAAAAAAAAAAAAAAAA",
                "rendering": "radio",
                "answers": [
                  {
                    "concept": "1065AAAAAAAAAAAAAAAAAAAAAAAAAAAAAAAA",
                    "label": "Present"
                  },
                  {
                    "concept": "1066AAAAAAAAAAAAAAAAAAAAAAAAAAAAAAAA",
                    "label": "Absent"
                  }
                ]
              }
            },
            {
              "label": "Uterus:",
              "type": "obs",
              "id": "uterus",
              "questionOptions": {
                "concept": "163742AAAAAAAAAAAAAAAAAAAAAAAAAAAAAA",
                "rendering": "radio",
                "answers": [
                  {
                    "concept": "163750AAAAAAAAAAAAAAAAAAAAAAAAAAAAAA",
                    "label": "Contracted"
                  },
                  {
                    "concept": "148220AAAAAAAAAAAAAAAAAAAAAAAAAAAAAA",
                    "label": "Not Contracted"
                  },
                  {
                    "concept": "5622AAAAAAAAAAAAAAAAAAAAAAAAAAAAAAAA",
                    "label": "Other-Specify"
                  }
                ]
              },
              "hide": {
                "hideWhenExpression": "isEmpty(visitTimingMother) || visitTimingMother !== '1721AAAAAAAAAAAAAAAAAAAAAAAAAAAAAAAA'"
              }
            },
            {
              "label": "Other Specify",
              "type": "obs",
              "id": "otherSpecific",
              "questionOptions": {
                "concept": "160632AAAAAAAAAAAAAAAAAAAAAAAAAAAAAA",
                "rendering": "text"
              },
              "validators": [],
              "hide": {
                "hideWhenExpression": "isEmpty(uterus) || !arrayContains(['5622AAAAAAAAAAAAAAAAAAAAAAAAAAAAAAAA'], uterus)"
              }
            },
            {
              "label": "Pallor:",
              "type": "obs",
              "id": "pallor",
              "questionOptions": {
                "concept": "5245AAAAAAAAAAAAAAAAAAAAAAAAAAAAAAAA",
                "rendering": "radio",
                "answers": [
                  {
                    "concept": "1065AAAAAAAAAAAAAAAAAAAAAAAAAAAAAAAA",
                    "label": "Yes"
                  },
                  {
                    "concept": "1066AAAAAAAAAAAAAAAAAAAAAAAAAAAAAAAA",
                    "label": "No"
                  }
                ]
              }
            },
            {
              "label": "Pallor Severity:",
              "type": "obs",
              "id": "pallorSeverity",
              "questionOptions": {
                "concept": "162642AAAAAAAAAAAAAAAAAAAAAAAAAAAAAA",
                "rendering": "radio",
                "answers": [
                  {
                    "concept": "1498AAAAAAAAAAAAAAAAAAAAAAAAAAAAAAAA",
                    "label": "Mild"
                  },
                  {
                    "concept": "1499AAAAAAAAAAAAAAAAAAAAAAAAAAAAAAAA",
                    "label": "Moderate"
                  },
                  {
                    "concept": "1500AAAAAAAAAAAAAAAAAAAAAAAAAAAAAAAA",
                    "label": "Severe"
                  }
                ]
              },
              "hide": {
                "hideWhenExpression": "isEmpty(pallor) || pallor !== '1065AAAAAAAAAAAAAAAAAAAAAAAAAAAAAAAA'"
              }
            },
            {
              "label": "Involution of Uterus:",
              "type": "obs",
              "id": "uterusInvolution",
              "questionOptions": {
                "concept": "162110AAAAAAAAAAAAAAAAAAAAAAAAAAAAAA",
                "rendering": "select",
                "answers": [
                  {
                    "concept": "162114AAAAAAAAAAAAAAAAAAAAAAAAAAAAAA",
                    "label": "On exam, uterine fundus 24-28 week size"
                  },
                  {
                    "concept": "162115AAAAAAAAAAAAAAAAAAAAAAAAAAAAAA",
                    "label": "On exam, uterine fundus 28-32 week size"
                  },
                  {
                    "concept": "162117AAAAAAAAAAAAAAAAAAAAAAAAAAAAAA",
                    "label": "On exam, uterine fundus 34-36 week size"
                  },
                  {
                    "concept": "123427AAAAAAAAAAAAAAAAAAAAAAAAAAAAAA",
                    "label": "Uterus Involuted"
                  },
                  {
                    "concept": "162112AAAAAAAAAAAAAAAAAAAAAAAAAAAAAA",
                    "label": "On exam, uterine fundus 16-20 week size"
                  },
                  {
                    "concept": "162116AAAAAAAAAAAAAAAAAAAAAAAAAAAAAA",
                    "label": "On exam, uterine fundus 32-34 week size"
                  },
                  {
                    "concept": "162118AAAAAAAAAAAAAAAAAAAAAAAAAAAAAA",
                    "label": "On exam, uterine fundus 36-38 week size"
                  },
                  {
                    "concept": "162119AAAAAAAAAAAAAAAAAAAAAAAAAAAAAA",
                    "label": "On exam, uterine fundus 38 weeks-term size"
                  },
                  {
                    "concept": "162111AAAAAAAAAAAAAAAAAAAAAAAAAAAAAA",
                    "label": "On exam, uterine fundus 12-16 week size"
                  },
                  {
                    "concept": "162113AAAAAAAAAAAAAAAAAAAAAAAAAAAAAA",
                    "label": "On exam, uterine fundus 20-24 week size"
                  }
                ]
              },
              "hide": {
                "hideWhenExpression": "isEmpty(visitTimingMother) || visitTimingMother !== '1722AAAAAAAAAAAAAAAAAAAAAAAAAAAAAAAA' || visitTimingMother !== '1723AAAAAAAAAAAAAAAAAAAAAAAAAAAAAAAA' || visitTimingMother !== '167015AAAAAAAAAAAAAAAAAAAAAAAAAAAAAA'"
              }
            },
            {
              "label": "C-Section Site:",
              "type": "obs",
              "id": "csScar",
              "questionOptions": {
                "concept": "162128AAAAAAAAAAAAAAAAAAAAAAAAAAAAAA",
                "rendering": "select",
                "answers": [
                  {
                    "concept": "1115AAAAAAAAAAAAAAAAAAAAAAAAAAAAAAAA",
                    "label": "Normal"
                  },
                  {
                    "concept": "147241AAAAAAAAAAAAAAAAAAAAAAAAAAAAAA",
                    "label": "Bleeding"
                  },
                  {
                    "concept": "156794AAAAAAAAAAAAAAAAAAAAAAAAAAAAAA",
                    "label": "Infected"
                  },
                  {
                    "concept": "145776AAAAAAAAAAAAAAAAAAAAAAAAAAAAAA",
                    "label": "Gapping"
                  }
                ]
              },
              "validators": [],
              "hide": {
                "hideWhenExpression": "isEmpty(deliveryMode) || deliveryMode !== '1171AAAAAAAAAAAAAAAAAAAAAAAAAAAAAAAA'"
              }
            },
            {
              "label": "Condition of Episiotomy:",
              "type": "obs",
              "id": "episiotomy",
              "questionOptions": {
                "concept": "159840AAAAAAAAAAAAAAAAAAAAAAAAAAAAAA",
                "rendering": "select",
                "answers": [
                  {
                    "concept": "159843AAAAAAAAAAAAAAAAAAAAAAAAAAAAAA",
                    "label": "Healed-episiotomy wound"
                  },
                  {
                    "concept": "159841AAAAAAAAAAAAAAAAAAAAAAAAAAAAAA",
                    "label": "Gap-episiotomy wound"
                  },
                  {
                    "concept": "159842AAAAAAAAAAAAAAAAAAAAAAAAAAAAAA",
                    "label": "Repaired-episiotomy wound"
                  },
                  {
                    "concept": "113919AAAAAAAAAAAAAAAAAAAAAAAAAAAAAA",
                    "label": "Postoperative wound infection"
                  }
                ]
              },
              "hide": {
                "hideWhenExpression": "isEmpty(deliveryMode) || deliveryMode !== '1170AAAAAAAAAAAAAAAAAAAAAAAAAAAAAAAA'"
              }
            },
            {
              "label": "Lochia:",
              "type": "obs",
              "id": "lochia",
              "questionOptions": {
                "concept": "159844AAAAAAAAAAAAAAAAAAAAAAAAAAAAAA",
                "rendering": "radio",
                "answers": [
                  {
                    "concept": "159721AAAAAAAAAAAAAAAAAAAAAAAAAAAAAA",
                    "label": "Normal"
                  },
                  {
                    "concept": "159846AAAAAAAAAAAAAAAAAAAAAAAAAAAAAA",
                    "label": "Foul smelling"
                  },
                  {
                    "concept": "159845AAAAAAAAAAAAAAAAAAAAAAAAAAAAAA",
                    "label": "Excessive"
                  }
                ]
              }
            },
            {
              "label": "Maternal condition",
              "type": "obs",
              "id": "maternalCondition",
              "questionOptions": {
                "concept": "160085AAAAAAAAAAAAAAAAAAAAAAAAAAAAAA",
                "rendering": "select",
                "answers": [
                  {
                    "concept": "160429AAAAAAAAAAAAAAAAAAAAAAAAAAAAAA",
                    "label": "Alive"
                  },
                  {
                    "concept": "1855AAAAAAAAAAAAAAAAAAAAAAAAAAAAAAAA",
                    "label": "In good health"
                  },
                  {
                    "concept": "162132AAAAAAAAAAAAAAAAAAAAAAAAAAAAAA",
                    "label": "Patient condition poor"
                  },
                  {
                    "concept": "162133AAAAAAAAAAAAAAAAAAAAAAAAAAAAAA",
                    "label": "Patient condition fair/satisfactory"
                  },
                  {
                    "concept": "114244AAAAAAAAAAAAAAAAAAAAAAAAAAAAAA",
                    "label": "Perineal Laceration"
                  },
                  {
                    "concept": "130AAAAAAAAAAAAAAAAAAAAAAAAAAAAAAAAA",
                    "label": "Puerperal sepsis"
                  },
                  {
                    "concept": "134612AAAAAAAAAAAAAAAAAAAAAAAAAAAAAA",
                    "label": "Maternal Death"
                  }
                ]
              }
            },
            {
              "label": "Fistula screening:",
              "type": "obs",
              "id": "fistulaScreening",
              "questionOptions": {
                "concept": "159921AAAAAAAAAAAAAAAAAAAAAAAAAAAAAA",
                "rendering": "select",
                "answers": [
                  {
                    "concept": "1107AAAAAAAAAAAAAAAAAAAAAAAAAAAAAAAA",
                    "label": "None"
                  },
                  {
                    "concept": "127847AAAAAAAAAAAAAAAAAAAAAAAAAAAAAA",
                    "label": "Rectovaginal fistula"
                  },
                  {
                    "concept": "49AAAAAAAAAAAAAAAAAAAAAAAAAAAAAAAAAA",
                    "label": "Vesicovaginal Fistula"
                  },
                  {
                    "concept": "111521AAAAAAAAAAAAAAAAAAAAAAAAAAAAAA",
                    "label": "Vesicovaginal Reflux"
                  },
                  {
                    "concept": "1118AAAAAAAAAAAAAAAAAAAAAAAAAAAAAAAA",
                    "label": "Not done"
                  }
                ]
              }
            },
            {
              "label": "CaCx screening:",
              "type": "obs",
              "id": "cacxScreening",
              "questionOptions": {
                "concept": "06398e78-0d3e-43d5-8017-f2fc3865e2e0",
                "rendering": "select",
                "answers": [
                  {
                    "concept": "664AAAAAAAAAAAAAAAAAAAAAAAAAAAAAAAAA",
                    "label": "Normal"
                  },
                  {
                    "concept": "159393AAAAAAAAAAAAAAAAAAAAAAAAAAAAAA",
                    "label": "Suspected"
                  },
                  {
                    "concept": "703AAAAAAAAAAAAAAAAAAAAAAAAAAAAAAAAA",
                    "label": "Confirmed"
                  },
                  {
                    "concept": "1175AAAAAAAAAAAAAAAAAAAAAAAAAAAAAAAA",
                    "label": "N/A"
                  },
                  {
                    "concept": "1118AAAAAAAAAAAAAAAAAAAAAAAAAAAAAAAA",
                    "label": "Not Done"
                  }
                ]
              }
            },
            {
              "label": "CaCx screening method?",
              "type": "obs",
              "id": "screeningCacxMethod",
              "questionOptions": {
                "concept": "163589AAAAAAAAAAAAAAAAAAAAAAAAAAAAAA",
                "rendering": "radio",
                "answers": [
                  {
                    "concept": "9818bba5-ecd4-4cf9-a48f-5e5d9a48eec6",
                    "label": "VILI"
                  },
                  {
                    "concept": "162816AAAAAAAAAAAAAAAAAAAAAAAAAAAAAA",
                    "label": "VIA"
                  },
                  {
                    "concept": "885AAAAAAAAAAAAAAAAAAAAAAAAAAAAAAAAA",
                    "label": "Pap Smear"
                  },
                  {
                    "concept": "5622AAAAAAAAAAAAAAAAAAAAAAAAAAAAAAAA",
                    "label": "Other"
                  }
                ]
              },
              "validators": [],
              "hide": {
                "hideWhenExpression": "isEmpty(cacxScreening) || cacxScreening == '1175AAAAAAAAAAAAAAAAAAAAAAAAAAAAAAAA' || cacxScreening == '1118AAAAAAAAAAAAAAAAAAAAAAAAAAAAAAAA' "
              }
            },
            {
              "label": "TB Screening:",
              "type": "obs",
              "id": "tbScreening:",
              "questionOptions": {
                "concept": "1659AAAAAAAAAAAAAAAAAAAAAAAAAAAAAAAA",
                "rendering": "radio",
                "calculate": {
                  "calculateExpression": "String(sPutUmResuLts) === '703AAAAAAAAAAAAAAAAAAAAAAAAAAAAAAAAA' || String(cliNicalDiagnosisAction) === '703AAAAAAAAAAAAAAAAAAAAAAAAAAAAAAAAA' || String(geneXpertActiOn) === '162204AAAAAAAAAAAAAAAAAAAAAAAAAAAAAA' || String(geneXpertActiOn) === '164104AAAAAAAAAAAAAAAAAAAAAAAAAAAAAA' || String(geneXpertActiOn) === '162203AAAAAAAAAAAAAAAAAAAAAAAAAAAAAA' ? '1662AAAAAAAAAAAAAAAAAAAAAAAAAAAAAAAA' : String(sPutUmResuLts) === '664AAAAAAAAAAAAAAAAAAAAAAAAAAAAAAAAA' || String(cliNicalDiagnosisAction) === '664AAAAAAAAAAAAAAAAAAAAAAAAAAAAAAAAA'? '1660AAAAAAAAAAAAAAAAAAAAAAAAAAAAAAAA' : String(orDsputumSmEAr) === '307AAAAAAAAAAAAAAAAAAAAAAAAAAAAAAAAA' || String(oRdchEstXray) === '12AAAAAAAAAAAAAAAAAAAAAAAAAAAAAAAAAA' || String(ordGenexPert) === '162202AAAAAAAAAAAAAAAAAAAAAAAAAAAAAA' ? '142177AAAAAAAAAAAAAAAAAAAAAAAAAAAAAA' : String(cOughDuratiOn) === '1066AAAAAAAAAAAAAAAAAAAAAAAAAAAAAAAA' && String(FeverIsh) === '1066AAAAAAAAAAAAAAAAAAAAAAAAAAAAAAAA' && String(WeigHtLossGain) === '1066AAAAAAAAAAAAAAAAAAAAAAAAAAAAAAAA' && String(NighTsWeatS) === '1066AAAAAAAAAAAAAAAAAAAAAAAAAAAAAAAA' && String(ConTacTbCase) === '1066AAAAAAAAAAAAAAAAAAAAAAAAAAAAAAAA'&& String(LeSSpLayFul) === '1066AAAAAAAAAAAAAAAAAAAAAAAAAAAAAAAA' ? '1660AAAAAAAAAAAAAAAAAAAAAAAAAAAAAAAA' : ''"
                },
                "answers": [
                  {
                    "concept": "1660AAAAAAAAAAAAAAAAAAAAAAAAAAAAAAAA",
                    "label": "No TB Signs"
                  },
                  {
                    "concept": "142177AAAAAAAAAAAAAAAAAAAAAAAAAAAAAA",
                    "label": "Presumed TB"
                  },
                  {
                    "concept": "1662AAAAAAAAAAAAAAAAAAAAAAAAAAAAAAAA",
                    "label": "TB Confirmed"
                  },
                  {
                    "concept": "164128AAAAAAAAAAAAAAAAAAAAAAAAAAAAAA",
                    "label": "On TPT"
                  },
                  {
                    "concept": "160737AAAAAAAAAAAAAAAAAAAAAAAAAAAAAA",
                    "label": "TB Screening Not Done"
                  }
                ]
              }
            },
            {
              "label": "Screen for mental health",
              "type": "obs",
              "id": "screenForMentalHealth",
              "questionOptions": {
                "concept": "66940ede-beba-4569-85ef-d238b21cc0f8",
                "rendering": "radio",
                "answers": [
                  {
                    "concept": "1065AAAAAAAAAAAAAAAAAAAAAAAAAAAAAAAA",
                    "label": "Yes"
                  },
                  {
                    "concept": "1066AAAAAAAAAAAAAAAAAAAAAAAAAAAAAAAA",
                    "label": "No"
                  }
                ]
              }
            },
            {
              "label": "Other Maternal Complications",
              "type": "obs",
              "id": "otherMaternalComplications",
              "questionOptions": {
                "concept": "160632AAAAAAAAAAAAAAAAAAAAAAAAAAAAAA",
                "rendering": "textarea"
              }
            },
            {
              "label": "Baby(s) observations",
              "type": "obsGroup",
              "questionOptions": {
                "rendering": "repeating",
                "concept": "162588AAAAAAAAAAAAAAAAAAAAAAAAAAAAAA"
              },
              "id": "babyObservations",
              "questions": [
                {
              "label": "Delivery Outcome",
              "type": "obs",
              "id": "deliveryOutcome",
              "questionOptions": {
                "concept": "159949AAAAAAAAAAAAAAAAAAAAAAAAAAAAAA",
                "rendering": "select",
                "answers": [
                  {
                    "concept": "159913AAAAAAAAAAAAAAAAAAAAAAAAAAAAAA",
                    "label": "Single"
                  },
                  {
                    "concept": "159914AAAAAAAAAAAAAAAAAAAAAAAAAAAAAA",
                    "label": "Twins"
                  },
                  {
                    "concept": "159915AAAAAAAAAAAAAAAAAAAAAAAAAAAAAA",
                    "label": "Triplets"
                  }
                ]
              }
            },
                {
                  "label": "Baby's Condition",
                  "type": "obs",
                  "id": "babyConditionSingle",
                  "questionOptions": {
                    "concept": "162134AAAAAAAAAAAAAAAAAAAAAAAAAAAAAA",
                    "rendering": "select",
                    "answers": [
                      {
                        "concept": "1855AAAAAAAAAAAAAAAAAAAAAAAAAAAAAAAA",
                        "label": "Good"
                      },
                      {
                        "concept": "162133AAAAAAAAAAAAAAAAAAAAAAAAAAAAAA",
                        "label": "Fair"
                      },
                      {
                        "concept": "162132AAAAAAAAAAAAAAAAAAAAAAAAAAAAAA",
                        "label": "Poor"
                      },
                      {
                        "concept": "160034AAAAAAAAAAAAAAAAAAAAAAAAAAAAAA",
                        "label": "Died"
                      }
                    ]
                  }
                },
                {
                  "label": "Baby's Feeding Method",
                  "type": "obs",
                  "id": "feedingMethodSingle",
                  "questionOptions": {
                    "concept": "1151AAAAAAAAAAAAAAAAAAAAAAAAAAAAAAAA",
                    "rendering": "select",
                    "answers": [
                      {
                        "concept": "5526AAAAAAAAAAAAAAAAAAAAAAAAAAAAAAAA",
                        "label": "Breastfed Exclusively"
                      },
                      {
                        "concept": "6046AAAAAAAAAAAAAAAAAAAAAAAAAAAAAAAA",
                        "label": "Mixed feeding"
                      },
                      {
                        "concept": "1595AAAAAAAAAAAAAAAAAAAAAAAAAAAAAAAA",
                        "label": "Replacement Feeding"
                      },
                      {
                        "concept": "159418AAAAAAAAAAAAAAAAAAAAAAAAAAAAAA",
                        "label": "Not at all sure"
                      }
                    ]
                  },
                  "hide": {
                    "hideWhenExpression": "babyConditionSingle === '160034AAAAAAAAAAAAAAAAAAAAAAAAAAAAAA'"
                  }
                },
                {
                  "label": "Positioning?",
                  "type": "obs",
                  "id": "positioning",
                  "questionOptions": {
                    "concept": "155329AAAAAAAAAAAAAAAAAAAAAAAAAAAAAA",
                    "rendering": "select",
                    "answers": [
                      {
                        "concept": "be419a19-b18e-4650-887a-572c14c9ee24",
                        "label": "Correct"
                      },
                      {
                        "concept": "5382457d-1084-4f61-be44-fa9c11119f68",
                        "label": "Not correct"
                      }
                    ]
                  },
                  "hide": {
                    "hideWhenExpression": "feedingMethodSingle !== '5526AAAAAAAAAAAAAAAAAAAAAAAAAAAAAAAA'"
                  }
                },
                {
                  "label": "Attachment?",
                  "type": "obs",
                  "id": "attachment",
                  "questionOptions": {
                    "concept": "164473AAAAAAAAAAAAAAAAAAAAAAAAAAAAAA",
                    "rendering": "select",
                    "answers": [
                      {
                        "concept": "159405AAAAAAAAAAAAAAAAAAAAAAAAAAAAAA",
                        "label": "Good"
                      },
                      {
                        "concept": "159407AAAAAAAAAAAAAAAAAAAAAAAAAAAAAA",
                        "label": "Poor"
                      }
                    ]
                  },
                  "hide": {
                    "hideWhenExpression": "feedingMethodSingle !== '5526AAAAAAAAAAAAAAAAAAAAAAAAAAAAAAAA'"
                  }
                },
                {
                  "label": "Umbilical Cord",
                  "type": "obs",
                  "id": "umbilicalCordSingle",
                  "questionOptions": {
                    "concept": "162121AAAAAAAAAAAAAAAAAAAAAAAAAAAAAA",
                    "rendering": "select",
                    "answers": [
                      {
                        "concept": "162122AAAAAAAAAAAAAAAAAAAAAAAAAAAAAA",
                        "label": "Clean"
                      },
                      {
                        "concept": "162120AAAAAAAAAAAAAAAAAAAAAAAAAAAAAA",
                        "label": "Dry"
                      },
                      {
                        "concept": "123844AAAAAAAAAAAAAAAAAAAAAAAAAAAAAA",
                        "label": "Bleeding"
                      },
                      {
                        "concept": "5622AAAAAAAAAAAAAAAAAAAAAAAAAAAAAAAA",
                        "label": "Other"
                      }
                    ]
                  },
                  "hide": {
                    "hideWhenExpression": "babyConditionSingle === '160034AAAAAAAAAAAAAAAAAAAAAAAAAAAAAA'"
                  }
                },
                {
                  "label": "Other Specify",
                  "type": "obs",
                  "id": "otherUmbilicalCordSpecify",
                  "questionOptions": {
                    "concept": "20063ee5-6c6e-4e93-86b1-e8d8720f6b1d",
                    "rendering": "textarea"
                  },
                  "hide": {
                    "hideWhenExpression": "umbilicalCordSingle !== '5622AAAAAAAAAAAAAAAAAAAAAAAAAAAAAAAA'"
                  }
                },
                {
                  "label": "Irritable?",
                  "type": "obs",
                  "id": "irritable",
                  "questionOptions": {
                    "concept": "6023AAAAAAAAAAAAAAAAAAAAAAAAAAAAAAAA",
                    "rendering": "radio",
                    "answers": [
                      {
                        "concept": "1065AAAAAAAAAAAAAAAAAAAAAAAAAAAAAAAA",
                        "label": "Yes"
                      },
                      {
                        "concept": "1066AAAAAAAAAAAAAAAAAAAAAAAAAAAAAAAA",
                        "label": "No"
                      }
                    ]
                  }
                },
                {
                  "label": "Any other problem?",
                  "type": "obs",
                  "id": "anyOtherProblem",
                  "questionOptions": {
                    "concept": "162163AAAAAAAAAAAAAAAAAAAAAAAAAAAAAA",
                    "rendering": "textarea"
                  }
                },
                {
                  "label": "Baby Immunization Started",
                  "type": "obs",
                  "id": "immunizationSingle",
                  "questionOptions": {
                    "concept": "162127AAAAAAAAAAAAAAAAAAAAAAAAAAAAAA",
                    "rendering": "radio",
                    "answers": [
                      {
                        "concept": "1065AAAAAAAAAAAAAAAAAAAAAAAAAAAAAAAA",
                        "label": "Yes"
                      },
                      {
                        "concept": "1066AAAAAAAAAAAAAAAAAAAAAAAAAAAAAAAA",
                        "label": "No"
                      },
                      {
                        "concept": "1067AAAAAAAAAAAAAAAAAAAAAAAAAAAAAAAA",
                        "label": "Unknown"
                      }
                    ]
                  },
                  "hide": {
                    "hideWhenExpression": "babyConditionSingle === '160034AAAAAAAAAAAAAAAAAAAAAAAAAAAAAA'"
                  }
                }
              ]
            }
          ]
        },
       
       {
          "label": "HIV Testing",
          "isExpanded": "true",
          "questions": [
           
           {
              "label": "Tested in PNC",
              "type": "obs",
              "id": "HIVTestQuestion",
              "required": "true",
              "questionOptions": {
                "rendering": "radio",
                "concept": "164181AAAAAAAAAAAAAAAAAAAAAAAAAAAAAA",
                "answers": [
                  {
                    "concept": "164180AAAAAAAAAAAAAAAAAAAAAAAAAAAAAA",
                    "label": "Initial"
                  },
                  {
                    "concept": "160530AAAAAAAAAAAAAAAAAAAAAAAAAAAAAA",
                    "label": "Retest"
                  },
                  {
                    "concept": "6f6a5e50-6ea0-45a1-90cc-800bd858f82b",
                    "label": "Known postive"
                  },
                  {
                    "concept": "1118AAAAAAAAAAAAAAAAAAAAAAAAAAAAAAAA",
                    "label": "Not done"
                  }
                ]
              },
              "validators": [],
              "hide": {
                "hideWhenExpression": "isEmpty(eligibleTest) || eligibleTest !== '1065AAAAAAAAAAAAAAAAAAAAAAAAAAAAAAAA'"
              }
            },
            {
              "label": "Has consent been given? ",
              "type": "obs",
              "questionOptions": {
                "rendering": "radio",
                "concept": "1710AAAAAAAAAAAAAAAAAAAAAAAAAAAAAAAA",
                "answers": [
                  {
                    "concept": "true",
                    "label": "Yes"
                  },
                  {
                    "concept": "false",
                    "label": "No"
                  }
                ]
              },
              "validators": [],
              "hide": {
                "hideWhenExpression": "isEmpty(HIVTestQuestion) || HIVTestQuestion !== '164180AAAAAAAAAAAAAAAAAAAAAAAAAAAAAA' && HIVTestQuestion !== '160530AAAAAAAAAAAAAAAAAAAAAAAAAAAAAA'"
              },
              "id": "consentGiven",
              "required": "true"
            },
            {
              "label": "Client tested as?  ",
              "type": "obs",
              "questionOptions": {
                "rendering": "radio",
                "concept": "b61c1482-1697-404c-ab96-fd698d5fd317",
                "answers": [
                  {
                    "concept": "147082f4-0662-4bfa-a54c-914f1db97373",
                    "label": "Individual"
                  },
                  {
                    "concept": "c3eba392-6f4d-4990-809f-91000503afbc",
                    "label": "Couple"
                  }
                ]
              },
              "id": "testedAs",
              "validators": [],
              "hide": {
                "hideWhenExpression": "isEmpty(consentGiven) || consentGiven !== 'true'"
              }
            },
            {
              "label": "When did mother come for HIV Test?",
              "type": "obs",
              "id": "pncMotherHivTest",
              "questionOptions": {
                "concept": "163783AAAAAAAAAAAAAAAAAAAAAAAAAAAAAA",
                "rendering": "radio",
                "answers": [
                  {
                    "concept": "162080AAAAAAAAAAAAAAAAAAAAAAAAAAAAAA",
                    "label": "Less than or equal to 6 weeks"
                  },
                  {
                    "concept": "162081AAAAAAAAAAAAAAAAAAAAAAAAAAAAAA",
                    "label": "Greater 6 weeks"
                  }
                  
                ]
              },
              "hide": {
                "hideWhenExpression": "isEmpty(consentGiven) || consentGiven !== 'true'"
              }
            },
            {
              "label": "HIV Test",
              "type": "obsGroup",
              "questionOptions": {
                "rendering": "group",
                "concept": "164410AAAAAAAAAAAAAAAAAAAAAAAAAAAAAA"
              },
              "id": "hivTest1",
              "validators": [],
              "hide": {
                "hideWhenExpression": "isEmpty(consentGiven) || consentGiven !== 'true'"
              },
              "questions": [
                {
                  "label": "Kit 1 Name",
                  "type": "obs",
                  "required": "true",
                  "questionOptions": {
                    "rendering": "select",
                    "concept": "214c83f9-435d-44f5-9ae6-d5757b7b4c7f",
                    "answers": [
                      {
                        "concept": "9c4011c2-2579-49cf-ab53-93d009f03e7b",
                        "label": "Trinscreen"
                      }
                    ]
                  },
                  "id": "kitName",
                  "validators": [],
                  "hide": {
                    "hideWhenExpression": "isEmpty(consentGiven) || consentGiven !== 'true' || sex != 'M'"
                  }
                },
                {
                  "label": "Kit 1 Name",
                  "type": "obs",
                  "required": "true",
                  "questionOptions": {
                    "rendering": "select",
                    "concept": "214c83f9-435d-44f5-9ae6-d5757b7b4c7f",
                    "answers": [
                      {
                        "concept": "9c4011c2-2579-49cf-ab53-93d009f03e7b",
                        "label": "Trinscreen"
                      },
                      {
                        "concept": "5e010f25-6074-4caa-9a26-9ae93ca03e31",
                        "label": "Standard Q"
                      }
                    ]
                  },
                  "id": "kitNameA",
                  "validators": [],
                  "hide": {
                    "hideWhenExpression": "isEmpty(consentGiven) || consentGiven !== 'true' || sex != 'F' || (age < 9)"
                  }
                },
                {
                  "label": "Lot Number",
                  "type": "obs",
                  "required": "true",
                  "questionOptions": {
                    "rendering": "text",
                    "concept": "3d4f9e8e-46cc-4024-a1c4-d0167f2c84a4"
                  },
                  "id": "lotNumber",
                  "validators": [],
                  "hide": {
                    "hideWhenExpression": "isEmpty(kitName) && isEmpty(kitNameA)"
                  }
                },
                {
                  "label": "Expiry Date",
                  "type": "obs",
                  "required": "true",
                  "validators": [
                    {
                      "type": "date",
                      "allowFutureDates": "true"
                    },
                    {
                      "type": "js_expression",
                      "failsWhenExpression": "(new moment(encDate)).isAfter((new moment(myValue)), 'day') || (new moment(encDate)).isSame((new moment(myValue)), 'day')",
                      "message": "Expiry date should be greater than the encounter date."
                    }
                  ],
                  "questionOptions": {
                    "rendering": "date",
                    "concept": "162502AAAAAAAAAAAAAAAAAAAAAAAAAAAAAA",
                    "weeksList": ""
                  },
                  "id": "expiryDate",
                  "hide": {
                    "hideWhenExpression": "isEmpty(kitName) && isEmpty(kitNameA)"
                  }
                },
                {
                  "label": "HIV Test 1 Results:",
                  "type": "obs",
                  "required": "true",
                  "questionOptions": {
                    "rendering": "select",
                    "concept": "1040AAAAAAAAAAAAAAAAAAAAAAAAAAAAAAAA",
                    "answers": [
                      {
                        "concept": "703AAAAAAAAAAAAAAAAAAAAAAAAAAAAAAAAA",
                        "label": "Positive"
                      },
                      {
                        "concept": "664AAAAAAAAAAAAAAAAAAAAAAAAAAAAAAAAA",
                        "label": "Negative"
                      },
                      {
                        "concept": "163611AAAAAAAAAAAAAAAAAAAAAAAAAAAAAA",
                        "label": "Invalid"
                      }
                    ]
                  },
                  "id": "testResults",
                  "validators": [],
                  "hide": {
                    "hideWhenExpression": "isEmpty(kitName) && isEmpty(kitNameA)"
                  }
                },
                {
                  "label": "Syphilis Results:",
                  "type": "obs",
                  "id": "syphilisTestResults",
                  "questionOptions": {
                    "concept": "299AAAAAAAAAAAAAAAAAAAAAAAAAAAAAAAAA",
                    "rendering": "select",
                    "answers": [
                      {
                        "concept": "1229AAAAAAAAAAAAAAAAAAAAAAAAAAAAAAAA",
                        "label": "Non reactive"
                      },
                      {
                        "concept": "1228AAAAAAAAAAAAAAAAAAAAAAAAAAAAAAAA",
                        "label": "Reactive"
                      },
                      {
                        "concept": "1304AAAAAAAAAAAAAAAAAAAAAAAAAAAAAAAA",
                        "label": "Inconclusive"
                      }
                    ]
                  },
                  "hide": {
                    "hideWhenExpression": "isEmpty(kitNameA) || kitNameA !== '5e010f25-6074-4caa-9a26-9ae93ca03e31'"
                  }
                },
                {
                  "label": "Was treatment given?",
                  "type": "obs",
                  "id": "syphilisTreatmentGiven",
                  "questionOptions": {
                    "concept": "166665AAAAAAAAAAAAAAAAAAAAAAAAAAAAAA",
                    "rendering": "radio",
                    "answers": [
                      {
                        "concept": "1065AAAAAAAAAAAAAAAAAAAAAAAAAAAAAAAA",
                        "label": "Yes"
                      },
                      {
                        "concept": "1066AAAAAAAAAAAAAAAAAAAAAAAAAAAAAAAA",
                        "label": "No"
                      }
                    ]
                  },
                  "validators": [],
                  "hide": {
                    "hideWhenExpression": "isEmpty(syphilisTestResults) || syphilisTestResults !== '1228AAAAAAAAAAAAAAAAAAAAAAAAAAAAAAAA'"
                  }
                }
              ]
            },
            {
              "label": "HIV Test(s)",
              "type": "obsGroup",
              "questionOptions": {
                "rendering": "group",
                "concept": "164410AAAAAAAAAAAAAAAAAAAAAAAAAAAAAA"
              },
              "id": "hivTest2",
              "validators": [],
              "hide": {
                "hideWhenExpression": "isEmpty(consentGiven) || consentGiven !== 'true'"
              },
              "questions": [
                {
                  "label": "Kit 2 Name",
                  "type": "obs",
                  "required": "true",
                  "questionOptions": {
                    "rendering": "select",
                    "concept": "214c83f9-435d-44f5-9ae6-d5757b7b4c7f",
                    "answers": [
                      {
                        "concept": "3de9db8a-32a2-4518-8887-c8f25208dade",
                        "label": "One Step"
                      }
                    ]
                  },
                  "id": "kitNameB",
                  "validators": [],
                  "hide": {
                    "hideWhenExpression": "isEmpty(testResults) || testResults !== '703AAAAAAAAAAAAAAAAAAAAAAAAAAAAAAAAA'"
                  }
                },
                {
                  "label": "Lot Number",
                  "type": "obs",
                  "required": "true",
                  "questionOptions": {
                    "rendering": "text",
                    "concept": "3d4f9e8e-46cc-4024-a1c4-d0167f2c84a4"
                  },
                  "id": "lotNumberB",
                  "validators": [],
                  "hide": {
                    "hideWhenExpression": "isEmpty(kitNameB)"
                  }
                },
                {
                  "label": "Expiry Date",
                  "type": "obs",
                  "required": "true",
                  "validators": [
                    {
                      "type": "date",
                      "allowFutureDates": "true"
                    },
                    {
                      "type": "js_expression",
                      "failsWhenExpression": "(new moment(encDate)).isAfter((new moment(myValue)), 'day') || (new moment(encDate)).isSame((new moment(myValue)), 'day')",
                      "message": "Expiry date should be greater than the encounter date."
                    }
                  ],
                  "questionOptions": {
                    "rendering": "date",
                    "concept": "162502AAAAAAAAAAAAAAAAAAAAAAAAAAAAAA",
                    "weeksList": ""
                  },
                  "id": "expiryDateB",
                  "hide": {
                    "hideWhenExpression": "isEmpty(kitNameB)"
                  }
                },
                {
                  "label": "HIV Test 2 Results:",
                  "type": "obs",
                  "required": "true",
                  "questionOptions": {
                    "rendering": "select",
                    "concept": "1326AAAAAAAAAAAAAAAAAAAAAAAAAAAAAAAA",
                    "answers": [
                      {
                        "concept": "703AAAAAAAAAAAAAAAAAAAAAAAAAAAAAAAAA",
                        "label": "Positive"
                      },
                      {
                        "concept": "664AAAAAAAAAAAAAAAAAAAAAAAAAAAAAAAAA",
                        "label": "Negative"
                      },
                      {
                        "concept": "163611AAAAAAAAAAAAAAAAAAAAAAAAAAAAAA",
                        "label": "Invalid"
                      }
                    ]
                  },
                  "id": "testResultsB",
                  "validators": [],
                  "hide": {
                    "hideWhenExpression": "isEmpty(kitNameB)"
                  }
                }
              ]
            },
            {
              "label": "HIV Test",
              "type": "obsGroup",
              "questionOptions": {
                "rendering": "group",
                "concept": "164410AAAAAAAAAAAAAAAAAAAAAAAAAAAAAA"
              },
              "id": "hivTestA2b",
              "validators": [],
              "hide": {
                "hideWhenExpression": "isEmpty(consentGiven) || consentGiven !== 'true'"
              },
              "questions": [
                {
                  "label": "Kit 3 Name",
                  "type": "obs",
                  "required": "true",
                  "questionOptions": {
                    "rendering": "select",
                    "concept": "214c83f9-435d-44f5-9ae6-d5757b7b4c7f",
                    "answers": [
                      {
                        "concept": "5e010f25-6074-4caa-9a26-9ae93ca03e31",
                        "label": "Standard Q"
                      }
                    ]
                  },
                  "id": "kitNameG",
                  "validators": [],
                  "hide": {
                    "hideWhenExpression": "isEmpty(testResultsB) || testResultsB !== '664AAAAAAAAAAAAAAAAAAAAAAAAAAAAAAAAA' || kitNameA ==='9c4011c2-2579-49cf-ab53-93d009f03e7b'"
                  }
                },
                {
                  "label": "Lot Number",
                  "type": "obs",
                  "required": "true",
                  "questionOptions": {
                    "rendering": "text",
                    "concept": "3d4f9e8e-46cc-4024-a1c4-d0167f2c84a4"
                  },
                  "id": "lotNumberG",
                  "validators": [],
                  "hide": {
                    "hideWhenExpression": "isEmpty(kitNameG)"
                  }
                },
                {
                  "label": "Expiry Date",
                  "type": "obs",
                  "required": "true",
                  "validators": [
                    {
                      "type": "date",
                      "allowFutureDates": "true"
                    },
                    {
                      "type": "js_expression",
                      "failsWhenExpression": "(new moment(encDate)).isAfter((new moment(myValue)), 'day') || (new moment(encDate)).isSame((new moment(myValue)), 'day')",
                      "message": "Expiry date should be greater than the encounter date."
                    }
                  ],
                  "questionOptions": {
                    "rendering": "date",
                    "concept": "162502AAAAAAAAAAAAAAAAAAAAAAAAAAAAAA",
                    "weeksList": ""
                  },
                  "id": "expiryDateG",
                  "hide": {
                    "hideWhenExpression": "isEmpty(kitNameG)"
                  }
                },
                {
                  "label": "HIV Test 3 Results:",
                  "type": "obs",
                  "required": "true",
                  "questionOptions": {
                    "rendering": "select",
                    "concept": "1326AAAAAAAAAAAAAAAAAAAAAAAAAAAAAAAA",
                    "answers": [
                      {
                        "concept": "703AAAAAAAAAAAAAAAAAAAAAAAAAAAAAAAAA",
                        "label": "Positive"
                      },
                      {
                        "concept": "664AAAAAAAAAAAAAAAAAAAAAAAAAAAAAAAAA",
                        "label": "Negative"
                      },
                      {
                        "concept": "163611AAAAAAAAAAAAAAAAAAAAAAAAAAAAAA",
                        "label": "Invalid"
                      }
                    ]
                  },
                  "id": "testResultsG",
                  "validators": [],
                  "hide": {
                    "hideWhenExpression": "isEmpty(kitNameG)"
                  }
                }
              ]
            },
            {
              "label": "HIV Test",
              "type": "obsGroup",
              "questionOptions": {
                "rendering": "group",
                "concept": "164410AAAAAAAAAAAAAAAAAAAAAAAAAAAAAA"
              },
              "id": "hivTestA2",
              "validators": [],
              "hide": {
                "hideWhenExpression": "isEmpty(consentGiven) || consentGiven !== 'true'"
              },
              "questions": [
                {
                  "label": "Kit 3 Name",
                  "type": "obs",
                  "required": "true",
                  "questionOptions": {
                    "rendering": "select",
                    "concept": "214c83f9-435d-44f5-9ae6-d5757b7b4c7f",
                    "answers": [
                      {
                        "concept": "9c4011c2-2579-49cf-ab53-93d009f03e7b",
                        "label": "Trinscreen"
                      }
                    ]
                  },
                  "id": "kitNameD",
                  "validators": [],
                  "hide": {
                    "hideWhenExpression": "isEmpty(testResultsB) || testResultsB !== '664AAAAAAAAAAAAAAAAAAAAAAAAAAAAAAAAA' || kitNameA ==='5e010f25-6074-4caa-9a26-9ae93ca03e31'"
                  }
                },
                {
                  "label": "Lot Number",
                  "type": "obs",
                  "required": "true",
                  "questionOptions": {
                    "rendering": "text",
                    "concept": "3d4f9e8e-46cc-4024-a1c4-d0167f2c84a4"
                  },
                  "id": "lotNumberD",
                  "validators": [],
                  "hide": {
                    "hideWhenExpression": "isEmpty(kitNameD)"
                  }
                },
                {
                  "label": "Expiry Date",
                  "type": "obs",
                  "required": "true",
                  "validators": [
                    {
                      "type": "date",
                      "allowFutureDates": "true"
                    },
                    {
                      "type": "js_expression",
                      "failsWhenExpression": "(new moment(encDate)).isAfter((new moment(myValue)), 'day') || (new moment(encDate)).isSame((new moment(myValue)), 'day')",
                      "message": "Expiry date should be greater than the encounter date."
                    }
                  ],
                  "questionOptions": {
                    "rendering": "date",
                    "concept": "162502AAAAAAAAAAAAAAAAAAAAAAAAAAAAAA",
                    "weeksList": ""
                  },
                  "id": "expiryDateD",
                  "hide": {
                    "hideWhenExpression": "isEmpty(kitNameD)"
                  }
                },
                {
                  "label": "HIV Test 3 Results:",
                  "type": "obs",
                  "required": "true",
                  "questionOptions": {
                    "rendering": "select",
                    "concept": "1326AAAAAAAAAAAAAAAAAAAAAAAAAAAAAAAA",
                    "answers": [
                      {
                        "concept": "703AAAAAAAAAAAAAAAAAAAAAAAAAAAAAAAAA",
                        "label": "Positive"
                      },
                      {
                        "concept": "664AAAAAAAAAAAAAAAAAAAAAAAAAAAAAAAAA",
                        "label": "Negative"
                      },
                      {
                        "concept": "163611AAAAAAAAAAAAAAAAAAAAAAAAAAAAAA",
                        "label": "Invalid"
                      }
                    ]
                  },
                  "id": "testResultsD",
                  "validators": [],
                  "hide": {
                    "hideWhenExpression": "isEmpty(kitNameD)"
                  }
                }
              ]
            },
            {
              "label": "HIV Test",
              "type": "obsGroup",
              "questionOptions": {
                "rendering": "group",
                "concept": "164410AAAAAAAAAAAAAAAAAAAAAAAAAAAAAA"
              },
              "id": "hivTest3",
              "validators": [],
              "hide": {
                "hideWhenExpression": "isEmpty(consentGiven) || consentGiven !== 'true'"
              },
              "questions": [
                {
                  "label": "Kit 3 Name",
                  "type": "obs",
                  "required": "true",
                  "questionOptions": {
                    "rendering": "select",
                    "concept": "214c83f9-435d-44f5-9ae6-d5757b7b4c7f",
                    "answers": [
                      {
                        "concept": "59ef8c87-eb66-4f9e-a459-7227c01f682e",
                        "label": "First Response"
                      }
                    ]
                  },
                  "id": "kitNameC",
                  "validators": [],
                  "hide": {
                    "hideWhenExpression": "isEmpty(testResultsB) || testResultsB !== '703AAAAAAAAAAAAAAAAAAAAAAAAAAAAAAAAA' || kitName ==='7cf927f8-e734-474f-b71a-1459bb566aa2' || kitNameB === '59ef8c87-eb66-4f9e-a459-7227c01f682e'"
                  }
                },
                {
                  "label": "Lot Number",
                  "type": "obs",
                  "required": "true",
                  "questionOptions": {
                    "rendering": "text",
                    "concept": "3d4f9e8e-46cc-4024-a1c4-d0167f2c84a4"
                  },
                  "id": "lotNumberC",
                  "validators": [],
                  "hide": {
                    "hideWhenExpression": "isEmpty(kitNameC)"
                  }
                },
                {
                  "label": "Expiry Date",
                  "type": "obs",
                  "required": "true",
                  "validators": [
                    {
                      "type": "date",
                      "allowFutureDates": "true"
                    },
                    {
                      "type": "js_expression",
                      "failsWhenExpression": "(new moment(encDate)).isAfter((new moment(myValue)), 'day') || (new moment(encDate)).isSame((new moment(myValue)), 'day')",
                      "message": "Expiry date should be greater than the encounter date."
                    }
                  ],
                  "questionOptions": {
                    "rendering": "date",
                    "concept": "162502AAAAAAAAAAAAAAAAAAAAAAAAAAAAAA",
                    "weeksList": ""
                  },
                  "id": "expiryDateC",
                  "hide": {
                    "hideWhenExpression": "isEmpty(kitNameC)"
                  }
                },
                {
                  "label": "HIV Test 3 Results:",
                  "type": "obs",
                  "required": "true",
                  "questionOptions": {
                    "rendering": "select",
                    "concept": "83038d41-e832-498b-928f-974ec5bb23dc",
                    "answers": [
                      {
                        "concept": "703AAAAAAAAAAAAAAAAAAAAAAAAAAAAAAAAA",
                        "label": "Positive"
                      },
                      {
                        "concept": "664AAAAAAAAAAAAAAAAAAAAAAAAAAAAAAAAA",
                        "label": "Negative"
                      },
                      {
                        "concept": "163611AAAAAAAAAAAAAAAAAAAAAAAAAAAAAA",
                        "label": "Invalid"
                      }
                    ]
                  },
                  "id": "testResultsC",
                  "validators": [],
                  "hide": {
                    "hideWhenExpression": "isEmpty(kitNameC)"
                  }
                }
              ]
            },
            {
              "label": "Final Results1:",
              "type": "obs",
              "required": "true",
              "questionOptions": {
                "rendering": "select",
                "concept": "159427AAAAAAAAAAAAAAAAAAAAAAAAAAAAAA",
                "calculate": {
                  "calculateExpression": "String(testResults) === '703AAAAAAAAAAAAAAAAAAAAAAAAAAAAAAAAA' && String(testResultsB) === '163611AAAAAAAAAAAAAAAAAAAAAAAAAAAAAA' ? '1138AAAAAAAAAAAAAAAAAAAAAAAAAAAAAAAA' : String(testResults) === '703AAAAAAAAAAAAAAAAAAAAAAAAAAAAAAAAA' && String(testResultsB) === '664AAAAAAAAAAAAAAAAAAAAAAAAAAAAAAAAA' && String(testResultsD) === '703AAAAAAAAAAAAAAAAAAAAAAAAAAAAAAAAA' ? '1138AAAAAAAAAAAAAAAAAAAAAAAAAAAAAAAA' : String(testResults) === '703AAAAAAAAAAAAAAAAAAAAAAAAAAAAAAAAA' && String(testResultsB) === '703AAAAAAAAAAAAAAAAAAAAAAAAAAAAAAAAA' && String(testResultsC) === '703AAAAAAAAAAAAAAAAAAAAAAAAAAAAAAAAA' ? '703AAAAAAAAAAAAAAAAAAAAAAAAAAAAAAAAA' : String(testResults) === '703AAAAAAAAAAAAAAAAAAAAAAAAAAAAAAAAA' && String(testResultsB) === '664AAAAAAAAAAAAAAAAAAAAAAAAAAAAAAAAA' && String(testResultsC) === '664AAAAAAAAAAAAAAAAAAAAAAAAAAAAAAAAA' ? '664AAAAAAAAAAAAAAAAAAAAAAAAAAAAAAAAA' : String(testResults) === '703AAAAAAAAAAAAAAAAAAAAAAAAAAAAAAAAA' && String(testResultsB) === '664AAAAAAAAAAAAAAAAAAAAAAAAAAAAAAAAA' && String(testResultsD) === '664AAAAAAAAAAAAAAAAAAAAAAAAAAAAAAAAA' ? '664AAAAAAAAAAAAAAAAAAAAAAAAAAAAAAAAA' : String(testResults) === '703AAAAAAAAAAAAAAAAAAAAAAAAAAAAAAAAA' && String(testResultsB) === '703AAAAAAAAAAAAAAAAAAAAAAAAAAAAAAAAA' && String(testResultsC) === '664AAAAAAAAAAAAAAAAAAAAAAAAAAAAAAAAA' ? '1138AAAAAAAAAAAAAAAAAAAAAAAAAAAAAAAA' : String(testResults) === '664AAAAAAAAAAAAAAAAAAAAAAAAAAAAAAAAA' ? '664AAAAAAAAAAAAAAAAAAAAAAAAAAAAAAAAA' : String(testResults) === '163611AAAAAAAAAAAAAAAAAAAAAAAAAAAAAA' || String(testResultsB) === '163611AAAAAAAAAAAAAAAAAAAAAAAAAAAAAA' || String(testResultsC) === '163611AAAAAAAAAAAAAAAAAAAAAAAAAAAAAA' || String(testResultsD) === '163611AAAAAAAAAAAAAAAAAAAAAAAAAAAAAA' ? '1138AAAAAAAAAAAAAAAAAAAAAAAAAAAAAAAA' : String(testResults) === '703AAAAAAAAAAAAAAAAAAAAAAAAAAAAAAAAA' && String(testResultsB) === '664AAAAAAAAAAAAAAAAAAAAAAAAAAAAAAAAA' && String(testResultsG) === '703AAAAAAAAAAAAAAAAAAAAAAAAAAAAAAAAA' ? '1138AAAAAAAAAAAAAAAAAAAAAAAAAAAAAAAA' : String(testResults) === '703AAAAAAAAAAAAAAAAAAAAAAAAAAAAAAAAA' && String(testResultsB) === '703AAAAAAAAAAAAAAAAAAAAAAAAAAAAAAAAA' && String(testResultsG) === '703AAAAAAAAAAAAAAAAAAAAAAAAAAAAAAAAA' ? '703AAAAAAAAAAAAAAAAAAAAAAAAAAAAAAAAA': String(testResults) === '703AAAAAAAAAAAAAAAAAAAAAAAAAAAAAAAAA' && String(testResultsB) === '664AAAAAAAAAAAAAAAAAAAAAAAAAAAAAAAAA' && String(testResultsG) === '664AAAAAAAAAAAAAAAAAAAAAAAAAAAAAAAAA' ? '664AAAAAAAAAAAAAAAAAAAAAAAAAAAAAAAAA': ''"
                },
                "answers": [
                  {
                    "concept": "703AAAAAAAAAAAAAAAAAAAAAAAAAAAAAAAAA",
                    "label": "Positive"
                  },
                  {
                    "concept": "664AAAAAAAAAAAAAAAAAAAAAAAAAAAAAAAAA",
                    "label": "Negative"
                  },
                  {
                    "concept": "1138AAAAAAAAAAAAAAAAAAAAAAAAAAAAAAAA",
                    "label": "Inconclusive"
                  }
                ]
              },
              "id": "hivFinalResult",
              "validators": [],
              "hide": {
                "hideWhenExpression": "isEmpty(consentGiven) || consentGiven !== 'true' || kitNameB === '59ef8c87-eb66-4f9e-a459-7227c01f682e' && testResults === '664AAAAAAAAAAAAAAAAAAAAAAAAAAAAAAAAA' || testResults === '163611AAAAAAAAAAAAAAAAAAAAAAAAAAAAAA' || kitNameA === '7cf927f8-e734-474f-b71a-1459bb566aa2' && testResults === '664AAAAAAAAAAAAAAAAAAAAAAAAAAAAAAAAA'"
              }
            },
            {
              "label": "Results given to client?",
              "type": "obs",
              "required": "true",
              "questionOptions": {
                "rendering": "select",
                "concept": "164848AAAAAAAAAAAAAAAAAAAAAAAAAAAAAA",
                "answers": [
                  {
                    "concept": "1065AAAAAAAAAAAAAAAAAAAAAAAAAAAAAAAA",
                    "label": "Yes",
                    "conceptMappings": [
                      {
                        "type": "PIH",
                        "value": "1065"
                      },
                      {
                        "type": "SNOMED CT",
                        "value": "CT: 373066001"
                      },
                      {
                        "type": "PIH Malawi",
                        "value": "Malawi: 1065"
                      },
                      {
                        "type": "CIEL",
                        "value": "1065"
                      },
                      {
                        "type": "AMPATH",
                        "value": "1065"
                      }
                    ]
                  },
                  {
                    "concept": "1066AAAAAAAAAAAAAAAAAAAAAAAAAAAAAAAA",
                    "label": "No",
                    "conceptMappings": [
                      {
                        "type": "PIH",
                        "value": "1066"
                      },
                      {
                        "type": "PIH Malawi",
                        "value": "Malawi: 1066"
                      },
                      {
                        "type": "AMPATH",
                        "value": "1066"
                      },
                      {
                        "type": "CIEL",
                        "value": "1066"
                      },
                      {
                        "type": "SNOMED CT",
                        "value": "CT: 373067005"
                      }
                    ]
                  }
                ]
              },
              "id": "resultsGiven",
              "validators": [],
              "hide": {
                "hideWhenExpression": "isEmpty(consentGiven) || consentGiven !== 'true'"
              }
            },
            {
              "label": "Couple is discordant:",
              "type": "obs",
              "questionOptions": {
                "rendering": "radio",
                "concept": "6096AAAAAAAAAAAAAAAAAAAAAAAAAAAAAAAA",
                "calculate": {
                  "calculateExpression": "String(testedAs) === '147082f4-0662-4bfa-a54c-914f1db97373' ? '1175AAAAAAAAAAAAAAAAAAAAAAAAAAAAAAAA' : ''"
                },
                "answers": [
                  {
                    "concept": "1065AAAAAAAAAAAAAAAAAAAAAAAAAAAAAAAA",
                    "label": "Yes",
                    "conceptMappings": [
                      {
                        "type": "PIH",
                        "value": "1065"
                      },
                      {
                        "type": "SNOMED CT",
                        "value": "CT: 373066001"
                      },
                      {
                        "type": "PIH Malawi",
                        "value": "Malawi: 1065"
                      },
                      {
                        "type": "CIEL",
                        "value": "1065"
                      },
                      {
                        "type": "AMPATH",
                        "value": "1065"
                      }
                    ]
                  },
                  {
                    "concept": "1066AAAAAAAAAAAAAAAAAAAAAAAAAAAAAAAA",
                    "label": "No",
                    "conceptMappings": [
                      {
                        "type": "PIH",
                        "value": "1066"
                      },
                      {
                        "type": "PIH Malawi",
                        "value": "Malawi: 1066"
                      },
                      {
                        "type": "AMPATH",
                        "value": "1066"
                      },
                      {
                        "type": "CIEL",
                        "value": "1066"
                      },
                      {
                        "type": "SNOMED CT",
                        "value": "CT: 373067005"
                      }
                    ]
                  },
                  {
                    "concept": "1175AAAAAAAAAAAAAAAAAAAAAAAAAAAAAAAA",
                    "label": "N/A"
                  }
                ]
              },
              "id": "coupleDiscordant",
              "validators": [],
              "hide": {
                "hideWhenExpression": "isEmpty(consentGiven) || consentGiven !== 'true'"
              }
            },
            {
              "label": "Does the client have a partner?",
              "type": "obs",
              "id": "clientHavePartner",
              "questionOptions": {
                "concept": "9e7792d6-ee26-4b4a-9683-24b6714e9a91",
                "rendering": "radio",
                "answers": [
                  {
                    "concept": "1065AAAAAAAAAAAAAAAAAAAAAAAAAAAAAAAA",
                    "label": "Yes"
                  },
                  {
                    "concept": "1066AAAAAAAAAAAAAAAAAAAAAAAAAAAAAAAA",
                    "label": "No"
                  }
                ]
              },
              "hide": {
                "hideWhenExpression": "isEmpty(testedAs) || testedAs === 'c3eba392-6f4d-4990-809f-91000503afbc'"
              }
            },
            {
              "label": "Has the client's partner been tested for HIV?",
              "type": "obs",
              "id": "partnerTested",
              "questionOptions": {
                "concept": "161557AAAAAAAAAAAAAAAAAAAAAAAAAAAAAA",
                "rendering": "radio",
                "answers": [
                  {
                    "concept": "1065AAAAAAAAAAAAAAAAAAAAAAAAAAAAAAAA",
                    "label": "Yes"
                  },
                  {
                    "concept": "1066AAAAAAAAAAAAAAAAAAAAAAAAAAAAAAAA",
                    "label": "No"
                  }
                ]
              },
              "hide": {
                "hideWhenExpression": "isEmpty(clientHavePartner) || clientHavePartner !== '1065AAAAAAAAAAAAAAAAAAAAAAAAAAAAAAAA'"
              }
            },
            {
              "label": "Partner HIV Status:",
              "type": "obs",
              "id": "partnerHivStatus",
              "questionOptions": {
                "concept": "1436AAAAAAAAAAAAAAAAAAAAAAAAAAAAAAAA",
                "rendering": "select",
                "answers": [
                  {
                    "concept": "703AAAAAAAAAAAAAAAAAAAAAAAAAAAAAAAAA",
                    "label": "HIV Positive"
                  },
                  {
                    "concept": "664AAAAAAAAAAAAAAAAAAAAAAAAAAAAAAAAA",
                    "label": "HIV Negative"
                  },
                  {
                    "concept": "1067AAAAAAAAAAAAAAAAAAAAAAAAAAAAAAAA",
                    "label": "Unknown"
                  }
                ]
              },
              "hide": {
                "hideWhenExpression": "isEmpty(partnerTested) || partnerTested !== '1065AAAAAAAAAAAAAAAAAAAAAAAAAAAAAAAA'"
              }
            },
             {
              "label": "Impression",
              "id": "clinicalDiagnosisId",
              "type": "diagnosis",
               "questionOptions": {
                "rendering": "repeating",
                "dataSource": "diagnoses",
                "rank": 1,
                "datasource": {
                  "name": "diagnoses",
                  "config": {
                    "conceptSourceUuid": "39ADDDDDDDDDDDDDDDDDDDDDDDDDDDDDDDDD"
                  }
                }
              },
              "hide": {
                "hideWhenExpression": "visitTo === '167050AAAAAAAAAAAAAAAAAAAAAAAAAAAAAA'"
              }
            }
          ]
        },
        
        {
          "label": "Investigations",
          "isExpanded": "true",
          "questions": [
            {
              "label": "Order any Investigation?",
              "type": "obs",
              "id": "investigationOrderd",
              "questionOptions": {
                "rendering": "radio",
                "concept": "0179f241-8c1d-47c1-8128-841f6508e251",
                "answers": [
                  {
                    "concept": "1065AAAAAAAAAAAAAAAAAAAAAAAAAAAAAAAA",
                    "label": "Yes"
                  },
                  {
                    "concept": "1066AAAAAAAAAAAAAAAAAAAAAAAAAAAAAAAA",
                    "label": "No"
                  }
                ]
              }
            },
            {
              "label": "Lab Order",
              "required": false,
              "id": "labsWorkspaceLauncher",
               "questionOptions": {
                "rendering": "workspace-launcher",
                "buttonLabel": "Add lab order",
                "workspaceName": "add-lab-order",
                "additionalProps": {
                  "orderTypeUuid": "52a447d3-a64a-11e3-9aeb-50e549534c5e"
                }
              },
              "hide": {
                "hideWhenExpression": "isEmpty(investigationOrderd) || investigationOrderd !== '1065AAAAAAAAAAAAAAAAAAAAAAAAAAAAAAAA'"
              }
            }
          ]
        }
      ]
    },
    {
      "label": "Patient Management",
      "sections": [
        {
          "label": "Diagnosis",
          "isExpanded": "true",
          "questions": [
            {
              "label": "Final Diagnosis",
              "id": "finalDiagnosisId",
              "type": "diagnosis",
              "questionOptions": {
                "rendering": "repeating",
                "rank": 2,
                "datasource": {
                  "name": "diagnoses",
                  "config": {
                    "conceptSourceUuid": "39ADDDDDDDDDDDDDDDDDDDDDDDDDDDDDDDDD"
                  }
                }
              }
            }
          ]
        },
        {
          "label": "Client monitoring",
          "isExpanded": "true",
          "questions": [
            {
              "label": "Has the client undergone post natal exercises?",
              "type": "obs",
              "id": "physicalExercises",
              "questionOptions": {
                "concept": "161074AAAAAAAAAAAAAAAAAAAAAAAAAAAAAA",
                "rendering": "radio",
                "answers": [
                  {
                    "concept": "1065AAAAAAAAAAAAAAAAAAAAAAAAAAAAAAAA",
                    "label": "Yes"
                  },
                  {
                    "concept": "1066AAAAAAAAAAAAAAAAAAAAAAAAAAAAAAAA",
                    "label": "No"
                  }
                ]
              }
            },
            {
              "label": "Counselled on infant feeding?",
              "type": "obs",
              "id": "counselledInfantFeeding",
              "questionOptions": {
                "concept": "161651AAAAAAAAAAAAAAAAAAAAAAAAAAAAAA",
                "rendering": "radio",
                "answers": [
                  {
                    "concept": "1065AAAAAAAAAAAAAAAAAAAAAAAAAAAAAAAA",
                    "label": "Yes"
                  },
                  {
                    "concept": "1066AAAAAAAAAAAAAAAAAAAAAAAAAAAAAAAA",
                    "label": "No"
                  }
                ]
              }
            },
            {
              "label": "Iron supplementation (Haematinics):",
              "type": "obs",
              "id": "ironSupplimentation",
              "questionOptions": {
                "concept": "161004AAAAAAAAAAAAAAAAAAAAAAAAAAAAAA",
                "rendering": "radio",
                "answers": [
                  {
                    "concept": "1065AAAAAAAAAAAAAAAAAAAAAAAAAAAAAAAA",
                    "label": "Yes"
                  },
                  {
                    "concept": "1066AAAAAAAAAAAAAAAAAAAAAAAAAAAAAAAA",
                    "label": "No"
                  }
                ]
              }
            },
            {
              "label": "Counselling on Modern Post-Partum Family Planning?",
              "type": "obs",
              "id": "counselledFamilyPlanning",
              "questionOptions": {
                "concept": "1382AAAAAAAAAAAAAAAAAAAAAAAAAAAAAAAA",
                "rendering": "radio",
                "answers": [
                  {
                    "concept": "1065AAAAAAAAAAAAAAAAAAAAAAAAAAAAAAAA",
                    "label": "Yes"
                  },
                  {
                    "concept": "1066AAAAAAAAAAAAAAAAAAAAAAAAAAAAAAAA",
                    "label": "No"
                  }
                ]
              }
            },
            {
              "label": "Family planning method",
              "type": "obs",
              "id": "emergencyContraceptives",
              "questionOptions": {
                "concept": "374AAAAAAAAAAAAAAAAAAAAAAAAAAAAAAAAA",
                "rendering": "checkbox",
                "answers": [
                  {
                    "concept": "5275AAAAAAAAAAAAAAAAAAAAAAAAAAAAAAAA",
                    "label": "Intrauterine Device"
                  },
                  {
                    "concept": "1359AAAAAAAAAAAAAAAAAAAAAAAAAAAAAAAA",
                    "label": "Implant"
                  },
                  {
                    "concept": "5279AAAAAAAAAAAAAAAAAAAAAAAAAAAAAAAA",
                    "label": "Injectible"
                  },
                  {
                    "concept": "1472AAAAAAAAAAAAAAAAAAAAAAAAAAAAAAAA",
                    "label": "Tubal Ligation"
                  },
                  {
                    "concept": "190AAAAAAAAAAAAAAAAAAAAAAAAAAAAAAAAA",
                    "label": "Condoms"
                  },
                  {
                    "concept": "160570AAAAAAAAAAAAAAAAAAAAAAAAAAAAAA",
                    "label": "Emergency contraceptive pills"
                  },
                  {
                    "concept": "780AAAAAAAAAAAAAAAAAAAAAAAAAAAAAAAAA",
                    "label": "Oral Contraceptives Pills"
                  },
                  {
                    "concept": "5277AAAAAAAAAAAAAAAAAAAAAAAAAAAAAAAA",
                    "label": "Natural method"
                  }
                ]
              },
              "validators": [],
              "hide": {
                "hideWhenExpression": "isEmpty(counselledFamilyPlanning) || counselledFamilyPlanning !== '1065AAAAAAAAAAAAAAAAAAAAAAAAAAAAAAAA'"
              }
            }
          ]
        },
        {
          "label": "Prophylaxis",
          "isExpanded": "true",
          "questions": [
            {
              "label": "Drug Order",
              "required": false,
              "id": "drugsWorkspaceLauncher",
              "questionOptions": {
                "rendering": "workspace-launcher",
                "buttonLabel": "Add drug order",
                "workspaceName": "add-drug-order"
              }
            },
            {
              "label": "Mother's ART prophylaxis given during this visit?",
              "type": "obs",
              "id": "prophylaxisUsed",
              "questionOptions": {
                "concept": "1109AAAAAAAAAAAAAAAAAAAAAAAAAAAAAAAA",
                "rendering": "radio",
                "answers": [
                  {
                    "concept": "105281AAAAAAAAAAAAAAAAAAAAAAAAAAAAAA",
                    "label": "Cotrimoxazole"
                  },
                  {
                    "concept": "74250AAAAAAAAAAAAAAAAAAAAAAAAAAAAAAA",
                    "label": "Dapsone"
                  },
                  {
                    "concept": "1107AAAAAAAAAAAAAAAAAAAAAAAAAAAAAAAA",
                    "label": "None"
                  }
                ]
              },
              "hide": {
                "hideWhenExpression": "isEmpty(hivFinalResult) || hivFinalResult !== '703AAAAAAAAAAAAAAAAAAAAAAAAAAAAAAAAA'"
              }
            },
            {
              "label": "Was HAART for Mother given?",
              "type": "obs",
              "required": "true",
              "id": "haartGiven",
              "questionOptions": {
                "concept": "163783AAAAAAAAAAAAAAAAAAAAAAAAAAAAAA",
                "rendering": "radio",
                "answers": [
                  {
                    "concept": "1065AAAAAAAAAAAAAAAAAAAAAAAAAAAAAAAA",
                    "label": "Yes"
                  },
                  {
                    "concept": "1066AAAAAAAAAAAAAAAAAAAAAAAAAAAAAAAA",
                    "label": "No"
                  },
                  {
                    "concept": "164142AAAAAAAAAAAAAAAAAAAAAAAAAAAAAA",
                    "label": "Revisit"
                  }
                ]
              },
              "hide": {
                "hideWhenExpression": "isEmpty(hivFinalResult) || hivFinalResult !== '703AAAAAAAAAAAAAAAAAAAAAAAAAAAAAAAAA' "
              }
            },
            
            {
              "label": "When did Infant come for HAART and Infant Prophylaxis?",
              "type": "obs",
              "required": "true",
              "id": "haartProphylaxisTreatment",
              "questionOptions": {
                "concept": "166665AAAAAAAAAAAAAAAAAAAAAAAAAAAAAA",
                "rendering": "radio",
                "answers": [
                  {
                    "concept": "1065AAAAAAAAAAAAAAAAAAAAAAAAAAAAAAAA",
                    "label": "Less than or equal to 6 weeks"
                  },
                  {
                    "concept": "1066AAAAAAAAAAAAAAAAAAAAAAAAAAAAAAAA",
                    "label": "Greater 6 weeks"
                  }
                ]
              },
              "hide": {
                "hideWhenExpression": "isEmpty(hivFinalResult) || hivFinalResult !== '703AAAAAAAAAAAAAAAAAAAAAAAAAAAAAAAAA' "
              }
            },
            {
              "label": "AZT for the baby dispensed?",
              "type": "obs",
              "id": "aztDispensed",
              "required": "true",
              "questionOptions": {
                "concept": "1282AAAAAAAAAAAAAAAAAAAAAAAAAAAAAAAA",
                "rendering": "radio",
                "answers": [
                  {
                    "concept": "160123AAAAAAAAAAAAAAAAAAAAAAAAAAAAAA",
                    "label": "Yes"
                  },
                  {
                    "concept": "1066AAAAAAAAAAAAAAAAAAAAAAAAAAAAAAAA",
                    "label": "No"
                  },
                  {
                    "concept": "164142AAAAAAAAAAAAAAAAAAAAAAAAAAAAAA",
                    "label": "Revisit"
                  }
                ]
              },
              "hide": {
                "hideWhenExpression": "isEmpty(hivFinalResult) || hivFinalResult !== '703AAAAAAAAAAAAAAAAAAAAAAAAAAAAAAAAA' "
              }
            },
            {
              "label": "NVP for the baby dispensed?",
              "type": "obs",
              "required": "true",
              "id": "nvpDispensed",
              "questionOptions": {
                "concept": "1282AAAAAAAAAAAAAAAAAAAAAAAAAAAAAAAA",
                "rendering": "radio",
                "answers": [
                  {
                    "concept": "80586AAAAAAAAAAAAAAAAAAAAAAAAAAAAAAA",
                    "label": "Yes"
                  },
                  {
                    "concept": "1066AAAAAAAAAAAAAAAAAAAAAAAAAAAAAAAA",
                    "label": "No"
                  },
                  {
                    "concept": "164142AAAAAAAAAAAAAAAAAAAAAAAAAAAAAA",
                    "label": "Revisit"
                  }
                ]
              },
              "hide": {
                "hideWhenExpression": "isEmpty(hivFinalResult) || hivFinalResult !== '703AAAAAAAAAAAAAAAAAAAAAAAAAAAAAAAAA' "
              }
            }
          ]
        },
        {
          "label": "Referrals",
          "isExpanded": "true",
          "questions": [
            {
              "label": "Patient referred?",
              "type": "obs",
              "id": "refferredPatient",
              "questionOptions": {
                "concept": "1788AAAAAAAAAAAAAAAAAAAAAAAAAAAAAAAA",
                "rendering": "radio",
                "answers": [
                  {
                    "concept": "1065AAAAAAAAAAAAAAAAAAAAAAAAAAAAAAAA",
                    "label": "Yes"
                  },
                  {
                    "concept": "1066AAAAAAAAAAAAAAAAAAAAAAAAAAAAAAAA",
                    "label": "No"
                  }
                ]
              }
            },
            {
              "label": "Refferal reason?",
              "type": "obs",
              "id": "refferalsOrderd",
              "questionOptions": {
                "concept": "164359AAAAAAAAAAAAAAAAAAAAAAAAAAAAAA",
                "rendering": "textarea"
              },
              "hide": {
                "hideWhenExpression": "refferredPatient !=='1065AAAAAAAAAAAAAAAAAAAAAAAAAAAAAAAA'"
              }
            },
            {
              "label": "Referred to?",
              "type": "obs",
              "id": "referralTo",
              "questionOptions": {
                "concept": "163145AAAAAAAAAAAAAAAAAAAAAAAAAAAAAA",
                "rendering": "select",
                "answers": [
                  {
                    "concept": "164407AAAAAAAAAAAAAAAAAAAAAAAAAAAAAA",
                    "label": "Other health facility"
                  },
                  {
                    "concept": "9008cf1c-8631-440b-8fde-061ff273c04c",
                    "label": "Transfer within the facility"
                  }
                ]
              },
              "hide": {
                "hideWhenExpression": "refferredPatient !=='1065AAAAAAAAAAAAAAAAAAAAAAAAAAAAAAAA'"
              }
            },
            {
              "label": "Referral to Facility:",
              "type": "obs",
              "id": "transferToFacility",
              "questionOptions": {
                "concept": "159495AAAAAAAAAAAAAAAAAAAAAAAAAAAAAA",
                "rendering": "encounterLocation"
              },
              "hide": {
                "hideWhenExpression": "referralTo !=='164407AAAAAAAAAAAAAAAAAAAAAAAAAAAAAA'"
              }
            },
            {
              "label": "Department transferred to",
              "type": "obs",
              "id": "departmentSpecify",
              "questionOptions": {
                "rendering": "radio",
                "concept": "160478AAAAAAAAAAAAAAAAAAAAAAAAAAAAAA",
                "conceptMappings": [],
                "answers": [
                  {
                    "concept": "160542AAAAAAAAAAAAAAAAAAAAAAAAAAAAAA",
                    "label": "Outpatient Department"
                  },
                  {
                    "concept": "167050AAAAAAAAAAAAAAAAAAAAAAAAAAAAAA",
                    "label": "Inpatient Department"
                  },
                  {
                    "concept": "160454AAAAAAAAAAAAAAAAAAAAAAAAAAAAAA",
                    "label": "Ophthalmology (Eye)Clinic"
                  },
                  {
                    "concept": "160455AAAAAAAAAAAAAAAAAAAAAAAAAAAAAA",
                    "label": "Ear, Nose, and Throat(ENT)Clinic"
                  },
                  {
                    "concept": "2a030791-14b4-4996-95ad-39c54b25f2b6",
                    "label": "Physiotherapy clinic"
                  },
                  {
                    "concept": "164164AAAAAAAAAAAAAAAAAAAAAAAAAAAAAA",
                    "label": "Surgical Outpatient Clinic"
                  },
                  {
                    "concept": "160457AAAAAAAAAAAAAAAAAAAAAAAAAAAAAA",
                    "label": "Paediatrics clinics"
                  },
                  {
                    "concept": "1d7d7c76-d807-4f33-8c7e-2531e28126ed",
                    "label": "Maxillofacial Clinic"
                  },
                  {
                    "concept": "160448AAAAAAAAAAAAAAAAAAAAAAAAAAAAAA",
                    "label": "Medical Outpatient clinic"
                  },
                  {
                    "concept": "66710a6d-5894-4f7d-a874-b449df77314d",
                    "label": "Oncology Clinic"
                  },
                  {
                    "concept": "30aff715-92de-4662-aa33-fa6b6179fed0",
                    "label": "Dental clinic"
                  },
                  {
                    "concept": "160475AAAAAAAAAAAAAAAAAAAAAAAAAAAAAA",
                    "label": "Renal Clinic"
                  },
                  {
                    "concept": "5489AAAAAAAAAAAAAAAAAAAAAAAAAAAAAAAA",
                    "label": "Mental Health"
                  },
                  {
                    "concept": "160460AAAAAAAAAAAAAAAAAAAAAAAAAAAAAA",
                    "label": "Dermatology Clinic"
                  },
                  {
                    "concept": "164103AAAAAAAAAAAAAAAAAAAAAAAAAAAAAA",
                    "label": "Diabetic Clinic"
                  },
                  {
                    "concept": "c2f85aed-695f-49b1-973e-002c37cbdebf",
                    "label": "Occupational Therapy Clinic"
                  },
                  {
                    "concept": "160465AAAAAAAAAAAAAAAAAAAAAAAAAAAAAA",
                    "label": "Orthopaedic Clinic"
                  },
                  {
                    "concept": "5622AAAAAAAAAAAAAAAAAAAAAAAAAAAAAAAA",
                    "label": "Others specify"
                  }
                ]
              },
              "hide": {
                "hideWhenExpression": "referralTo !=='9008cf1c-8631-440b-8fde-061ff273c04c'"
              }
            }
          ]
        },
        {
          "label": "Next Appointment",
          "isExpanded": "true",
          "questions": [
            {
              "label": "Next review date:",
              "required": false,
              "id": "appointmentWorkspaceLauncher",
              "questionOptions": {
                "rendering": "workspace-launcher",
                "buttonLabel": "Add appointments",
                "workspaceName": "appointments-form-workspace"
              }
            }
          ]
        },
        {
          "label": "Clinical Notes",
          "isExpanded": "true",
          "questions": [
            {
              "label": "Clinical Notes",
              "type": "obs",
              "id": "clinicalNotes/",
              "questionOptions": {
                "concept": "159395AAAAAAAAAAAAAAAAAAAAAAAAAAAAAA",
                "rendering": "textarea"
              }
            }
          ]
        }
      ]
    }
  ],
  "processor": "EncounterFormProcessor",
  "referencedForms": [],
  "encounterType": "c6d09e05-1f25-4164-8860-9f32c5a02df0"
}