{
  "name": "Mortuary Discharge Form",
  "pages": [
    {
      "label": "Mortuary Discharge",
      "sections": [
        {
          "label": "Transfer Details",
          "isExpanded": "true",
          "questions": [
            {
              "label": "Visit date:",
              "type": "encounterDatetime",
              "required": "true",
              "id": "encDate",
              "questionOptions": {
                "rendering": "date"
              },
              "validators": [
                {
                  "type": "date",
                  "allowFutureDates": "false"
                }
              ]
            },
            {
              "label": "Provider:",
              "type": "encounterProvider",
              "questionOptions": {
                "rendering": "ui-select-extended"
              },
              "id": "encProvider "
            },
            {
              "label": "Location:",
              "type": "encounterLocation",
              "questionOptions": {
                "rendering": "ui-select-extended"
              },
              "id": "encLocation"
            },
            {
              "label": "Discharge type",
              "type": "obs",
              "required": "true",
              "id": "dischargeType",
              "questionOptions": {
                "rendering": "radio",
                "concept": "1768AAAAAAAAAAAAAAAAAAAAAAAAAAAAAAAA",
                "answers": [
                  {
                    "concept": "2537896a-7d27-4c71-8e93-4c265ffa5954",
                    "label": "Discharge"
                  },
                  {
                    "concept": "159492AAAAAAAAAAAAAAAAAAAAAAAAAAAAAA",
                    "label": "Transfer"
                  },
                  {
                    "concept": "37364e66-cefd-45b1-a999-f76aeb01da23",
                    "label": "Disposal"
                  }
                ]
              }
            },
             {
              "label": "Date and Time of transfer",
              "type": "obs",
              "required": "true",
              "id": "dateOfTransfer",
              "datePickerFormat": "both",
              "questionOptions": {
                "rendering": "date",
                "concept": "160649AAAAAAAAAAAAAAAAAAAAAAAAAAAAAA"
              },
              "validators": [
                {
                  "type": "date",
                  "allowFutureDates": "false"
                }
              ],
              "hide": {
                "hideWhenExpression": "isEmpty(dischargeType) || dischargeType !== '159492AAAAAAAAAAAAAAAAAAAAAAAAAAAAAA'"
              }
            },
            {
              "label": "Date and Time of discharge",
              "type": "obs",
              "required": "true",
              "id": "dateOfDischarge",
              "datePickerFormat": "both",
              "questionOptions": {
                "rendering": "date",
                "concept": "1641AAAAAAAAAAAAAAAAAAAAAAAAAAAAAAAA"
              },
              "validators": [
                {
                  "type": "date",
                  "allowFutureDates": "false"
                }
              ],
              "hide": {
                "hideWhenExpression": "isEmpty(dischargeType) || dischargeType !== '2537896a-7d27-4c71-8e93-4c265ffa5954'"
              }
            },
            {
              "label": "Permit Serial number",
              "type": "obs",
              "required": "true",
              "id": "PermitSerialNumber",
              "questionOptions": {
                "rendering": "text",
                "concept": "da524812-5600-4677-ba26-eb61eb925eef"
              },
              "validators": []
            },
            {
              "label": "Discharge area",
              "type": "obs",
              "required": "true",
              "id": "dischargeArea",
              "questionOptions": {
                "rendering": "text",
                "concept": "89ebccf1-4cca-4195-aeff-3e75fdf976b4"
              },
              "validators": []
            },
            {
              "label": "Receiving mortuary",
              "type": "obs",
              "required": "true",
              "id": "receivingMortuary",
              "questionOptions": {
                "rendering": "text",
                "concept": "159495AAAAAAAAAAAAAAAAAAAAAAAAAAAAAA"
              },
              "validators": [],
              "hide": {
                "hideWhenExpression": "isEmpty(dischargeType) || dischargeType !== '159492AAAAAAAAAAAAAAAAAAAAAAAAAAAAAA'"
              }
            },
            {
              "label": "Reason for transfer",
              "type": "obs",
              "required": "true",
              "id": "reasonForTransfer",
              "questionOptions": {
                "rendering": "text",
                "concept": "162720AAAAAAAAAAAAAAAAAAAAAAAAAAAAAA"
              },
              "validators": [],
              "hide": {
                "hideWhenExpression": "isEmpty(dischargeType) || dischargeType !== '159492AAAAAAAAAAAAAAAAAAAAAAAAAAAAAA'"
              }
            }
           
            
           
            
            
           
            
            
          ]
        },
        {
          "label": "Disposal Details",
          "isExpanded": "true",
          "questions": [
            {
              "label": "Date of Disposal",
              "type": "obs",
              "id": "dateDisposal",
              "questionOptions": {
                "concept": "1640AAAAAAAAAAAAAAAAAAAAAAAAAAAAAAAA",
                "useMostRecentValue": "true",
                "autoPopulateWithMostRecentValue": "true",
                "rendering": "date"
              },
              "validators": [
                {
                  "type": "date",
                  "allowFutureDates": "false"
                }
              ],
              "hide": {
                "hideWhenExpression": "isEmpty(dischargeType) || dischargeType !== '37364e66-cefd-45b1-a999-f76aeb01da23'"
              }
            },
            {
              "label": "Court case number",
              "type": "obs",
              "id": "coUrtCase",
              "questionOptions": {
                "concept": "26e0da6c-3e53-4f7d-9a3a-1c2f634450f7",
                "rendering": "text"
              },
              "validators": [],
              "hide": {
                "hideWhenExpression": "isEmpty(dischargeType) || dischargeType !== '37364e66-cefd-45b1-a999-f76aeb01da23'"
              }
            }
          ]
        },
        {
          "label": "Neonatal Death",
          "isExpanded": "true",
          "questions": [
            {
              "label": "Is deceased a neonatal death",
              "type": "obs",
              "id": "neOnateDeath",
              "questionOptions": {
                "concept": "166990AAAAAAAAAAAAAAAAAAAAAAAAAAAAAA",
                "rendering": "radio",
                "answers": [
                  {
                    "concept": "1065AAAAAAAAAAAAAAAAAAAAAAAAAAAAAAAA",
                    "label": "Yes"
                  },
                  {
                    "concept": "1066AAAAAAAAAAAAAAAAAAAAAAAAAAAAAAAA",
                    "label": "No"
                  }
                ]
              },
              "hide": {
                "hideWhenExpression": "isEmpty(dischargeType) || dischargeType !== '37364e66-cefd-45b1-a999-f76aeb01da23'"
              }
            },
            {
              "label": "Name of the neonatal deceased",
              "type": "obs",
              "id": "nameOfNeonate",
              "questionOptions": {
                "concept": "1586AAAAAAAAAAAAAAAAAAAAAAAAAAAAAAAA",
                "rendering": "text"
              },
              "validators": [],
              "hide": {
                "hideWhenExpression": "isEmpty(neOnateDeath) || neOnateDeath !== '1065AAAAAAAAAAAAAAAAAAAAAAAAAAAAAAAA'"
              }
            },
            {
              "label": "Date of Birth",
              "type": "obs",
              "id": "dObofNeonate",
              "questionOptions": {
                "concept": "166575AAAAAAAAAAAAAAAAAAAAAAAAAAAAAA",
                "rendering": "date"
              },
              "validators": [],
              "hide": {
                "hideWhenExpression": "isEmpty(neOnateDeath) || neOnateDeath !== '1065AAAAAAAAAAAAAAAAAAAAAAAAAAAAAAAA'"
              }
            },
            {
              "label": "Date & Time of Death",
              "type": "obs",
              "id": "deathDateTime",
              "datePickerFormat": "both",
              "questionOptions": {
                "concept": "9c4c7722-ba3e-4bdf-ab97-c04170100037",
                "rendering": "date"
              },
              "validators": [],
              "hide": {
                "hideWhenExpression": "isEmpty(neOnateDeath) || neOnateDeath !== '1065AAAAAAAAAAAAAAAAAAAAAAAAAAAAAAAA'"
              }
            }
          ]
        },
        {
          "label": "Next of Kin Details",
          "isExpanded": "true",
          "questions": [
            {
              "label": "Next of Kin's name",
              "type": "obs",
              "id": "neXtofKin",
              "questionOptions": {
                "concept": "162729AAAAAAAAAAAAAAAAAAAAAAAAAAAAAA",
                "rendering": "text"
              }
            },
            {
              "label": "Next of Kin's ID number",
              "type": "obs",
              "id": "neXtofKinID",
              "questionOptions": {
                "concept": "160752AAAAAAAAAAAAAAAAAAAAAAAAAAAAAA",
                "rendering": "text"
              }
            },
            {
              "label": "Next of Kin's phone number",
              "type": "obs",
              "id": "neXtofKinPH",
              "questionOptions": {
                "concept": "159635AAAAAAAAAAAAAAAAAAAAAAAAAAAAAA",
                "rendering": "text"
              }
            }
          ]
        },
        {
          "label": "Supporting Documentation",
          "isExpanded": "true",
          "questions": [
            {
              "label": "Attachments",
              "id": "suPPortDocs",
              "questionOptions": {
                "rendering": "workspace-launcher",
                "buttonLabel": "Add An Attachment",
                "workspaceName": "patient-attachments"
              }
            }
          ]
        }
      ]
    }
  ],
  "processor": "EncounterFormProcessor",
  "encounterType": "3d618f40b-b5a3-4f17-81c8-2f04e2aad58e",
  "referencedForms": [],
  "uuid": "bd483dc1-9cd2-4f0e-a761-31a89b5f8bd0",
  "description": " A form for collecting mortuary transfer details.",
  "version": "1.0",
  "encounter": "Mortuary Discharge"
}