{
    "name": "NCD Follow Up",
    "description": "NCD Follow UP updates",
    "version": "1",
    "published": true,
    "uuid": "3e1057da-f130-44d9-b2bb-53e039b953c6",
    "retired": false,
    "encounter": "NCD Followup",
    "pages": [
    {
      "label": "Visit Details",
      "sections": [
        {
          "label": "Encounter Details",
          "isExpanded": "true",
          "questions": [
            {
              "label": "Visit date:",
              "type": "encounterDatetime",
              "required": "true",
              "id": "encDate",
              "questionOptions": {
                "rendering": "date"
              },
              "validators": [
                {
                  "type": "date",
                  "allowFutureDates": "false"
                }
              ]
            },
            {
              "label": "Provider:",
              "type": "encounterProvider",
              "required": "true",
              "questionOptions": {
                "rendering": "ui-select-extended"
              },
              "id": "encProvider "
            },
            {
              "label": "Location:",
              "type": "encounterLocation",
              "required": "true",
              "questionOptions": {
                "rendering": "ui-select-extended"
              },
              "id": "encLocation"
            }
          ]
        },
        {
          "label": "Status of patient",
          "isExpanded": "true",
          "questions": [
            {
              "label": "Type of visit",
              "type": "obs",
              "required": true,
              "id": "visitType",
              "questionOptions": {
                "rendering": "radio",
                "concept": "164181AAAAAAAAAAAAAAAAAAAAAAAAAAAAAA",
                "answers": [
                  {
                    "concept": "160530AAAAAAAAAAAAAAAAAAAAAAAAAAAAAA",
                    "label": "Scheduled"
                  },
                  {
                    "concept": "164180AAAAAAAAAAAAAAAAAAAAAAAAAAAAAA",
                    "label": "Unscheduled"
                  },
                  {
                    "concept": "5622AAAAAAAAAAAAAAAAAAAAAAAAAAAAAAAA",
                    "label": "Sick"
                  }
                ]
              },
              "validators": []
            }
          ]
        }
      ]
    },
    {
      "label": "Patient's History",
      "sections": [
        {
          "label": "Current lifestyle",
          "isExpanded": "true",
          "questions": [
            {
              "label": "Tobacco use",
              "type": "obs",
              "required": true,
              "id": "useTobacco",
              "questionOptions": {
                "rendering": "radio",
                "concept": "152722AAAAAAAAAAAAAAAAAAAAAAAAAAAAAA",
                "answers": [
                  {
                    "concept": "159450AAAAAAAAAAAAAAAAAAAAAAAAAAAAAA",
                    "label": "Yes"
                  },
                  {
                    "concept": "159452AAAAAAAAAAAAAAAAAAAAAAAAAAAAAA",
                    "label": "Stopped"
                  },
                  {
                    "concept": "1090AAAAAAAAAAAAAAAAAAAAAAAAAAAAAAAA",
                    "label": "No"
                  }
                ]
              },
              "validators": []
            },
            {
              "label": "TB Screening",
              "type": "obs",
              "required": true,
              "id": "tbScren",
              "questionOptions": {
                "rendering": "radio",
                "concept": "f2b2dc3b-faf4-4069-a0df-044b9034ac59",
                "answers": [
                  {
                    "concept": "1660AAAAAAAAAAAAAAAAAAAAAAAAAAAAAAAA",
                    "label": "No TB Signs"
                  },
                  {
                    "concept": "142177AAAAAAAAAAAAAAAAAAAAAAAAAAAAAA",
                    "label": "Presumed TB"
                  },
                  {
                    "concept": "1662AAAAAAAAAAAAAAAAAAAAAAAAAAAAAAAA",
                    "label": "TB Confirmed"
                  },
                  {
                    "concept": "160737AAAAAAAAAAAAAAAAAAAAAAAAAAAAAA",
                    "label": "TB Screening Not Done"
                  },
                  {
                    "concept": "89264964-919b-4f39-816e-c0554b55df51",
                    "label": "On TB Treatment"
                  }
                ]
              }
            },
            {
              "label": "Drink alcohol",
              "type": "obs",
              "required": true,
              "id": "alcoholDrink",
              "questionOptions": {
                "rendering": "radio",
                "concept": "159449AAAAAAAAAAAAAAAAAAAAAAAAAAAAAA",
                "answers": [
                  {
                    "concept": "159450AAAAAAAAAAAAAAAAAAAAAAAAAAAAAA",
                    "label": "Yes"
                  },
                  {
                    "concept": "159452AAAAAAAAAAAAAAAAAAAAAAAAAAAAAA",
                    "label": "Stopped"
                  },
                  {
                    "concept": "1090AAAAAAAAAAAAAAAAAAAAAAAAAAAAAAAA",
                    "label": "No"
                  }
                ]
              },
              "validators": []
            },
            {
              "label": "Adequate physical activity",
              "type": "obs",
              "required": true,
              "id": "physicalActivity",
              "questionOptions": {
                "rendering": "radio",
                "concept": "355970d3-b6d6-4695-a99b-a222119fd5b4",
                "answers": [
                  {
                    "concept": "1065AAAAAAAAAAAAAAAAAAAAAAAAAAAAAAAA",
                    "label": "Yes"
                  },
                  {
                    "concept": "1066AAAAAAAAAAAAAAAAAAAAAAAAAAAAAAAA",
                    "label": "No"
                  }
                ]
              },
              "validators": []
            },
            {
              "label": "Healthy diet",
              "type": "obs",
              "required": true,
              "id": "dietHealthy",
              "questionOptions": {
                "rendering": "radio",
                "concept": "5715ed44-696f-4ace-b7d1-7da0d5846d95",
                "answers": [
                  {
                    "concept": "1065AAAAAAAAAAAAAAAAAAAAAAAAAAAAAAAA",
                    "label": "Yes"
                  },
                  {
                    "concept": "1066AAAAAAAAAAAAAAAAAAAAAAAAAAAAAAAA",
                    "label": "No"
                  }
                ]
              },
              "validators": []
            }
          ]
        },
        {
          "label": "Complications",
          "isExpanded": "true",
          "questions": [
            {
              "label": "Patient having complications?",
              "type": "obs",
              "required": true,
              "id": "havingComplications",
              "questionOptions": {
                "rendering": "radio",
                "concept": "6042AAAAAAAAAAAAAAAAAAAAAAAAAAAAAAAA",
                "answers": [
                  {
                    "concept": "1065AAAAAAAAAAAAAAAAAAAAAAAAAAAAAAAA",
                    "label": "Yes"
                  },
                  {
                    "concept": "1066AAAAAAAAAAAAAAAAAAAAAAAAAAAAAAAA",
                    "label": "No"
                  }
                ]
              }
            },
            {
              "label": "Which complications?",
              "type": "obs",
              "required": true,
              "id": "specifyComplications",
              "questionOptions": {
                "rendering": "multiCheckbox",
                "concept": "6042AAAAAAAAAAAAAAAAAAAAAAAAAAAAAAAA",
                "answers": [
                  {
                    "concept": "111103AAAAAAAAAAAAAAAAAAAAAAAAAAAAAA",
                    "label": "Stroke"
                  },
                  {
                    "concept": "159298AAAAAAAAAAAAAAAAAAAAAAAAAAAAAA",
                    "label": "Visual impairment"
                  },
                  {
                    "concept": "139069AAAAAAAAAAAAAAAAAAAAAAAAAAAAAA",
                    "label": "Heart failure"
                  },
                  {
                    "concept": "163411AAAAAAAAAAAAAAAAAAAAAAAAAAAAAA",
                    "label": "Foot ulcers/deformity"
                  },
                  {
                    "concept": "6033AAAAAAAAAAAAAAAAAAAAAAAAAAAAAAAA",
                    "label": "Renal disease"
                  },
                  {
                    "concept": "116123AAAAAAAAAAAAAAAAAAAAAAAAAAAAAA",
                    "label": "Erectile dysfunction"
                  },
                  {
                    "concept": "118983AAAAAAAAAAAAAAAAAAAAAAAAAAAAAA",
                    "label": "Peripheral Neuropathy"
                  },
                  {
                    "concept": "5622AAAAAAAAAAAAAAAAAAAAAAAAAAAAAAAA",
                    "label": "Other"
                  }
                ]
              },
              "hide": {
                "hideWhenExpression": "isEmpty(havingComplications) || havingComplications != '1065AAAAAAAAAAAAAAAAAAAAAAAAAAAAAAAA'"
              }
            },
            {
              "label": "Specify",
              "type": "obs",
              "required": false,
              "id": "specifFyOther",
              "questionOptions": {
                "rendering": "text",
                "concept": "161011AAAAAAAAAAAAAAAAAAAAAAAAAAAAAA"
              },
              "validators": [],
              "hide": {
                "hideWhenExpression": "isEmpty(specifyComplications) || specifyComplications != '5622AAAAAAAAAAAAAAAAAAAAAAAAAAAAAAAA'"
              }
            }
          ]
        }
      ]
    },
    {
      "label": "Patient's Examination",
      "sections": [
        {
          "label": "Physical examination",
          "isExpanded": "true",
          "questions": [
            {
              "label": "General examination findings:",
              "required": "true",
              "id": "genExamFindings",
              "type": "obs",
              "questionOptions": {
                "rendering": "checkbox",
                "concept": "162737AAAAAAAAAAAAAAAAAAAAAAAAAAAAAA",
                "answers": [
                  {
                    "concept": "1107AAAAAAAAAAAAAAAAAAAAAAAAAAAAAAAA",
                    "label": "None"
                  },
                  {
                    "concept": "143050AAAAAAAAAAAAAAAAAAAAAAAAAAAAAA",
                    "label": "Cyanosis",
                    "disableWhenExpression": "myValue === '1107AAAAAAAAAAAAAAAAAAAAAAAAAAAAAAAA'"
                  },
                  {
                    "concept": "142630AAAAAAAAAAAAAAAAAAAAAAAAAAAAAA",
                    "label": "Dehydration",
                    "disableWhenExpression": "myValue === '1107AAAAAAAAAAAAAAAAAAAAAAAAAAAAAAAA'"
                  },
                  {
                    "concept": "140125AAAAAAAAAAAAAAAAAAAAAAAAAAAAAA",
                    "label": "Finger Clubbing",
                    "disableWhenExpression": "myValue === '1107AAAAAAAAAAAAAAAAAAAAAAAAAAAAAAAA'"
                  },
                  {
                    "concept": "136443AAAAAAAAAAAAAAAAAAAAAAAAAAAAAA",
                    "label": "Jaundice",
                    "disableWhenExpression": "myValue === '1107AAAAAAAAAAAAAAAAAAAAAAAAAAAAAAAA'"
                  },
                  {
                    "concept": "116334AAAAAAAAAAAAAAAAAAAAAAAAAAAAAA",
                    "label": "Lethargic",
                    "disableWhenExpression": "myValue === '1107AAAAAAAAAAAAAAAAAAAAAAAAAAAAAAAA'"
                  },
                  {
                    "concept": "126952AAAAAAAAAAAAAAAAAAAAAAAAAAAAAA",
                    "label": "Lymph Node Axillary",
                    "disableWhenExpression": "myValue === '1107AAAAAAAAAAAAAAAAAAAAAAAAAAAAAAAA'"
                  },
                  {
                    "concept": "126939AAAAAAAAAAAAAAAAAAAAAAAAAAAAAA",
                    "label": "Lymph Nodes Inguinal",
                    "disableWhenExpression": "myValue === '1107AAAAAAAAAAAAAAAAAAAAAAAAAAAAAAAA'"
                  },
                  {
                    "concept": "1861AAAAAAAAAAAAAAAAAAAAAAAAAAAAAAAA",
                    "label": "Nasal Flaring",
                    "disableWhenExpression": "myValue === '1107AAAAAAAAAAAAAAAAAAAAAAAAAAAAAAAA'"
                  },
                  {
                    "concept": "460AAAAAAAAAAAAAAAAAAAAAAAAAAAAAAAAA",
                    "label": "Oedema",
                    "disableWhenExpression": "myValue === '1107AAAAAAAAAAAAAAAAAAAAAAAAAAAAAAAA'"
                  },
                  {
                    "concept": "5334AAAAAAAAAAAAAAAAAAAAAAAAAAAAAAAA",
                    "label": "Oral thrush",
                    "disableWhenExpression": "myValue === '1107AAAAAAAAAAAAAAAAAAAAAAAAAAAAAAAA'"
                  },
                  {
                    "concept": "5245AAAAAAAAAAAAAAAAAAAAAAAAAAAAAAAA",
                    "label": "Pallor",
                    "disableWhenExpression": "myValue === '1107AAAAAAAAAAAAAAAAAAAAAAAAAAAAAAAA'"
                  },
                  {
                    "concept": "206AAAAAAAAAAAAAAAAAAAAAAAAAAAAAAAAA",
                    "label": "Convulsions",
                    "disableWhenExpression": "myValue === '1107AAAAAAAAAAAAAAAAAAAAAAAAAAAAAAAA'"
                  },
                  {
                    "concept": "823AAAAAAAAAAAAAAAAAAAAAAAAAAAAAAAAA",
                    "label": "Wasting",
                    "disableWhenExpression": "myValue === '1107AAAAAAAAAAAAAAAAAAAAAAAAAAAAAAAA'"
                  }
                ]
              },
              "hide": {
                "hideWhenExpression": "visitTo === '167050AAAAAAAAAAAAAAAAAAAAAAAAAAAAAA'"
              },
              "validators": []
            },
            {
              "label": "Cardiovascular",
              "type": "obs",
              "required": "true",
              "id": "cardioVascular",
              "questionOptions": {
                "rendering": "radio",
                "concept": "1124AAAAAAAAAAAAAAAAAAAAAAAAAAAAAAAA",
                "answers": [
                  {
                    "concept": "1115AAAAAAAAAAAAAAAAAAAAAAAAAAAAAAAA",
                    "label": "Normal"
                  },
                  {
                    "concept": "1116AAAAAAAAAAAAAAAAAAAAAAAAAAAAAAAA",
                    "label": "Abnormal"
                  }
                ]
              },
              "validators": []
            },
            {
              "label": "Description",
              "type": "obs",
              "required": "true",
              "id": "CadioDesc",
              "questionOptions": {
                "rendering": "textarea",
                "concept": "163046AAAAAAAAAAAAAAAAAAAAAAAAAAAAAA",
                "rows": "15"
              },
              "validators": [],
              "hide": {
                "hideWhenExpression": "isEmpty(cardioVascular) || cardioVascular !== '1116AAAAAAAAAAAAAAAAAAAAAAAAAAAAAAAA'"
              }
            },
            {
              "label": "Respiratory",
              "type": "obs",
              "required": "true",
              "id": "resPiratory",
              "questionOptions": {
                "rendering": "radio",
                "concept": "1124AAAAAAAAAAAAAAAAAAAAAAAAAAAAAAAA",
                "answers": [
                  {
                    "concept": "1115AAAAAAAAAAAAAAAAAAAAAAAAAAAAAAAA",
                    "label": "Normal"
                  },
                  {
                    "concept": "1116AAAAAAAAAAAAAAAAAAAAAAAAAAAAAAAA",
                    "label": "Abnormal"
                  }
                ]
              },
              "validators": []
            },
            {
              "label": "Description",
              "type": "obs",
              "required": "true",
              "id": "resPiratoryDesc",
              "questionOptions": {
                "rendering": "text",
                "concept": "163046AAAAAAAAAAAAAAAAAAAAAAAAAAAAAA",
                "rows": "15"
              },
              "validators": [],
              "hide": {
                "hideWhenExpression": "isEmpty(resPiratory) || resPiratory !== '1116AAAAAAAAAAAAAAAAAAAAAAAAAAAAAAAA'"
              }
            },
            {
              "label": "Abdominal pelvic",
              "type": "obs",
              "required": "true",
              "id": "abdominalPelvic",
              "questionOptions": {
                "rendering": "radio",
                "concept": "1124AAAAAAAAAAAAAAAAAAAAAAAAAAAAAAAA",
                "answers": [
                  {
                    "concept": "1115AAAAAAAAAAAAAAAAAAAAAAAAAAAAAAAA",
                    "label": "Normal"
                  },
                  {
                    "concept": "1116AAAAAAAAAAAAAAAAAAAAAAAAAAAAAAAA",
                    "label": "Abnormal"
                  }
                ]
              },
              "validators": []
            },
            {
              "label": "Description",
              "type": "obs",
              "required": false,
              "id": "pelvicDescription",
              "questionOptions": {
                "rendering": "text",
                "concept": "163046AAAAAAAAAAAAAAAAAAAAAAAAAAAAAA",
                "rows": "15"
              },
              "validators": [],
              "hide": {
                "hideWhenExpression": "isEmpty(abdominalPelvic) || abdominalPelvic !== '1116AAAAAAAAAAAAAAAAAAAAAAAAAAAAAAAA'"
              }
            },
            {
              "label": "Neurological examination",
              "type": "obs",
              "required": "true",
              "id": "neurologicalExam",
              "questionOptions": {
                "rendering": "radio",
                "concept": "1124AAAAAAAAAAAAAAAAAAAAAAAAAAAAAAAA",
                "answers": [
                  {
                    "concept": "1115AAAAAAAAAAAAAAAAAAAAAAAAAAAAAAAA",
                    "label": "Normal"
                  },
                  {
                    "concept": "1116AAAAAAAAAAAAAAAAAAAAAAAAAAAAAAAA",
                    "label": "Abnormal"
                  }
                ]
              },
              "validators": []
            },
            {
              "label": "Description",
              "type": "obs",
              "required": false,
              "id": "neurologicalDesc",
              "questionOptions": {
                "rendering": "text",
                "concept": "163046AAAAAAAAAAAAAAAAAAAAAAAAAAAAAA",
                "row": "15"
              },
              "validators": [],
              "hide": {
                "hideWhenExpression": "isEmpty(neurologicalExam) || neurologicalExam !== '1116AAAAAAAAAAAAAAAAAAAAAAAAAAAAAAAA'"
              }
            },
            {
              "label": " Oral exam",
              "type": "obs",
              "required": "true",
              "id": "examOral",
              "questionOptions": {
                "rendering": "radio",
                "concept": "163308AAAAAAAAAAAAAAAAAAAAAAAAAAAAAA",
                "answers": [
                  {
                    "concept": "1115AAAAAAAAAAAAAAAAAAAAAAAAAAAAAAAA",
                    "label": "Normal"
                  },
                  {
                    "concept": "1116AAAAAAAAAAAAAAAAAAAAAAAAAAAAAAAA",
                    "label": "Abnormal"
                  }
                ]
              },
              "validators": []
            },
            {
              "label": "Description",
              "type": "obs",
              "required": false,
              "id": "oRalDescp",
              "questionOptions": {
                "rendering": "text",
                "concept": "163046AAAAAAAAAAAAAAAAAAAAAAAAAAAAAA",
                "row": "15"
              },
              "validators": [],
              "hide": {
                "hideWhenExpression": "isEmpty(examOral) || examOral !== '1116AAAAAAAAAAAAAAAAAAAAAAAAAAAAAAAA'"
              }
            },
            {
              "label": "Foot exam",
              "type": "obs",
              "id": "footExam",
              "questionOptions": {
                "rendering": "multiCheckbox",
                "concept": "1127AAAAAAAAAAAAAAAAAAAAAAAAAAAAAAAA",
                "answers": [
                  {
                    "concept": "163411AAAAAAAAAAAAAAAAAAAAAAAAAAAAAA",
                    "label": "Calluses"
                  },
                  {
                    "concept": "1116AAAAAAAAAAAAAAAAAAAAAAAAAAAAAAAA",
                    "label": "Ulcers"
                  },
                  {
                    "concept": "165471AAAAAAAAAAAAAAAAAAAAAAAAAAAAAA",
                    "label": "Deformity"
                  }
                ]
              },
              "validators": []
            },
            {
              "label": "Foot Risk Assessment ",
              "required": "true",
              "type": "obs",
              "id": "footDiabeticRisk",
              "questionOptions": {
                "rendering": "radio",
                "concept": "166879AAAAAAAAAAAAAAAAAAAAAAAAAAAAAA",
                "answers": [
                  {
                    "concept": "166674AAAAAAAAAAAAAAAAAAAAAAAAAAAAAA",
                    "label": "High Risk"
                  },
                  {
                    "concept": "166675AAAAAAAAAAAAAAAAAAAAAAAAAAAAAA",
                    "label": "Low Risk"
                  }
                ]
              }
            },
            {
              "label": "High Risk assessment",
              "required": "true",
              "type": "obs",
              "id": "highfootRiskAccess",
              "questionOptions": {
                "rendering": "checkbox",
                "concept": "1284AAAAAAAAAAAAAAAAAAAAAAAAAAAAAAAA",
                "answers": [
                  {
                    "concept": "166844AAAAAAAAAAAAAAAAAAAAAAAAAAAAAA",
                    "label": "Loss of protective sensation"
                  },
                  {
                    "concept": "150518AAAAAAAAAAAAAAAAAAAAAAAAAAAAAA",
                    "label": "Absent pedal pulses"
                  },
                  {
                    "concept": "142677AAAAAAAAAAAAAAAAAAAAAAAAAAAAAA",
                    "label": "Foot deformity"
                  },
                  {
                    "concept": "123919AAAAAAAAAAAAAAAAAAAAAAAAAAAAAA",
                    "label": "History of foot ulcer"
                  },
                  {
                    "concept": "164009AAAAAAAAAAAAAAAAAAAAAAAAAAAAAA",
                    "label": "Prior amputation"
                  }
                ]
              },
              "validators": [],
              "hide": {
                "hideWhenExpression": "isEmpty(footDiabeticRisk) || footDiabeticRisk != '166674AAAAAAAAAAAAAAAAAAAAAAAAAAAAAA'"
              }
            },
            {
              "label": "Low Risk assessment",
              "required": "true",
              "type": "obs",
              "id": "lowfootRiskAccess",
              "questionOptions": {
                "rendering": "checkbox",
                "concept": "166676AAAAAAAAAAAAAAAAAAAAAAAAAAAAAA",
                "answers": [
                  {
                    "concept": "164188AAAAAAAAAAAAAAAAAAAAAAAAAAAAAA",
                    "label": "Intact protective sensation"
                  },
                  {
                    "concept": "158955AAAAAAAAAAAAAAAAAAAAAAAAAAAAAA",
                    "label": "Pedal Pulses Present"
                  },
                  {
                    "concept": "155871AAAAAAAAAAAAAAAAAAAAAAAAAAAAAA",
                    "label": "No deformity"
                  },
                  {
                    "concept": "123919AAAAAAAAAAAAAAAAAAAAAAAAAAAAAA",
                    "label": "No prior foot ulcer"
                  },
                  {
                    "concept": "164009AAAAAAAAAAAAAAAAAAAAAAAAAAAAAA",
                    "label": "No amputation"
                  }
                ]
              },
              "validators": [],
              "hide": {
                "hideWhenExpression": "isEmpty(footDiabeticRisk) || footDiabeticRisk != '166675AAAAAAAAAAAAAAAAAAAAAAAAAAAAAA'"
              }
            },
            {
                "label": "Diabetic foot",
                "required": "true",
                "type": "obs",
                "id": "footDiabeticExisting",
                "questionOptions": {
                    "rendering": "radio",
                    "concept": "1284AAAAAAAAAAAAAAAAAAAAAAAAAAAAAAAA",
                    "answers": [
                        {
                            "concept": "1154AAAAAAAAAAAAAAAAAAAAAAAAAAAAAAAA",
                            "label": "New"
                        },
                        {
                            "concept": "1065AAAAAAAAAAAAAAAAAAAAAAAAAAAAAAAA",
                            "label": "Known"
                        },
                        {
                            "concept": "1115AAAAAAAAAAAAAAAAAAAAAAAAAAAAAAAA",
                            "label": "Normal"
                        }
                    ]
                },
                "validators": []
            },
            {
                "label": "Diabetic foot screening",
                "required": "true",
                "type": "obs",
                "id": "footDiabetic",
                "questionOptions": {
                    "rendering": "radio",
                    "concept": "1284AAAAAAAAAAAAAAAAAAAAAAAAAAAAAAAA",
                    "answers": [
                        {
                            "concept": "1065AAAAAAAAAAAAAAAAAAAAAAAAAAAAAAAA",
                            "label": "Yes"
                        },
                        {
                            "concept": "1066AAAAAAAAAAAAAAAAAAAAAAAAAAAAAAAA",
                            "label": "No"
                        }
                    ]
                },
                "validators": []
            },
            {
                "label": "Describe",
                "type": "obs",
                "id": "descDiabetc",
                "questionOptions": {
                    "rendering": "textarea",
                    "concept": "20395601-257c-490c-86c2-acffb627f91f"
                },
                "validators": [],
                "hide": {
                    "hideWhenExpression": "isEmpty(footDiabetic) || footDiabetic != '1065AAAAAAAAAAAAAAAAAAAAAAAAAAAAAAAA'"
                }
            },
            {
              "label": "Foot Risk assessment",
              "type": "obs",
              "required": false,
              "id": "footRiskAccess",
              "questionOptions": {
                "rendering": "checkbox",
                "concept": "1284AAAAAAAAAAAAAAAAAAAAAAAAAAAAAAAA",
                "answers": [
                  {
                    "concept": "166844AAAAAAAAAAAAAAAAAAAAAAAAAAAAAA",
                    "label": "Loss of sensation"
                  },
                  {
                    "concept": "150518AAAAAAAAAAAAAAAAAAAAAAAAAAAAAA",
                    "label": "Absent pulses"
                  },
                  {
                    "concept": "142677AAAAAAAAAAAAAAAAAAAAAAAAAAAAAA",
                    "label": "Foot deformity"
                  },
                  {
                    "concept": "123919AAAAAAAAAAAAAAAAAAAAAAAAAAAAAA",
                    "label": "History of ulcer"
                  },
                  {
                    "concept": "164009AAAAAAAAAAAAAAAAAAAAAAAAAAAAAA",
                    "label": "Prior amputation"
                  }
                ]
              },
              "validators": [],
              "hide": {
                "hideWhenExpression": "isEmpty(footDiabetic) || footDiabetic != '1065AAAAAAAAAAAAAAAAAAAAAAAAAAAAAAAA'"
              }
            },
            {
              "label": "Diabetic foot risk",
              "type": "obs",
              "required": false,
              "id": "footDiabeticRisk",
              "questionOptions": {
                "rendering": "radio",
                "concept": "166879AAAAAAAAAAAAAAAAAAAAAAAAAAAAAA",
                "answers": [
                  {
                    "concept": "166675AAAAAAAAAAAAAAAAAAAAAAAAAAAAAA",
                    "label": "Low Risk"
                  },
                  {
                    "concept": "166674AAAAAAAAAAAAAAAAAAAAAAAAAAAAAA",
                    "label": "High Risk"
                  }
                ]
              },
              "validators": [],
              "hide": {
                "hideWhenExpression": "isEmpty(footDiabetic) || footDiabetic != '1065AAAAAAAAAAAAAAAAAAAAAAAAAAAAAAAA'"
              }
            },
            {
              "label": "Diagnosis",
              "id": "DiagNosIS",
              "type": "diagnosis",
              "questionOptions": {
                "rendering": "repeating",
                "dataSource": "diagnoses",
                "rank": 1,
                "datasource": {
                  "name": "diagnoses",
                  "config": {
                    "conceptSourceUuid": "39ADDDDDDDDDDDDDDDDDDDDDDDDDDDDDDDDD"
                  }
                }
              }
            },
            {
              "label": "Clinical Notes",
              "type": "obs",
              "required": false,
              "id": "clinicNotesComps",
              "questionOptions": {
                "rendering": "textarea",
                "concept": "160632AAAAAAAAAAAAAAAAAAAAAAAAAAAAAA"
               
              },
              "validators": []
            }
          ]
        }
      ]
    },
    {
      "label": "Patient's Management",
      "sections": [
        {
          "label": "Treatment",
          "isExpanded": "true",
          "questions": [
            {
              "label": "Final Diagnosis",
              "id": "DiagNosIS",
              "type": "diagnosis",
              "questionOptions": {
                "rendering": "repeating",
                "rank": 2,
                "datasource": {
                  "name": "diagnoses",
                  "config": {
                    "conceptSourceUuid": "39ADDDDDDDDDDDDDDDDDDDDDDDDDDDDDDDDD"
                  }
                }
              }
            },
            {
              "label": "Adhering to current medications?",
              "type": "obs",
              "id": "adherence",
              "required": true,
              "questionOptions": {
                "concept": "164075AAAAAAAAAAAAAAAAAAAAAAAAAAAAAA",
                "rendering": "radio",
                "answers": [
                  {
                    "concept": "159405AAAAAAAAAAAAAAAAAAAAAAAAAAAAAA",
                    "label": "Yes"
                  },
                  {
                    "concept": "159407AAAAAAAAAAAAAAAAAAAAAAAAAAAAAA",
                    "label": "No"
                  },
                  {
                    "concept": "1175AAAAAAAAAAAAAAAAAAAAAAAAAAAAAAAA",
                    "label": "N/A"
                  }
                ]
              }
            },
            {
              "label": "Footcare Outcome",
              "required": "true",
              "type": "obs",
              "id": "footOutcome",
              "questionOptions": {
                "rendering": "radio",
                "concept": "162737AAAAAAAAAAAAAAAAAAAAAAAAAAAAAA",
                "answers": [
                  {
                    "concept": "162130AAAAAAAAAAAAAAAAAAAAAAAAAAAAAA",
                    "label": "Ulcer healed"
                  },
                  {
                    "concept": "9751bd32-a30a-4bd6-a88b-bef637a811ed",
                    "label": "Surgical debridement"
                  },
                  {
                    "concept": "164009AAAAAAAAAAAAAAAAAAAAAAAAAAAAAA",
                    "label": "Amputation"
                  },
                  {
                    "concept": "5240AAAAAAAAAAAAAAAAAAAAAAAAAAAAAAAA",
                    "label": "Loss to follow up"
                  },
                  {
                    "concept": "1654AAAAAAAAAAAAAAAAAAAAAAAAAAAAAAAA",
                    "label": "Admitted"
                  },
                  {
                    "concept": "1648AAAAAAAAAAAAAAAAAAAAAAAAAAAAAAAA",
                    "label": "Referred"
                  }
                ]
              },
              "validators": [],
              "hide": {
                "hideWhenExpression": "isEmpty(footDiabetic) || footDiabetic != '1065AAAAAAAAAAAAAAAAAAAAAAAAAAAAAAAA'"
              }
            }
          ]
        },
        {
          "label": "Medication status",
          "isExpanded": "true",
          "questions": [
            {
              "label": "Drug Order",
              "required": false,
              "id": "drugsWorkspaceLauncher",
              "questionOptions": {
                "rendering": "workspace-launcher",
                "buttonLabel": "Add drug order",
                "workspaceName": "add-drug-order"
              }
            }
          ]
        },
        {
          "label": "Follow up plan",
          "isExpanded": "true",
          "questions": [
            {
              "label": "Next review date:",
              "required": false,
              "id": "appointmentWorkspaceLauncher",
              "questionOptions": {
                "rendering": "workspace-launcher",
                "buttonLabel": "Add appointments",
                "workspaceName": "appointments-form-workspace"
              }
            },
            {
              "label": "Transfer care to another health facility",
              "type": "obs",
              "required": false,
              "id": "transferOut",
              "questionOptions": {
                "rendering": "radio",
                "concept": "1285AAAAAAAAAAAAAAAAAAAAAAAAAAAAAAAA",
                "answers": [
                  {
                    "concept": "1065AAAAAAAAAAAAAAAAAAAAAAAAAAAAAAAA",
                    "label": "Yes"
                  },
                  {
                    "concept": "1066AAAAAAAAAAAAAAAAAAAAAAAAAAAAAAAA",
                    "label": "No"
                  }
                ]
              },
              "validators": []
            },
            {
              "label": "Specify facility name",
              "type": "obs",
              "required": true,
              "id": "facilityName",
              "questionOptions": {
                "rendering": "text",
                "concept": "162724AAAAAAAAAAAAAAAAAAAAAAAAAAAAAA"
              },
              "validators": [],
              "hide": {
                "hideWhenExpression": "isEmpty(transferOut) || transferOut != '1065AAAAAAAAAAAAAAAAAAAAAAAAAAAAAAAA'"
              }
            },
            {
              "label": "Reason for referral",
              "type": "obs",
              "required": true,
              "id": "",
              "questionOptions": {
                "rendering": "select",
                "concept": "159623AAAAAAAAAAAAAAAAAAAAAAAAAAAAAA",
                "answers": [
                  {
                    "concept": "138202AAAAAAAAAAAAAAAAAAAAAAAAAAAAAA",
                    "label": "Further management of HTN"
                  },
                  {
                    "concept": "160552AAAAAAAAAAAAAAAAAAAAAAAAAAAAAA",
                    "label": "Nutrition"
                  },
                  {
                    "concept": "159364AAAAAAAAAAAAAAAAAAAAAAAAAAAAAA",
                    "label": "Physiotherapy"
                  },
                  {
                    "concept": "161623AAAAAAAAAAAAAAAAAAAAAAAAAAAAAA",
                    "label": "Surgical review"
                  },
                  {
                    "concept": "163046AAAAAAAAAAAAAAAAAAAAAAAAAAAAAA",
                    "label": "CVD review"
                  },
                  {
                    "concept": "6033AAAAAAAAAAAAAAAAAAAAAAAAAAAAAAAA",
                    "label": "Renal review"
                  },
                  {
                    "concept": "850a960b-e8b5-4775-ba74-aaddb2abbf51",
                    "label": "Eye review"
                  },
                  {
                    "concept": "164103AAAAAAAAAAAAAAAAAAAAAAAAAAAAAA",
                    "label": "Further management of DM"
                  }
                ]
              },
              "hide": {
                "hideWhenExpression": "isEmpty(transferOut) || transferOut != '1065AAAAAAAAAAAAAAAAAAAAAAAAAAAAAAAA'"
              }
            },
            {
              "label": "Remarks",
              "type": "obs",
              "id": "RemarksNotes",
              "questionOptions": {
                "rendering": "textarea",
                "concept": "162749AAAAAAAAAAAAAAAAAAAAAAAAAAAAAA"
              },
              "validators": []
            }
          ]
        }
      ]
    }
  ],
    "processor": "EncounterFormProcessor",
    "encounterType": "b402d094-bff3-4b31-b167-82426b4e3e28",
    "referencedForms": []
  }
