{
  "name": "Nursing Care Plan",
  "pages": [
    {
      "label": "Visit Details",
      "sections": [
        {
          "label": "Encounter Details",
          "isExpanded": "true",
          "questions": [
            {
              "label": "Visit date:",
              "type": "encounterDatetime",
              "required": "true",
              "id": "encDate",
              "questionOptions": {
                "rendering": "date"
              },
              "validators": [
                {
                  "type": "date",
                  "allowFutureDates": "false"
                }
              ]
            },
            {
              "label": "Provider:",
              "type": "encounterProvider",
              "required": "true",
              "questionOptions": {
                "rendering": "ui-select-extended"
              },
              "id": "encProvider "
            },
            {
              "label": "Location:",
              "type": "encounterLocation",
              "required": "true",
              "questionOptions": {
                "rendering": "ui-select-extended"
              },
              "id": "encLocation"
            },
            {
              "label": "Assessment date",
              "type": "obs",
              "required": "true",
              "id": "assessmentDate",
              "datePickerFormat": "calendar",
              "questionOptions": {
                "rendering": "date",
                "concept": "160753AAAAAAAAAAAAAAAAAAAAAAAAAAAAAA"
              },
              "validators": []
            },
            {
              "label": "Nursing Diagnosis",
              "type": "obs",
              "required": "true",
              "id": "nursingDiagnosis",
              "questionOptions": {
                "rendering": "text",
                "concept": "161602AAAAAAAAAAAAAAAAAAAAAAAAAAAAAA"
              },
              "validators": []
            },
            {
              "label": "Goal/ Expected Outcome",
              "type": "obs",
              "required": "true",
              "id": "goalExpectedOutcome",
              "questionOptions": {
                "rendering": "text",
                "concept": "160632AAAAAAAAAAAAAAAAAAAAAAAAAAAAAA"
              },
              "validators": []
            },
            {
              "label": "Intervention/plan of action",
              "type": "obs",
              "required": "true",
              "id": "interventionPlanOfAction",
              "questionOptions": {
                "rendering": "text",
                "concept": "164378AAAAAAAAAAAAAAAAAAAAAAAAAAAAAA"
              },
              "validators": []
            },
            {
              "label": "Rationale",
              "type": "obs",
              "required": "false",
              "id": "rationale",
              "questionOptions": {
                "rendering": "text",
                "concept": "163104AAAAAAAAAAAAAAAAAAAAAAAAAAAAAA"
              },
              "validators": []
            },
            {
              "label": "Implementation",
              "type": "obs",
              "required": "true",
              "id": "implementation",
              "questionOptions": {
                "rendering": "text",
                "concept": "160531AAAAAAAAAAAAAAAAAAAAAAAAAAAAAA"
              },
              "validators": []
            },
            {
              "label": "Evaluation",
              "type": "obs",
              "required": "true",
              "id": "evaluation",
              "questionOptions": {
                "rendering": "text",
                "concept": "163756AAAAAAAAAAAAAAAAAAAAAAAAAAAAAA"
              },
              "validators": []
            }
          ]
        }
      ]
    }
  ],
  "processor": "EncounterFormProcessor",
  "encounterType": "b6569074-3b8c-43ba-bd4a-98c445405035",
  "referencedForms": [],
  "uuid": "56b3ca43-2687-49d4-a03e-1b4329fe0f63",
  "description": "A form to collect services offered by nurse at the Inpatient wards.",
  "version": "1.0"
}