{
  "name": "Nutrition Form",
  "description": "Nutrition Form",
  "version": "1",
  "published": true,
  "uuid": "b8357314-0f6a-4fc9-a5b7-339f47095d62",
  "retired": false,
  "encounter": "Nutrition",
  "pages": [
    {
      "label": "Visit Details",
      "sections": [
        {
          "label": "Encounter Details",
          "isExpanded": "true",
          "questions": [
            {
              "label": "Visit date:",
              "type": "encounterDatetime",
              "required": "true",
              "id": "encDate",
              "questionOptions": {
                "rendering": "date"
              },
              "validators": [
                {
                  "type": "date",
                  "allowFutureDates": "false"
                }
              ]
            },
            {
              "label": "Provider:",
              "type": "encounterProvider",
              "required": "true",
              "questionOptions": {
                "rendering": "ui-select-extended"
              },
              "id": "encProvider "
            },
            {
              "label": "Location:",
              "type": "encounterLocation",
              "required": "true",
              "questionOptions": {
                "rendering": "ui-select-extended"
              },
              "id": "encLocation"
            }
          ]
        }
      ]
    },
    {
      "label": "Nutritional Assessment",
      "sections": [
        {
          "label": "Nutrition Health Assessment",
          "isExpanded": "true",
          "questions": [
            {
              "label": "Visit type",
              "type": "obs",
              "questionOptions": {
                "rendering": "radio",
                "concept": "164181AAAAAAAAAAAAAAAAAAAAAAAAAAAAAA",
                "answers": [
                  {
                    "concept": "164180AAAAAAAAAAAAAAAAAAAAAAAAAAAAAA",
                    "label": "New visit"
                  },
                  {
                    "concept": "160530AAAAAAAAAAAAAAAAAAAAAAAAAAAAAA",
                    "label": "Return Visit"
                  },
                  {
                    "concept": "160563AAAAAAAAAAAAAAAAAAAAAAAAAAAAAA",
                    "label": "Referred from other facilites"
                  }
                ]
              },
              "id": "visitScheduled",
              "required": "true"
            },
            {
              "label": "Facility Name",
              "type": "obs",
              "id": "otheRfaCility",
              "questionOptions": {
                "concept": "160632AAAAAAAAAAAAAAAAAAAAAAAAAAAAAA",
                "rendering": "text"
              },
              "validators": [],
              "hide": {
                "hideWhenExpression": "visitScheduled !== '160563AAAAAAAAAAAAAAAAAAAAAAAAAAAAAA'"
              }
            },
            {
              "label": "Patient Pregnant/Lactating",
              "type": "obs",
              "id": "peGsTaTus",
              "required": "true",
              "questionOptions": {
                "concept": "5272AAAAAAAAAAAAAAAAAAAAAAAAAAAAAAAA",
                "rendering": "radio",
                "answers": [
                  {
                    "concept": "1065AAAAAAAAAAAAAAAAAAAAAAAAAAAAAAAA",
                    "label": "Yes"
                  },
                  {
                    "concept": "1066AAAAAAAAAAAAAAAAAAAAAAAAAAAAAAAA",
                    "label": "No"
                  },
                  {
                    "concept": "1175AAAAAAAAAAAAAAAAAAAAAAAAAAAAAAAA",
                    "label": "Not Applicable"
                  }
                ]
              },
              "hide": {
                "hideWhenExpression": "age < 15 || sex !== 'F'"
              }
            },
            {
              "label": "Serostatus",
              "type": "obs",
              "id": "sErOsTaTus",
              "required": "true",
              "questionOptions": {
                "concept": "1169AAAAAAAAAAAAAAAAAAAAAAAAAAAAAAAA",
                "rendering": "radio",
                "answers": [
                  {
                    "concept": "703AAAAAAAAAAAAAAAAAAAAAAAAAAAAAAAAA",
                    "label": "Positive"
                  },
                  {
                    "concept": "664AAAAAAAAAAAAAAAAAAAAAAAAAAAAAAAAA",
                    "label": "Negative"
                  },
                  {
                    "concept": "1067AAAAAAAAAAAAAAAAAAAAAAAAAAAAAAAA",
                    "label": "Unknown"
                  }
                ]
              }
            },
            {
              "label": "Patient on ARVs",
              "type": "obs",
              "id": "paTonARVs",
              "required": "true",
              "questionOptions": {
                "concept": "1149AAAAAAAAAAAAAAAAAAAAAAAAAAAAAAAA",
                "rendering": "radio",
                "answers": [
                  {
                    "concept": "1065AAAAAAAAAAAAAAAAAAAAAAAAAAAAAAAA",
                    "label": "Yes"
                  },
                  {
                    "concept": "1066AAAAAAAAAAAAAAAAAAAAAAAAAAAAAAAA",
                    "label": "No"
                  }
                ]
              },
              "hide": {
                "hideWhenExpression": "isEmpty(sErOsTaTus) || sErOsTaTus !== '703AAAAAAAAAAAAAAAAAAAAAAAAAAAAAAAAA'"
              }
            },
            {
              "label": "Coexisitng medical Condition",
              "type": "obs",
              "id": "exMedsCond",
              "questionOptions": {
                "concept": "162747AAAAAAAAAAAAAAAAAAAAAAAAAAAAAA",
                "rendering": "checkbox",
                "answers": [
                  { 
                    "concept": "1107AAAAAAAAAAAAAAAAAAAAAAAAAAAAAAAA",
                    "label": "None"
                  },
                  {
                    "concept": "112141AAAAAAAAAAAAAAAAAAAAAAAAAAAAAA",
                    "label": "TB",
                    "disableWhenExpression": "myValue === '1107AAAAAAAAAAAAAAAAAAAAAAAAAAAAAAAA'"
                  },
                  {
                    "concept": "119481AAAAAAAAAAAAAAAAAAAAAAAAAAAAAA",
                    "label": "Diabetes",
                    "disableWhenExpression": "myValue === '1107AAAAAAAAAAAAAAAAAAAAAAAAAAAAAAAA'"
                  },
                  {
                    "concept": "117399AAAAAAAAAAAAAAAAAAAAAAAAAAAAAA",
                    "label": "Hypertension",
                    "disableWhenExpression": "myValue === '1107AAAAAAAAAAAAAAAAAAAAAAAAAAAAAAAA'"
                  },
                  {
                    "concept": "5622AAAAAAAAAAAAAAAAAAAAAAAAAAAAAAAA",
                    "label": "Others (Specify)",
                    "disableWhenExpression": "myValue === '1107AAAAAAAAAAAAAAAAAAAAAAAAAAAAAAAA'"
                  }
                ]
              }
            },
            {
              "label": "Other (Specify)",
              "type": "obs",
              "id": "SpecifYexMedsCond",
              "questionOptions": {
                "concept": "160632AAAAAAAAAAAAAAAAAAAAAAAAAAAAAA",
                "rendering": "text"
              },
              "validators": [],
              "hide": {
                "hideWhenExpression": "isEmpty(exMedsCond) || arrayContains(exMedsCond, '5622AAAAAAAAAAAAAAAAAAAAAAAAAAAAAAAA')"
              }
            },
            {
              "label": "Patient has Edema",
              "type": "obs",
              "id": "pEdeMa",
              "questionOptions": {
                "concept": "163894AAAAAAAAAAAAAAAAAAAAAAAAAAAAAA",
                "rendering": "radio",
                "answers": [
                  {
                    "concept": "1065AAAAAAAAAAAAAAAAAAAAAAAAAAAAAAAA",
                    "label": "Yes"
                  },
                  {
                    "concept": "1066AAAAAAAAAAAAAAAAAAAAAAAAAAAAAAAA",
                    "label": "No"
                  }
                ]
              }
            },
            {
              "label": "Anaemia levels",
              "type": "obs",
              "id": "anEamiAleV",
              "questionOptions": {
                "concept": "156625AAAAAAAAAAAAAAAAAAAAAAAAAAAAAA",
                "rendering": "select",
                "answers": [
                  {
                    "concept": "1118AAAAAAAAAAAAAAAAAAAAAAAAAAAAAAAA",
                    "label": "Not Done"
                  },
                  {
                    "concept": "1115AAAAAAAAAAAAAAAAAAAAAAAAAAAAAAAA",
                    "label": "Normal"
                  },
                  {
                    "concept": "1498AAAAAAAAAAAAAAAAAAAAAAAAAAAAAAAA",
                    "label": "Mild"
                  },
                  {
                    "concept": "1499AAAAAAAAAAAAAAAAAAAAAAAAAAAAAAAA",
                    "label": "Moderate"
                  },
                  {
                    "concept": "1500AAAAAAAAAAAAAAAAAAAAAAAAAAAAAAAA",
                    "label": "Severe"
                  }
                ]
              }
            },
            {
              "label": "Metabolic Disorders:",
              "type": "obs",
              "id": "meTDisorderS",
              "questionOptions": {
                "concept": "163304AAAAAAAAAAAAAAAAAAAAAAAAAAAAAA",
                "rendering": "checkbox",
                "answers": [
                  {
                    "concept": "1107AAAAAAAAAAAAAAAAAAAAAAAAAAAAAAAA",
                    "label": "None"
                  },
                  {
                    "concept": "135761AAAAAAAAAAAAAAAAAAAAAAAAAAAAAA",
                    "label": "Lypodystrophy",
                    "disableWhenExpression": "myValue === '1107AAAAAAAAAAAAAAAAAAAAAAAAAAAAAAAA'"
                  },
                  {
                    "concept": "141623AAAAAAAAAAAAAAAAAAAAAAAAAAAAAA",
                    "label": "Dyslipidemia",
                    "disableWhenExpression": "myValue === '1107AAAAAAAAAAAAAAAAAAAAAAAAAAAAAAAA'"
                  },
                  {
                    "concept": "142473AAAAAAAAAAAAAAAAAAAAAAAAAAAAAA",
                    "label": "Type II Diabetes",
                    "disableWhenExpression": "myValue === '1107AAAAAAAAAAAAAAAAAAAAAAAAAAAAAAAA'"
                  }
                ]
              }
            },
            {
              "label": "Diagnosis",
              "id": "DiagNosIS",
              "type": "diagnosis",
             "questionOptions": {
                "rendering": "repeating",
                "dataSource": "diagnoses",
                "rank": 1,
                "datasource": {
                  "name": "diagnoses",
                  "config": {
                    "conceptSourceUuid": "39ADDDDDDDDDDDDDDDDDDDDDDDDDDDDDDDDD"
                  }
                }
              }
            },
            {
              "label": "Patient's SAM/MAM",
              "type": "obs",
              "id": "pSAmAM",
              "questionOptions": {
                "concept": "160205AAAAAAAAAAAAAAAAAAAAAAAAAAAAAA",
                "rendering": "radio",
                "answers": [
                  {
                    "concept": "1687AAAAAAAAAAAAAAAAAAAAAAAAAAAAAAAA",
                    "label": "1st Time Diagnosis"
                  },
                  {
                    "concept": "160033AAAAAAAAAAAAAAAAAAAAAAAAAAAAAA",
                    "label": "Relapse"
                  },
                  {
                    "concept": "1655AAAAAAAAAAAAAAAAAAAAAAAAAAAAAAAA",
                    "label": "Re-admission"
                  }
                ]
              }
            }
          ]
        }
      ]
    },
    {
      "label": "Nutrition Intervention",
      "sections": [
        {
          "label": "Nutrition Intervention Details",
          "isExpanded": "true",
          "questions": [
            {
              "label": "Did the client consent to receive nutrition intervention?",
              "type": "obs",
              "questionOptions": {
                "rendering": "radio",
                "concept": "162696AAAAAAAAAAAAAAAAAAAAAAAAAAAAAA",
                "answers": [
                  {
                    "concept": "1065AAAAAAAAAAAAAAAAAAAAAAAAAAAAAAAA",
                    "label": "Yes"
                  },
                  {
                    "concept": "1066AAAAAAAAAAAAAAAAAAAAAAAAAAAAAAAA",
                    "label": "No"
                  }
                ]
              },
              "id": "consentGiven",
              "required": "true"
            },
            {
              "label": "First 0 - 6 Months",
              "type": "obs",
              "id": "fiRstSix",
              "questionOptions": {
                "concept": "985AAAAAAAAAAAAAAAAAAAAAAAAAAAAAAAAA",
                "rendering": "radio",
                "answers": [
                  {
                    "concept": "5526AAAAAAAAAAAAAAAAAAAAAAAAAAAAAAAA",
                    "label": "Exclusive breastfeeding"
                  },
                  {
                    "concept": "164477AAAAAAAAAAAAAAAAAAAAAAAAAAAAAA",
                    "label": "Exclusive replacement feeding"
                  },
                  {
                    "concept": "6046AAAAAAAAAAAAAAAAAAAAAAAAAAAAAAAA",
                    "label": "Mixed feeding"
                  }
                ]
              },
              "hide": {
                "hideWhenExpression": "age > 2"
              }
            },
            {
              "label": "6 - 12 Months",
              "type": "obs",
              "id": "fiRsttWelVe",
              "questionOptions": {
                "concept": "1151AAAAAAAAAAAAAAAAAAAAAAAAAAAAAAAA",
                "rendering": "select",
                "answers": [
                  {
                    "concept": "5632AAAAAAAAAAAAAAAAAAAAAAAAAAAAAAAA",
                    "label": "Breastfeeding"
                  },
                  {
                    "concept": "140719AAAAAAAAAAAAAAAAAAAAAAAAAAAAAA",
                    "label": "Not Breastfeeding"
                  },
                  {
                    "concept": "1067AAAAAAAAAAAAAAAAAAAAAAAAAAAAAAAA",
                    "label": "Not Known"
                  },
                  {
                    "concept": "159854AAAAAAAAAAAAAAAAAAAAAAAAAAAAAA",
                    "label": "Began complimentary feeding"
                  }
                ]
              },
              "hide": {
                "hideWhenExpression": "age > 2"
              }
            },
            {
              "label": "Infant and Young child feeding (post natal)",
              "type": "obs",
              "id": "poStNatal",
              "questionOptions": {
                "concept": "86ff5cec-0bf6-44c5-8fd9-20593509af31",
                "rendering": "select",
                "answers": [
                  {
                    "concept": "5632AAAAAAAAAAAAAAAAAAAAAAAAAAAAAAAA",
                    "label": "Breastfeeding"
                  },
                  {
                    "concept": "164477AAAAAAAAAAAAAAAAAAAAAAAAAAAAAA",
                    "label": "Replacement feeding"
                  },
                  {
                    "concept": "159854AAAAAAAAAAAAAAAAAAAAAAAAAAAAAA",
                    "label": "Complimentary feeding"
                  }
                ]
              },
              "hide": {
                "hideWhenExpression": "age > 2"
              }
            },
            {
              "label": "Maternal Nutrition",
              "type": "obs",
              "id": "mateRnaLnUt",
              "questionOptions": {
                "concept": "163300AAAAAAAAAAAAAAAAAAAAAAAAAAAAAA",
                "rendering": "radio",
                "answers": [
                  {
                    "concept": "129202AAAAAAAAAAAAAAAAAAAAAAAAAAAAAA",
                    "label": "Pre-natal"
                  },
                  {
                    "concept": "164171AAAAAAAAAAAAAAAAAAAAAAAAAAAAAA",
                    "label": "Post Natal"
                  }
                ]
              },
              "hide": {
                "hideWhenExpression": "age < 10 || sex !== 'F'"
              }
            },
            {
              "label": "Critical Nutrition Practices",
              "type": "obs",
              "id": "critiQalNutrion",
              "questionOptions": {
                "concept": "161005AAAAAAAAAAAAAAAAAAAAAAAAAAAAAA",
                "rendering": "checkbox",
                "answers": [
                  {
                    "concept": "1107AAAAAAAAAAAAAAAAAAAAAAAAAAAAAAAA",
                    "label": "None"
                  },
                  {
                    "concept": "163300AAAAAAAAAAAAAAAAAAAAAAAAAAAAAA",
                    "label": "Nutrition counselling",
                    "disableWhenExpression": "myValue === '1107AAAAAAAAAAAAAAAAAAAAAAAAAAAAAAAA'"
                  },
                  {
                    "concept": "161648AAAAAAAAAAAAAAAAAAAAAAAAAAAAAA",
                    "label": "Dietary/Energy needs",
                    "disableWhenExpression": "myValue === '1107AAAAAAAAAAAAAAAAAAAAAAAAAAAAAAAA'"
                  },
                  {
                    "concept": "1906AAAAAAAAAAAAAAAAAAAAAAAAAAAAAAAA",
                    "label": "Sanitation",
                    "disableWhenExpression": "myValue === '1107AAAAAAAAAAAAAAAAAAAAAAAAAAAAAAAA'"
                  },
                  {
                    "concept": "135797AAAAAAAAAAAAAAAAAAAAAAAAAAAAAA",
                    "label": "Positive living behaviour",
                    "disableWhenExpression": "myValue === '1107AAAAAAAAAAAAAAAAAAAAAAAAAAAAAAAA'"
                  },
                  {
                    "concept": "159364AAAAAAAAAAAAAAAAAAAAAAAAAAAAAA",
                    "label": "Exercise",
                    "disableWhenExpression": "myValue === '1107AAAAAAAAAAAAAAAAAAAAAAAAAAAAAAAA'"
                  },
                  {
                    "concept": "154358AAAAAAAAAAAAAAAAAAAAAAAAAAAAAA",
                    "label": "Safe drinking water",
                    "disableWhenExpression": "myValue === '1107AAAAAAAAAAAAAAAAAAAAAAAAAAAAAAAA'"
                  },
                  {
                    "concept": "1611AAAAAAAAAAAAAAAAAAAAAAAAAAAAAAAA",
                    "label": "Prompt treatment for Opportunistic Infections",
                    "disableWhenExpression": "myValue === '1107AAAAAAAAAAAAAAAAAAAAAAAAAAAAAAAA'"
                  },
                  {
                    "concept": "164377AAAAAAAAAAAAAAAAAAAAAAAAAAAAAA",
                    "label": "Drug food interactions side effects",
                    "disableWhenExpression": "myValue === '1107AAAAAAAAAAAAAAAAAAAAAAAAAAAAAAAA'"
                  }
                ]
              },
              "hide": {
                "hideWhenExpression": "consentGiven !== '1065AAAAAAAAAAAAAAAAAAAAAAAAAAAAAAAA'"
              }
            },
            {
              "label": "Therapeutic foods",
              "type": "obs",
              "id": "prActNutrion",
              "required": "true",
              "questionOptions": {
                "concept": "161648AAAAAAAAAAAAAAAAAAAAAAAAAAAAAA",
                "rendering": "checkbox",
                "answers": [
                  {
                    "concept": "1107AAAAAAAAAAAAAAAAAAAAAAAAAAAAAAAA",
                    "label": "None"
                  },
                  {
                    "concept": "163394AAAAAAAAAAAAAAAAAAAAAAAAAAAAAA",
                    "label": "RUTF",
                    "disableWhenExpression": "myValue === '1107AAAAAAAAAAAAAAAAAAAAAAAAAAAAAAAA'"
                  },
                  {
                    "concept": "163404AAAAAAAAAAAAAAAAAAAAAAAAAAAAAA",
                    "label": "F-75",
                    "disableWhenExpression": "myValue === '1107AAAAAAAAAAAAAAAAAAAAAAAAAAAAAAAA'"
                  },
                  {
                    "concept": "167247AAAAAAAAAAAAAAAAAAAAAAAAAAAAAA",
                    "label": "F-100",
                    "disableWhenExpression": "myValue === '1107AAAAAAAAAAAAAAAAAAAAAAAAAAAAAAAA'"
                  },
                  {
                    "concept": "159854AAAAAAAAAAAAAAAAAAAAAAAAAAAAAA",
                    "label": "Fiesmol",
                    "disableWhenExpression": "myValue === '1107AAAAAAAAAAAAAAAAAAAAAAAAAAAAAAAA'"
                  },
                  {
                    "concept": "5622AAAAAAAAAAAAAAAAAAAAAAAAAAAAAAAA",
                    "label": "Others",
                    "disableWhenExpression": "myValue === '1107AAAAAAAAAAAAAAAAAAAAAAAAAAAAAAAA'"
                  }
                ]
              },
              "hide": {
                "hideWhenExpression": "consentGiven !== '1065AAAAAAAAAAAAAAAAAAAAAAAAAAAAAAAA'"
              }
            },
            {
              "label": "Other (Specify)",
              "type": "obs",
              "id": "specifyNutFoods",
              "questionOptions": {
                "concept": "160632AAAAAAAAAAAAAAAAAAAAAAAAAAAAAA",
                "rendering": "text"
              },
              "validators": [],
              "hide": {
                "hideWhenExpression": "!arrayContains(prActNutrion, '5622AAAAAAAAAAAAAAAAAAAAAAAAAAAAAAAA')"
              }
            },
            {
              "label": "Supplemental Foods:",
              "type": "obs",
              "id": "suppFooDs",
              "questionOptions": {
                "concept": "159854AAAAAAAAAAAAAAAAAAAAAAAAAAAAAA",
                "rendering": "checkbox",
                "answers": [
                  {
                    "concept": "1107AAAAAAAAAAAAAAAAAAAAAAAAAAAAAAAA",
                    "label": "None"
                  },
                  {
                    "concept": "159597AAAAAAAAAAAAAAAAAAAAAAAAAAAAAA",
                    "label": "FBF",
                    "disableWhenExpression": "myValue === '1107AAAAAAAAAAAAAAAAAAAAAAAAAAAAAAAA'"
                  },
                  {
                    "concept": "162758AAAAAAAAAAAAAAAAAAAAAAAAAAAAAA",
                    "label": "CSB",
                    "disableWhenExpression": "myValue === '1107AAAAAAAAAAAAAAAAAAAAAAAAAAAAAAAA'"
                  },
                  {
                    "concept": "166382AAAAAAAAAAAAAAAAAAAAAAAAAAAAAA",
                    "label": "RUSF",
                    "disableWhenExpression": "myValue === '1107AAAAAAAAAAAAAAAAAAAAAAAAAAAAAAAA'"
                  },
                  {
                    "concept": "165577AAAAAAAAAAAAAAAAAAAAAAAAAAAAAA",
                    "label": "Liquid nutrition supplements",
                    "disableWhenExpression": "myValue === '1107AAAAAAAAAAAAAAAAAAAAAAAAAAAAAAAA'"
                  },
                  {
                    "concept": "5622AAAAAAAAAAAAAAAAAAAAAAAAAAAAAAAA",
                    "label": "Others",
                    "disableWhenExpression": "myValue === '1107AAAAAAAAAAAAAAAAAAAAAAAAAAAAAAAA'"
                  }
                ]
              },
              "hide": {
                "hideWhenExpression": "consentGiven !== '1065AAAAAAAAAAAAAAAAAAAAAAAAAAAAAAAA'"
              }
            },
            {
              "label": "Other (Specify)",
              "type": "obs",
              "id": "specifySuppFoods",
              "questionOptions": {
                "concept": "160632AAAAAAAAAAAAAAAAAAAAAAAAAAAAAA",
                "rendering": "text"
              },
              "validators": [],
              "hide": {
                "hideWhenExpression": "!arrayContains(suppFooDs, '5622AAAAAAAAAAAAAAAAAAAAAAAAAAAAAAAA')"
              }
            },
            {
              "label": "Micronutrients:",
              "type": "obs",
              "id": "micRoFooDs",
              "questionOptions": {
                "concept": "5484AAAAAAAAAAAAAAAAAAAAAAAAAAAAAAAA",
                "rendering": "checkbox",
                "answers": [
                  {
                    "concept": "1107AAAAAAAAAAAAAAAAAAAAAAAAAAAAAAAA",
                    "label": "None"
                  },
                  {
                    "concept": "86339AAAAAAAAAAAAAAAAAAAAAAAAAAAAAAA",
                    "label": "Vitamin A",
                    "disableWhenExpression": "myValue === '1107AAAAAAAAAAAAAAAAAAAAAAAAAAAAAAAA'"
                  },
                  {
                    "concept": "86343AAAAAAAAAAAAAAAAAAAAAAAAAAAAAAA",
                    "label": "B6",
                    "disableWhenExpression": "myValue === '1107AAAAAAAAAAAAAAAAAAAAAAAAAAAAAAAA'"
                  },
                  {
                    "concept": "461AAAAAAAAAAAAAAAAAAAAAAAAAAAAAAAAA",
                    "label": "Multi-vitamins",
                    "disableWhenExpression": "myValue === '1107AAAAAAAAAAAAAAAAAAAAAAAAAAAAAAAA'"
                  },
                  {
                    "concept": "104677AAAAAAAAAAAAAAAAAAAAAAAAAAAAAA",
                    "label": "Iron-folate",
                    "disableWhenExpression": "myValue === '1107AAAAAAAAAAAAAAAAAAAAAAAAAAAAAAAA'"
                  },
                  {
                    "concept": "86672AAAAAAAAAAAAAAAAAAAAAAAAAAAAAAA",
                    "label": "Zinc",
                    "disableWhenExpression": "myValue === '1107AAAAAAAAAAAAAAAAAAAAAAAAAAAAAAAA'"
                  },
                  {
                    "concept": "161649AAAAAAAAAAAAAAAAAAAAAAAAAAAAAA",
                    "label": "Multiple Micronutrients",
                    "disableWhenExpression": "myValue === '1107AAAAAAAAAAAAAAAAAAAAAAAAAAAAAAAA'"
                  },
                  {
                    "concept": "5622AAAAAAAAAAAAAAAAAAAAAAAAAAAAAAAA",
                    "label": "Others",
                    "disableWhenExpression": "myValue === '1107AAAAAAAAAAAAAAAAAAAAAAAAAAAAAAAA'"
                  }
                ]
              },
              "hide": {
                "hideWhenExpression": "consentGiven !== '1065AAAAAAAAAAAAAAAAAAAAAAAAAAAAAAAA'"
              }
            },
            {
              "label": "Other (Specify)",
              "type": "obs",
              "id": "specifymiCroFoods",
              "questionOptions": {
                "concept": "160632AAAAAAAAAAAAAAAAAAAAAAAAAAAAAA",
                "rendering": "text"
              },
              "validators": [],
              "hide": {
                "hideWhenExpression": "!arrayContains(micRoFooDs, '5622AAAAAAAAAAAAAAAAAAAAAAAAAAAAAAAA')"
              }
            }
          ]
        }
      ]
    },
    {
      "label": "Nutritional Outcome",
      "sections": [
        {
          "label": "Nutrition Details",
          "isExpanded": "true",
          "questions": [
            {
              "label": "Please state the current status of continuing SAM/MAM Patients:",
              "type": "obs",
              "id": "caRdStatUs",
              "questionOptions": {
                "concept": "159402AAAAAAAAAAAAAAAAAAAAAAAAAAAAAA",
                "rendering": "select",
                "answers": [
                  {
                    "concept": "5544AAAAAAAAAAAAAAAAAAAAAAAAAAAAAAAA",
                    "label": "Gaining Weight"
                  },
                  {
                    "concept": "832AAAAAAAAAAAAAAAAAAAAAAAAAAAAAAAAA",
                    "label": "Losing Weight"
                  },
                  {
                    "concept": "128378AAAAAAAAAAAAAAAAAAAAAAAAAAAAAA",
                    "label": "Static Weight"
                  },
                  {
                    "concept": "159791AAAAAAAAAAAAAAAAAAAAAAAAAAAAAA",
                    "label": "Cured"
                  },
                  {
                    "concept": "1692AAAAAAAAAAAAAAAAAAAAAAAAAAAAAAAA",
                    "label": "Discharged"
                  },
                  {
                    "concept": "163484AAAAAAAAAAAAAAAAAAAAAAAAAAAAAA",
                    "label": "Refused Nutrition Support"
                  }
                ]
              }
            },
            {
              "label": "Referral and Transfers:",
              "type": "obs",
              "id": "referStatUs",
              "questionOptions": {
                "concept": "1788AAAAAAAAAAAAAAAAAAAAAAAAAAAAAAAA",
                "rendering": "select",
                "answers": [
                  {
                    "concept": "5485AAAAAAAAAAAAAAAAAAAAAAAAAAAAAAAA",
                    "label": "Refer for admission"
                  },
                  {
                    "concept": "164407AAAAAAAAAAAAAAAAAAAAAAAAAAAAAA",
                    "label": "Referral for other clinics"
                  },
                  {
                    "concept": "163316AAAAAAAAAAAAAAAAAAAAAAAAAAAAAA",
                    "label": "Referral for livelihood support"
                  },
                  {
                    "concept": "159492AAAAAAAAAAAAAAAAAAAAAAAAAAAAAA",
                    "label": "Transferred Out"
                  }
                ]
              }
            },
            {
              "label": "Criteria for admission",
              "type": "obs",
              "id": "criticAds",
              "questionOptions": {
                "concept": "167381AAAAAAAAAAAAAAAAAAAAAAAAAAAAAA",
                "rendering": "select",
                "answers": [
                  {
                    "concept": "1362AAAAAAAAAAAAAAAAAAAAAAAAAAAAAAAA",
                    "label": "Edema +"
                  },
                  {
                    "concept": "1363AAAAAAAAAAAAAAAAAAAAAAAAAAAAAAAA",
                    "label": "Edema ++"
                  },
                  {
                    "concept": "1364AAAAAAAAAAAAAAAAAAAAAAAAAAAAAAAA",
                    "label": "Edema +++"
                  },
                  {
                    "concept": "1343AAAAAAAAAAAAAAAAAAAAAAAAAAAAAAAA",
                    "label": "MUAC"
                  },
                  {
                    "concept": "162584AAAAAAAAAAAAAAAAAAAAAAAAAAAAAA",
                    "label": "WHZ"
                  },
                  {
                    "concept": "1342AAAAAAAAAAAAAAAAAAAAAAAAAAAAAAAA",
                    "label": "BMI for Age"
                  }
                ]
              },
              "hide": {
                "hideWhenExpression": "referStatUs !== '5485AAAAAAAAAAAAAAAAAAAAAAAAAAAAAAAA'"
              }
            },
            {
              "label": "Type of admission",
              "type": "obs",
              "id": "typEAddi",
              "questionOptions": {
                "concept": "162477AAAAAAAAAAAAAAAAAAAAAAAAAAAAAA",
                "rendering": "select",
                "answers": [
                  {
                    "concept": "164144AAAAAAAAAAAAAAAAAAAAAAAAAAAAAA",
                    "label": "New"
                  },
                  {
                    "concept": "d5ea1533-7346-4e0b-8626-9bff6cd183b2",
                    "label": "Re-Admission"
                  },
                  {
                    "concept": "160033AAAAAAAAAAAAAAAAAAAAAAAAAAAAAA",
                    "label": "Relapse"
                  },
                  {
                    "concept": "160031AAAAAAAAAAAAAAAAAAAAAAAAAAAAAA",
                    "label": "Returned Defaulter"
                  }
                ]
              },
              "hide": {
                "hideWhenExpression": "referStatUs !== '5485AAAAAAAAAAAAAAAAAAAAAAAAAAAAAAAA'"
              }
            },
            {
              "label": "Next Appointment Date",
              "required": false,
              "id": "appointmentWorkspaceLauncher",
              "questionOptions": {
                "rendering": "workspace-launcher",
                "buttonLabel": "Add appointments",
                "workspaceName": "appointments-form-workspace"
              }
            },
            {
              "label": "Cadre",
              "type": "obs",
              "id": "DesGniTionCadre",
              "questionOptions": {
                "concept": "5619AAAAAAAAAAAAAAAAAAAAAAAAAAAAAAAA",
                "rendering": "radio",
                "answers": [
                  {
                    "concept": "c23d3224-2218-4007-8f22-e1f3d5a8e58a",
                    "label": "Nutritionist"
                  },
                  {
                    "concept": "1577AAAAAAAAAAAAAAAAAAAAAAAAAAAAAAAA",
                    "label": "Nurse"
                  },
                  {
                    "concept": "162591AAAAAAAAAAAAAAAAAAAAAAAAAAAAAA",
                    "label": "Doctor"
                  },
                  {
                    "concept": "1574AAAAAAAAAAAAAAAAAAAAAAAAAAAAAAAA",
                    "label": "Clinical Officer"
                  },
                  {
                    "concept": "5622AAAAAAAAAAAAAAAAAAAAAAAAAAAAAAAA",
                    "label": "Others"
                  }
                ]
              },
              "hide": {
                "hideWhenExpression": ""
              }
            },
            {
              "label": "Other (Specify)",
              "type": "obs",
              "id": "specifyDesGate",
              "questionOptions": {
                "concept": "160632AAAAAAAAAAAAAAAAAAAAAAAAAAAAAA",
                "rendering": "text"
              },
              "validators": [],
              "hide": {
                "hideWhenExpression": "DesGniTionCadre !== '5622AAAAAAAAAAAAAAAAAAAAAAAAAAAAAAAA'"
              }
            },
            {
              "label": "Provider's Name:",
              "type": "encounterProvider",
              "questionOptions": {
                "rendering": "ui-select-extended"
              },
              "id": "ProviderSnAme",
              "hide": {
                "hideWhenExpression": "isEmpty(DesGniTionCadre)"
              }
            }
          ]
        }
      ]
    }
  ],
  "encounterType": "160fcc03-4ff5-413f-b582-7e944a770bed"
}