{
  "name": "Occupational Therapy Clinic Form",
  "description": "Form for updating Occupational Therapy diagnosis",
  "version": "2.0",
  "published": true,
  "uuid": "062a24b5-728b-4639-8176-197e8f458490",
  "retired": false,
  "processor": "EncounterFormProcessor",
  "encounter": "Consultation",
  "pages": [
    {
      "label": "Visit Details",
      "sections": [
        {
          "label": "Encounter Details",
          "isExpanded": "true",
          "questions": [
            {
              "label": "Visit date:",
              "type": "encounterDatetime",
              "required": "true",
              "id": "encDate",
              "questionOptions": {
                "rendering": "date"
              },
              "validators": [
                {
                  "type": "date",
                  "allowFutureDates": "false"
                }
              ]
            },
            {
              "label": "Provider:",
              "type": "encounterProvider",
              "required": "true",
              "questionOptions": {
                "rendering": "ui-select-extended"
              },
              "id": "encProvider "
            },
            {
              "label": "Location:",
              "type": "encounterLocation",
              "required": "true",
              "questionOptions": {
                "rendering": "ui-select-extended"
              },
              "id": "encLocation"
            }
          ]
        },
        {
          "label": "Patient Details",
          "isExpanded": "true",
          "questions": [
            {
              "label": "Visit Type?",
              "type": "obs",
              "required": "true",
              "id": "visitType",
              "questionOptions": {
                "rendering": "radio",
                "concept": "164181AAAAAAAAAAAAAAAAAAAAAAAAAAAAAA",
                "conceptMappings": [
                  {
                    "relationship": "SAME-AS",
                    "type": "CIEL",
                    "value": "164181"
                  }
                ],
                "answers": [
                  {
                    "concept": "164180AAAAAAAAAAAAAAAAAAAAAAAAAAAAAA",
                    "label": "New visit"
                  },
                  {
                    "concept": "160530AAAAAAAAAAAAAAAAAAAAAAAAAAAAAA",
                    "label": "Revisit"
                  }
                  
                ]
              }
            },
            {
              "label": "Is this Visit a referral?",
              "type": "obs",
              "id": "visitReferral",
              "questionOptions": {
                "rendering": "radio",
                "concept": "d105235e-41ee-4234-9b32-0bef507342d7",
                "answers": [
                  {
                    "concept": "1065AAAAAAAAAAAAAAAAAAAAAAAAAAAAAAAA",
                    "label": "Yes"
                  },
                  {
                    "concept": "1066AAAAAAAAAAAAAAAAAAAAAAAAAAAAAAAA",
                    "label": "No"
                  }
                ]
              }
            },
            {
              "label": "Referral from",
              "type": "obs",
              "required": true,
              "id": "referralSpecification",
              "questionOptions": {
                "rendering": "radio",
                "concept": "160338AAAAAAAAAAAAAAAAAAAAAAAAAAAAAA",
                "conceptMappings": [],
                "answers": [
                  {
                    "concept": "164407AAAAAAAAAAAAAAAAAAAAAAAAAAAAAA",
                    "label": "From other facilities"
                  },
                  {
                    "concept": "1759AAAAAAAAAAAAAAAAAAAAAAAAAAAAAAAA",
                    "label": "Referred from CHU "
                  },
                  {
                    "concept": "164918AAAAAAAAAAAAAAAAAAAAAAAAAAAAAA",
                    "label": "Internal(Department)"
                  }
                ]
              },
              "hide": {
                "hideWhenExpression": "isEmpty(visitReferral) || visitReferral !== '1065AAAAAAAAAAAAAAAAAAAAAAAAAAAAAAAA'"
              }
            },
            
            
            {
              "label": "Occupational Therapy Number",
              "type": "obs",
              "required": true,
              "id": "occupationalNumber",
              "questionOptions": {
                "rendering": "number",
                "concept": "164812AAAAAAAAAAAAAAAAAAAAAAAAAAAAAA",
                "conceptMappings": []
              },
              "hide": {
                "hideWhenExpression": "isEmpty(visitType) || visitType === '160530AAAAAAAAAAAAAAAAAAAAAAAAAAAAAA'"
              }
            },
            {
              "label": "Patient enrolled in school?",
              "type": "obs",
              "required": true,
              "id": "patientEnrolledInSchool",
              "questionOptions": {
                "rendering": "radio",
                "concept": "160336AAAAAAAAAAAAAAAAAAAAAAAAAAAAAA",
                "conceptMappings": [],
                "answers": [
                  {
                    "concept": "5629AAAAAAAAAAAAAAAAAAAAAAAAAAAAAAAA",
                    "label": "In School"
                  },
                  {
                    "concept": "164212AAAAAAAAAAAAAAAAAAAAAAAAAAAAAA",
                    "label": "Out of school"
                  }
                ]
              },
              "hide": {
                "hideWhenExpression": "!(age <=20)"
              }
            }
          ]
        }
      ]
    },
    {
      "label": "Patient History",
      "sections": [
        {
          "label": "Patient with Disability",
          "isExpanded": "true",
          "questions": [
            {
              "label": "Patient with Disability(PWD)?",
              "type": "obs",
              "id": "patientWithDisability",
              "required": "true",
              "questionOptions": {
                "concept": "162558AAAAAAAAAAAAAAAAAAAAAAAAAAAAAA",
                "rendering": "radio",
                "answers": [
                  {
                    "concept": "1065AAAAAAAAAAAAAAAAAAAAAAAAAAAAAAAA",
                    "label": "Yes"
                  },
                  {
                    "concept": "1066AAAAAAAAAAAAAAAAAAAAAAAAAAAAAAAA",
                    "label": "No"
                  }
                ]
              }
            },
            {
              "label": "Disability Classification",
              "type": "obs",
              "id": "disabilityClassification",
              "questionOptions": {
                "concept": "1069AAAAAAAAAAAAAAAAAAAAAAAAAAAAAAAA",
                "rendering": "checkbox",
                "answers": [
                  {
                    "concept": "167078AAAAAAAAAAAAAAAAAAAAAAAAAAAAAA",
                    "label": "Neurodevelopmental"
                  },
                  {
                    "concept": "153343AAAAAAAAAAAAAAAAAAAAAAAAAAAAAA",
                    "label": "learning"
                  },
                  {
                    "concept": "160176AAAAAAAAAAAAAAAAAAAAAAAAAAAAAA",
                    "label": "Neurodiversity conditions"
                  },
                  {
                    "concept": "156923AAAAAAAAAAAAAAAAAAAAAAAAAAAAAA",
                    "label": "Intelectual disability"
                  },
                  {
                    "concept": "142616AAAAAAAAAAAAAAAAAAAAAAAAAAAAAA",
                    "label": "Delayed developmental milestone"
                  },
                  {
                    "concept": "5622AAAAAAAAAAAAAAAAAAAAAAAAAAAAAAAA",
                    "label": "Others(specify)"
                  }
                ]
              },
              "hide": {
                "hideWhenExpression": "patientWithDisability !== '1065AAAAAAAAAAAAAAAAAAAAAAAAAAAAAAAA'"
              }
            },
            {
              "label": "Neurodevelopmental findings",
              "type": "obs",
              "id": "neurodevelopmentaFindings",
              "questionOptions": {
                "concept": "167273AAAAAAAAAAAAAAAAAAAAAAAAAAAAAA",
                "rendering": "checkbox",
                "answers": [
                  {
                    "concept": "152492AAAAAAAAAAAAAAAAAAAAAAAAAAAAAA",
                    "label": "Cerebral palsy"
                  },
                  {
                    "concept": "144481AAAAAAAAAAAAAAAAAAAAAAAAAAAAAA",
                    "label": "Down syndrome"
                  },
                  {
                    "concept": "117470AAAAAAAAAAAAAAAAAAAAAAAAAAAAAA",
                    "label": "Hydrocephalus"
                  },
                  {
                    "concept": "126208AAAAAAAAAAAAAAAAAAAAAAAAAAAAAA",
                    "label": "Spina bifida"
                  }
                ]
              },
              "hide": {
                "hideWhenExpression": "isEmpty(disabilityClassification) || !arrayContains(disabilityClassification, '167078AAAAAAAAAAAAAAAAAAAAAAAAAAAAAA')"
              }
            },
            {
              "label": "Learning findings",
              "type": "obs",
              "id": "lerningFindings",
              "questionOptions": {
                "concept": "c67be9a5-f497-4082-af81-11753f65ed4b",
                "rendering": "checkbox",
                "answers": [
                  {
                    "concept": "118795AAAAAAAAAAAAAAAAAAAAAAAAAAAAAA",
                    "label": "Dyslexia"
                  },
                  {
                    "concept": "118800AAAAAAAAAAAAAAAAAAAAAAAAAAAAAA",
                    "label": "Dysgraphia"
                  },
                  {
                    "concept": "141644AAAAAAAAAAAAAAAAAAAAAAAAAAAAAA",
                    "label": "Dyscalculia"
                  },
                  {
                    "concept": "153271AAAAAAAAAAAAAAAAAAAAAAAAAAAAAA",
                    "label": "Auditory processing,"
                  },
                  {
                    "concept": "121529AAAAAAAAAAAAAAAAAAAAAAAAAAAAAA",
                    "label": "Language processing disorder"
                  },
                  {
                    "concept": "155205AAAAAAAAAAAAAAAAAAAAAAAAAAAAAA",
                    "label": "Nonverbal learning disabilities"
                  },
                  {
                    "concept": "126456AAAAAAAAAAAAAAAAAAAAAAAAAAAAAA",
                    "label": "Visual perceptual/visual motor deficit."
                  }
                ]
              },
              "hide": {
                "hideWhenExpression": "isEmpty(disabilityClassification) || !arrayContains(disabilityClassification, '153343AAAAAAAAAAAAAAAAAAAAAAAAAAAAAA')"
              }
            },
            {
              "label": "Neurodiversity conditions",
              "type": "obs",
              "id": "neurodiversityConditions",
              "questionOptions": {
                "concept": "165911AAAAAAAAAAAAAAAAAAAAAAAAAAAAAA",
                "rendering": "checkbox",
                "answers": [
                  {
                    "concept": "121317AAAAAAAAAAAAAAAAAAAAAAAAAAAAAA",
                    "label": "ADHD(Attention deficit hyperactivity disorder)"
                  },
                  {
                    "concept": "121303AAAAAAAAAAAAAAAAAAAAAAAAAAAAAA",
                    "label": "Autism"
                  }
                ]
              },
              "hide": {
                "hideWhenExpression": "isEmpty(disabilityClassification) || !arrayContains(disabilityClassification, '160176AAAAAAAAAAAAAAAAAAAAAAAAAAAAAA')"
              }
            },
            {
              "label": "Other disability notes",
              "type": "obs",
              "id": "otherDisabilityNotes",
              "questionOptions": {
                "concept": "160632AAAAAAAAAAAAAAAAAAAAAAAAAAAAAA",
                "rendering": "textarea"
              },
              "hide": {
                "hideWhenExpression": "isEmpty(disabilityClassification) || !arrayContains(disabilityClassification, '5622AAAAAAAAAAAAAAAAAAAAAAAAAAAAAAAA')"
              }
            },
            {
              "label": "General Clinical Notes",
              "type": "obs",
              "id": "generalClinicalNotes",
              "questionOptions": {
                "concept": "160430AAAAAAAAAAAAAAAAAAAAAAAAAAAAAA",
                "rendering": "textarea"
              },
              "validators": []
            }
          ]
        }
      ]
    },
    {
      "label": "Patient Management",
      "sections": [
        {
          "label": "Treatment/Management Plan",
          "isExpanded": "true",
          "questions": [
            {
              "label": "Diagnosis",
              "id": "DiagNosIS",
              "required": "true",
              "type": "diagnosis",
              "questionOptions": {
                "rendering": "repeating",
                "dataSource": "diagnoses",
                "rank": 1,
                "datasource": {
                  "name": "diagnoses",
                  "config": {
                    "conceptSourceUuid": "39ADDDDDDDDDDDDDDDDDDDDDDDDDDDDDDDDD"
                  }
                }
              }
            },
            {
              "label": "Diagnosis Categorization",
              "required": "true",
              "type": "obs",
              "id": "dxCategory",
              "questionOptions": {
                "rendering": "radio",
                "concept": "1f852fa4-caa6-4ad3-9f8e-551219af52ad",
                "answers": [
                  {
                    "concept": "1687AAAAAAAAAAAAAAAAAAAAAAAAAAAAAAAA",
                    "label": "New diagnosis"
                  },
                  {
                    "concept": "c38d0531-69e4-4f41-9baa-d1539fd22b24",
                    "label": "Pre-Existing diagnosis"
                  }
                ]
              }
            },
            {
              "label": "OT Intervention",
              "type": "obs",
              "id": "otIntervention",
              "questionOptions": {
                "concept": "63da4194-a26a-4aa5-b5d5-4125b4822cf7",
                "rendering": "multiCheckbox",
                "answers": [
                  {
                    "concept": "1107AAAAAAAAAAAAAAAAAAAAAAAAAAAAAAAA",
                    "label": "None"
                  },
                  {
                    "concept": "164806AAAAAAAAAAAAAAAAAAAAAAAAAAAAAA",
                    "label": "Neonatal Screening"
                  },
                  {
                    "concept": "efde004d-1db7-466e-920e-68f8eb13563e",
                    "label": "Initial Assessment"
                  },
                  {
                    "concept": "aa9c6539-d0b3-4990-ae9d-da41f5eda528",
                    "label": "Re-Assessment"
                  },
                  {
                    "concept": "43ef29ca-bc09-4c69-8cdf-a0e91df8c94a",
                    "label": "PWDs Assessment and Categorisation"
                  },
                  {
                    "concept": "de110475-e165-4062-a789-17c95460c8e3",
                    "label": "Environmental Assessment"
                  },
                  {
                    "concept": "1c1ac853-b408-4790-9b9e-c6f3554fa923",
                    "label": "Assistive Technology Assessment"
                  },
                  {
                    "concept": "527AAAAAAAAAAAAAAAAAAAAAAAAAAAAAAAAA",
                    "label": "Splinting"
                  },
                  {
                    "concept": "100e4aa2-2d05-404a-b965-b74126dcef1d",
                    "label": "Activities of Daily Living Training"
                  },
                  {
                    "concept": "3edd6779-c379-4b5e-be87-c79fdeef7299",
                    "label": "Hand Therapy"
                  },
                  {
                    "concept": "163318AAAAAAAAAAAAAAAAAAAAAAAAAAAAAA",
                    "label": "Developmental Skills Training"
                  },
                  {
                    "concept": "5dba4e60-adc4-4745-9991-f995ec19ba72",
                    "label": "Multi sensory screening"
                  },
                  {
                    "concept": "310807e9-5b47-4007-8d8c-68828855ba4f",
                    "label": "Therapeutic Activities"
                  },
                  {
                    "concept": "853334a7-8714-4d5d-8d21-b8f49a351c87",
                    "label": "Sensory Stimulation"
                  },
                  {
                    "concept": "160130AAAAAAAAAAAAAAAAAAAAAAAAAAAAAA",
                    "label": "Vocational Training"
                  },
                  {
                    "concept": "164518AAAAAAAAAAAAAAAAAAAAAAAAAAAAAA",
                    "label": "Bladder and Bowel Management"
                  },
                  {
                    "concept": "164872AAAAAAAAAAAAAAAAAAAAAAAAAAAAAA",
                    "label": "Environmental Adaptations"
                  },
                  {
                    "concept": "9474014b-24f0-438d-af5f-4269f83aef9f",
                    "label": "OT Screening"
                  },
                  {
                    "concept": "c4619c01-1d53-4549-ad59-bd3d4f02b769",
                    "label": "Individual Psychotherapy"
                  },
                  {
                    "concept": "166724AAAAAAAAAAAAAAAAAAAAAAAAAAAAAA",
                    "label": "Scar Management"
                  },
                  {
                    "concept": "3ccccfa1-202d-49d2-98db-1734b60fad37",
                    "label": "Group Psychotherapy"
                  },
                  {
                    "concept": "079eb3c7-ae85-4d6c-84b0-d015836f810e",
                    "label": "Health Education/ Patient Education"
                  },
                  {
                    "concept": "95f73a05-7c52-4a8d-b3b1-f632a41d065d",
                    "label": "Home Visits (Interventions)"
                  },
                  {
                    "concept": "167277AAAAAAAAAAAAAAAAAAAAAAAAAAAAAA",
                    "label": "Recreation Therapy"
                  },
                  {
                    "concept": "01022add-be7e-41e7-bd57-4cf0e7ff72cd",
                    "label": "Therapeutic play"
                  },
                  {
                    "concept": "161625AAAAAAAAAAAAAAAAAAAAAAAAAAAAAA",
                    "label": "OT in critical care"
                  },
                  {
                    "concept": "cda613c9-dd03-405a-af7c-c44212b08586",
                    "label": "OT Sexual health"
                  },
                  {
                    "concept": "160351AAAAAAAAAAAAAAAAAAAAAAAAAAAAAA",
                    "label": "Teletherapy"
                  },
                  {
                    "concept": "163579AAAAAAAAAAAAAAAAAAAAAAAAAAAAAA",
                    "label": "Fine and gross motor skills training"
                  },
                  {
                    "concept": "160563AAAAAAAAAAAAAAAAAAAAAAAAAAAAAA",
                    "label": "Referrals IN"
                  },
                  {
                    "concept": "159492AAAAAAAAAAAAAAAAAAAAAAAAAAAAAA",
                    "label": "Referrals OUT"
                  },
                  {
                    "concept": "1692AAAAAAAAAAAAAAAAAAAAAAAAAAAAAAAA",
                    "label": "Discharge on recovery"
                  },
                  {
                    "concept": "5622AAAAAAAAAAAAAAAAAAAAAAAAAAAAAAAA",
                    "label": "Other"
                  }
                ]
              }
            },
            {
              "label": "Other (Specify)",
              "type": "obs",
              "id": "otherTherapiesOrderd",
              "questionOptions": {
                "rendering": "text",
                "concept": "160632AAAAAAAAAAAAAAAAAAAAAAAAAAAAAA"
              },
              "hide": {
                "hideWhenExpression": "isEmpty(otIntervention) || !arrayContains(otIntervention, '5622AAAAAAAAAAAAAAAAAAAAAAAAAAAAAAAA')"
              }
            },
            {
              "label": "Assistive technology (AT)",
              "type": "obs",
              "id": "assistiveTechnology",
              "questionOptions": {
                "concept": "164204AAAAAAAAAAAAAAAAAAAAAAAAAAAAAA",
                "rendering": "checkbox",
                "answers": [
                  {
                    "concept": "1107AAAAAAAAAAAAAAAAAAAAAAAAAAAAAAAA",
                    "label": "None"
                  },
                  {
                    "concept": "01022add-be7e-41e7-bd57-4cf0e7ff72cd",
                    "label": "Inclusive Play Therapy",
                    "disableWhenExpression": "myValue === '1107AAAAAAAAAAAAAAAAAAAAAAAAAAAAAAAA'"
                  },
                  {
                    "concept": "165424AAAAAAAAAAAAAAAAAAAAAAAAAAAAAA",
                    "label": "Cognitive/Intellectual",
                    "disableWhenExpression": "myValue === '1107AAAAAAAAAAAAAAAAAAAAAAAAAAAAAAAA'"
                  },
                  {
                    "concept": "87cf8a94-eb27-4e77-a992-a1af8e66a770",
                    "label": "Communication",
                    "disableWhenExpression": "myValue === '1107AAAAAAAAAAAAAAAAAAAAAAAAAAAAAAAA'"
                  },
                  {
                    "concept": "7989d8ed-abf9-42f3-816b-c0e69406cd03",
                    "label": "Self Care",
                    "disableWhenExpression": "myValue === '1107AAAAAAAAAAAAAAAAAAAAAAAAAAAAAAAA'"
                  },
                  {
                    "concept": "42539c7d-ea40-430b-a925-d361585342c4",
                    "label": "Hearing Devices",
                    "disableWhenExpression": "myValue === '1107AAAAAAAAAAAAAAAAAAAAAAAAAAAAAAAA'"
                  },
                  {
                    "concept": "2a030791-14b4-4996-95ad-39c54b25f2b6",
                    "label": "Physical",
                    "disableWhenExpression": "myValue === '1107AAAAAAAAAAAAAAAAAAAAAAAAAAAAAAAA'"
                  }
                ]
              }
            },
            {
              "label": "Where were therapeutic play services offered?",
              "type": "obs",
              "id": "whereServicesOffered",
              "questionOptions": {
                "concept": "164406AAAAAAAAAAAAAAAAAAAAAAAAAAAAAA",
                "rendering": "radio",
                "answers": [
                  {
                    "concept": "1537AAAAAAAAAAAAAAAAAAAAAAAAAAAAAAAA",
                    "label": "Facility"
                  },
                  {
                    "concept": "160545AAAAAAAAAAAAAAAAAAAAAAAAAAAAAA",
                    "label": "Community Outreach"
                  }
                ]
              }
            },
            {
              "label": "Therapeutic play interventions and Evaluation",
              "type": "obs",
              "id": "therapeuticInterventions",
              "questionOptions": {
                "concept": "548f648f-d33a-497d-b16b-9d3c81b2b2e2",
                "rendering": "checkbox",
                "answers": [
                  {
                    "concept": "3bb25381-cc9c-4082-8965-fa00df0f1aff",
                    "label": "Evaluation using play"
                  },
                  {
                    "concept": "163579AAAAAAAAAAAAAAAAAAAAAAAAAAAAAA",
                    "label": "Fine motor play"
                  },
                  {
                    "concept": "160047AAAAAAAAAAAAAAAAAAAAAAAAAAAAAA",
                    "label": "Concentration play"
                  },
                  {
                    "concept": "d28b0df2-6a0a-48a9-8f2e-5cbc8ef0d72a",
                    "label": "Vestibular stimulation play"
                  },
                  {
                    "concept": "5622AAAAAAAAAAAAAAAAAAAAAAAAAAAAAAAA",
                    "label": "Other"
                  }
                ]
              }
            },
            {
              "label": "Other (Specify)",
              "type": "obs",
              "id": "otherTherapeuticPlayInterventions",
              "questionOptions": {
                "rendering": "text",
                "concept": "160632AAAAAAAAAAAAAAAAAAAAAAAAAAAAAA"
              },
              "hide": {
                "hideWhenExpression": "isEmpty(therapeuticInterventions) || !arrayContains(therapeuticInterventions, '5622AAAAAAAAAAAAAAAAAAAAAAAAAAAAAAAA')"
              }
            },
            {
              "label": "Remarks",
              "type": "obs",
              "id": "remarks",
              "questionOptions": {
                "concept": "161011AAAAAAAAAAAAAAAAAAAAAAAAAAAAAA",
                "rendering": "textarea"
              },
              "validators": []
            }
            
          ]
        },
        {
          "label": "Patient Outcome",
          "isExpanded": "true",
          "questions": [
            {
              "label": "Patient Outcome ",
              "type": "obs",
              "id": "outcomePatient",
              "questionOptions": {
                "concept": "160433AAAAAAAAAAAAAAAAAAAAAAAAAAAAAA",
                "rendering": "radio",
                "answers": [
                  {
                    "concept": "160429AAAAAAAAAAAAAAAAAAAAAAAAAAAAAA",
                    "label": "Released Home"
                  },
                  {
                    "concept": "77eafb3f-58d3-4397-a6dc-d2c06e9062f3",
                    "label": "Admit"
                  },
                  {
                    "concept": "1693AAAAAAAAAAAAAAAAAAAAAAAAAAAAAAAA",
                    "label": "Referral"
                  },
                  {
                    "concept": "159AAAAAAAAAAAAAAAAAAAAAAAAAAAAAAAAA",
                    "label": "Deceased"
                  }
                ]
              }
            },
            {
              "label": "Appointments",
              "required": false,
              "id": "appointmentWorkspaceLauncher",
              "questionOptions": {
                "rendering": "workspace-launcher",
                "buttonLabel": "Add appointments",
                "workspaceName": "appointments-form-workspace"
              },
              "hide": {
                "hideWhenExpression": "outcomePatient !=='160429AAAAAAAAAAAAAAAAAAAAAAAAAAAAAA'"
              }
            },
            {
              "label": "Reffered For?",
              "type": "obs",
              "id": "refferalsOrderd",
              "questionOptions": {
                "concept": "162725AAAAAAAAAAAAAAAAAAAAAAAAAAAAAA",
                "rendering": "textarea"
              },
              "hide": {
                "hideWhenExpression": "outcomePatient !=='1693AAAAAAAAAAAAAAAAAAAAAAAAAAAAAAAA'"
              }
            },
            {
              "label": "Referred to?",
              "type": "obs",
              "id": "referralTo",
              "questionOptions": {
                "concept": "163145AAAAAAAAAAAAAAAAAAAAAAAAAAAAAA",
                "rendering": "select",
                "answers": [
                  {
                    "concept": "164407AAAAAAAAAAAAAAAAAAAAAAAAAAAAAA",
                    "label": "Other health facility"
                  },
                  {
                    "concept": "163266AAAAAAAAAAAAAAAAAAAAAAAAAAAAAA",
                    "label": "This health facility"
                  },
                  {
                    "concept": "4fcf003e-71cf-47a5-a967-47d24aa61092",
                    "label": "Community Health Unit"
                  }
                ]
              },
              "hide": {
                "hideWhenExpression": "outcomePatient !=='1693AAAAAAAAAAAAAAAAAAAAAAAAAAAAAAAA'"
              }
            },
            {
              "label": "Transfer to Facility:",
              "type": "obs",
              "id": "transferToFacility",
              "questionOptions": {
                "concept": "159495AAAAAAAAAAAAAAAAAAAAAAAAAAAAAA",
                "rendering": "encounterLocation"
              },
              "hide": {
                "hideWhenExpression": "referralTo !=='164407AAAAAAAAAAAAAAAAAAAAAAAAAAAAAA'"
              }
            },
            {
              "label": "Service Referred for:",
              "type": "obs",
              "id": "thisfacility",
              "questionOptions": {
                "concept": "162724AAAAAAAAAAAAAAAAAAAAAAAAAAAAAA",
                "rendering": "text"
              },
              "hide": {
                "hideWhenExpression": "referralTo !=='163266AAAAAAAAAAAAAAAAAAAAAAAAAAAAAA'"
              }
            }
          ]
        },
        {
          "label": "Ward Details",
          "isExpanded": "true",
          "questions": [
            {
              "type": "obsGroup",
              "id": "inpatientDispositionConstruct",
              "questionOptions": {
                "concept": "CIEL:169405",
                "rendering": "group"
              },
              "questions": [
                {
                  "id": "disposition",
                  "label": "Disposition",
                  "type": "obs",
                  "required": true,
                  "questionOptions": {
                    "rendering": "radio",
                    "required": true,
                    "concept": "CIEL:169402",
                    "answers": [
                      {
                        "concept": "CIEL:168619"
                      }
                    ]
                  },
                  "hide": {
                    "hideWhenExpression": "outcomePatient !=='77eafb3f-58d3-4397-a6dc-d2c06e9062f3'"
                  },
                  "validators": []
                },
                {
                  "id": "admitToLocation",
                  "label": "Admit To Location",
                  "type": "obs",
                  "required": true,
                  "questionOptions": {
                    "rendering": "remote-select",
                    "concept": "CIEL:169403",
                    "datasource": {
                      "name": "location",
                      "config": {
                        "tag": "Admission Location"
                      }
                    }
                  },
                  "hide": {
                    "hideWhenExpression": "outcomePatient !=='77eafb3f-58d3-4397-a6dc-d2c06e9062f3'"
                  }
                }
              ]
            }
          ]
        }
      ]
    }
  ],
  "referencedForms": [],
  "encounterType": "465a92f2-baf8-42e9-9612-53064be868e8"
}