{
  "name": "Ophthamology Clinical Form",
  "description": "A form used to capture ophthamology clinical Cases",
  "version": "2.0",
  "published": true,
  "uuid": "235900ff-4d4a-4575-9759-96f325f5e291",
  "retired": false,
  "encounter": "Consultation",
  "pages": [
    {
      "label": "Visit Details",
      "sections": [
        {
          "label": "Encounter Details",
          "isExpanded": "true",
          "questions": [
            {
              "label": "Visit date:",
              "type": "encounterDatetime",
              "required": "true",
              "id": "encDate",
              "questionOptions": {
                "rendering": "date"
              },
              "validators": [
                {
                  "type": "date",
                  "allowFutureDates": "false"
                }
              ]
            },
            {
              "label": "Provider:",
              "type": "encounterProvider",
              "required": "true",
              "questionOptions": {
                "rendering": "ui-select-extended"
              },
              "id": "encProvider "
            },
            {
              "label": "Location:",
              "type": "encounterLocation",
              "required": "true",
              "questionOptions": {
                "rendering": "ui-select-extended"
              },
              "id": "encLocation"
            }
          ]
        },
        {
          "label": "Patient Details",
          "isExpanded": "true",
          "questions": [
            {
              "label": "Visit Type?",
              "type": "obs",
              "required": "true",
              "id": "visitType",
              "questionOptions": {
                "rendering": "radio",
                "concept": "164181AAAAAAAAAAAAAAAAAAAAAAAAAAAAAA",
                "conceptMappings": [
                  {
                    "relationship": "SAME-AS",
                    "type": "CIEL",
                    "value": "164181"
                  }
                ],
                "answers": [
                  {
                    "concept": "164180AAAAAAAAAAAAAAAAAAAAAAAAAAAAAA",
                    "label": "New visit"
                  },
                  {
                    "concept": "160530AAAAAAAAAAAAAAAAAAAAAAAAAAAAAA",
                    "label": "Revisit"
                  }
                  
                ]
              }
            },
             {
              "label": "Is this Visit a referral?",
              "type": "obs",
              "id": "visitReferral",
              "questionOptions": {
                "rendering": "radio",
                "concept": "d105235e-41ee-4234-9b32-0bef507342d7",
                "answers": [
                  {
                    "concept": "1065AAAAAAAAAAAAAAAAAAAAAAAAAAAAAAAA",
                    "label": "Yes"
                  },
                  {
                    "concept": "1066AAAAAAAAAAAAAAAAAAAAAAAAAAAAAAAA",
                    "label": "No"
                  }
                ]
              }
            },
            {
              "label": "Referral from",
              "type": "obs",
              "required": true,
              "id": "referralSpecification",
              "questionOptions": {
                "rendering": "radio",
                "concept": "160338AAAAAAAAAAAAAAAAAAAAAAAAAAAAAA",
                "conceptMappings": [],
                "answers": [
                  {
                    "concept": "164407AAAAAAAAAAAAAAAAAAAAAAAAAAAAAA",
                    "label": "From other facilities"
                  },
                  {
                    "concept": "1759AAAAAAAAAAAAAAAAAAAAAAAAAAAAAAAA",
                    "label": "Referred from CHU "
                  },
                  {
                    "concept": "164918AAAAAAAAAAAAAAAAAAAAAAAAAAAAAA",
                    "label": "Internal(Department)"
                  }
                ]
              },
              "hide": {
                "hideWhenExpression": "isEmpty(visitReferral) || visitReferral !== '1065AAAAAAAAAAAAAAAAAAAAAAAAAAAAAAAA'"
              }
            }
          ]
        }
      ]
    },
    {
      "label": "Patient History",
      "sections": [
        {
          "label": "Complaints and History of complaints",
          "isExpanded": "true",
          "questions": [
            {
              "label": "Patient having complaint(s) today?",
              "type": "obs",
              "id": "complaintsToday",
              "required": "true",
              "questionOptions": {
                "concept": "5219AAAAAAAAAAAAAAAAAAAAAAAAAAAAAAAA",
                "rendering": "radio",
                "answers": [
                  {
                    "concept": "1065AAAAAAAAAAAAAAAAAAAAAAAAAAAAAAAA",
                    "label": "Yes"
                  },
                  {
                    "concept": "1066AAAAAAAAAAAAAAAAAAAAAAAAAAAAAAAA",
                    "label": "No"
                  }
                ]
              }
            },
            {
              "label": "Presenting complaints",
              "type": "obsGroup",
              "id": "ComplaintLodgeByClient",
              "questionOptions": {
                "concept": "160531AAAAAAAAAAAAAAAAAAAAAAAAAAAAAA",
                "rendering": "repeating"
              },
              "validators": [],
              "hide": {
                "hideWhenExpression": "complaintsToday !== '1065AAAAAAAAAAAAAAAAAAAAAAAAAAAAAAAA'"
              },
              "questions": [
                {
                  "label": "Complaint",
                  "type": "obs",
                  "id": "cOmplaIntField",
                  "questionOptions": {
                    "concept": "5219AAAAAAAAAAAAAAAAAAAAAAAAAAAAAAAA",
                    "rendering": "select",
                    "answers": [
                      {
                        "concept": "147104AAAAAAAAAAAAAAAAAAAAAAAAAAAAAA",
                        "label": "Blurry Vision"
                      },
                      {
                        "concept": "144580AAAAAAAAAAAAAAAAAAAAAAAAAAAAAA",
                        "label": "Colour vision changes"
                      },
                      {
                        "concept": "142281AAAAAAAAAAAAAAAAAAAAAAAAAAAAAA",
                        "label": "Decreased vision"
                      },
                      {
                        "concept": "141830AAAAAAAAAAAAAAAAAAAAAAAAAAAAAA",
                        "label": "Dizziness"
                      },
                      {
                        "concept": "142263AAAAAAAAAAAAAAAAAAAAAAAAAAAAAA",
                        "label": "Double Vision"
                      },
                      {
                        "concept": "141695AAAAAAAAAAAAAAAAAAAAAAAAAAAAAA",
                        "label": "Dryness"
                      },
                      {
                        "concept": "118771AAAAAAAAAAAAAAAAAAAAAAAAAAAAAA",
                        "label": "Dysuria"
                      },
                      {
                        "concept": "141585AAAAAAAAAAAAAAAAAAAAAAAAAAAAAA",
                        "label": "Ear Pain"
                      },
                      {
                        "concept": "141118AAAAAAAAAAAAAAAAAAAAAAAAAAAAAA",
                        "label": "Epiphoria"
                      },
                      {
                        "concept": "874AAAAAAAAAAAAAAAAAAAAAAAAAAAAAAAAA",
                        "label": "Eye Discharge"
                      },
                      {
                        "concept": "136455AAAAAAAAAAAAAAAAAAAAAAAAAAAAAA",
                        "label": "Eye itching"
                      },
                      {
                        "concept": "131040AAAAAAAAAAAAAAAAAAAAAAAAAAAAAA",
                        "label": "Eye Pain"
                      },
                      {
                        "concept": "133548AAAAAAAAAAAAAAAAAAAAAAAAAAAAAA",
                        "label": "Eye Twitching"
                      },
                      {
                        "concept": "130238AAAAAAAAAAAAAAAAAAAAAAAAAAAAAA",
                        "label": "Floaters and flashes(photopsia)"
                      },
                      {
                        "concept": "155355AAAAAAAAAAAAAAAAAAAAAAAAAAAAAA",
                        "label": "Gritty Sensation"
                      },
                      {
                        "concept": "123068AAAAAAAAAAAAAAAAAAAAAAAAAAAAAA",
                        "label": "Haloes around light"
                      },
                      {
                        "concept": "139084AAAAAAAAAAAAAAAAAAAAAAAAAAAAAA",
                        "label": "Headache"
                      },
                      {
                        "concept": "141117AAAAAAAAAAAAAAAAAAAAAAAAAAAAAA",
                        "label": "Lacrimation"
                      },
                      {
                        "concept": "118393AAAAAAAAAAAAAAAAAAAAAAAAAAAAAA",
                        "label": "Macropsia"
                      },
                      {
                        "concept": "118882AAAAAAAAAAAAAAAAAAAAAAAAAAAAAA",
                        "label": "Metamorphopsia"
                      },
                      {
                        "concept": "116653AAAAAAAAAAAAAAAAAAAAAAAAAAAAAA",
                        "label": "Micropsia"
                      },
                      {
                        "concept": "114159AAAAAAAAAAAAAAAAAAAAAAAAAAAAAA",
                        "label": "Photophobia"
                      },
                      {
                        "concept": "5953AAAAAAAAAAAAAAAAAAAAAAAAAAAAAAAA",
                        "label": "Poor Vision"
                      },
                      {
                        "concept": "139417AAAAAAAAAAAAAAAAAAAAAAAAAAAAAA",
                        "label": "Protrusion of the globe"
                      },
                      {
                        "concept": "127777AAAAAAAAAAAAAAAAAAAAAAAAAAAAAA",
                        "label": "Red Eye"
                      },
                      {
                        "concept": "5622AAAAAAAAAAAAAAAAAAAAAAAAAAAAAAAA",
                        "label": "Other"
                      }
                    ]
                  }
                },
                {
                  "label": "Specify other complaints",
                  "type": "obs",
                  "id": "OtherSpecificComplaints",
                  "questionOptions": {
                    "concept": "20395601-257c-490c-86c2-acffb627f91f",
                    "rendering": "textarea"
                  },
                  "validators": [],
                  "hide": {
                    "hideWhenExpression": "cOmplaIntField !== '5622AAAAAAAAAAAAAAAAAAAAAAAAAAAAAAAA'"
                  }
                },
                {
                  "label": "Patient had contact with TB Infected person in the last 12 months?",
                  "type": "obs",
                  "id": "contactTB",
                  "required": "true",
                  "questionOptions": {
                    "concept": "124068AAAAAAAAAAAAAAAAAAAAAAAAAAAAAA",
                    "rendering": "radio",
                    "answers": [
                      {
                        "concept": "1065AAAAAAAAAAAAAAAAAAAAAAAAAAAAAAAA",
                        "label": "Yes"
                      },
                      {
                        "concept": "1066AAAAAAAAAAAAAAAAAAAAAAAAAAAAAAAA",
                        "label": "No"
                      }
                    ]
                  },
                  "hide": {
                    "hideWhenExpression": "cOmplaIntField !== '143264AAAAAAAAAAAAAAAAAAAAAAAAAAAAAA'"
                  }
                },
                {
                  "label": "Duration (Days)",
                  "type": "obs",
                  "id": "complaint-duration",
                  "questionOptions": {
                    "concept": "159368AAAAAAAAAAAAAAAAAAAAAAAAAAAAAA",
                    "rendering": "number",
                    "min": "0"
                  },
                  "validators": []
                },
                {
                  "label": "Onset Date",
                  "type": "obs",
                  "id": "OnSETdate",
                  "questionOptions": {
                    "concept": "159948AAAAAAAAAAAAAAAAAAAAAAAAAAAAAA",
                    "rendering": "date"
                  },
                  "validators": [
                    {
                      "type": "date",
                      "allowFutureDates": "false"
                    }
                  ]
                },
                {
                  "label": "Onset Status",
                  "type": "obs",
                  "id": "onsetStatus",
                  "questionOptions": {
                    "concept": "d7a3441d-6aeb-49be-b7d6-b2a3bb39e78d",
                    "rendering": "select",
                    "answers": [
                      {
                        "concept": "1499AAAAAAAAAAAAAAAAAAAAAAAAAAAAAAAA",
                        "label": "Gradual"
                      },
                      {
                        "concept": "162707AAAAAAAAAAAAAAAAAAAAAAAAAAAAAA",
                        "label": "Sudden"
                      }
                    ]
                  }
                }
              ]
            },
            {
              "label": "Clinical notes",
              "type": "obs",
              "id": "ClinICNotes",
              "questionOptions": {
                "concept": "160430AAAAAAAAAAAAAAAAAAAAAAAAAAAAAA",
                "rendering": "textarea"
              },
              "validators": []
            }
          ]
        },
        {
          "label": "Patient Details",
          "isExpanded": "true",
          "questions": [
            {
              "label": "Current Medication",
              "type": "obs",
              "id": "currentMed",
              "questionOptions": {
                "concept": "1772AAAAAAAAAAAAAAAAAAAAAAAAAAAAAAAA",
                "rendering": "textarea"
              },
              "validators": []
            },
            {
              "label": "Surgical History",
              "type": "obs",
              "id": "surgHis",
              "questionOptions": {
                "concept": "1772AAAAAAAAAAAAAAAAAAAAAAAAAAAAAAAA",
                "rendering": "textarea"
              },
              "validators": []
            },
            {
              "label": "Social History",
              "type": "obs",
              "id": "socialHis",
              "questionOptions": {
                "concept": "1772AAAAAAAAAAAAAAAAAAAAAAAAAAAAAAAA",
                "rendering": "textarea"
              },
              "validators": []
            }
          ]
        }
      ]
    },
    {
      "label": "Patient Examination",
      "sections": [
        {
          "label": "General Examination",
          "isExpanded": "true",
          "questions": [
            {
              "label": "General Examination",
              "type": "obs",
              "id": "GeneralExam",
              "questionOptions": {
                "concept": "160430AAAAAAAAAAAAAAAAAAAAAAAAAAAAAA",
                "rendering": "textarea"
              },
              "validators": []
            },
            {
              "label": "Examination Findings",
              "type": "obs",
              "id": "examFindings",
              "questionOptions": {
                "concept": "166823AAAAAAAAAAAAAAAAAAAAAAAAAAAAAA",
                "rendering": "checkbox",
                "answers": [
                  {
                    "concept": "160348AAAAAAAAAAAAAAAAAAAAAAAAAAAAAA",
                    "label": "Visual Acuity"
                  },
                  {
                    "concept": "148740AAAAAAAAAAAAAAAAAAAAAAAAAAAAAA",
                    "label": "Anisocoria"
                  },
                  {
                    "concept": "142263AAAAAAAAAAAAAAAAAAAAAAAAAAAAAA",
                    "label": "Double vision"
                  },
                  {
                    "concept": "120860AAAAAAAAAAAAAAAAAAAAAAAAAAAAAA",
                    "label": "Cataracts"
                  },
                  {
                    "concept": "142283AAAAAAAAAAAAAAAAAAAAAAAAAAAAAA",
                    "label": "Enlarged pupil"
                  },
                  {
                    "concept": "118613AAAAAAAAAAAAAAAAAAAAAAAAAAAAAA",
                    "label": "Enophthalmos"
                  },
                  {
                    "concept": "141192AAAAAAAAAAAAAAAAAAAAAAAAAAAAAA",
                    "label": "Entropion"
                  },
                  {
                    "concept": "874AAAAAAAAAAAAAAAAAAAAAAAAAAAAAAAAA",
                    "label": "Eye discharge"
                  },
                  {
                    "concept": "140919AAAAAAAAAAAAAAAAAAAAAAAAAAAAAA",
                    "label": "Exophthalmos"
                  },
                  {
                    "concept": "131763AAAAAAAAAAAAAAAAAAAAAAAAAAAAAA",
                    "label": "Optic atrophy"
                  },
                  {
                    "concept": "114367AAAAAAAAAAAAAAAAAAAAAAAAAAAAAA",
                    "label": "Papilloedema"
                  },
                  {
                    "concept": "113516AAAAAAAAAAAAAAAAAAAAAAAAAAAAAA",
                    "label": "Ptosis"
                  },
                  {
                    "concept": "112710AAAAAAAAAAAAAAAAAAAAAAAAAAAAAA",
                    "label": "Squint"
                  },
                  {
                    "concept": "112198AAAAAAAAAAAAAAAAAAAAAAAAAAAAAA",
                    "label": "Trichiasis"
                  },
                  {
                    "concept": "135803AAAAAAAAAAAAAAAAAAAAAAAAAAAAAA",
                    "label": "Upper eye lid retraction"
                  },
                  {
                    "concept": "122813AAAAAAAAAAAAAAAAAAAAAAAAAAAAAA",
                    "label": "Xanthelasma"
                  },
                  {
                    "concept": "5622AAAAAAAAAAAAAAAAAAAAAAAAAAAAAAAA",
                    "label": "Others"
                  }
                ]
              }
            },
            {
              "label": "Specify other complaints",
              "type": "obs",
              "id": "OtherSpecificComplaints",
              "questionOptions": {
                "concept": "20395601-257c-490c-86c2-acffb627f91f",
                "rendering": "textarea"
              },
              "validators": [],
              "hide": {
                "hideWhenExpression": "isEmpty(examFindings) || !arrayContains(examFindings, '5622AAAAAAAAAAAAAAAAAAAAAAAAAAAAAAAA')"
              }
            },
            {
              "label": "Eye assesed",
              "type": "obs",
              "id": "EyesFind",
              "required": "true",
              "questionOptions": {
                "concept": "160348AAAAAAAAAAAAAAAAAAAAAAAAAAAAAA",
                "rendering": "checkbox",
                "answers": [
                  {
                    "concept": "160350AAAAAAAAAAAAAAAAAAAAAAAAAAAAAA",
                    "label": "Right Eye"
                  },
                  {
                    "concept": "160349AAAAAAAAAAAAAAAAAAAAAAAAAAAAAA",
                    "label": "Left Eye"
                  }
                ]
              },
              "hide": {
                "hideWhenExpression": "isEmpty(examFindings) || !arrayContains(examFindings, '160348AAAAAAAAAAAAAAAAAAAAAAAAAAAAAA')"
              }
            },
            {
              "label": "Visual Acuity Findings (Right Eye)",
              "type": "obs",
              "required": "true",
              "id": "acuityFindingRight",
              "questionOptions": {
                "concept": "164448AAAAAAAAAAAAAAAAAAAAAAAAAAAAAA",
                "rendering": "radio",
                "answers": [
                  {
                    "concept": "163345AAAAAAAAAAAAAAAAAAAAAAAAAAAAAA",
                    "label": "Normal vision(6/6-3/18)"
                  },
                  {
                    "concept": "137723AAAAAAAAAAAAAAAAAAAAAAAAAAAAAA",
                    "label": "Low vision(6/18-6/30) "
                  },
                  {
                    "concept": "147215AAAAAAAAAAAAAAAAAAAAAAAAAAAAAA",
                    "label": "Blind (<3/60-NPL)"
                  },
                  {
                    "concept": "135566AAAAAAAAAAAAAAAAAAAAAAAAAAAAAA",
                    "label": "Hand Movement(HMS)"
                  },
                  {
                    "concept": "135791AAAAAAAAAAAAAAAAAAAAAAAAAAAAAA",
                    "label": "Light perception(LP)"
                  },
                  {
                    "concept": "158461AAAAAAAAAAAAAAAAAAAAAAAAAAAAAA",
                    "label": "No Light Perception(NLP)"
                  }
                ]
              },
              "hide": {
                "hideWhenExpression": "isEmpty(EyesFind) || !arrayContains(EyesFind, '160350AAAAAAAAAAAAAAAAAAAAAAAAAAAAAA')"
              }
            },
            {
              "label": "Visual Acuity Findings (Left Eye)",
              "type": "obs",
              "required": "true",
              "id": "acuityFindingLeft",
              "questionOptions": {
                "concept": "164448AAAAAAAAAAAAAAAAAAAAAAAAAAAAAA",
                "rendering": "radio",
                "answers": [
                  {
                    "concept": "163345AAAAAAAAAAAAAAAAAAAAAAAAAAAAAA",
                    "label": "Normal vision(6/6-3/18)"
                  },
                  {
                    "concept": "137723AAAAAAAAAAAAAAAAAAAAAAAAAAAAAA",
                    "label": "Low vision(6/18-6/30) "
                  },
                  {
                    "concept": "147215AAAAAAAAAAAAAAAAAAAAAAAAAAAAAA",
                    "label": "Blind (<3/60-NPL)"
                  },
                  {
                    "concept": "135566AAAAAAAAAAAAAAAAAAAAAAAAAAAAAA",
                    "label": "Hand Movement(HMS)"
                  },
                  {
                    "concept": "135791AAAAAAAAAAAAAAAAAAAAAAAAAAAAAA",
                    "label": "Light perception(LP)"
                  },
                  {
                    "concept": "158461AAAAAAAAAAAAAAAAAAAAAAAAAAAAAA",
                    "label": "No Light Perception(NLP)"
                  }
                ]
              },
              "hide": {
                "hideWhenExpression": "isEmpty(EyesFind) || !arrayContains(EyesFind, '160349AAAAAAAAAAAAAAAAAAAAAAAAAAAAAA')"
              }
            },
            {
              "label": "Visual acuity notes",
              "type": "obs",
              "id": "visualNotes",
              "questionOptions": {
                "concept": "160430AAAAAAAAAAAAAAAAAAAAAAAAAAAAAA",
                "rendering": "textarea",
                "row": "10"
              },
              "validators": [],
              "hide": {
                "hideWhenExpression": "isEmpty(examFindings) || !arrayContains(examFindings, '160348AAAAAAAAAAAAAAAAAAAAAAAAAAAAAA')"
              }
            },
            {
              "label": "Clinical Notes",
              "type": "obs",
              "id": "clinicalNotes",
              "questionOptions": {
                "concept": "160629AAAAAAAAAAAAAAAAAAAAAAAAAAAAAA",
                "rendering": "textarea"
              },
              "validators": []
            },
            {
              "label": "Impression",
              "id": "clinicalDiagnosisId",
              "type": "diagnosis",
              "questionOptions": {
                "rendering": "repeating",
                "dataSource": "diagnoses",
                "rank": 1,
                "datasource": {
                  "name": "diagnoses",
                  "config": {
                    "conceptSourceUuid": "39ADDDDDDDDDDDDDDDDDDDDDDDDDDDDDDDDD"
                  }
                }
              }
            }
          ]
        }
      ]
    },
    {
      "label": "Patient Management",
      "sections": [
        {
          "label": "Treatment/Management Plan",
          "isExpanded": "true",
          "questions": [
            {
              "label": "Final Diagnosis",
              "id": "finalDiagnosisId",
              "type": "diagnosis",
              "questionOptions": {
                "rendering": "repeating",
                "rank": 2,
                "datasource": {
                  "name": "diagnoses",
                  "config": {
                    "conceptSourceUuid": "39ADDDDDDDDDDDDDDDDDDDDDDDDDDDDDDDDD"
                  }
                }
              }
            },
            {
              "label": "Diagnosis Categorization",
              "required": "true",
              "type": "obs",
              "id": "dxCategory",
              "questionOptions": {
                "rendering": "radio",
                "concept": "1f852fa4-caa6-4ad3-9f8e-551219af52ad",
                "answers": [
                  {
                    "concept": "1687AAAAAAAAAAAAAAAAAAAAAAAAAAAAAAAA",
                    "label": "New diagnosis"
                  },
                  {
                    "concept": "c38d0531-69e4-4f41-9baa-d1539fd22b24",
                    "label": "Pre-Existing diagnosis"
                  }
                ]
              }
            },
            {
              "label": "Drug Order",
              "required": false,
              "id": "drugsWorkspaceLauncher",
              "questionOptions": {
                "rendering": "workspace-launcher",
                "buttonLabel": "Add drug order",
                "workspaceName": "add-drug-order"
              }
            },
            {
              "label": "Any Assistive prescribed?",
              "type": "obs",
              "id": "devicesPrescribed",
              "questionOptions": {
                "concept": "164204AAAAAAAAAAAAAAAAAAAAAAAAAAAAAA",
                "rendering": "checkbox",
                "answers": [
                  {
                    "concept": "1107AAAAAAAAAAAAAAAAAAAAAAAAAAAAAAAA",
                    "label": "None"
                  },
                  {
                    "concept": "d988ce46-bb43-4c4f-9f36-7f26888c95b4",
                    "label": "Spectacles",
                    "disableWhenExpression": "myValue === '1107AAAAAAAAAAAAAAAAAAAAAAAAAAAAAAAA'"
                  },
                  {
                    "concept": "155310AAAAAAAAAAAAAAAAAAAAAAAAAAAAAA",
                    "label": "Magnifiers",
                    "disableWhenExpression": "myValue === '1107AAAAAAAAAAAAAAAAAAAAAAAAAAAAAAAA'"
                  },
                  {
                    "concept": "5622AAAAAAAAAAAAAAAAAAAAAAAAAAAAAAAA",
                    "label": "Other",
                    "disableWhenExpression": "myValue === '1107AAAAAAAAAAAAAAAAAAAAAAAAAAAAAAAA'"
                  }
                ]
              }
            },
            {
              "label": "Other (Specify)",
              "type": "obs",
              "id": "otherDevicesOrderd",
              "questionOptions": {
                "rendering": "text",
                "concept": "160632AAAAAAAAAAAAAAAAAAAAAAAAAAAAAA"
              },
              "hide": {
                "hideWhenExpression": "isEmpty(devicesPrescribed) || !arrayContains(devicesPrescribed, '5622AAAAAAAAAAAAAAAAAAAAAAAAAAAAAAAA')"
              }
            },
            {
              "label": "Visual Rehabilitation done?",
              "type": "obs",
              "id": "visualRehab",
              "questionOptions": {
                "concept": "1651AAAAAAAAAAAAAAAAAAAAAAAAAAAAAAAA",
                "rendering": "radio",
                "answers": [
                  {
                    "concept": "1065AAAAAAAAAAAAAAAAAAAAAAAAAAAAAAAA",
                    "label": "Yes"
                  },
                  {
                    "concept": "1066AAAAAAAAAAAAAAAAAAAAAAAAAAAAAAAA",
                    "label": "No"
                  }
                ]
              }
            }
           
          ]
        },
         {
          "label": "Patient Outcome",
          "isExpanded": "true",
          "questions": [
            {
              "label": "Patient Outcome ",
              "type": "obs",
              "id": "outcomePatient",
              "questionOptions": {
                "concept": "160433AAAAAAAAAAAAAAAAAAAAAAAAAAAAAA",
                "rendering": "radio",
                "answers": [
                  {
                    "concept": "160429AAAAAAAAAAAAAAAAAAAAAAAAAAAAAA",
                    "label": "Released Home"
                  },
                  {
                    "concept": "77eafb3f-58d3-4397-a6dc-d2c06e9062f3",
                    "label": "Admit"
                  },
                  {
                    "concept": "1693AAAAAAAAAAAAAAAAAAAAAAAAAAAAAAAA",
                    "label": "Referral"
                  },
                  {
                    "concept": "159AAAAAAAAAAAAAAAAAAAAAAAAAAAAAAAAA",
                    "label": "Deceased"
                  }
                ]
              }
            },
            {
              "label": "Appointments",
              "required": false,
              "id": "appointmentWorkspaceLauncher",
              "questionOptions": {
                "rendering": "workspace-launcher",
                "buttonLabel": "Add appointments",
                "workspaceName": "appointments-form-workspace"
              },
              "hide": {
                "hideWhenExpression": "outcomePatient !=='160429AAAAAAAAAAAAAAAAAAAAAAAAAAAAAA'"
              }
            },
            {
              "label": "Reffered For?",
              "type": "obs",
              "id": "refferalsOrderd",
              "questionOptions": {
                "concept": "162725AAAAAAAAAAAAAAAAAAAAAAAAAAAAAA",
                "rendering": "textarea"
              },
              "hide": {
                "hideWhenExpression": "outcomePatient !=='1693AAAAAAAAAAAAAAAAAAAAAAAAAAAAAAAA'"
              }
            },
            {
              "label": "Referred to?",
              "type": "obs",
              "id": "referralTo",
              "questionOptions": {
                "concept": "163145AAAAAAAAAAAAAAAAAAAAAAAAAAAAAA",
                "rendering": "select",
                "answers": [
                  {
                    "concept": "164407AAAAAAAAAAAAAAAAAAAAAAAAAAAAAA",
                    "label": "Other health facility"
                  },
                  {
                    "concept": "163266AAAAAAAAAAAAAAAAAAAAAAAAAAAAAA",
                    "label": "This health facility"
                  },
                  {
                    "concept": "4fcf003e-71cf-47a5-a967-47d24aa61092",
                    "label": "Community Health Unit"
                  }
                ]
              },
              "hide": {
                "hideWhenExpression": "outcomePatient !=='1693AAAAAAAAAAAAAAAAAAAAAAAAAAAAAAAA'"
              }
            },
            {
              "label": "Transfer to Facility:",
              "type": "obs",
              "id": "transferToFacility",
              "questionOptions": {
                "concept": "159495AAAAAAAAAAAAAAAAAAAAAAAAAAAAAA",
                "rendering": "encounterLocation"
              },
              "hide": {
                "hideWhenExpression": "referralTo !=='164407AAAAAAAAAAAAAAAAAAAAAAAAAAAAAA'"
              }
            },
            {
              "label": "Service Referred for:",
              "type": "obs",
              "id": "thisfacility",
              "questionOptions": {
                "concept": "162724AAAAAAAAAAAAAAAAAAAAAAAAAAAAAA",
                "rendering": "text"
              },
              "hide": {
                "hideWhenExpression": "referralTo !=='163266AAAAAAAAAAAAAAAAAAAAAAAAAAAAAA'"
              }
            }
          ]
        },
        {
          "label": "Ward Details",
          "isExpanded": "true",
          "questions": [
            {
              "type": "obsGroup",
              "id": "inpatientDispositionConstruct",
              "questionOptions": {
                "concept": "CIEL:169405",
                "rendering": "group"
              },
              "questions": [
                {
                  "id": "disposition",
                  "label": "Disposition",
                  "type": "obs",
                  "required": true,
                  "questionOptions": {
                    "rendering": "radio",
                    "required": true,
                    "concept": "CIEL:169402",
                    "answers": [
                      {
                        "concept": "CIEL:168619"
                      }
                    ]
                  },
                  "hide": {
                    "hideWhenExpression": "outcomePatient !=='77eafb3f-58d3-4397-a6dc-d2c06e9062f3'"
                  },
                  "validators": []
                },
                {
                  "id": "admitToLocation",
                  "label": "Admit To Location",
                  "type": "obs",
                  "required": true,
                  "questionOptions": {
                    "rendering": "remote-select",
                    "concept": "CIEL:169403",
                    "datasource": {
                      "name": "location",
                      "config": {
                        "tag": "Admission Location"
                      }
                    }
                  },
                  "hide": {
                    "hideWhenExpression": "outcomePatient !=='77eafb3f-58d3-4397-a6dc-d2c06e9062f3'"
                  }
                }
              ]
            }
          ]
        }
      ]
    }
  ],
  "processor": "EncounterFormProcessor",
  "encounterType": "465a92f2-baf8-42e9-9612-53064be868e8",
  "referencedForms": []
}
