{
	"name": "OTZ Activity Form",
	"description": "OTZ Activity Form",
	"version": "1",
	"published": true,
	"uuid": "3ae95d48-0464-11ea-8d71-362b9e155667",
	"retired": false,
	"encounter": "OTZ Activity",
	"pages": [
		{
			"label": "OTZ Modules",
			"sections": [
				{
					"label": "Visit Details",
					"isExpanded": "true",
					"questions": [
						{
							"label": "Date:",
							"type": "encounterDatetime",
							"required": "true",
							"questionOptions": {
								"rendering": "ui-select-extended"
							},
							"id": "encDate",
							"validators": [
								{
									"type": "date",
									"allowFutureDates": "false"
								}
							]
						},
						{
							"label": "Provider:",
							"type": "encounterProvider",
							"required": "true",
							"questionOptions": {
								"rendering": "ui-select-extended"
							},
							"id": "encProvider "
						},
						{
							"label": "Location:",
							"type": "encounterLocation",
							"required": "true",
							"questionOptions": {
								"rendering": "ui-select-extended"
							},
							"id": "encLocation"
						}
					]
				},
				{
					"label": "Modules completed today",
					"isExpanded": "true",
					"questions": [
						{
							"label": "OTZ Orientation",
							"type": "obs",
							"id": "orientation",
							"questionOptions": {
								"concept": "49b9347f-d4e2-4a77-b6d6-e35be16b5145",
								"rendering": "radio",
								"answers": [
									{
										"concept": "1065AAAAAAAAAAAAAAAAAAAAAAAAAAAAAAAA",
										"label": "Yes"
									}
								]
							},
							"historicalExpression": "_.isEmpty(HD.getObject('prevEnc').getValue('49b9347f-d4e2-4a77-b6d6-e35be16b5145')) ? undefined : HD.getObject('prevEnc').getValue('49b9347f-d4e2-4a77-b6d6-e35be16b5145')"
						},
						{
							"label": "OTZ Participation",
							"type": "obs",
							"id": "participation",
							"questionOptions": {
								"concept": "f3489e70-12c7-47af-8209-5143d1cd9081",
								"rendering": "radio",
								"answers": [
									{
										"concept": "1065AAAAAAAAAAAAAAAAAAAAAAAAAAAAAAAA",
										"label": "Yes"
									}
								]
							},
							"historicalExpression": "_.isEmpty(HD.getObject('prevEnc').getValue('f3489e70-12c7-47af-8209-5143d1cd9081')) ? undefined : HD.getObject('prevEnc').getValue('f3489e70-12c7-47af-8209-5143d1cd9081')"
						},
						{
							"label": "OTZ Leadership",
							"type": "obs",
							"id": "leadership",
							"questionOptions": {
								"concept": "39410779-ac9e-477c-b578-4e5e1c872fd9",
								"rendering": "radio",
								"answers": [
									{
										"concept": "1065AAAAAAAAAAAAAAAAAAAAAAAAAAAAAAAA",
										"label": "Yes"
									}
								]
							}
						},
						{
							"label": "OTZ Making decision for the future",
							"type": "obs",
							"id": "future-decision",
							"questionOptions": {
								"concept": "b462c1b8-aa2f-4b5a-bad1-03a91fc11e0e",
								"rendering": "radio",
								"answers": [
									{
										"concept": "1065AAAAAAAAAAAAAAAAAAAAAAAAAAAAAAAA",
										"label": "Yes"
									}
								]
							}
						},
						{
							"label": "OTZ Transition to Adult care",
							"type": "obs",
							"id": "transition-adult-care",
							"questionOptions": {
								"concept": "190dea55-186f-40c8-845d-43635eab262a",
								"rendering": "radio",
								"answers": [
									{
										"concept": "1065AAAAAAAAAAAAAAAAAAAAAAAAAAAAAAAA",
										"label": "Yes"
									}
								]
							}
						},
						{
							"label": "OTZ Treatment literacy",
							"type": "obs",
							"id": "treatment-literacy",
							"questionOptions": {
								"concept": "a85836a2-ef80-44b9-9570-79a6b63703d7",
								"rendering": "radio",
								"answers": [
									{
										"concept": "1065AAAAAAAAAAAAAAAAAAAAAAAAAAAAAAAA",
										"label": "Yes"
									}
								]
							}
						},
						{
							"label": "OTZ SRH",
							"type": "obs",
							"id": "srh",
							"questionOptions": {
								"concept": "7305dfba-4661-4703-b47c-c8c2620c88ae",
								"rendering": "radio",
								"answers": [
									{
										"concept": "1065AAAAAAAAAAAAAAAAAAAAAAAAAAAAAAAA",
										"label": "Yes"
									}
								]
							}
						},
						{
							"label": "OTZ Beyond the 3rd 90",
							"type": "obs",
							"id": "beyond-third-90",
							"questionOptions": {
								"concept": "2c3127c2-3adc-424d-b329-e424f0976dc5",
								"rendering": "radio",
								"answers": [
									{
										"concept": "1065AAAAAAAAAAAAAAAAAAAAAAAAAAAAAAAA",
										"label": "Yes"
									}
								]
							}
						}
					]
				},
				{
					"label": "Support group involvement",
					"isExpanded": "true",
					"questions": [
						{
							"label": "Support group involvement",
							"questionOptions": {
								"rendering": "radio",
								"concept": "63da4194-a26a-4aa5-b5d5-4125b4822cf7",
								"answers": [
									{
										"concept": "1066AAAAAAAAAAAAAAAAAAAAAAAAAAAAAAAA",
										"label": "No"
									},
									{
										"concept": "1065AAAAAAAAAAAAAAAAAAAAAAAAAAAAAAAA",
										"label": "Yes"
									}
								]
							},
							"isExpanded": "true",
							"id": "__GFnzsnH6I",
							"required": "Yes"
						}
					]
				},
				{
					"label": "Remarks",
					"isExpanded": "true",
					"questions": [
						{
							"label": "Remarks",
							"isExpanded": "true",
							"questionOptions": {
								"concept": "161011AAAAAAAAAAAAAAAAAAAAAAAAAAAAAA",
								"rendering": "textarea"
							},
							"id": "__zIIHFnv4D"
						}
					]
				}
			]
		}
	],
	"processor": "EncounterFormProcessor",
	"referencedForms": []
}