{
  "name": "Partograph Form",
  "processor": "EncounterFormProcessor",
  "encounterType": "022d62af-e2a5-4282-953b-52dd5cba3296",
  "referencedForms": [],
  "uuid": "3791e5b7-2cdc-44fc-982b-a81135367c96",
  "description": "A form for collecting the labor progress at the maternity",
  "version": "1.0",
  "encounter": "MCH Partograph",
  "published": true,
  "retired": false,
  "pages": [
    {
      "label": "Partograph Form",
      "sections": [
        {
          "label": "Encounter Details",
          "isExpanded": "true",
          "questions": [
            {
              "label": "Date:",
              "type": "encounterDatetime",
              "required": "true",
              "questionOptions": {
                "rendering": "ui-select-extended"
              },
              "validators": [
                {
                  "type": "date",
                  "allowFutureDates": "false"
                }
              ],
              "id": "encDate"
            },
            {
              "label": "Provider:",
              "type": "encounterProvider",
              "required": "true",
              "questionOptions": {
                "rendering": "ui-select-extended"
              },
              "id": "encProvider "
            },
            {
              "label": "Location:",
              "type": "encounterLocation",
              "required": "true",
              "questionOptions": {
                "rendering": "ui-select-extended"
              },
              "id": "encLocation"
            }
          ]
        },
        {
          "label": "Patient details",
          "isExpanded": "true",
          "questions": [
            {
              "label": "Date of Last Menstrual Period(LMP)",
              "type": "obs",
              "id": "lastLmpDate",
              "questionOptions": {
                "concept": "1427AAAAAAAAAAAAAAAAAAAAAAAAAAAAAAAA",
                "rendering": "date"
              },
              "validators": [
                {
                  "type": "date",
                  "allowFutureDates": "false"
                },
                {
                  "type": "js_expression",
                  "failsWhenExpression": "!isEmpty(myValue) && moment(myValue).isBefore(moment(birthdate), 'day')",
                  "message": "LMP date should not be before the date of birth."
                }
              ]
            },
            {
              "label": "Estimated date of Delivery",
              "type": "obs",
              "id": "lastDeliveryDate",
              "required": "true",
              "questionOptions": {
                "concept": "5596AAAAAAAAAAAAAAAAAAAAAAAAAAAAAAAA",
                "rendering": "date",
                "calculate": {
                  "calculateExpression": "moment(lastLmpDate).isValid() ? moment(lastLmpDate).add(280, 'days').toDate() : ''"
                }
              },
              "validators": []
            },
            {
              "label": "Gestation at birth (in weeks):",
              "type": "obs",
              "id": "gestation",
              "questionOptions": {
                "concept": "1789AAAAAAAAAAAAAAAAAAAAAAAAAAAAAAAA",
                "rendering": "number",
                "min": "24",
                "max": "50",
                "calculate": {
                  "calculateExpression": "moment(lastLmpDate).isValid() ? moment().diff( moment(lastLmpDate), 'weeks') :''"
                }
              }
            },
            {
              "label": "Date and Time of Admission",
              "type": "obs",
              "id": "dateOfAdmission",
              "datePickerFormat": "both",
              "questionOptions": {
                "concept": "1640AAAAAAAAAAAAAAAAAAAAAAAAAAAAAAAA",
                "rendering": "date"
              },
              "validators": [
                {
                  "type": "date",
                  "allowFutureDates": "false"
                }
              ]
            },
            {
              "label": "Ruptured membranes",
              "type": "obs",
              "required": true,
              "id": "rupturedMembranes",
              "questionOptions": {
                "rendering": "radio",
                "concept": "164900AAAAAAAAAAAAAAAAAAAAAAAAAAAAAA",
                "conceptMappings": [
                  {
                    "relationship": "SAME-AS",
                    "type": "CIEL",
                    "value": "164900"
                  }
                ],
                "answers": [
                  {
                    "concept": "127244AAAAAAAAAAAAAAAAAAAAAAAAAAAAAA",
                    "label": "Ruptured Membranes"
                  },
                  {
                    "concept": "164899AAAAAAAAAAAAAAAAAAAAAAAAAAAAAA",
                    "label": "Intact membranes"
                  }
                ]
              },
              "validators": []
            },
            {
              "label": "Hours Since Rupture",
              "type": "obs",
              "required": true,
              "id": "hoursSinceRupture",
              "questionOptions": {
                "rendering": "number",
                "min": "0",
                "max": "100",
                "concept": "167149AAAAAAAAAAAAAAAAAAAAAAAAAAAAAA",
                "conceptMappings": [
                  {
                    "relationship": "NARROWER-THAN",
                    "type": "CIEL",
                    "value": "167149"
                  },
                  {
                    "relationship": "NARROWER-THAN",
                    "type": "SNOMED NP",
                    "value": "364333003"
                  }
                ],
                "answers": []
              },
              "validators": [],
              "hide": {
                "hideWhenExpression": "isEmpty(rupturedMembranes) || rupturedMembranes !== ('127244AAAAAAAAAAAAAAAAAAAAAAAAAAAAAA')"
              }
            }
          ]
        },
        {
          "label": "Labor Progress",
          "isExpanded": "true",
          "questions": [
            {
              "label": "Labor Progress",
              "type": "obsGroup",
              "questionOptions": {
                "concept": "160116AAAAAAAAAAAAAAAAAAAAAAAAAAAAAA",
                "rendering": "repeating"
              },
              "questions": [
                {
                  "label": "Fetal Heart Rate(bpm)",
                  "type": "obs",
                  "required": true,
                  "id": "fetalHeartRate",
                  "questionOptions": {
                    "rendering": "number",
                    "min": "0",
                    "max": "200",
                    "concept": "1440AAAAAAAAAAAAAAAAAAAAAAAAAAAAAAAA",
                    "conceptMappings": [
                      {
                        "relationship": "SAME-AS",
                        "type": "LOINC",
                        "value": "55283-6"
                      },
                      {
                        "relationship": "SAME-AS",
                        "type": "PIH Malawi",
                        "value": "7979"
                      },
                      {
                        "relationship": "SAME-AS",
                        "type": "AMPATH",
                        "value": "1857"
                      },
                      {
                        "relationship": "SAME-AS",
                        "type": "SNOMED CT",
                        "value": "249043002"
                      },
                      {
                        "relationship": "SAME-AS",
                        "type": "CIEL",
                        "value": "1440"
                      }
                    ],
                    "answers": []
                  },
                  "validators": [],
                  "alert": {
                    "alertWhenExpression": "myValue && (myValue >= 170.5 || myValue < 109.5)",
                    "message": "Fetal Heart Rate is out of range (Normal range 110-170)"
                  }
                },
                {
                  "label": "Amniotic fluid and membrane",
                  "type": "obs",
                  "required": true,
                  "id": "amnioticFluid",
                  "questionOptions": {
                    "rendering": "select",
                    "concept": "162653AAAAAAAAAAAAAAAAAAAAAAAAAAAAAA",
                    "conceptMappings": [
                      {
                        "relationship": "SAME-AS",
                        "type": "CIEL",
                        "value": "162261"
                      },
                      {
                        "relationship": "SAME-AS",
                        "type": "SNOMED CT",
                        "value": "127375006"
                      }
                    ],
                    "answers": [
                      {
                        "concept": "164899AAAAAAAAAAAAAAAAAAAAAAAAAAAAAA",
                        "label": "Membrane intact"
                      },
                      {
                        "concept": "159484AAAAAAAAAAAAAAAAAAAAAAAAAAAAAA",
                        "label": "Clear liquor"
                      },
                      {
                        "concept": "134488AAAAAAAAAAAAAAAAAAAAAAAAAAAAAA",
                        "label": "Meconium Stained"
                      },
                      {
                        "concept": "163747AAAAAAAAAAAAAAAAAAAAAAAAAAAAAA",
                        "label": "Absent"
                      },
                      {
                        "concept": "1077AAAAAAAAAAAAAAAAAAAAAAAAAAAAAAAA",
                        "label": "Blood Stained"
                      }
                    ]
                  },
                  "validators": []
                },
                {
                  "label": "Moulding",
                  "type": "obs",
                  "required": true,
                  "id": "moulding",
                  "questionOptions": {
                    "rendering": "select",
                    "concept": "166527AAAAAAAAAAAAAAAAAAAAAAAAAAAAAA",
                    "conceptMappings": [],
                    "answers": [
                      {
                        "concept": "1107AAAAAAAAAAAAAAAAAAAAAAAAAAAAAAAA",
                        "label": "0"
                      },
                      {
                        "concept": "1362AAAAAAAAAAAAAAAAAAAAAAAAAAAAAAAA",
                        "label": "+"
                      },
                      {
                        "concept": "1363AAAAAAAAAAAAAAAAAAAAAAAAAAAAAAAA",
                        "label": "++"
                      },
                      {
                        "concept": "1364AAAAAAAAAAAAAAAAAAAAAAAAAAAAAAAA",
                        "label": "+++"
                      }
                    ]
                  },
                  "validators": []
                },
                {
                  "label": "Cervical Dilation (cm)",
                  "type": "obs",
                  "required": true,
                  "id": "cervicalDilation",
                  "questionOptions": {
                    "rendering": "number",
                    "min": "0",
                    "max": "10",
                    "concept": "162261AAAAAAAAAAAAAAAAAAAAAAAAAAAAAA",
                    "conceptMappings": [
                      {
                        "relationship": "SAME-AS",
                        "type": "CIEL",
                        "value": "162261"
                      },
                      {
                        "relationship": "SAME-AS",
                        "type": "SNOMED CT",
                        "value": "127375006"
                      }
                    ],
                    "answers": []
                  },
                  "validators": []
                },
                {
                  "label": "Hours taken to dilate",
                  "type": "obs",
                  "required": true,
                  "id": "hoursTakenToDilate",
                  "questionOptions": {
                    "rendering": "number",
                    "min": "0",
                    "max": "100",
                    "concept": "167149AAAAAAAAAAAAAAAAAAAAAAAAAAAAAA",
                    "conceptMappings": [
                      {
                        "relationship": "NARROWER-THAN",
                        "type": "CIEL",
                        "value": "167149"
                      },
                      {
                        "relationship": "NARROWER-THAN",
                        "type": "SNOMED NP",
                        "value": "364333003"
                      }
                    ],
                    "answers": []
                  },
                  "validators": []
                },
                {
                  "label": "Descent of Head",
                  "type": "obs",
                  "required": true,
                  "id": "descentOfHead",
                  "questionOptions": {
                    "rendering": "select",
                    "concept": "1810AAAAAAAAAAAAAAAAAAAAAAAAAAAAAAAA",
                    "conceptMappings": [],
                    "answers": [
                      {
                        "concept": "160769AAAAAAAAAAAAAAAAAAAAAAAAAAAAAA",
                        "label": "0/5"
                      },
                      {
                        "concept": "162135AAAAAAAAAAAAAAAAAAAAAAAAAAAAAA",
                        "label": "1/5"
                      },
                      {
                        "concept": "166065AAAAAAAAAAAAAAAAAAAAAAAAAAAAAA",
                        "label": "2/5"
                      },
                      {
                        "concept": "166066AAAAAAAAAAAAAAAAAAAAAAAAAAAAAA",
                        "label": "3/5"
                      },
                      {
                        "concept": "166067AAAAAAAAAAAAAAAAAAAAAAAAAAAAAA",
                        "label": "4/5"
                      },
                      {
                        "concept": "163734AAAAAAAAAAAAAAAAAAAAAAAAAAAAAA",
                        "label": "5/5"
                      }
                    ]
                  },
                  "validators": []
                },
                {
                  "label": "Time",
                  "type": "obs",
                  "required": true,
                  "id": "time",
                  "datePickerFormat": "timer",
                  "questionOptions": {
                    "rendering": "date",
                    "concept": "163286AAAAAAAAAAAAAAAAAAAAAAAAAAAAAA",
                    "conceptMappings": [
                      {
                        "relationship": "NARROWER-THAN",
                        "type": "SNOMED NP",
                        "value": "406543005"
                      },
                      {
                        "relationship": "SAME-AS",
                        "type": "CIEL",
                        "value": "163286"
                      }
                    ],
                    "answers": []
                  },
                  "validators": []
                }
              ],
              "id": "laborProgress"
            },
            {
              "label": "Contractions per 10 min",
              "type": "obsGroup",
              "questionOptions": {
                "concept": "163750AAAAAAAAAAAAAAAAAAAAAAAAAAAAAA",
                "rendering": "repeating"
              },
              "questions": [
                {
                  "label": "Frequency",
                  "type": "obs",
                  "id": "frequency",
                  "questionOptions": {
                    "concept": "166529AAAAAAAAAAAAAAAAAAAAAAAAAAAAAA",
                    "rendering": "number",
                    "min": "0",
                    "max": "10"
                  }
                },
                {
                  "label": "Duration (Seconds)",
                  "type": "obs",
                  "id": "contractionsDuration",
                  "questionOptions": {
                    "concept": "159368AAAAAAAAAAAAAAAAAAAAAAAAAAAAAA",
                    "rendering": "number",
                    "min": "0",
                    "max": "500"
                  }
                }
              ],
              "id": "contractionsPerMinute"
            },
            {
              "label": "Urine Output",
              "type": "obsGroup",
              "id": "OutPutUrine",
              "questionOptions": {
                "concept": "162647AAAAAAAAAAAAAAAAAAAAAAAAAAAAAA",
                "rendering": "repeating"
              },
              "questions": [
                {
                  "label": "Acetone",
                  "type": "obs",
                  "id": "UaCetone",
                  "questionOptions": {
                    "concept": "165438AAAAAAAAAAAAAAAAAAAAAAAAAAAAAA",
                    "rendering": "select",
                    "answers": [
                      {
                        "concept": "1107AAAAAAAAAAAAAAAAAAAAAAAAAAAAAAAA",
                        "label": "0"
                      },
                      {
                        "concept": "1362AAAAAAAAAAAAAAAAAAAAAAAAAAAAAAAA",
                        "label": "+"
                      },
                      {
                        "concept": "1363AAAAAAAAAAAAAAAAAAAAAAAAAAAAAAAA",
                        "label": "++"
                      },
                      {
                        "concept": "1364AAAAAAAAAAAAAAAAAAAAAAAAAAAAAAAA",
                        "label": "+++"
                      }
                    ]
                  }
                },
                {
                  "label": "Protein in Urine",
                  "type": "obs",
                  "id": "ProteinUrine",
                  "questionOptions": {
                    "concept": "161442AAAAAAAAAAAAAAAAAAAAAAAAAAAAAA",
                    "rendering": "select",
                    "answers": [
                      {
                        "concept": "1107AAAAAAAAAAAAAAAAAAAAAAAAAAAAAAAA",
                        "label": "0"
                      },
                      {
                        "concept": "1362AAAAAAAAAAAAAAAAAAAAAAAAAAAAAAAA",
                        "label": "+"
                      },
                      {
                        "concept": "1363AAAAAAAAAAAAAAAAAAAAAAAAAAAAAAAA",
                        "label": "++"
                      },
                      {
                        "concept": "1364AAAAAAAAAAAAAAAAAAAAAAAAAAAAAAAA",
                        "label": "+++"
                      }
                    ]
                  }
                },
                {
                  "label": "Volume (in litres)",
                  "type": "obs",
                  "id": "voLumE",
                  "questionOptions": {
                    "concept": "159660AAAAAAAAAAAAAAAAAAAAAAAAAAAAAA",
                    "rendering": "number"
                  }
                },
                {
                  "label": "Urine characteristics",
                  "type": "obs",
                  "id": "UchAracteristics",
                  "questionOptions": {
                    "concept": "56AAAAAAAAAAAAAAAAAAAAAAAAAAAAAAAAAA",
                    "rendering": "textarea",
                    "rows": "3"
                  }
                }
              ]
            },
            {
              "label": "Medication/Drugs Administered?",
              "type": "obs",
              "id": "actionTaKen",
              "questionOptions": {
                "concept": "1282AAAAAAAAAAAAAAAAAAAAAAAAAAAAAAAA",
                "rendering": "radio",
                "answers": [
                  {
                    "concept": "1065AAAAAAAAAAAAAAAAAAAAAAAAAAAAAAAA",
                    "label": "Yes"
                  },
                  {
                    "concept": "1066AAAAAAAAAAAAAAAAAAAAAAAAAAAAAAAA",
                    "label": "No"
                  }
                ]
              }
            },
            {
              "label": "Medication Given",
              "type": "obsGroup",
              "id": "medsRepeat",
              "questionOptions": {
                "concept": "159369AAAAAAAAAAAAAAAAAAAAAAAAAAAAAA",
                "rendering": "repeating"
              },
              "hide": {
                "hideWhenExpression": "isEmpty(actionTaKen) || actionTaKen !== '1065AAAAAAAAAAAAAAAAAAAAAAAAAAAAAAAA'"
              },
              "questions": [
                {
                  "label": "Oxytocin drip dose (drops/min)",
                  "type": "obs",
                  "id": "OxyTocin",
                  "required": "false",
                  "questionOptions": {
                    "concept": "166531AAAAAAAAAAAAAAAAAAAAAAAAAAAAAA",
                    "rendering": "number",
                    "min": "0"
                  }
                },
                {
                  "label": "Other Medication",
                  "type": "obs",
                  "id": "medicatIonName",
                  "required": "false",
                  "questionOptions": {
                    "concept": "164231AAAAAAAAAAAAAAAAAAAAAAAAAAAAAA",
                    "rendering": "text"
                  }
                },
                {
                  "label": "IV Fluids Given",
                  "type": "obs",
                  "id": "IVgiVen",
                  "required": "false",
                  "questionOptions": {
                    "concept": "161911AAAAAAAAAAAAAAAAAAAAAAAAAAAAAA",
                    "rendering": "select",
                    "answers": [
                      {
                        "concept": "80804AAAAAAAAAAAAAAAAAAAAAAAAAAAAAAA",
                        "label": "Normal Saline"
                      },
                      {
                        "concept": "78617AAAAAAAAAAAAAAAAAAAAAAAAAAAAAAA",
                        "label": "Ringer's lactate"
                      },
                      {
                        "concept": "74653AAAAAAAAAAAAAAAAAAAAAAAAAAAAAAA",
                        "label": "Dextran"
                      },
                      {
                        "concept": "162857AAAAAAAAAAAAAAAAAAAAAAAAAAAAAA",
                        "label": "Dextrose 5% in normal saline"
                      }
                    ]
                  }
                },
                {
                  "label": "Time Taken",
                  "type": "obs",
                  "id": "TtakEn",
                  "datePickerFormat": "timer",
                  "questionOptions": {
                    "concept": "a9e7c05e-7381-4e2b-a968-05d5d6a884f6",
                    "rendering": "date"
                  }
                }
              ]
            },
            {
              "label": "Labour Pattern",
              "type": "obs",
              "id": "LaBoURpat",
              "questionOptions": {
                "concept": "164135AAAAAAAAAAAAAAAAAAAAAAAAAAAAAA",
                "rendering": "radio",
                "answers": [
                  {
                    "concept": "162193AAAAAAAAAAAAAAAAAAAAAAAAAAAAAA",
                    "label": "Normal Labour"
                  },
                  {
                    "concept": "128387AAAAAAAAAAAAAAAAAAAAAAAAAAAAAA",
                    "label": "Prolonged latent phase"
                  },
                  {
                    "concept": "128474AAAAAAAAAAAAAAAAAAAAAAAAAAAAAA",
                    "label": "Primary dysfunctional labour"
                  },
                  {
                    "concept": "136521AAAAAAAAAAAAAAAAAAAAAAAAAAAAAA",
                    "label": "Secondary arrest"
                  }
                ]
              }
            }
          ]
        }
      ]
    }
  ]
}
