{
  "name": "Peadiatric Disclosure Checklist Form",
  "description": "A form for documenting the disclosure process of a pediatrics.",
  "version": "1.0",
  "uuid": "45d9161f-5dbd-4b20-9d7a-e4ab6b36ec27",
  "pages": [
    {
      "label": "Peadiatric Disclosure Checklist",
      "sections": [
        {
          "label": "Visit Details",
          "isExpanded": "true",
          "questions": [
            {
              "label": "Date:",
              "type": "encounterDatetime",
              "required": "true",
              "questionOptions": {
                "rendering": "ui-select-extended"
              },
              "validators": [
                {
                  "type": "date",
                  "allowFutureDates": "false"
                }
              ],
              "id": "encDate"
            },
            {
              "label": "Provider:",
              "type": "encounterProvider",
              "required": "true",
              "questionOptions": {
                "rendering": "ui-select-extended"
              },
              "id": "encProvider "
            },
            {
              "label": "Location:",
              "type": "encounterLocation",
              "required": "true",
              "questionOptions": {
                "rendering": "ui-select-extended"
              },
              "id": "encLocation"
            }
          ]
        },
        {
          "label": "Assess the child for disclosure eligibility",
          "isExpanded": "true",
          "questions": [
            {
              "label": "Child has met the age criteria (between 6 and 10 years)",
              "type": "obs",
              "required": "true",
              "id": "childHasMetTheAgeCriteria",
              "questionOptions": {
                "rendering": "radio",
                "concept": "165494AAAAAAAAAAAAAAAAAAAAAAAAAAAAAA",
                "answers": [
                  {
                    "concept": "1065AAAAAAAAAAAAAAAAAAAAAAAAAAAAAAAA",
                    "label": "Yes"
                  },
                  {
                    "concept": "1066AAAAAAAAAAAAAAAAAAAAAAAAAAAAAAAA",
                    "label": "No"
                  }
                ]
              },
              "validators": []
            },
            {
              "label": "Child and caregiver knowledgeable on the benefits of disclosure?",
              "type": "obs",
              "required": false,
              "id": "childAndCaregiverKnowledgeableOnTheBenefitsOfDisclosure",
              "questionOptions": {
                "rendering": "radio",
                "concept": "159423AAAAAAAAAAAAAAAAAAAAAAAAAAAAAA",
                "answers": [
                  {
                    "concept": "1065AAAAAAAAAAAAAAAAAAAAAAAAAAAAAAAA",
                    "label": "Yes"
                  },
                  {
                    "concept": "1066AAAAAAAAAAAAAAAAAAAAAAAAAAAAAAAA",
                    "label": "No"
                  }
                ]
              },
              "validators": []
            },
            {
              "label": "Care giver willing to disclose to the child?",
              "type": "obs",
              "required": false,
              "id": "careGiverWillingToDiscloseToTheChild",
              "questionOptions": {
                "rendering": "radio",
                "concept": "163524AAAAAAAAAAAAAAAAAAAAAAAAAAAAAA",
                "answers": [
                  {
                    "concept": "1065AAAAAAAAAAAAAAAAAAAAAAAAAAAAAAAA",
                    "label": "Yes"
                  },
                  {
                    "concept": "1066AAAAAAAAAAAAAAAAAAAAAAAAAAAAAAAA",
                    "label": "No"
                  }
                ]
              },
              "validators": []
            },
            {
              "label": "Task 1 comments",
              "type": "obs",
              "required": false,
              "id": "task1Comments",
              "questionOptions": {
                "rendering": "text",
                "concept": "161011AAAAAAAAAAAAAAAAAAAAAAAAAAAAAA"
              },
              "validators": []
            }
          ]
        },
        {
          "label": "Assess the child and caregiver readiness",
          "isExpanded": "true",
          "questions": [
            {
              "label": "Child or caregiver free from severe physical illness, trauma, psychological illness or psychiatric illness?",
              "type": "obs",
              "required": false,
              "id": "childOrCaregiverFreeFromSeverePhysicalIllnessTraumaPsychologicalIllness",
              "questionOptions": {
                "rendering": "radio",
                "concept": "163043AAAAAAAAAAAAAAAAAAAAAAAAAAAAAA",
                "answers": [
                  {
                    "concept": "1065AAAAAAAAAAAAAAAAAAAAAAAAAAAAAAAA",
                    "label": "Yes"
                  },
                  {
                    "concept": "1066AAAAAAAAAAAAAAAAAAAAAAAAAAAAAAAA",
                    "label": "No"
                  }
                ]
              },
              "validators": []
            },
            {
              "label": "Supported caregiver to disclose using the simplest language the child can understand?",
              "type": "obs",
              "required": false,
              "id": "supportedCaregiverToDiscloseUsingTheSimplestLanguageTheChildCanUnderstand",
              "questionOptions": {
                "rendering": "radio",
                "concept": "5616AAAAAAAAAAAAAAAAAAAAAAAAAAAAAAAA",
                "answers": [
                  {
                    "concept": "1065AAAAAAAAAAAAAAAAAAAAAAAAAAAAAAAA",
                    "label": "Yes"
                  },
                  {
                    "concept": "1066AAAAAAAAAAAAAAAAAAAAAAAAAAAAAAAA",
                    "label": "No"
                  }
                ]
              },
              "validators": []
            },
            {
              "label": "Child demonstrates interest in the environment and playing activities?",
              "type": "obs",
              "required": false,
              "id": "childDemonstratesInterestInTheEnvironmentAndPlayingActivities",
              "questionOptions": {
                "rendering": "radio",
                "concept": "3bb25381-cc9c-4082-8965-fa00df0f1aff",
                "answers": [
                  {
                    "concept": "1065AAAAAAAAAAAAAAAAAAAAAAAAAAAAAAAA",
                    "label": "Yes"
                  },
                  {
                    "concept": "1066AAAAAAAAAAAAAAAAAAAAAAAAAAAAAAAA",
                    "label": "No"
                  }
                ]
              },
              "validators": []
            },
            {
              "label": "Assessed what the child already knows about the medicines and illness and addressed needs and concerns?",
              "type": "obs",
              "required": false,
              "id": "assessedWhatTheChildAlreadyKnowsAboutTheMedicines",
              "questionOptions": {
                "rendering": "radio",
                "concept": "167225AAAAAAAAAAAAAAAAAAAAAAAAAAAAAA",
                "answers": [
                  {
                    "concept": "1065AAAAAAAAAAAAAAAAAAAAAAAAAAAAAAAA",
                    "label": "Yes"
                  },
                  {
                    "concept": "1066AAAAAAAAAAAAAAAAAAAAAAAAAAAAAAAA",
                    "label": "No"
                  }
                ]
              },
              "validators": []
            },
            {
              "label": "Assessed functional school engagement by the child (consistent attendance, interacts well with the school community, able to freely discuss school activities?",
              "type": "obs",
              "required": false,
              "id": "assessedFunctionalSchoolEngagementByTheChild",
              "questionOptions": {
                "rendering": "radio",
                "concept": "163580AAAAAAAAAAAAAAAAAAAAAAAAAAAAAA",
                "answers": [
                  {
                    "concept": "1065AAAAAAAAAAAAAAAAAAAAAAAAAAAAAAAA",
                    "label": "Yes"
                  },
                  {
                    "concept": "1066AAAAAAAAAAAAAAAAAAAAAAAAAAAAAAAA",
                    "label": "No"
                  }
                ]
              },
              "validators": []
            },
            {
              "label": "Assessed caregiver readiness for disclosure to the child?",
              "type": "obs",
              "required": false,
              "id": "assessedCaregiverReadinessForDisclosureToTheChild",
              "questionOptions": {
                "rendering": "radio",
                "concept": "093149e0-260d-4e87-8629-19e0bc8f7ac3",
                "answers": [
                  {
                    "concept": "1065AAAAAAAAAAAAAAAAAAAAAAAAAAAAAAAA",
                    "label": "Yes"
                  },
                  {
                    "concept": "1066AAAAAAAAAAAAAAAAAAAAAAAAAAAAAAAA",
                    "label": "No"
                  }
                ]
              },
              "validators": []
            },
            {
              "label": "Assessed what the caregiver has communicated to the child?",
              "type": "obs",
              "required": false,
              "id": "assessedWhatTheCaregiverHasCommunicatedToTheChild",
              "questionOptions": {
                "rendering": "radio",
                "concept": "2e2316f3-2171-4602-9943-3ee435770b9c",
                "answers": [
                  {
                    "concept": "1065AAAAAAAAAAAAAAAAAAAAAAAAAAAAAAAA",
                    "label": "Yes"
                  },
                  {
                    "concept": "1066AAAAAAAAAAAAAAAAAAAAAAAAAAAAAAAA",
                    "label": "No"
                  }
                ]
              },
              "validators": []
            },
            {
              "label": "Discussed management of confidentiality of information regarding one's health with the child and caregiver?",
              "type": "obs",
              "required": false,
              "id": "discussedManagementOfConfidentialityOfInformation",
              "questionOptions": {
                "rendering": "radio",
                "concept": "57e9f484-15e9-47c0-9a29-4773d1bf3acc",
                "answers": [
                  {
                    "concept": "1065AAAAAAAAAAAAAAAAAAAAAAAAAAAAAAAA",
                    "label": "Yes"
                  },
                  {
                    "concept": "1066AAAAAAAAAAAAAAAAAAAAAAAAAAAAAAAA",
                    "label": "No"
                  }
                ]
              },
              "validators": []
            },
            {
              "label": "Task 2 comments",
              "type": "obs",
              "required": false,
              "id": "task2Comments",
              "questionOptions": {
                "rendering": "text",
                "concept": "160632AAAAAAAAAAAAAAAAAAAAAAAAAAAAAA"
              },
              "validators": []
            }
          ]
        },
        {
          "label": "Execute disclosure: to be guided by caregiver and supported by health care worker",
          "isExpanded": "true",
          "questions": [
            {
              "label": "Reassured the caregiver and the child?",
              "type": "obs",
              "required": false,
              "id": "reassuredTheCaregiverAndTheChild",
              "questionOptions": {
                "rendering": "radio",
                "concept": "d810802c-4f98-4861-ab4d-d510b5b1be6b",
                "answers": [
                  {
                    "concept": "1065AAAAAAAAAAAAAAAAAAAAAAAAAAAAAAAA",
                    "label": "Yes"
                  },
                  {
                    "concept": "1066AAAAAAAAAAAAAAAAAAAAAAAAAAAAAAAA",
                    "label": "No"
                  }
                ]
              },
              "validators": []
            },
            {
              "label": "Assessed child and caregiver comfort?",
              "type": "obs",
              "required": false,
              "id": "assessedChildAndCaregiverComfort",
              "questionOptions": {
                "rendering": "radio",
                "concept": "e13b4605-9a6b-45c2-87c9-36b185359176",
                "answers": [
                  {
                    "concept": "1065AAAAAAAAAAAAAAAAAAAAAAAAAAAAAAAA",
                    "label": "Yes"
                  },
                  {
                    "concept": "1066AAAAAAAAAAAAAAAAAAAAAAAAAAAAAAAA",
                    "label": "No"
                  }
                ]
              },
              "validators": []
            },
            {
              "label": "Assessed safety (environment and timing)?",
              "type": "obs",
              "required": false,
              "id": "assessedSafetyEnvironmentAndTiming",
              "questionOptions": {
                "rendering": "radio",
                "concept": "669ed8bf-0b04-4d0b-aa8e-67ae8778327e",
                "answers": [
                  {
                    "concept": "1065AAAAAAAAAAAAAAAAAAAAAAAAAAAAAAAA",
                    "label": "Yes"
                  },
                  {
                    "concept": "1066AAAAAAAAAAAAAAAAAAAAAAAAAAAAAAAA",
                    "label": "No"
                  }
                ]
              },
              "validators": []
            },
            {
              "label": "Assessed the depth of child's knowledge?",
              "type": "obs",
              "required": false,
              "id": "assessedTheDepthOfChildSKnowledge",
              "questionOptions": {
                "rendering": "radio",
                "concept": "cc45b577-86b7-427e-b863-1bacb0532411",
                "answers": [
                  {
                    "concept": "1065AAAAAAAAAAAAAAAAAAAAAAAAAAAAAAAA",
                    "label": "Yes"
                  },
                  {
                    "concept": "1066AAAAAAAAAAAAAAAAAAAAAAAAAAAAAAAA",
                    "label": "No"
                  }
                ]
              },
              "validators": []
            },
            {
              "label": "Supported caregiver to disclose using the simplest language the child can understand?",
              "type": "obs",
              "required": false,
              "id": "supportedCaregiverToDiscloseUsingTheSimplestLanguage",
              "questionOptions": {
                "rendering": "radio",
                "concept": "a6a07644-8da3-49f2-bd0d-a929d554ca68",
                "answers": [
                  {
                    "concept": "1065AAAAAAAAAAAAAAAAAAAAAAAAAAAAAAAA",
                    "label": "Yes"
                  },
                  {
                    "concept": "1066AAAAAAAAAAAAAAAAAAAAAAAAAAAAAAAA",
                    "label": "No"
                  }
                ]
              },
              "validators": []
            },
            {
              "label": "Observed the immediate reactions of both the child und caregivers and addressed concerns or negative reactions?",
              "type": "obs",
              "required": false,
              "id": "observedTheImmediateReactionsOfBothTheChildUndCaregiversAndAddressedConcernsOrNegativeReactions",
              "questionOptions": {
                "rendering": "radio",
                "concept": "2e0ecc04-d5ba-4791-ae2a-9a648b29b193",
                "answers": [
                  {
                    "concept": "1065AAAAAAAAAAAAAAAAAAAAAAAAAAAAAAAA",
                    "label": "Yes"
                  },
                  {
                    "concept": "1066AAAAAAAAAAAAAAAAAAAAAAAAAAAAAAAA",
                    "label": "No"
                  }
                ]
              },
              "validators": []
            },
            {
              "label": "Invited questions from the child?",
              "type": "obs",
              "required": false,
              "id": "invitedQuestionsFromTheChild",
              "questionOptions": {
                "rendering": "radio",
                "concept": "35007753-99e1-422d-b7f1-22dfcfbd149c",
                "answers": [
                  {
                    "concept": "1065AAAAAAAAAAAAAAAAAAAAAAAAAAAAAAAA",
                    "label": "Yes"
                  },
                  {
                    "concept": "1066AAAAAAAAAAAAAAAAAAAAAAAAAAAAAAAA",
                    "label": "No"
                  }
                ]
              },
              "validators": []
            },
            {
              "label": "Revisited/reviewed the benefits of disclosure with the child and caregiver?",
              "type": "obs",
              "required": false,
              "id": "revisitedReviewedTheBenefitsOfDisclosureWithTheChildAndCaregiver",
              "questionOptions": {
                "rendering": "radio",
                "concept": "87428706-a03e-40da-8468-759a3c02f8dd",
                "answers": [
                  {
                    "concept": "1065AAAAAAAAAAAAAAAAAAAAAAAAAAAAAAAA",
                    "label": "Yes"
                  },
                  {
                    "concept": "1066AAAAAAAAAAAAAAAAAAAAAAAAAAAAAAAA",
                    "label": "No"
                  }
                ]
              },
              "validators": []
            },
            {
              "label": "Explained care options available to the child and caregiver?",
              "type": "obs",
              "required": "false",
              "id": "explainedCareOptionsAvailable",
              "questionOptions": {
                "rendering": "radio",
                "concept": "ed8ce40f-923e-4bdb-8652-0a51b054c07b",
                "answers": [
                  {
                    "concept": "1065AAAAAAAAAAAAAAAAAAAAAAAAAAAAAAAA",
                    "label": "Yes"
                  },
                  {
                    "concept": "1066AAAAAAAAAAAAAAAAAAAAAAAAAAAAAAAA",
                    "label": "No"
                  }
                ]
              },
              "validators": []
            },
            {
              "label": "Concluded the session with reassurance to both child and caregiver? Reiterating importance of confidentiality of information of one's health with the child and the caregiver?",
              "type": "obs",
              "required": false,
              "id": "concludedTheSessionWithReassuranceToBothChildAndCaregiver",
              "questionOptions": {
                "rendering": "radio",
                "concept": "f1d47ff3-a2d1-45de-bf15-ce8262b57da7",
                "answers": [
                  {
                    "concept": "1065AAAAAAAAAAAAAAAAAAAAAAAAAAAAAAAA",
                    "label": "Yes"
                  },
                  {
                    "concept": "1066AAAAAAAAAAAAAAAAAAAAAAAAAAAAAAAA",
                    "label": "No"
                  }
                ]
              },
              "validators": []
            },
            {
              "label": "Task 3 Comments",
              "type": "obs",
              "required": false,
              "id": "task3Comments",
              "questionOptions": {
                "rendering": "text",
                "concept": "160531AAAAAAAAAAAAAAAAAAAAAAAAAAAAAA"
              },
              "validators": []
            }
          ]
        },
        {
          "label": "Disclosure Process Status",
          "isExpanded": "true",
          "questions": [
            {
              "label": "Which is the completed disclosure status?",
              "type": "obs",
              "required": "true",
              "id": "haveYouCompletedDisclosureProcess",
              "questionOptions": {
                "rendering": "radio",
                "concept": "153b1513-4c90-4a72-9de4-65895eabd901",
                "answers": [
                  {
                    "concept": "bfa626bf-a639-4627-9333-864e15f51338",
                    "label": "HIV pre-disclosure"
                  },
                  {
                    "concept": "69fed866-0059-4e37-aecd-982a16d8a31d",
                    "label": "Partial HIV disclosure"
                  },
                  {
                    "concept": "3ac694b2-df54-4b8c-9b45-439f0a9efc7d",
                    "label": "Full HIV disclosure, stage 1"
                  },
                  {
                    "concept": "384dab1e-6d65-465b-9c7a-d9be9d088686",
                    "label": "Full HIV disclosure, stage 2"
                  },
                  {
                    "concept": "7a9c374f-4728-4ed8-9c85-f5b5b5b7e364",
                    "label": "Full HIV disclosure, stage 3"
                  },
                  {
                    "concept": "35a41383-a33a-4be5-93fc-038170776558",
                    "label": "Full HIV disclosure, stage 4"
                  }
                ]
              },
              "validators": []
            }
          ]
        },
        {
          "label": "Post Disclosure assessment(Assess the post-disclosure outcome)",
          "isExpanded": "true",
          "questions": [
            {
              "label": "Assessed functional school engagement?",
              "type": "obs",
              "required": "false",
              "id": "assessedFunctionalSchool",
              "questionOptions": {
                "rendering": "radio",
                "concept": "62361886-8c03-467f-8036-c7798d6ca3e0",
                "answers": [
                  {
                    "concept": "1065AAAAAAAAAAAAAAAAAAAAAAAAAAAAAAAA",
                    "label": "Yes"
                  },
                  {
                    "concept": "1066AAAAAAAAAAAAAAAAAAAAAAAAAAAAAAAA",
                    "label": "No"
                  }
                ]
              },
              "validators": []
            },
            {
              "label": "Assessed family, social and peer relationship and support after disclosure?",
              "type": "obs",
              "required": false,
              "id": "assessedFamily,SocialAndPeerRelationshipAndSupportAfterDisclosure",
              "questionOptions": {
                "rendering": "radio",
                "concept": "313df4cf-ce1a-466c-943b-eb72e3cc64da",
                "answers": [
                  {
                    "concept": "1065AAAAAAAAAAAAAAAAAAAAAAAAAAAAAAAA",
                    "label": "Yes"
                  },
                  {
                    "concept": "1066AAAAAAAAAAAAAAAAAAAAAAAAAAAAAAAA",
                    "label": "No"
                  }
                ]
              },
              "validators": []
            },
            {
              "label": "Assessed the child’s interest and engagement in children's activities like playing?",
              "type": "obs",
              "required": false,
              "id": "assessedTheChildInterestAndEngagementInChildrenActivitiesLikePlaying",
              "questionOptions": {
                "rendering": "radio",
                "concept": "bf0320f6-89d2-4db7-8278-b77cb1abc417",
                "answers": [
                  {
                    "concept": "1065AAAAAAAAAAAAAAAAAAAAAAAAAAAAAAAA",
                    "label": "Yes"
                  },
                  {
                    "concept": "1066AAAAAAAAAAAAAAAAAAAAAAAAAAAAAAAA",
                    "label": "No"
                  }
                ]
              },
              "validators": []
            },
            {
              "label": "Allowed questions from the child and assessed self- perception and outlook?",
              "type": "obs",
              "required": false,
              "id": "allowedQuestionsFromTheChildAndAssessedSelfPerceptionAndOutlook",
              "questionOptions": {
                "rendering": "radio",
                "concept": "6ee9b535-ecc7-45f3-b655-d7118abafd49",
                "answers": [
                  {
                    "concept": "1065AAAAAAAAAAAAAAAAAAAAAAAAAAAAAAAA",
                    "label": "Yes"
                  },
                  {
                    "concept": "1066AAAAAAAAAAAAAAAAAAAAAAAAAAAAAAAA",
                    "label": "No"
                  }
                ]
              },
              "validators": []
            },
            {
              "label": "Addressed negative body or self-image issues?",
              "type": "obs",
              "required": false,
              "id": "addressedNegativeBodyOrSelfImageIssues",
              "questionOptions": {
                "rendering": "radio",
                "concept": "0819fade-50c0-4825-9d89-1b42ea5d4548",
                "answers": [
                  {
                    "concept": "1065AAAAAAAAAAAAAAAAAAAAAAAAAAAAAAAA",
                    "label": "Yes"
                  },
                  {
                    "concept": "1066AAAAAAAAAAAAAAAAAAAAAAAAAAAAAAAA",
                    "label": "No"
                  }
                ]
              },
              "validators": []
            },
            {
              "label": "Have you assessed the child for -moodiness and negative behaviors?",
              "type": "obs",
              "required": false,
              "id": "haveYouAssessedTheChildForMoodinessAndNegativeBehaviors",
              "questionOptions": {
                "rendering": "radio",
                "concept": "167270AAAAAAAAAAAAAAAAAAAAAAAAAAAAAA",
                "answers": [
                  {
                    "concept": "1065AAAAAAAAAAAAAAAAAAAAAAAAAAAAAAAA",
                    "label": "Yes"
                  },
                  {
                    "concept": "1066AAAAAAAAAAAAAAAAAAAAAAAAAAAAAAAA",
                    "label": "No"
                  }
                ]
              },
              "validators": []
            },
            {
              "label": "Referred appropriately for psychiatric and other complications developed post disclosure if indicated?",
              "type": "obs",
              "required": false,
              "id": "referredAppropriatelyForPsychiatricAndOtherComplicationsDevelopedPostDisclosureIfIndicated",
              "questionOptions": {
                "rendering": "radio",
                "concept": "160338AAAAAAAAAAAAAAAAAAAAAAAAAAAAAA",
                "answers": [
                  {
                    "concept": "1065AAAAAAAAAAAAAAAAAAAAAAAAAAAAAAAA",
                    "label": "Yes"
                  },
                  {
                    "concept": "1066AAAAAAAAAAAAAAAAAAAAAAAAAAAAAAAA",
                    "label": "No"
                  }
                ]
              },
              "validators": []
            },
            {
              "label": "Given age-appropriate adherence information?",
              "type": "obs",
              "required": false,
              "id": "givenAgeAppropriateAdherenceInformation",
              "questionOptions": {
                "rendering": "radio",
                "concept": "906ac5d0-566a-466e-93e4-2f23b4fb319b",
                "answers": [
                  {
                    "concept": "1065AAAAAAAAAAAAAAAAAAAAAAAAAAAAAAAA",
                    "label": "Yes"
                  },
                  {
                    "concept": "1066AAAAAAAAAAAAAAAAAAAAAAAAAAAAAAAA",
                    "label": "No"
                  }
                ]
              },
              "validators": []
            },
            {
              "label": "Task 4 comments:on self-perception and the child's fears (include if the child understands what is going on), concerns raised by caregiver,mood changes or reactions. Indicated any subsequent post disclosure session and concerns.",
              "type": "obs",
              "required": false,
              "id": "task4Comments",
              "questionOptions": {
                "rendering": "text",
                "concept": "161011AAAAAAAAAAAAAAAAAAAAAAAAAAAAAA"
              },
              "validators": []
            },
            {
              "label": "Final Comments:indicate overall disclosure comment,future plans,referrals,pending disclosure issues,support group enrollment and extended post disclosure support:more than three sessions for children with difficulties.",
              "type": "obs",
              "required": false,
              "id": "finalComments",
              "questionOptions": {
                "rendering": "text",
                "concept": "160632AAAAAAAAAAAAAAAAAAAAAAAAAAAAAA"
              },
              "validators": []
            }
          ]
        }
      ]
    }
  ],
  "processor": "EncounterFormProcessor",
  "encounterType": "ec2a91e5-444a-4ca0-87f1-f71ddfaf57eb",
  "referencedForms": []
}