{
	"name": "Peer Overdose Reporting Tool",
	"description": "Peer Overdose Reporting Tool",
	"version": "1",
	"published": true,
	"uuid": "92fd9c5a-c84a-483b-8d78-d4d7a600db30",
	"retired": false,
	"encounter": "KP Peer Overdose reporting",
	"pages": [
	  {
		"label": "Peer Overdose Reporting Encounter",
		"sections": [
		  {
			"label": "Visit Details",
			"isExpanded": "true",
			"questions": [
			  {
				"label": "Date:",
				"type": "encounterDatetime",
				"required": "true",
				"questionOptions": {
				  "rendering": "ui-select-extended"
				},
				"validators": [
				  {
					"type": "date",
					"allowFutureDates": "false"
				  }
				],
				"id": "encDate"
			  },
			  {
				"label": "Provider:",
				"type": "encounterProvider",
				"required": "true",
				"questionOptions": {
				  "rendering": "ui-select-extended"
				},
				"id": "encProvider "
			  },
			  {
				"label": "Location:",
				"type": "encounterLocation",
				"required": "true",
				"questionOptions": {
				  "rendering": "ui-select-extended"
				},
				"id": "encLocation"
			  }
			]
		  },
		  {
			"label": "Overdose Encounter Reporting",
			"isExpanded": "true",
			"questions": [
			  {
				"label": "1. Physical address where overdose happened",
				"type": "obs",
				"id": "address",
				"questionOptions": {
				  "concept": "162725AAAAAAAAAAAAAAAAAAAAAAAAAAAAAA",
				  "rendering": "text"
				}
			  },
			  {
				"label": "Date of overdose",
				"type": "obs",
				"id": "incidentDate",
				"required": "Yes",
				"validators": [
				  {
					"type": "date",
					"allowFutureDates": "false"
				  }
				],
				"questionOptions": {
				  "concept": "796cf13b-0cea-4a5c-89b7-f484b71f7a59",
				  "rendering": "date"
				}
			  },
			  {
				"label": "2. Drug overdose incident type",
				"type": "obs",
				"id": "overdoseIncident",
				"required": "Yes",
				"questionOptions": {
				  "concept": "90c0407c-1664-4191-bae0-d24f9bba2fbf",
				  "rendering": "radio",
				  "answers": [
					{
					  "concept": "cee32394-2128-4f30-8b1a-add6d23d2a46",
					  "label": "Recurrent"
					},
					{
					  "concept": "46b67e80-3a33-486e-a9cf-1f2f4cd45824",
					  "label": "New"
					}
				  ]
				}
			  },
			  {
				"label": "3. Name of hotspot",
				"type": "obs",
				"id": "nameHotspot",
				"questionOptions": {
				  "concept": "07944782-2ad1-4319-b3bd-b5acd097a328",
				  "rendering": "text"
				}
			  },
			  {
				"label": "4. Type of Hotspot",
				"type": "obs",
				"id": "hotspotType",
				"questionOptions": {
				  "concept": "8e636ff6-6907-4c7e-965a-5c178c3237c6",
				  "rendering": "select",
				  "answers": [
					{
					  "concept": "4da6617b-0bce-4653-932f-b9aa85794f19",
					  "label": "Casino"
					},
					{
					  "concept": "500e6361-47d3-4239-81ae-cccca6999f08",
					  "label": "Sex den"
					},
					{
					  "concept": "50e3f356-04b7-47a6-89d4-b46b74fa68ac",
					  "label": "Guest house/hotel"
					},
					{
					  "concept": "0a802027-c3db-4c89-a06a-5172a5f57611",
					  "label": "Public Park"
					},
					{
					  "concept": "8fa3458f-217d-41ec-99a1-e80cb9e76963",
					  "label": "Bar with lodging"
					},
					{
					  "concept": "52fcebd8-62b1-4b4a-be41-2f0ed5cd0a77",
					  "label": "Brothel"
					},
					{
					  "concept": "8361b9dd-a67b-46cd-a7d8-4a49dc732a17",
					  "label": "Bar without lodging"
					},
					{
					  "concept": "c3231eda-d525-40b5-81ef-323d7ebec324",
					  "label": "Injecting den"
					},
					{
					  "concept": "45bd1bea-367d-45d5-b596-a81a4f095808",
					  "label": "Beach"
					},
					{
					  "concept": "7f9ab5d9-b95b-4341-9d99-3cd1a2d45752",
					  "label": "Strip club"
					},
					{
					  "concept": "0eb70f95-c0bb-480a-b0c5-dc987c740940",
					  "label": "Street"
					},
					{
					  "concept": "c31e2ac5-edcb-4f5e-a5a3-09e6158332bb",
					  "label": "Uninhabitable building"
					},
					{
					  "concept": "c042a7d4-a8fb-4b33-b638-15c4687912e7",
					  "label": "illicit brew den"
					},
					{
					  "concept": "17a0e078-4f8e-4993-ba93-26bbd6480069",
					  "label": "Highway"
					},
					{
					  "concept": "7e77fe7a-978a-48ba-b0ce-b5226fe61e25",
					  "label": "Barber shop/salon"
					}
				  ]
				}
			  },
			  {
				"label": "5. Naloxone provided",
				"type": "obs",
				"id": "naloxoneProvided",
				"questionOptions": {
				  "concept": "fe3ae6c1-7582-49c7-95ee-a0badfee2133",
				  "rendering": "radio",
				  "answers": [
					{
					  "concept": "1065AAAAAAAAAAAAAAAAAAAAAAAAAAAAAAAA",
					  "label": "Yes"
					},
					{
					  "concept": "1066AAAAAAAAAAAAAAAAAAAAAAAAAAAAAAAA",
					  "label": "No"
					}
				  ]
				}
			  },
			  {
				"label": "6. Specific DrugUse",
				"type": "obs",
				"id": "drugUse",
				"questionOptions": {
				  "concept": "1193AAAAAAAAAAAAAAAAAAAAAAAAAAAAAAAA",
				  "rendering": "checkbox",
				  "answers": [
					{
					  "concept": "79661AAAAAAAAAAAAAAAAAAAAAAAAAAAAAAA",
					  "label": "Methadone"
					},
					{
					  "concept": "121725AAAAAAAAAAAAAAAAAAAAAAAAAAAAAA",
					  "label": "Alcohol"
					},
					{
					  "concept": "146504AAAAAAAAAAAAAAAAAAAAAAAAAAAAAA",
					  "label": "Cannabis"
					},
					{
					  "concept": "73650AAAAAAAAAAAAAAAAAAAAAAAAAAAAAAA",
					  "label": "Cocaine"
					},
					{
					  "concept": "76511AAAAAAAAAAAAAAAAAAAAAAAAAAAAAAA",
					  "label": "Flunitrazepam (Tap tap, Bugizi)"
					},
					{
					  "concept": "77443AAAAAAAAAAAAAAAAAAAAAAAAAAAAAAA",
					  "label": "Heroine"
					},
					{
					  "concept": "5622AAAAAAAAAAAAAAAAAAAAAAAAAAAAAAAA",
					  "label": "Other"
					}
				  ]
				}
			  },
			  {
				"label": "7. Remarks",
				"type": "obs",
				"id": "remarks",
				"questionOptions": {
				  "concept": "160632AAAAAAAAAAAAAAAAAAAAAAAAAAAAAA",
				  "rendering": "text"
				}
			  },
			  {
				"label": "Other Drugs",
				"type": "obs",
				"id": "otherDrugsSpecify",
				"questionOptions": {
				  "concept": "163101AAAAAAAAAAAAAAAAAAAAAAAAAAAAAA",
				  "rendering": "text"
				},
				"validators": [],
				"hide": {
				  "hideWhenExpression": "isEmpty(drugUse) || !arrayContains(drugUse,'5622AAAAAAAAAAAAAAAAAAAAAAAAAAAAAAAA')"
				}
			  },
			  {
				"label": "8. Outcome",
				"type": "obs",
				"id": "overdoseOutcome",
				"questionOptions": {
				  "concept": "b336c0e2-97af-4183-b74a-d42660319ce5",
				  "rendering": "radio",
				  "answers": [
					{
					  "concept": "1272AAAAAAAAAAAAAAAAAAAAAAAAAAAAAAAA",
					  "label": "Referred (Specify)"
					},
					{
					  "concept": "160034AAAAAAAAAAAAAAAAAAAAAAAAAAAAAA",
					  "label": "Died"
					}
				  ]
				}
			  },
			  {
				"label": "Referred to",
				"type": "obs",
				"id": "referredSpecify",
				"questionOptions": {
				  "concept": "161562AAAAAAAAAAAAAAAAAAAAAAAAAAAAAA",
				  "rendering": "text"
				},
				"validators": [],
				"hide": {
				  "hideWhenExpression": "overdoseOutcome !== '1272AAAAAAAAAAAAAAAAAAAAAAAAAAAAAAAA'"
				}
			  },
			  {
				"label": "9. Reported by",
				"type": "obs",
				"id": "healthCareProvider",
				"questionOptions": {
				  "concept": "1473AAAAAAAAAAAAAAAAAAAAAAAAAAAAAAAA",
				  "rendering": "text"
				}
			  },
			  {
				"label": "Report Date",
				"type": "obs",
				"id": "reportedDate",
				"validators": [
				  {
					"type": "date",
					"allowFutureDates": "false"
				  }
				],
				"questionOptions": {
				  "concept": "68bfa3f3-1fc7-4d9d-bb41-e897c3c430ef",
				  "rendering": "date"
				}
			  },
			  {
				"label": "10. Witnessed by",
				"type": "obs",
				"id": "witnessName",
				"questionOptions": {
				  "concept": "b7f19768-bb0e-4bd4-b24b-e53b566b6af9",
				  "rendering": "text"
				}
			  },
			  {
				"label": "Date of Event",
				"type": "obs",
				"id": "witnessDate",
				"validators": [
				  {
					"type": "date",
					"allowFutureDates": "false"
				  }
				],
				"questionOptions": {
				  "concept": "160753AAAAAAAAAAAAAAAAAAAAAAAAAAAAAA",
				  "rendering": "date"
				}
			  }
			]
		  }
		]
	  }
	],
	"processor": "EncounterFormProcessor",
	"referencedForms": []
  }