{
	"name": "KVP Peer Tracking Form",
	"description": "Peer Tracking Form",
	"version": "2.0",
	"published": true,
	"uuid": "63917c60-3fea-11e9-b210-d663bd873d93",
	"retired": false,
	"encounter": "KP Tracing",
	"pages": [
	  {
		"label": "Peer Tracking ",
		"sections": [
		  {
			"label": "Visit Details",
			"isExpanded": "true",
			"questions": [
			  {
				"label": "Date:",
				"type": "encounterDatetime",
				"required": "true",
				"validators": [
				  {
					"type": "date",
					"allowFutureDates": "false"
				  }
				],
				"questionOptions": {
				  "rendering": "ui-select-extended"
				},
				"id": "encDate"
			  },
			  {
				"label": "Provider:",
				"type": "encounterProvider",
				"required": "true",
				"questionOptions": {
				  "rendering": "ui-select-extended"
				},
				"id": "encProvider "
			  },
			  {
				"label": "Location:",
				"type": "encounterLocation",
				"required": "true",
				"questionOptions": {
				  "rendering": "ui-select-extended"
				},
				"id": "encLocation"
			  }
			]
		  },
		  {
			"label": "Client Follow Up Tracking",
			"isExpanded": "true",
			"questions": [
			  {
				"label": "Tracking attempted?",
				"type": "obs",
				"id": "trackingAttempted",
				"questionOptions": {
				  "concept": "d83bca86-6734-4b26-b67c-c2133948fbac",
				  "rendering": "radio",
				  "answers": [
					{
					  "concept": "1065AAAAAAAAAAAAAAAAAAAAAAAAAAAAAAAA",
					  "label": "Yes"
					},
					{
					  "concept": "1066AAAAAAAAAAAAAAAAAAAAAAAAAAAAAAAA",
					  "label": "No"
					}
				  ]
				}
			  }
			]
		  },
		  {
			"label": "Tracing attempt by PE/Health care worker",
			"isExpanded": "true",
			"questions": [
			  {
				"label": "Please specify the attempt number since last missed appointment (i.e. 1, 2, 3):",
				"type": "obs",
				"questionOptions": {
				  "rendering": "number",
				  "concept": "1639AAAAAAAAAAAAAAAAAAAAAAAAAAAAAAAA",
				  "required": "true",
				  "min": "1",
				  "max": "4"
				},
				"id": "attemptNumber",
				"validators": [],
				"hide": {
				  "hideWhenExpression": "trackingAttempted !== '1065AAAAAAAAAAAAAAAAAAAAAAAAAAAAAAAA'"
				}
			  },
			  {
				"label": "Date",
				"type": "obs",
				"questionOptions": {
				  "rendering": "date",
				  "concept": "160753AAAAAAAAAAAAAAAAAAAAAAAAAAAAAA",
				  "required": "true"
				},
				"id": "firstAttempt",
				"validators": [
				  {
					"type": "date",
					"allowFutureDates": "false"
				  }
				],
				"hide": {
				  "hideWhenExpression": "trackingAttempted !== '1065AAAAAAAAAAAAAAAAAAAAAAAAAAAAAAAA'"
				}
			  },
			  {
				"label": "Tracing type",
				"type": "obs",
				"questionOptions": {
				  "rendering": "radio",
				  "concept": "a55f9516-ddb6-47ec-b10d-cb99d1d0bd41",
				  "required": "true",
				  "answers": [
					{
					  "concept": "1650AAAAAAAAAAAAAAAAAAAAAAAAAAAAAAAA",
					  "label": "Phone"
					},
					{
					  "concept": "eb113c76-aef8-4890-a611-fe22ba003123",
					  "label": "Physical"
					}
				  ]
				},
				"id": "firstTracingType",
				"validators": [],
				"hide": {
				  "hideWhenExpression": "trackingAttempted !== '1065AAAAAAAAAAAAAAAAAAAAAAAAAAAAAAAA'"
				}
			  },
			  {
				"label": "Tracing outcome",
				"type": "obs",
				"questionOptions": {
				  "rendering": "radio",
				  "concept": "160721AAAAAAAAAAAAAAAAAAAAAAAAAAAAAA",
				  "answers": [
					{
					  "concept": "160718AAAAAAAAAAAAAAAAAAAAAAAAAAAAAA",
					  "label": "KVP reached"
					},
					{
					  "concept": "160717AAAAAAAAAAAAAAAAAAAAAAAAAAAAAA",
					  "label": "KVP not reached but other informant reached"
					},
					{
					  "concept": "160720AAAAAAAAAAAAAAAAAAAAAAAAAAAAAA",
					  "label": "KVP not reached"
					}
				  ]
				},
				"id": "firstTracingOutcome",
				"validators": [],
				"required": "true",
				"hide": {
				  "hideWhenExpression": "trackingAttempted !== '1065AAAAAAAAAAAAAAAAAAAAAAAAAAAAAAAA'"
				}
			  },
			  {
				"label": "Was the final outcome reached?",
				"type": "obs",
				"questionOptions": {
				  "rendering": "radio",
				  "concept": "163725AAAAAAAAAAAAAAAAAAAAAAAAAAAAAA",
				  "answers": [
					{
					  "concept": "1267AAAAAAAAAAAAAAAAAAAAAAAAAAAAAAAA",
					  "label": "Yes"
					},
					{
					  "concept": "163339AAAAAAAAAAAAAAAAAAAAAAAAAAAAAA",
					  "label": "No"
					}
				  ]
				},
				"id": "finalOutcome",
				"validators": [],
				"required": "true",
				"hide": {
				  "hideWhenExpression": "trackingAttempted !== '1065AAAAAAAAAAAAAAAAAAAAAAAAAAAAAAAA'"
				}
			  }
			]
		  },
		  {
			"label": "Tracing outcome status",
			"isExpanded": "true",
			"questions": [
			  {
				"label": "Outcome Status",
				"type": "obs",
				"id": "tracingOutcomeStatus",
				"questionOptions": {
				  "concept": "160433AAAAAAAAAAAAAAAAAAAAAAAAAAAAAA",
				  "rendering": "radio",
				  "answers": [
					{
					  "concept": "160432AAAAAAAAAAAAAAAAAAAAAAAAAAAAAA",
					  "label": "Dead"
					},
					{
					  "concept": "160415AAAAAAAAAAAAAAAAAAAAAAAAAAAAAA",
					  "label": "Relocated"
					},
					{
					  "concept": "ddac1f1b-a5c7-4c62-b034-5d0b97197fd5",
					  "label": "Voluntary exit"
					},
					{
					  "concept": "134236AAAAAAAAAAAAAAAAAAAAAAAAAAAAAA",
					  "label": "Enrolled in MAT (applicable to PWIDS only)"
					},
					{
					  "concept": "4e996d3a-103a-41b0-afef-a2101d4072be",
					  "label": "Untraceable"
					},
					{
					  "concept": "162752AAAAAAAAAAAAAAAAAAAAAAAAAAAAAA",
					  "label": "Bedridden"
					},
					{
					  "concept": "156761AAAAAAAAAAAAAAAAAAAAAAAAAAAAAA",
					  "label": "Imprisoned"
					},
					{
					  "concept": "162632AAAAAAAAAAAAAAAAAAAAAAAAAAAAAA",
					  "label": "Found"
					}
				  ]
				},
				"validators": [],
				"hide": {
				  "hideWhenExpression": "trackingAttempted !== '1065AAAAAAAAAAAAAAAAAAAAAAAAAAAAAAAA'"
				}
			  },
			  {
				"label": "Comments explaining the reason(s) for voluntary exit",
				"type": "obs",
				"id": "commentVoluntaryExit",
				"questionOptions": {
				  "concept": "160716AAAAAAAAAAAAAAAAAAAAAAAAAAAAAA",
				  "rendering": "textarea"
				},
				"validators": [],
				"hide": {
				  "hideWhenExpression": "tracingOutcomeStatus !== 'ddac1f1b-a5c7-4c62-b034-5d0b97197fd5' || trackingAttempted !== '1065AAAAAAAAAAAAAAAAAAAAAAAAAAAAAAAA'"
				}
			  },
			  {
				"label": "Status in the programme",
				"type": "obs",
				"id": "statusInProgramme",
				"questionOptions": {
				  "concept": "161641AAAAAAAAAAAAAAAAAAAAAAAAAAAAAA",
				  "rendering": "radio",
				  "answers": [
					{
					  "concept": "5240AAAAAAAAAAAAAAAAAAAAAAAAAAAAAAAA",
					  "label": "Lost to follow up"
					},
					{
					  "concept": "160031AAAAAAAAAAAAAAAAAAAAAAAAAAAAAA",
					  "label": "Defaulted"
					},
					{
					  "concept": "161636AAAAAAAAAAAAAAAAAAAAAAAAAAAAAA",
					  "label": "Active"
					},
					{
					  "concept": "160432AAAAAAAAAAAAAAAAAAAAAAAAAAAAAA",
					  "label": "Dead"
					}
				  ]
				},
				"validators": [],
				"hide": {
				  "hideWhenExpression": "trackingAttempted !== '1065AAAAAAAAAAAAAAAAAAAAAAAAAAAAAAAA'"
				}
			  },
			  {
				"label": "Source of information",
				"type": "obs",
				"id": "sourceInformation",
				"questionOptions": {
				  "concept": "162568AAAAAAAAAAAAAAAAAAAAAAAAAAAAAA",
				  "rendering": "radio",
				  "answers": [
					{
					  "concept": "bf850dd4-309b-4cbd-9470-9d8110ea5550",
					  "label": "KP"
					},
					{
					  "concept": "8f45b9c7-ee84-4ae8-b846-e6f1c1087a97",
					  "label": "PE"
					},
					{
					  "concept": "5622AAAAAAAAAAAAAAAAAAAAAAAAAAAAAAAA",
					  "label": "Other informant-specify (friend/neighbor/spouse/ etc)"
					}
				  ]
				},
				"validators": [],
				"hide": {
				  "hideWhenExpression": "trackingAttempted !== '1065AAAAAAAAAAAAAAAAAAAAAAAAAAAAAAAA'"
				}
			  },
			  {
				"label": "Specify other source of information",
				"type": "obs",
				"id": "otherInformant",
				"questionOptions": {
				  "concept": "160632AAAAAAAAAAAAAAAAAAAAAAAAAAAAAA",
				  "rendering": "text"
				},
				"validators": [],
				"hide": {
				  "hideWhenExpression": "sourceInformation !== '5622AAAAAAAAAAAAAAAAAAAAAAAAAAAAAAAA' || trackingAttempted !== '1065AAAAAAAAAAAAAAAAAAAAAAAAAAAAAAAA'"
				}
			  }
			]
		  },
		  {
			"label": "Reason not attempted",
			"isExpanded": "true",
			"questions": [
			  {
				"label": "Why was tracking not attempted?",
				"type": "obs",
				"id": "trackingNotAttempted",
				"questionOptions": {
				  "concept": "0a96301c-9362-4597-a1db-21ab08a3e7be",
				  "rendering": "radio",
				  "answers": [
					{
					  "concept": "0c112728-17b5-4342-b603-ac6dd2acf9cd",
					  "label": "Contact information missing"
					},
					{
					  "concept": "ac1fcb25-f443-4a32-b638-193f04d897a9",
					  "label": "Location listed too general to make tracking possible"
					},
					{
					  "concept": "8877e01c-10ee-45c6-bf6d-645dc6e30f27",
					  "label": "Contact information illegible"
					},
					{
					  "concept": "163777AAAAAAAAAAAAAAAAAAAAAAAAAAAAAA",
					  "label": "Cohort register/ peer outreach calendar reviewed and client not lost to follow up"
					},
					{
					  "concept": "5622AAAAAAAAAAAAAAAAAAAAAAAAAAAAAAAA",
					  "label": "Other -specify"
					}
				  ]
				},
				"validators": [],
				"hide": {
				  "hideWhenExpression": "trackingAttempted !== '1066AAAAAAAAAAAAAAAAAAAAAAAAAAAAAAAA'"
				}
			  },
			  {
				"label": "Specify why was tracking not attempted?",
				"type": "obs",
				"id": "trueStatusOther",
				"questionOptions": {
				  "concept": "161011AAAAAAAAAAAAAAAAAAAAAAAAAAAAAA",
				  "rendering": "text"
				},
				"validators": [],
				"hide": {
				  "hideWhenExpression": "trackingNotAttempted !== '5622AAAAAAAAAAAAAAAAAAAAAAAAAAAAAAAA' || trackingAttempted !== '1066AAAAAAAAAAAAAAAAAAAAAAAAAAAAAAAA'"
				}
			  }
			]
		  }
		]
	  }
	],
	"processor": "EncounterFormProcessor",
	"referencedForms": [],
	"encounterType": "ce841b19-0acd-46fd-b223-2ca9b5356237"
  }