{
    "name": "PEP MANAGEMENT FORM FOR OCCUPATIONAL EXPOSURE",
    "description": "PEP Form Management for OCN",
    "version": "1.0.0",
    "published": false,
    "retired": false,
    "encounter": "PEP Management OCN Encounter",
    "processor": "EncounterFormProcessor",
    "encounterType": "5c1ecaf1-ec25-46b7-9b5e-ee7fe44f03cf",
    "referencedForms": [],
    "uuid": "556718da-7564-4286-a081-c50f8e4b6504",
    "pages": [
        {
            "label": "Starter page",
            "sections": [
                {
                    "label": "Encounter Details",
                    "isExpanded": "true",
                    "questions": [
                      {
                        "label": "Visit date:",
                        "type": "encounterDatetime",
                        "required": "true",
                        "id": "encDate",
                        "questionOptions": {
                          "rendering": "date"
                        },
                        "validators": [
                          {
                            "type": "date",
                            "allowFutureDates": "false"
                          }
                        ]
                      },
                      {
                        "label": "Provider:",
                        "type": "encounterProvider",
                        "required": "true",
                        "questionOptions": {
                          "rendering": "ui-select-extended"
                        },
                        "id": "encProvider "
                      },
                      {
                        "label": "Location:",
                        "type": "encounterLocation",
                        "required": "true",
                        "questionOptions": {
                          "rendering": "ui-select-extended"
                        },
                        "id": "encLocation"
                      }
                    ]
                  },
                {
                    "label": "Starter section",
                    "isExpanded": true,
                    "questions": [
                        {
                            "label": "Cadre",
                            "type": "obs",
                            "id": "cadre",
                            "questionOptions": {
                                "concept": "162169AAAAAAAAAAAAAAAAAAAAAAAAAAAAAA",
                                "rendering": "textarea"
                            }
                        },
                        {
                            "label": "Location during exposure",
                            "type": "obs",
                            "id": "locExposure",
                            "questionOptions": {
                                "concept": "1673AAAAAAAAAAAAAAAAAAAAAAAAAAAAAAAA",
                                "rendering": "textarea"
                            }
                        },
                        {
                            "label": "Date and Time of Exposure",
                            "type": "obs",
                            "id": "dateTimeExposure",
                            "questionOptions": {
                                "concept": "162601AAAAAAAAAAAAAAAAAAAAAAAAAAAAAA",
                                "rendering": "date"
                            }
                        },
                        {
                            "label": "Type of Exposure",
                            "type": "obs",
                            "id": "other-violence",
                            "questionOptions": {
                                "concept": "1572AAAAAAAAAAAAAAAAAAAAAAAAAAAAAAAA",
                                "rendering": "radio",
                                "answers": [
                                    {
                                        "concept": "1536AAAAAAAAAAAAAAAAAAAAAAAAAAAAAAAA",
                                        "label": "Needle prick"
                                    },
                                    {
                                        "concept": "1588AAAAAAAAAAAAAAAAAAAAAAAAAAAAAAAA",
                                        "label": "Cut wound"
                                    },
                                    {
                                        "concept": "1589AAAAAAAAAAAAAAAAAAAAAAAAAAAAAAAA",
                                        "label": "Splash on mucosa"
                                    },
                                    {
                                        "concept": "1601AAAAAAAAAAAAAAAAAAAAAAAAAAAAAAAA",
                                        "label": "Splash on non intact skin"
                                    },
                                    {
                                        "concept": "5622AAAAAAAAAAAAAAAAAAAAAAAAAAAAAAAA",
                                        "label": "others(specify)"
                                    }
                                ]
                            }
                        },
                        {
                            "label": "Specify other exposure",
                            "type": "obs",
                            "id": "specifyOtherExposure",
                            "questionOptions": {
                                "concept": "160716AAAAAAAAAAAAAAAAAAAAAAAAAAAAAA",
                                "rendering": "textarea"
                            }
                        },
                        {
                            "label": "Severity of exposure",
                            "type": "obs",
                            "id": "exposure-severity",
                            "questionOptions": {
                                "concept": "159559AAAAAAAAAAAAAAAAAAAAAAAAAAAAAA",
                                "rendering": "radio",
                                "answers": [
                                    {
                                        "concept": "1499AAAAAAAAAAAAAAAAAAAAAAAAAAAAAAAA",
                                        "label": "Superficial"
                                    },
                                    {
                                        "concept": "1500AAAAAAAAAAAAAAAAAAAAAAAAAAAAAAAA",
                                        "label": "Deep"
                                    }
                                ]
                            }
                        },
                        {
                            "label": "Device causing exposure",
                            "type": "obs",
                            "id": "device-causing-exposure",
                            "questionOptions": {
                                "concept": "164204AAAAAAAAAAAAAAAAAAAAAAAAAAAAAA",
                                "rendering": "radio",
                                "answers": [
                                    {
                                        "concept": "460AAAAAAAAAAAAAAAAAAAAAAAAAAAAAAAAA",
                                        "label": "Hollow bore needle"
                                    },
                                    {
                                        "concept": "136443AAAAAAAAAAAAAAAAAAAAAAAAAAAAAA",
                                        "label": "Glass"
                                    },
                                    {
                                        "concept": "5201AAAAAAAAAAAAAAAAAAAAAAAAAAAAAAAA",
                                        "label": "Solid needle"
                                    },
                                    {
                                        "concept": "5243AAAAAAAAAAAAAAAAAAAAAAAAAAAAAAAA",
                                        "label": "Scalpel"
                                    },
                                    {
                                        "concept": "5622AAAAAAAAAAAAAAAAAAAAAAAAAAAAAAAA",
                                        "label": "Other (specify)"
                                    }
                                ]
                            }
                        },
                        {
                            "label": "Specify other device causing exposure",
                            "type": "obs",
                            "id": "otherDeviceCausingExpo",
                            "questionOptions": {
                                "concept": "160632AAAAAAAAAAAAAAAAAAAAAAAAAAAAAA",
                                "rendering": "textarea"
                            }
                        },
                        {
                            "label": "Was the device safety designed (with sliding sheath/sleeve,guards,retractable)",
                            "type": "obs",
                            "id": "device-designed-safety",
                            "questionOptions": {
                                "concept": "164875AAAAAAAAAAAAAAAAAAAAAAAAAAAAAA",
                                "rendering": "radio",
                                "answers": [
                                    {
                                        "concept": "1066AAAAAAAAAAAAAAAAAAAAAAAAAAAAAAAA",
                                        "label": "No"
                                    },
                                    {
                                        "concept": "1065AAAAAAAAAAAAAAAAAAAAAAAAAAAAAAAA",
                                        "label": "Yes"
                                    }
                                ]
                            }
                        },
                        {
                            "label": "Procedure device was used for",
                            "type": "obs",
                            "id": "procedureDevice",
                            "questionOptions": {
                                "concept": "166635AAAAAAAAAAAAAAAAAAAAAAAAAAAAAA",
                                "rendering": "textarea"
                            }
                        },
                        {
                            "label": "Describe how the injury occurred",
                            "type": "obs",
                            "id": "describeInjuryOccurence",
                            "questionOptions": {
                                "concept": "163042AAAAAAAAAAAAAAAAAAAAAAAAAAAAAA",
                                "rendering": "textarea"
                            }
                        },
                        {
                            "label": "HIV",
                            "type": "obs",
                            "id": "hivTest",
                            "questionOptions": {
                                "concept": "159427AAAAAAAAAAAAAAAAAAAAAAAAAAAAAA",
                                "rendering": "radio",
                                "answers": [
                                    {
                                        "concept": "1067AAAAAAAAAAAAAAAAAAAAAAAAAAAAAAAA",
                                        "label": "Unknown"
                                    },
                                    {
                                        "concept": "703AAAAAAAAAAAAAAAAAAAAAAAAAAAAAAAAA",
                                        "label": "Positive"
                                    },
                                    {
                                        "concept": "664AAAAAAAAAAAAAAAAAAAAAAAAAAAAAAAAA",
                                        "label": "Negative"
                                    }
                                ]
                            }
                        },
                        {
                            "label": "HBsAG",
                            "type": "obs",
                            "id": "hbsagTest",
                            "questionOptions": {
                                "concept": "161472AAAAAAAAAAAAAAAAAAAAAAAAAAAAAA",
                                "rendering": "radio",
                                "answers": [
                                    {
                                        "concept": "1067AAAAAAAAAAAAAAAAAAAAAAAAAAAAAAAA",
                                        "label": "Unknown"
                                    },
                                    {
                                        "concept": "703AAAAAAAAAAAAAAAAAAAAAAAAAAAAAAAAA",
                                        "label": "Positive"
                                    },
                                    {
                                        "concept": "664AAAAAAAAAAAAAAAAAAAAAAAAAAAAAAAAA",
                                        "label": "Negative"
                                    }
                                ]
                            }
                        },
                        {
                            "label": "HCV",
                            "type": "obs",
                            "id": "hcvTest",
                            "questionOptions": {
                                "concept": "161471AAAAAAAAAAAAAAAAAAAAAAAAAAAAAA",
                                "rendering": "radio",
                                "answers": [
                                    {
                                        "concept": "1067AAAAAAAAAAAAAAAAAAAAAAAAAAAAAAAA",
                                        "label": "Unknown"
                                    },
                                    {
                                        "concept": "703AAAAAAAAAAAAAAAAAAAAAAAAAAAAAAAAA",
                                        "label": "Positive"
                                    },
                                    {
                                        "concept": "664AAAAAAAAAAAAAAAAAAAAAAAAAAAAAAAAA",
                                        "label": "Negative"
                                    }
                                ]
                            }
                        },
                        {
                            "label": "Have you previously had an accident exposure to blood or body fluids?",
                            "type": "obs",
                            "id": "prev-accident-expo",
                            "questionOptions": {
                                "concept": "1716AAAAAAAAAAAAAAAAAAAAAAAAAAAAAAAA",
                                "rendering": "radio",
                                "answers": [
                                    {
                                        "concept": "1066AAAAAAAAAAAAAAAAAAAAAAAAAAAAAAAA",
                                        "label": "No"
                                    },
                                    {
                                        "concept": "1065AAAAAAAAAAAAAAAAAAAAAAAAAAAAAAAA",
                                        "label": "Yes"
                                    }
                                ]
                            }
                        },
                        {
                            "label": "Did you take PEP for your last exposure",
                            "type": "obs",
                            "id": "pep-prev",
                            "questionOptions": {
                                "concept": "d3f845d4-3a6a-447e-9c68-89a32830071d",
                                "rendering": "radio",
                                "answers": [
                                    {
                                        "concept": "1066AAAAAAAAAAAAAAAAAAAAAAAAAAAAAAAA",
                                        "label": "No"
                                    },
                                    {
                                        "concept": "1065AAAAAAAAAAAAAAAAAAAAAAAAAAAAAAAA",
                                        "label": "Yes"
                                    }
                                ]
                            }
                        },
                        {
                            "label": "What regimen did you take? (use regimen codes)",
                            "type": "obs",
                            "id": "regimen-taken",
                            "questionOptions": {
                                "concept": "166086AAAAAAAAAAAAAAAAAAAAAAAAAAAAAA",
                                "rendering": "textarea"
                            }
                        },
                        {
                            "label": "For how many days?",
                            "type": "obs",
                            "id": "pep-prev-duration",
                            "questionOptions": {
                                "concept": "d85918e3-11ba-43df-986e-2107d7e6b500",
                                "rendering": "number"
                            }
                        },
                        {
                            "label": "If less than 28 days, give reason why the dose was not completed?",
                            "type": "obs",
                            "id": "pep-prev-not-completed",
                            "questionOptions": {
                                "concept": "160632AAAAAAAAAAAAAAAAAAAAAAAAAAAAAA",
                                "rendering": "textarea"
                            }
                        },
                        {
                            "label": "Have you had Hepatitis B immunization",
                            "type": "obs",
                            "id": "hep-b-vaccine",
                            "questionOptions": {
                                "concept": "159430AAAAAAAAAAAAAAAAAAAAAAAAAAAAAA",
                                "rendering": "radio",
                                "answers": [
                                    {
                                        "concept": "1067AAAAAAAAAAAAAAAAAAAAAAAAAAAAAAAA",
                                        "label": "Yes partially (1-2 doses)"
                                    },
                                    {
                                        "concept": "1066AAAAAAAAAAAAAAAAAAAAAAAAAAAAAAAA",
                                        "label": "No"
                                    },
                                    {
                                        "concept": "1065AAAAAAAAAAAAAAAAAAAAAAAAAAAAAAAA",
                                        "label": "Yes fully (3 doses)"
                                    }
                                ]
                            }
                        },
                        {
                            "label": "I do wish to take PEP",
                            "type": "obs",
                            "id": "wish-not-to-take-pep",
                            "questionOptions": {
                                "concept": "164845AAAAAAAAAAAAAAAAAAAAAAAAAAAAAA",
                                "rendering": "radio",
                                "answers": [
                                    {
                                        "concept": "1066AAAAAAAAAAAAAAAAAAAAAAAAAAAAAAAA",
                                        "label": "No"
                                    },
                                    {
                                        "concept": "1065AAAAAAAAAAAAAAAAAAAAAAAAAAAAAAAA",
                                        "label": "Yes"
                                    }
                                ]
                            }
                        },
                        {
                            "label": "Is the health care worker pregnant?",
                            "type": "obs",
                            "id": "pregnantHCP",
                            "questionOptions": {
                                "concept": "1523AAAAAAAAAAAAAAAAAAAAAAAAAAAAAAAA",
                                "rendering": "radio",
                                "answers": [
                                    {
                                        "concept": "1066AAAAAAAAAAAAAAAAAAAAAAAAAAAAAAAA",
                                        "label": "No"
                                    },
                                    {
                                        "concept": "1065AAAAAAAAAAAAAAAAAAAAAAAAAAAAAAAA",
                                        "label": "Yes"
                                    }
                                ]
                            }
                        },
                        {
                            "label": "Is the health care worker Breastfeeding?",
                            "type": "obs",
                            "id": "breastfeedingHCP",
                            "questionOptions": {
                                "concept": "5632AAAAAAAAAAAAAAAAAAAAAAAAAAAAAAAA",
                                "rendering": "radio",
                                "answers": [
                                    {
                                        "concept": "1066AAAAAAAAAAAAAAAAAAAAAAAAAAAAAAAA",
                                        "label": "No"
                                    },
                                    {
                                        "concept": "1065AAAAAAAAAAAAAAAAAAAAAAAAAAAAAAAA",
                                        "label": "Yes"
                                    }
                                ]
                            }
                        },
                        {
                            "label": "Does the health care worker have any underlying health problems?",
                            "type": "obs",
                            "id": "underlying-health-pro",
                            "questionOptions": {
                                "concept": "164878AAAAAAAAAAAAAAAAAAAAAAAAAAAAAA",
                                "rendering": "radio",
                                "answers": [
                                    {
                                        "concept": "1066AAAAAAAAAAAAAAAAAAAAAAAAAAAAAAAA",
                                        "label": "No"
                                    },
                                    {
                                        "concept": "1065AAAAAAAAAAAAAAAAAAAAAAAAAAAAAAAA",
                                        "label": "Yes"
                                    }
                                ]
                            }
                        },
                        {
                            "label": "What are the underlying health problem?",
                            "type": "obs",
                            "id": "underlying-pro",
                            "questionOptions": {
                                "concept": "163042AAAAAAAAAAAAAAAAAAAAAAAAAAAAAA",
                                "rendering": "textarea"
                            }
                        },
                        {
                            "label": "Is the health care worker on any medication?",
                            "type": "obs",
                            "id": "onmedicationHCP",
                            "questionOptions": {
                                "concept": "161472AAAAAAAAAAAAAAAAAAAAAAAAAAAAAA",
                                "rendering": "radio",
                                "answers": [
                                    {
                                        "concept": "1066AAAAAAAAAAAAAAAAAAAAAAAAAAAAAAAA",
                                        "label": "No"
                                    },
                                    {
                                        "concept": "1065AAAAAAAAAAAAAAAAAAAAAAAAAAAAAAAA",
                                        "label": "Yes"
                                    }
                                ]
                            }
                        },
                        {
                            "label": "Preliminary Classification of risk?",
                            "type": "obs",
                            "id": "preliminaryClassificationRisk",
                            "questionOptions": {
                                "concept": "8bc555fe-c317-4983-af94-f42bce8a220e",
                                "rendering": "radio",
                                "answers": [
                                    {
                                        "concept": "1066AAAAAAAAAAAAAAAAAAAAAAAAAAAAAAAA",
                                        "label": "High risk"
                                    },
                                    {
                                        "concept": "1065AAAAAAAAAAAAAAAAAAAAAAAAAAAAAAAA",
                                        "label": "Low risk"
                                    }
                                ]
                            }
                        },
                        {
                            "label": "Next review date:",
                            "required": false,
                            "id": "appointmentWorkspaceLauncher",
                            "questionOptions": {
                              "rendering": "workspace-launcher",
                              "buttonLabel": "Add appointments",
                              "workspaceName": "appointments-form-workspace"
                            }
                          }
                    ]
                }
            ]
        }
    ]
}