{
    "name": "PEP MANAGEMENT FORM FOR NON-OCCUPATIONAL EXPOSURE",
    "description": "PEP MANAGEMENT FOR NON-OCCUPATIONAL EXPOSURE",
    "version": "1.0",
    "published": false,
    "retired": false,
    "encounter": "PEP Management Non OCN Encounter",
    "processor": "EncounterFormProcessor",
    "encounterType": "4f718f68-b414-4e27-803e-b4fbbc959d89",
    "referencedForms": [],
    "uuid": "92de9269-6bb4-4c24-8ec9-870aa2c64b5a",
    "pages": [
    {
      "label": "Starter page",
      "sections": [
        {
          "label": "Encounter Details",
          "isExpanded": "true",
          "questions": [
            {
              "label": "Visit date:",
              "type": "encounterDatetime",
              "required": "true",
              "id": "encDate",
              "questionOptions": {
                "rendering": "date"
              },
              "validators": [
                {
                  "type": "date",
                  "allowFutureDates": "false"
                }
              ]
            },
            {
              "label": "Provider:",
              "type": "encounterProvider",
              "required": "true",
              "questionOptions": {
                "rendering": "ui-select-extended"
              },
              "id": "encProvider "
            },
            {
              "label": "Location:",
              "type": "encounterLocation",
              "required": "true",
              "questionOptions": {
                "rendering": "ui-select-extended"
              },
              "id": "encLocation"
            }
          ]
        },
        {
          "label": "Starter section",
          "isExpanded": true,
          "questions": [
            {
              "label": "OCN Number",
              "type": "obs",
              "id": "ocnNumber",
              "questionOptions": {
                "concept": "162086AAAAAAAAAAAAAAAAAAAAAAAAAAAAAA",
                "rendering": "text"
              }
            },
            {
              "label": "Type of Exposure",
              "type": "obs",
              "id": "typeOfExposure",
              "questionOptions": {
                "concept": "3ac6cb43-0fc9-437d-aca2-bc2b66066941",
                "rendering": "radio",
                "answers": [
                  {
                    "concept": "159218AAAAAAAAAAAAAAAAAAAAAAAAAAAAAA",
                    "label": "Unprotected sex"
                  },
                  {
                    "concept": "1536AAAAAAAAAAAAAAAAAAAAAAAAAAAAAAAA",
                    "label": "Needle prick"
                  },
                  {
                    "concept": "bf27b756-d8cf-460a-8df1-4a190ac90089",
                    "label": "Condom Burst"
                  },
                  {
                    "concept": "137655AAAAAAAAAAAAAAAAAAAAAAAAAAAAAA",
                    "label": "Cut wound"
                  },
                  {
                    "concept": "147273AAAAAAAAAAAAAAAAAAAAAAAAAAAAAA",
                    "label": "Human bite"
                  },
                  {
                    "concept": "5622AAAAAAAAAAAAAAAAAAAAAAAAAAAAAAAA",
                    "label": "Other"
                  }
                ]
              }
            },
            {
              "label": "Specify other exposure",
              "type": "obs",
              "id": "otherExposureSpecify",
              "questionOptions": {
                "concept": "d7f01f09-1e8b-4129-bdf6-dbae6e9aa69c",
                "rendering": "textarea"
              },
              "hide": {
                "hideWhenExpression": "isEmpty(typeOfExposure) || typeOfExposure !== '5622AAAAAAAAAAAAAAAAAAAAAAAAAAAAAAAA'"
              }
            },
            {
              "label": "HIV Test Result",
              "type": "obs",
              "id": "HivTestResult",
              "questionOptions": {
                "concept": "159427AAAAAAAAAAAAAAAAAAAAAAAAAAAAAA",
                "rendering": "radio",
                "answers": [
                  {
                    "concept": "664AAAAAAAAAAAAAAAAAAAAAAAAAAAAAAAAA",
                    "label": "Positive"
                  },
                  {
                    "concept": "703AAAAAAAAAAAAAAAAAAAAAAAAAAAAAAAAA",
                    "label": "Negative"
                  }
                ]
              }
            },
            {
              "label": "Starter Pack given",
              "type": "obs",
              "id": "StarterPackIssued",
              "questionOptions": {
                "concept": "1263AAAAAAAAAAAAAAAAAAAAAAAAAAAAAAAA",
                "rendering": "radio",
                "answers": [
                  {
                    "concept": "1065AAAAAAAAAAAAAAAAAAAAAAAAAAAAAAAA",
                    "label": "Yes"
                  },
                  {
                    "concept": "1066AAAAAAAAAAAAAAAAAAAAAAAAAAAAAAAA",
                    "label": "No"
                  }
                ]
              },
              "hide": {
                "hideWhenExpression": "isEmpty(HivTestResult) || HivTestResult !== '703AAAAAAAAAAAAAAAAAAAAAAAAAAAAAAAAA'"
              }
            },
            {
              "label": "Drug Order",
              "id": "drugsWorkspaceLauncher",
              "questionOptions": {
                "rendering": "workspace-launcher",
                "buttonLabel": "Add drug order",
                "workspaceName": "add-drug-order"
              },
              "hide": {
                "hideWhenExpression": "isEmpty(StarterPackIssued) || StarterPackIssued !== '1065AAAAAAAAAAAAAAAAAAAAAAAAAAAAAAAA'"
              }
            },
            {
              "label": "Order any Investigation?",
              "type": "obs",
              "id": "investigationOrderd",
              "questionOptions": {
                "rendering": "radio",
                "concept": "0179f241-8c1d-47c1-8128-841f6508e251",
                "answers": [
                  {
                    "concept": "1065AAAAAAAAAAAAAAAAAAAAAAAAAAAAAAAA",
                    "label": "Yes"
                  },
                  {
                    "concept": "1066AAAAAAAAAAAAAAAAAAAAAAAAAAAAAAAA",
                    "label": "No"
                  }
                ]
              },
              "hide": {
                "hideWhenExpression": ""
              }
            },
            {
              "label": "Lab Order",
              "required": false,
              "id": "labsWorkspaceLauncher",
              "questionOptions": {
                "rendering": "workspace-launcher",
                "buttonLabel": "Add lab order",
                "workspaceName": "add-lab-order",
                "additionalProps": {
                  "orderTypeUuid": "52a447d3-a64a-11e3-9aeb-50e549534c5e"
                }
              },
              "hide": {
                "hideWhenExpression": "isEmpty(investigationOrderd) || investigationOrderd !== '1065AAAAAAAAAAAAAAAAAAAAAAAAAAAAAAAA'"
              }
            },
            {
              "label": "Next review date:",
              "required": false,
              "id": "appointmentWorkspaceLauncher",
              "questionOptions": {
                "rendering": "workspace-launcher",
                "buttonLabel": "Add appointments",
                "workspaceName": "appointments-form-workspace"
              }
            }
          ]
        }
      ]
    }
  ]
}