{
  "name": "Physiotherapy Clinic Form",
  "description": "A form used to capture Physiotherapy  Cases",
  "version": "2.0",
  "published": true,
  "uuid": "18c209ac-0787-4b51-b9aa-aa8b1581239c",
  "retired": false,
  "encounter": "Consultation",
  "pages": [
    {
      "label": "Visit Details",
      "sections": [
        {
          "label": "Encounter Details",
          "isExpanded": "true",
          "questions": [
            {
              "label": "Visit date:",
              "type": "encounterDatetime",
              "required": "true",
              "id": "encDate",
              "questionOptions": {
                "rendering": "date"
              },
              "validators": [
                {
                  "type": "date",
                  "allowFutureDates": "false"
                }
              ]
            },
            {
              "label": "Provider:",
              "type": "encounterProvider",
              "required": "true",
              "questionOptions": {
                "rendering": "ui-select-extended"
              },
              "id": "encProvider "
            },
            {
              "label": "Location:",
              "type": "encounterLocation",
              "required": "true",
              "questionOptions": {
                "rendering": "ui-select-extended"
              },
              "id": "encLocation"
            }
          ]
        },
       {
          "label": "Patient Details",
          "isExpanded": "true",
          "questions": [
            {
              "label": "Visit Type?",
              "type": "obs",
              "required": "true",
              "id": "visitType",
              "questionOptions": {
                "rendering": "radio",
                "concept": "164181AAAAAAAAAAAAAAAAAAAAAAAAAAAAAA",
                "conceptMappings": [
                  {
                    "relationship": "SAME-AS",
                    "type": "CIEL",
                    "value": "164181"
                  }
                ],
                "answers": [
                  {
                    "concept": "164180AAAAAAAAAAAAAAAAAAAAAAAAAAAAAA",
                    "label": "New visit"
                  },
                  {
                    "concept": "160530AAAAAAAAAAAAAAAAAAAAAAAAAAAAAA",
                    "label": "Revisit"
                  }
                ]
              }
            },
            {
              "label": "Is this Visit a referral?",
              "type": "obs",
              "id": "visitReferral",
              "questionOptions": {
                "rendering": "radio",
                "concept": "d105235e-41ee-4234-9b32-0bef507342d7",
                "answers": [
                  {
                    "concept": "1065AAAAAAAAAAAAAAAAAAAAAAAAAAAAAAAA",
                    "label": "Yes"
                  },
                  {
                    "concept": "1066AAAAAAAAAAAAAAAAAAAAAAAAAAAAAAAA",
                    "label": "No"
                  }
                ]
              }
            },
            {
              "label": "Referral from",
              "type": "obs",
              "required": true,
              "id": "referralSpecification",
              "questionOptions": {
                "rendering": "radio",
                "concept": "160338AAAAAAAAAAAAAAAAAAAAAAAAAAAAAA",
                "conceptMappings": [],
                "answers": [
                  {
                    "concept": "164407AAAAAAAAAAAAAAAAAAAAAAAAAAAAAA",
                    "label": "From other facilities"
                  },
                  {
                    "concept": "1759AAAAAAAAAAAAAAAAAAAAAAAAAAAAAAAA",
                    "label": "Referred from CHU "
                  },
                  {
                    "concept": "164918AAAAAAAAAAAAAAAAAAAAAAAAAAAAAA",
                    "label": "Internal(Department)"
                  }
                ]
              },
              "hide": {
                "hideWhenExpression": "isEmpty(visitReferral) || visitReferral !== '1065AAAAAAAAAAAAAAAAAAAAAAAAAAAAAAAA'"
              }
            },
            {
              "label": "Visit To:",
              "type": "obs",
              "id": "visitTo",
              "questionOptions": {
                "rendering": "radio",
                "concept": "161643AAAAAAAAAAAAAAAAAAAAAAAAAAAAAA",
                "answers": [
                  {
                    "concept": "160542AAAAAAAAAAAAAAAAAAAAAAAAAAAAAA",
                    "label": "Outpatient department(OPD)"
                  },
                  {
                    "concept": "167050AAAAAAAAAAAAAAAAAAAAAAAAAAAAAA",
                    "label": "Inpatient department(IPD)"
                  }
                ]
              },
              "validators": [],
              "hide": {
                "hideWhenExpression": "visitReferral !== '1065AAAAAAAAAAAAAAAAAAAAAAAAAAAAAAAA'"
              }
            }
          ]
        }
      ]
    },
    {
      "label": "Patient History",
      "sections": [
        {
          "label": "Physical Therapy Assessment",
          "isExpanded": "true",
          "questions": [
            {
              "label": "Number of sessions",
              "type": "obs",
              "id": "sessionNumber",
              "questionOptions": {
                "concept": "164812AAAAAAAAAAAAAAAAAAAAAAAAAAAAAA",
                "rendering": "number",
                "min": "0"
              },
              "validators": []
            },
            {
              "label": "Referring Physician",
              "type": "obs",
              "id": "referringPhyscian",
              "questionOptions": {
                "concept": "2b537713-298c-4b60-83c3-8006ea622d70",
                "rendering": "text"
              },
              "validators": [],
              "hide": {
                "hideWhenExpression": "isEmpty(visitType) || visitType !== '160563AAAAAAAAAAAAAAAAAAAAAAAAAAAAAA'"
              }
            },
            {
              "label": "Reason for Referral",
              "type": "obs",
              "id": "reasonReferral",
              "questionOptions": {
                "concept": "163761AAAAAAAAAAAAAAAAAAAAAAAAAAAAAA",
                "rendering": "textarea"
              },
              "validators": [],
              "hide": {
                "hideWhenExpression": "isEmpty(visitType) || visitType !== '160563AAAAAAAAAAAAAAAAAAAAAAAAAAAAAA'"
              }
            },
            {
              "label": "Disorder Category",
              "type": "obs",
              "required": true,
              "id": "disorserCategory",
              "questionOptions": {
                "rendering": "radio",
                "concept": "74eb8e8d-d078-4fa3-8973-2d710d8f46df",
                "conceptMappings": [],
                "answers": [
                  {
                    "concept": "161102AAAAAAAAAAAAAAAAAAAAAAAAAAAAAA",
                    "label": "neurological disorders"
                  },
                  {
                    "concept": "117569AAAAAAAAAAAAAAAAAAAAAAAAAAAAAA",
                    "label": "Peripheral nerve disorders"
                  },
                  {
                    "concept": "162045AAAAAAAAAAAAAAAAAAAAAAAAAAAAAA",
                    "label": "Post traumatic injuries"
                  },
                  {
                    "concept": "142648AAAAAAAAAAAAAAAAAAAAAAAAAAAAAA",
                    "label": "Degenerative orthopedic disorders"
                  },
                  {
                    "concept": "141964AAAAAAAAAAAAAAAAAAAAAAAAAAAAAA",
                    "label": "Cardio-respiratory disorders"
                  },
                  {
                    "concept": "c45d4810-4f5b-4f97-a8aa-9a88e894ed3f",
                    "label": "Prenatal physiotherapy"
                  },
                  {
                    "concept": "2a030791-14b4-4996-95ad-39c54b25f2b6",
                    "label": "Postnatal physiotherapy"
                  },
                  {
                    "concept": "2a030791-14b4-4996-95ad-39c54b25f2b6",
                    "label": "Others"
                  }
                ]
              }
            },
            {
              "label": "Specify other Disorder category",
              "type": "obs",
              "id": "OtherCategories",
              "questionOptions": {
                "concept": "163049AAAAAAAAAAAAAAAAAAAAAAAAAAAAAA",
                "rendering": "textarea"
              },
              "validators": [],
              "hide": {
                "hideWhenExpression": "isEmpty(disorserCategory) || !arrayContains(disorserCategory, '5622AAAAAAAAAAAAAAAAAAAAAAAAAAAAAAAA')"
              }
            },
            {
              "label": "Clinical Notes",
              "type": "obs",
              "id": "clinicalNotes",
              "questionOptions": {
                "concept": "160629AAAAAAAAAAAAAAAAAAAAAAAAAAAAAA",
                "rendering": "textarea"
              },
              "validators": []
            }
          ]
        },
        {
          "label": "Treatment Plan",
          "isExpanded": "true",
          "questions": []
        }
      ]
    },
    {
      "label": "Patient Examination",
      "sections": [
        {
          "label": "Physical Examination",
          "isExpanded": "true",
          "questions": [
            {
              "label": "Pain Scale (0-10)",
              "type": "obs",
              "id": "painScale",
              "questionOptions": {
                "concept": "1475AAAAAAAAAAAAAAAAAAAAAAAAAAAAAAAA",
                "rendering": "number",
                "min": "0",
                "max": "10"
              },
              "validators": []
            },
            {
              "label": "Affected Region",
              "type": "obs",
              "id": "affectedRegion",
              "questionOptions": {
                "concept": "160629AAAAAAAAAAAAAAAAAAAAAAAAAAAAAA",
                "rendering": "text"
              },
              "validators": []
            },
            {
              "label": "Range of Motion(ROM)",
              "type": "obs",
              "id": "rangeMotion",
              "questionOptions": {
                "concept": "602AAAAAAAAAAAAAAAAAAAAAAAAAAAAAAAAA",
                "rendering": "select",
                "answers": [
                  {
                    "concept": "a303f27a-3437-4428-882f-70218ec25a3c",
                    "label": "Passive Range of Motion (PROM)"
                  },
                  {
                    "concept": "ebae613e-ffc0-41c0-adde-18df71ea4dff",
                    "label": "Active Range of Motion (AROM)"
                  },
                  {
                    "concept": "162872AAAAAAAAAAAAAAAAAAAAAAAAAAAAAA",
                    "label": "Active-Assisted Range of Motion (AAROM)"
                  }
                ]
              }
            },
            {
              "label": "Strength Testing",
              "type": "obs",
              "id": "strenthTest",
              "questionOptions": {
                "concept": "c67be9a5-f497-4082-af81-11753f65ed4b",
                "rendering": "select",
                "answers": [
                  {
                    "concept": "166987AAAAAAAAAAAAAAAAAAAAAAAAAAAAAA",
                    "label": "Grade 1"
                  },
                  {
                    "concept": "166988AAAAAAAAAAAAAAAAAAAAAAAAAAAAAA",
                    "label": "Grade 2"
                  },
                  {
                    "concept": "166989AAAAAAAAAAAAAAAAAAAAAAAAAAAAAA",
                    "label": "Grade 3"
                  },
                  {
                    "concept": "160394AAAAAAAAAAAAAAAAAAAAAAAAAAAAAA",
                    "label": "Grade 4"
                  },
                  {
                    "concept": "160758AAAAAAAAAAAAAAAAAAAAAAAAAAAAAA",
                    "label": "Grade 5"
                  }
                ]
              }
            },
            {
              "label": "Functional Assessment",
              "type": "obs",
              "id": "functionalAssement",
              "questionOptions": {
                "concept": "163580AAAAAAAAAAAAAAAAAAAAAAAAAAAAAA",
                "rendering": "checkbox",
                "answers": [
                  {
                    "concept": "117399AAAAAAAAAAAAAAAAAAAAAAAAAAAAAA",
                    "label": "Walking"
                  },
                  {
                    "concept": "119481AAAAAAAAAAAAAAAAAAAAAAAAAAAAAA",
                    "label": "Climbing Stairs"
                  },
                  {
                    "concept": "138407AAAAAAAAAAAAAAAAAAAAAAAAAAAAAA",
                    "label": "Sitting to stand"
                  }
                ]
              }
            },
            {
              "label": " Assessment Findings",
              "type": "obs",
              "id": "assessFinding",
              "questionOptions": {
                "concept": "4342d15d-22e2-456e-bbfd-16b42b2ec8c6",
                "rendering": "textarea"
              },
              "validators": []
            }
          ]
        }
      ]
    },
    {
      "label": "Patient's Management",
      "sections": [
        {
          "label": "Treatment/Management Plan",
          "isExpanded": "true",
          "questions": [
            {
              "label": "Diagnosis",
              "id": "DiagNosIS",
              "type": "diagnosis",
              "questionOptions": {
                "rendering": "repeating",
                "dataSource": "diagnoses",
                "rank": 1,
                "datasource": {
                  "name": "diagnoses",
                  "config": {
                    "conceptSourceUuid": "39ADDDDDDDDDDDDDDDDDDDDDDDDDDDDDDDDD"
                  }
                }
              }
            },
            {
              "label": "Diagnosis Categorization",
              "required": "true",
              "type": "obs",
              "id": "dxCategory",
              "questionOptions": {
                "rendering": "radio",
                "concept": "1f852fa4-caa6-4ad3-9f8e-551219af52ad",
                "answers": [
                  {
                    "concept": "1687AAAAAAAAAAAAAAAAAAAAAAAAAAAAAAAA",
                    "label": "New diagnosis"
                  },
                  {
                    "concept": "c38d0531-69e4-4f41-9baa-d1539fd22b24",
                    "label": "Pre-Existing diagnosis"
                  }
                ]
              }
            },
            {
              "label": "Goals",
              "type": "obs",
              "id": "goalsAchieved",
              "questionOptions": {
                "concept": "20395601-257c-490c-86c2-acffb627f91f",
                "rendering": "textarea"
              }
            },
            {
              "label": "Planned Interventions",
              "type": "obs",
              "id": "plannedInterventions",
              "questionOptions": {
                "concept": "163304AAAAAAAAAAAAAAAAAAAAAAAAAAAAAA",
                "rendering": "multiCheckbox",
                "answers": [
                  {
                    "concept": "167277AAAAAAAAAAAAAAAAAAAAAAAAAAAAAA",
                    "label": "Therapeutic Exercise"
                  },
                  {
                    "concept": "a2d67f28-1e66-4199-8f50-067d37a06da7",
                    "label": "Cryotherapy"
                  },
                  {
                    "concept": "164204AAAAAAAAAAAAAAAAAAAAAAAAAAAAAA",
                    "label": "Assistive devices (e.g., canes, crutches, walkers, orthoses)"
                  },
                  {
                    "concept": "1379AAAAAAAAAAAAAAAAAAAAAAAAAAAAAAAA",
                    "label": "Education and Counseling"
                  },
                  {
                    "concept": "5622AAAAAAAAAAAAAAAAAAAAAAAAAAAAAAAA",
                    "label": "Other"
                  }
                ]
              }
            },
            {
              "label": "Specify other Interventions",
              "type": "obs",
              "id": "OtherInterventions",
              "questionOptions": {
                "concept": "162169AAAAAAAAAAAAAAAAAAAAAAAAAAAAAA",
                "rendering": "textarea"
              },
              "validators": [],
              "hide": {
                "hideWhenExpression": "isEmpty(plannedInterventions) || !arrayContains(plannedInterventions, '5622AAAAAAAAAAAAAAAAAAAAAAAAAAAAAAAA')"
              }
            },
            {
              "label": "Frequency of Sessions/weeks",
              "type": "obs",
              "id": "frequenctWeeks",
              "questionOptions": {
                "concept": "161011AAAAAAAAAAAAAAAAAAAAAAAAAAAAAA",
                "rendering": "text"
              }
            },
            {
              "label": "Therapist Notes",
              "type": "obs",
              "id": "therapistNote",
              "questionOptions": {
                "concept": "160531AAAAAAAAAAAAAAAAAAAAAAAAAAAAAA",
                "rendering": "textarea"
              }
            },
            {
              "label": "Drug Order",
              "required": false,
              "id": "drugsWorkspaceLauncher",
              "questionOptions": {
                "rendering": "workspace-launcher",
                "buttonLabel": "Add drug order",
                "workspaceName": "add-drug-order"
              },
              "hide": {
                "hideWhenExpression": ""
              }
            }
          ]
        },
        {
          "label": "Patient Outcome",
          "isExpanded": "true",
          "questions": [
            {
              "label": "Patient Outcome ",
              "type": "obs",
              "id": "outcomePatient",
              "questionOptions": {
                "concept": "160433AAAAAAAAAAAAAAAAAAAAAAAAAAAAAA",
                "rendering": "radio",
                "answers": [
                  {
                    "concept": "160429AAAAAAAAAAAAAAAAAAAAAAAAAAAAAA",
                    "label": "Released Home"
                  },
                   {
                    "concept": "77eafb3f-58d3-4397-a6dc-d2c06e9062f3",
                    "label": "Admit"
                  },
                  {
                    "concept": "1693AAAAAAAAAAAAAAAAAAAAAAAAAAAAAAAA",
                    "label": "Referral"
                  },
                  {
                    "concept": "159AAAAAAAAAAAAAAAAAAAAAAAAAAAAAAAAA",
                    "label": "Deceased"
                  }
                ]
              }
            },
            {
              "label": "Appointments",
              "required": false,
              "id": "appointmentWorkspaceLauncher",
              "questionOptions": {
                "rendering": "workspace-launcher",
                "buttonLabel": "Add appointments",
                "workspaceName": "appointments-form-workspace"
              },
              "hide": {
                "hideWhenExpression": "outcomePatient !=='160429AAAAAAAAAAAAAAAAAAAAAAAAAAAAAA'"
              }
            },
            {
              "label": "Reffered For?",
              "type": "obs",
              "id": "refferalsOrderd",
              "questionOptions": {
                "concept": "162725AAAAAAAAAAAAAAAAAAAAAAAAAAAAAA",
                "rendering": "textarea"
              },
              "hide": {
                "hideWhenExpression": "outcomePatient !=='1693AAAAAAAAAAAAAAAAAAAAAAAAAAAAAAAA'"
              }
            },
            {
              "label": "Referred to?",
              "type": "obs",
              "id": "referralTo",
              "questionOptions": {
                "concept": "163145AAAAAAAAAAAAAAAAAAAAAAAAAAAAAA",
                "rendering": "select",
                "answers": [
                  {
                    "concept": "164407AAAAAAAAAAAAAAAAAAAAAAAAAAAAAA",
                    "label": "Other health facility"
                  },
                  {
                    "concept": "163266AAAAAAAAAAAAAAAAAAAAAAAAAAAAAA",
                    "label": "This health facility"
                  },
                  {
                    "concept": "4fcf003e-71cf-47a5-a967-47d24aa61092",
                    "label": "Community Health Unit"
                  }
                ]
              },
              "hide": {
                "hideWhenExpression": "outcomePatient !=='1693AAAAAAAAAAAAAAAAAAAAAAAAAAAAAAAA'"
              }
            },
            {
              "label": "Transfer to Facility:",
              "type": "obs",
              "id": "transferToFacility",
              "questionOptions": {
                "concept": "159495AAAAAAAAAAAAAAAAAAAAAAAAAAAAAA",
                "rendering": "encounterLocation"
              },
              "hide": {
                "hideWhenExpression": "referralTo !=='164407AAAAAAAAAAAAAAAAAAAAAAAAAAAAAA'"
              }
            },
            {
              "label": "Service Referred for:",
              "type": "obs",
              "id": "thisfacility",
              "questionOptions": {
                "concept": "162724AAAAAAAAAAAAAAAAAAAAAAAAAAAAAA",
                "rendering": "text"
              },
              "hide": {
                "hideWhenExpression": "referralTo !=='163266AAAAAAAAAAAAAAAAAAAAAAAAAAAAAA'"
              }
            }
          ]
        },
        {
          "label": "Ward Details",
          "isExpanded": "true",
          "questions": [
            {
              "type": "obsGroup",
              "id": "inpatientDispositionConstruct",
              "questionOptions": {
                "concept": "CIEL:169405",
                "rendering": "group"
              },
              "questions": [
                {
                  "id": "disposition",
                  "label": "Disposition",
                  "type": "obs",
                  "required": true,
                  "questionOptions": {
                    "rendering": "radio",
                    "required": true,
                    "concept": "CIEL:169402",
                    "answers": [
                      {
                        "concept": "CIEL:168619"
                      }
                    ]
                  },
                  "hide": {
                    "hideWhenExpression": "outcomePatient !=='77eafb3f-58d3-4397-a6dc-d2c06e9062f3'"
                  },
                  "validators": []
                },
                {
                  "id": "admitToLocation",
                  "label": "Admit To Location",
                  "type": "obs",
                  "required": true,
                  "questionOptions": {
                    "rendering": "remote-select",
                    "concept": "CIEL:169403",
                    "datasource": {
                      "name": "location",
                      "config": {
                        "tag": "Admission Location"
                      }
                    }
                  },
                  "hide": {
                    "hideWhenExpression": "outcomePatient !=='77eafb3f-58d3-4397-a6dc-d2c06e9062f3'"
                  }
                }
              ]
            }
          ]
        }
      ]
    }
  ],
  "processor": "EncounterFormProcessor",
  "encounterType": "465a92f2-baf8-42e9-9612-53064be868e8",
  "referencedForms": []
}