{
    "name": "Post-Mortem Form",
    "description": "A form for used to in the examination of a body after death.",
    "version": "1.0",
    "published": true,
    "uuid": "2b61a73-4971-4fc0-b20b-9a30176317e2",
    "retired": false,
    "encounter": "Post-Mortem",
    "pages": [
      {
        "label": "Post-Mortem Details",
        "sections": [
          {
            "label": "Encounter Details",
            "isExpanded": "true",
            "questions": [
              {
                "label": "Visit date:",
                "type": "encounterDatetime",
                "required": "true",
                "id": "encDate",
                "questionOptions": {
                  "rendering": "date"
                },
                "validators": [
                  {
                    "type": "date",
                    "allowFutureDates": "false"
                  }
                ]
              },
              {
                "label": "Provider:",
                "type": "encounterProvider",
                "required": "true",
                "questionOptions": {
                  "rendering": "ui-select-extended"
                },
                "id": "encProvider "
              },
              {
                "label": "Location:",
                "type": "encounterLocation",
                "required": "true",
                "questionOptions": {
                  "rendering": "ui-select-extended"
                },
                "id": "encLocation"
              }
            ]
          },
          {
         "label":"Death Details",
         "isExpanded": "true",
         "questions":[
            {
               "label":"Location of Death / Where the body was found",
               "type":"obs",
               "id":"deathLocation",
               "questionOptions":{
                  "concept":"166969AAAAAAAAAAAAAAAAAAAAAAAAAAAAAA",
                  "rendering":"text"
               },
               "validators":[
                  
               ]
            },
            {
               "label":"Date & Time of Death",
               "type":"obs",
               "id":"deathDateTime",
               "datePickerFormat":"both",
               "questionOptions":{
                  "concept":"9c4c7722-ba3e-4bdf-ab97-c04170100037",
                  "rendering":"date"
               },
               "validators":[
                  
               ]
            }
         ]
      },
          {
            "label": "Patient Details",
            "isExpanded": "true",
            "questions": [
              {
                "label": "Reference Number",
                "type": "obs",
                "id": "referenceNO",
                "questionOptions": {
                  "concept": "1709AAAAAAAAAAAAAAAAAAAAAAAAAAAAAAAA",
                  "rendering": "text"
                },
                "validators": []
              },
              {
                "label": "Address",
                "type": "obs",
                "id": "addRess",
                "questionOptions": {
                  "concept": "162725AAAAAAAAAAAAAAAAAAAAAAAAAAAAAA",
                  "rendering": "text"
                },
                "validators": []
              },
              {
                "label": "To:Officer in charge",
                "type": "obs",
                "id": "officerIncharge",
                "questionOptions": {
                  "concept": "b7f19768-bb0e-4bd4-b24b-e53b566b6af9",
                  "rendering": "text"
                },
                "validators": []
              },
              {
                "label": "Police station",
                "type": "obs",
                "id": "policeStation",
                "questionOptions": {
                  "concept": "844bf107-32e6-4d5d-8d40-de8978f79cb3",
                  "rendering": "text"
                },
                "validators": []
              },
              {
                "label": "Reference Body of",
                "type": "obs",
                "id": "bodyOf",
                "questionOptions": {
                  "concept": "166102AAAAAAAAAAAAAAAAAAAAAAAAAAAAAA",
                  "rendering": "text"
                },
                "validators": []
              }
            ]
          },
          {
            "label": "Postmortem Examination Details",
            "isExpanded": "true",
            "questions": [
              {
                "label": "Place of Post-Mortem",
                "type": "obs",
                "id": "placeOfPostmortem",
                "questionOptions": {
                  "concept": "161011AAAAAAAAAAAAAAAAAAAAAAAAAAAAAA",
                  "rendering": "text"
                },
                "validators": []
              },
              {
                "label": "Date and Time of Post-Mortem",
                "type": "obs",
                "id": "dateTimeOfPostmortem",
                "datePickerFormat": "both",
                "questionOptions": {
                  "concept": "162869AAAAAAAAAAAAAAAAAAAAAAAAAAAAAA",
                  "rendering": "date"
                },
                "validators": []
              },
              {
                "label": "Clothing",
                "type": "obs",
                "id": "clothing",
                "questionOptions": {
                  "concept": "163042AAAAAAAAAAAAAAAAAAAAAAAAAAAAAA",
                  "rendering": "text"
                },
                "validators": []
              },
              {
                "label": "Sex",
                "type": "obs",
                "id": "sex",
                "questionOptions": {
                  "concept": "1533AAAAAAAAAAAAAAAAAAAAAAAAAAAAAAAA",
                  "rendering": "radio",
                  "answers": [
                    {
                      "concept": "1534AAAAAAAAAAAAAAAAAAAAAAAAAAAAAAAA",
                      "label": "Male"
                    },
                    {
                      "concept": "1535AAAAAAAAAAAAAAAAAAAAAAAAAAAAAAAA",
                      "label": "Female"
                    },
                    {
                      "concept": "1067AAAAAAAAAAAAAAAAAAAAAAAAAAAAAAAA",
                      "label": "Unknown"
                    }
                  ]
                },
                "validators": []
              },
              {
                "label": "Race",
                "type": "obs",
                "id": "race",
                "questionOptions": {
                  "concept": "160632AAAAAAAAAAAAAAAAAAAAAAAAAAAAAA",
                  "rendering": "text"
                },
                "validators": []
              },
              {
                "label": "Apparent Age",
                "type": "obs",
                "id": "apparentAge",
                "questionOptions": {
                  "concept": "163527AAAAAAAAAAAAAAAAAAAAAAAAAAAAAA",
                  "rendering": "number"
                },
                "validators": []
              },
              {
                "label": "Nutrition",
                "type": "obs",
                "id": "nutrition",
                "questionOptions": {
                  "concept": "163189AAAAAAAAAAAAAAAAAAAAAAAAAAAAAA",
                  "rendering": "text"
                },
                "validators": []
              },
              {
                "label": "Physique",
                "type": "obs",
                "id": "physique",
                "questionOptions": {
                  "concept": "1391AAAAAAAAAAAAAAAAAAAAAAAAAAAAAAAA",
                  "rendering": "text"
                },
                "validators": []
              },
              {
                "label": "Height",
                "type": "obs",
                "id": "height",
                "questionOptions": {
                  "concept": "5090AAAAAAAAAAAAAAAAAAAAAAAAAAAAAAAA",
                  "rendering": "number"
                },
                "validators": []
              }
            ]
          },
          {
            "label": "External Appearance of Body (Give details of condition, presence or absence of petechiae, cyanosis, etc and position, nature and dimensions of all external injuries).",
            "isExpanded": "true",
            "questions": [
              {
                "label": "Findings",
                "type": "obs",
                "id": "findings",
                "questionOptions": {
                  "concept": "05778e11-0220-44ba-b579-c34cb795ac37",
                  "rendering": "textarea",
                  "rows": "4"
                },
                "validators": []
              }
            ]
          },
          {
            "label": "Internal Appearance of the body",
            "isExpanded": "true",
            "questions": [
              {
                "label": "Respiratory System",
                "type": "obs",
                "id": "respiratorySystem",
                "questionOptions": {
                  "concept": "0a4b1637-99db-4f66-9ec3-b74275b315c1",
                  "rendering": "textarea"
                },
                "validators": []
              },
              {
                "label": "Cardio-Vascular System",
                "type": "obs",
                "id": "cardioVascularSystem",
                "questionOptions": {
                  "concept": "086d1dcf-7d0d-4197-a917-de9819da8689",
                  "rendering": "textarea"
                },
                "validators": []
              },
              {
                "label": "Digestive System",
                "type": "obs",
                "id": "digestiveSystem",
                "questionOptions": {
                  "concept": "160947AAAAAAAAAAAAAAAAAAAAAAAAAAAAAA",
                  "rendering": "textarea"
                },
                "validators": []
              },
              {
                "label": "Genito-Urinary System",
                "type": "obs",
                "id": "genitoUrinarySystem",
                "questionOptions": {
                  "concept": "166363AAAAAAAAAAAAAAAAAAAAAAAAAAAAAA",
                  "rendering": "textarea"
                },
                "validators": []
              },
              {
                "label": "Head",
                "type": "obs",
                "id": "head",
                "questionOptions": {
                  "concept": "162154AAAAAAAAAAAAAAAAAAAAAAAAAAAAAA",
                  "rendering": "textarea"
                },
                "validators": []
              },
              {
                "label": "Nervous System",
                "type": "obs",
                "id": "nervousSystem",
                "questionOptions": {
                  "concept": "163109AAAAAAAAAAAAAAAAAAAAAAAAAAAAAA",
                  "rendering": "textarea"
                },
                "validators": []
              },
              {
                "label": "Spinal Column",
                "type": "obs",
                "id": "spinalColumn",
                "questionOptions": {
                  "concept": "160629AAAAAAAAAAAAAAAAAAAAAAAAAAAAAA",
                  "rendering": "textarea"
                },
                "validators": []
              },
              {
                "label": "Spinal Cord",
                "type": "obs",
                "id": "spinalCord",
                "questionOptions": {
                  "concept": "160992AAAAAAAAAAAAAAAAAAAAAAAAAAAAAA",
                  "rendering": "textarea"
                },
                "validators": []
              }
            ]
          },
          {
            "label": "Cause of Death",
            "isExpanded": "true",
            "questions": [
              {
                "label": "As a result of my examination, I formed the opinion that the cause of death was",
                "type": "diagnosis",
                "id": "causeOfDeath",
                "questionOptions": {
                "rendering": "remote-select",
                "rank": 1,
                "datasource": {
                  "name": "diagnoses",
                  "config": {
                    "conceptSourceUuid": "39ADDDDDDDDDDDDDDDDDDDDDDDDDDDDDDDDD"
                  }
                }
              },
                "validators": []
              }
            ]
          },
          {
            "label": "Specimen Chemical Analysis",
            "isExpanded": "true",
            "questions": [
              {
                "label": "The following specimens have been removed for further examination",
                "type": "obs",
                "id": "specimenRemoved",
                "questionOptions": {
                  "concept": "165399AAAAAAAAAAAAAAAAAAAAAAAAAAAAAA",
                  "rendering": "textarea",
                  "rows": "4"
                },
                "validators": []
              },
              {
               "label":"Complete Stomach and contents",
               "type":"obs",
               "id":"stomachContents",
               "questionOptions":{
                  "concept":"160951AAAAAAAAAAAAAAAAAAAAAAAAAAAAAA",
                  "rendering":"text"
               },
               "validators":[
               ]
            },
            {
               "label":"Upper portion of intestine and contents",
               "type":"obs",
               "id":"intestineContents",
               "questionOptions":{
                  "concept":"160959AAAAAAAAAAAAAAAAAAAAAAAAAAAAAA",
                  "rendering":"text"
               },
               "validators":[
               ]
            },
            {
               "label":"Liver",
               "type":"obs",
               "id":"liverAnalysis",
               "questionOptions":{
                  "concept":"160953AAAAAAAAAAAAAAAAAAAAAAAAAAAAAA",
                  "rendering":"text"
               },
               "validators":[
               ]
            },
            {
               "label":"Kidney",
               "type":"obs",
               "id":"KidNeyAnalysis",
               "questionOptions":{
                  "concept":"160983AAAAAAAAAAAAAAAAAAAAAAAAAAAAAA",
                  "rendering":"text"
               },
               "validators":[
               ]
            },
            {
               "label":"Blood",
               "type":"obs",
               "id":"BlooDAnalysis",
               "questionOptions":{
                  "concept":"ddd7b13a-075b-44a6-9842-32df8cc3771f",
                  "rendering":"text"
               },
               "validators":[ 
               ]
            },
            {
               "label":"Vomit",
               "type":"obs",
               "id":"vOmitAnalysis",
               "questionOptions":{
                  "concept":"160632AAAAAAAAAAAAAAAAAAAAAAAAAAAAAA",
                  "rendering":"text"
               },
               "validators":[ 
               ]
            }
          ]
        },
        {
          "label": "Supporting Documentation",
          "isExpanded": "true",
          "questions": [
              {
                "label": "Attachments",
                "id": "suPPortDocs",
                "questionOptions": {
                    "rendering": "workspace-launcher",
                    "buttonLabel": "Add An Attachment",
                    "workspaceName": "patient-attachments"
                }
              },
              {
                "label": "Death Certificate No.",
                "type": "obs",
                "id": "deathCertificateNo",
                "questionOptions": {
                  "concept": "162566AAAAAAAAAAAAAAAAAAAAAAAAAAAAAA",
                  "rendering": "text"
                },
                "validators": []
              },
              {
                "label": "Signed by",
                "type": "encounterProvider",
                "id": "signedBy",
                "questionOptions": {
                  "rendering": "ui-select-extended"
                }
              },
              {
                "label": "Designation",
                "type": "obs",
                "id": "designation",
                "questionOptions": {
                  "concept": "166014AAAAAAAAAAAAAAAAAAAAAAAAAAAAAA",
                  "rendering": "radio",
                  "answers": [
                    {
                      "concept": "160483AAAAAAAAAAAAAAAAAAAAAAAAAAAAAA",
                      "label": "Pathologist"
                    },
                    {
                      "concept": "162591AAAAAAAAAAAAAAAAAAAAAAAAAAAAAA",
                      "label": "Medical Officer"
                    }
                  ]
                }
              }
            ]
          }
        ]
      }
    ],
    "processor": "EncounterFormProcessor",
    "encounterType": "465a92f2-baf8-42e9-9612-53064be868e8",
    "referencedForms": []
  }