{

  "name": "Postnatal Newborn Examination Form",
  "description": "A form to record the examination services offered postnatally at the maternity",
  "version": "2.0",
  "published": true,
  "uuid": "503cc2df-1ea9-4a6e-bda1-195fc7783e59",
  "retired": false,
  "encounter": "MCH Mother Consultation",
  "pages": [
  {
      "label": "Postnatal Examination",
      "sections": [
        {
          "label": "Encounter Details",
          "isExpanded": "true",
          "questions": [
            {
              "label": "Date:",
              "type": "encounterDatetime",
              "required": "true",
              "questionOptions": {
                "rendering": "ui-select-extended"
              },
              "validators": [
                {
                  "type": "date",
                  "allowFutureDates": "false"
                }
              ],
              "id": "encDate"
            },
            {
              "label": "Provider:",
              "type": "encounterProvider",
              "required": "true",
              "questionOptions": {
                "rendering": "ui-select-extended"
              },
              "id": "encProvider "
            },
            {
              "label": "Location:",
              "type": "encounterLocation",
              "required": "true",
              "questionOptions": {
                "rendering": "ui-select-extended"
              },
              "id": "encLocation"
            }
          ]
        },
        {
          "label": "Baby Information",
          "isExpanded": "true",
          "questions": [
            {
              "label": "Date of Delivery",
              "type": "obs",
              "required": true,
              "id": "dateOfDelivery",
              "questionOptions": {
                "concept": "5599AAAAAAAAAAAAAAAAAAAAAAAAAAAAAAAA",
                "useMostRecentValue": true,
                "autoPopulateWithMostRecentValue": true,
                "rendering": "date",
                "answers": []
              },
              "validators": [
                {
                  "type": "date",
                  "allowFutureDates": "false"
                }
              ]
            },
            {
              "label": "Time of Birth",
              "type": "obs",
              "required": true,
              "id": "timeOfBirth",
              "datePickerFormat": "timer",
              "questionOptions": {
                "rendering": "date",
                "concept": "162869AAAAAAAAAAAAAAAAAAAAAAAAAAAAAA",
                "answers": []
              },
              "validators": []
            },
            {
              "label": "Mode of Delivery",
              "type": "obs",
              "required": true,
              "id": "modeOfDelivery",
              "questionOptions": {
                "rendering": "select",
                "concept": "5630AAAAAAAAAAAAAAAAAAAAAAAAAAAAAAAA",
                "answers": [
                  {
                    "concept": "1171AAAAAAAAAAAAAAAAAAAAAAAAAAAAAAAA",
                    "label": "Cesarean section"
                  },
                  {
                    "concept": "159739AAAAAAAAAAAAAAAAAAAAAAAAAAAAAA",
                    "label": "Emergency cesarean section"
                  },
                  {
                    "concept": "159901AAAAAAAAAAAAAAAAAAAAAAAAAAAAAA",
                    "label": "Forceps delivery"
                  },
                  {
                    "concept": "1170AAAAAAAAAAAAAAAAAAAAAAAAAAAAAAAA",
                    "label": "Spontaneous vaginal delivery"
                  },
                  {
                    "concept": "159260AAAAAAAAAAAAAAAAAAAAAAAAAAAAAA",
                    "label": "Vacuum extractor delivery"
                  },
                  {
                    "concept": "1172AAAAAAAAAAAAAAAAAAAAAAAAAAAAAAAA",
                    "label": "Breech delivery"
                  }
                ]
              },
              "validators": []
            },
            {
              "label": "Apgar Score",
              "type": "obs",
              "required": true,
              "id": "apgarScore",
              "questionOptions": {
                "concept": "1504AAAAAAAAAAAAAAAAAAAAAAAAAAAAAAAA",
                "useMostRecentValue": true,
                "autoPopulateWithMostRecentValue": true,
                "rendering": "number",
                "min": "0",
                "max": "15",
                "answers": []
              },
              "validators": []
            },
            {
              "label": "Birth Weight(grams)",
              "type": "obs",
              "required": true,
              "id": "birthWeight",
              "questionOptions": {
                "concept": "5916AAAAAAAAAAAAAAAAAAAAAAAAAAAAAAAA",
                "useMostRecentValue": true,
                "autoPopulateWithMostRecentValue": true,
                "rendering": "number",
                "min": "0",
                "max": "5000",
                "answers": []
              },
              "validators": []
            },
            {
              "label": "Sex of the Baby",
              "type": "obs",
              "required": true,
              "id": "sexOfTheBaby",
              "questionOptions": {
                "rendering": "radio",
                "concept": "1587AAAAAAAAAAAAAAAAAAAAAAAAAAAAAAAA",
                "answers": [
                  {
                    "concept": "1535AAAAAAAAAAAAAAAAAAAAAAAAAAAAAAAA",
                    "label": "Female"
                  },
                  {
                    "concept": "1534AAAAAAAAAAAAAAAAAAAAAAAAAAAAAAAA",
                    "label": "Male"
                  }
                ]
              },
              "validators": []
            }
          ]
        },
        {
          "label": "Early identification of congenital abnormalities",
          "isExpanded": "true",
          "questions": [
            {
              "label": "Head size",
              "type": "obs",
              "id": "headSize",
              "questionOptions": {
                "concept": "4e100fc5-5ccc-491d-904b-13850e6a7fa8",
                "rendering": "radio",
                "answers": [
                  {
                    "concept": "1115AAAAAAAAAAAAAAAAAAAAAAAAAAAAAAAA",
                    "label": "Normal"
                  },
                  {
                    "concept": "1116AAAAAAAAAAAAAAAAAAAAAAAAAAAAAAAA",
                    "label": "Abnormal"
                  }
                ]
              }
            },
            {
              "label": "Abnormalities",
              "type": "obs",
              "id": "headAbnormalities",
              "questionOptions": {
                "concept": "a5923b0e-1d99-41b4-85ed-fa7a823cf121",
                "rendering": "radio",
                "answers": [
                  {
                    "concept": "3eaf4d29-a98d-44f2-8f94-2051c1f1907a",
                    "label": "Extra small (micro cephalic)"
                  },
                  {
                    "concept": "40c62dbc-71f0-47b5-b5b1-2caa47a2da56",
                    "label": "Extra big (hydrocephalic)"
                  },
                  {
                    "concept": "5622AAAAAAAAAAAAAAAAAAAAAAAAAAAAAAAA",
                    "label": "Other"
                  }
                ]
              },
              "hide": {
                "hideWhenExpression": "isEmpty(headSize) || headSize !== '1116AAAAAAAAAAAAAAAAAAAAAAAAAAAAAAAA'"
              }
            },
            {
              "label": "Other specify",
              "type": "obs",
              "id": "otherSpecifyhead",
              "questionOptions": {
                "rendering": "text",
                "concept": "160632AAAAAAAAAAAAAAAAAAAAAAAAAAAAAA",
                "answers": []
              },
              "hide": {
                "hideWhenExpression": "isEmpty(headAbnormalities) || headAbnormalities !== '5622AAAAAAAAAAAAAAAAAAAAAAAAAAAAAAAA'"
              },
              "validators": []
            },
            {
              "label": "Mouth and Gums",
              "type": "obs",
              "id": "mouthGums",
              "questionOptions": {
                "concept": "4102cef4-6e03-4f68-a884-fb4173186c32",
                "rendering": "radio",
                "answers": [
                  {
                    "concept": "1115AAAAAAAAAAAAAAAAAAAAAAAAAAAAAAAA",
                    "label": "Normal"
                  },
                  {
                    "concept": "1116AAAAAAAAAAAAAAAAAAAAAAAAAAAAAAAA",
                    "label": "Abnormal"
                  }
                ]
              }
            },
            {
              "label": "Abnormalities",
              "type": "obs",
              "id": "mouthAbnormalities",
              "questionOptions": {
                "concept": "3f6b6629-bdac-40d4-82d8-cc9e86cc5a54",
                "rendering": "radio",
                "answers": [
                  {
                    "concept": "145066AAAAAAAAAAAAAAAAAAAAAAAAAAAAAA",
                    "label": "Cleft lip"
                  },
                  {
                    "concept": "145063AAAAAAAAAAAAAAAAAAAAAAAAAAAAAA",
                    "label": "Cleft palate"
                  },
                  {
                    "concept": "5622AAAAAAAAAAAAAAAAAAAAAAAAAAAAAAAA",
                    "label": "Other"
                  }
                ]
              },
              "hide": {
                "hideWhenExpression": "isEmpty(mouthGums) || mouthGums !== '1116AAAAAAAAAAAAAAAAAAAAAAAAAAAAAAAA'"
              }
            },
            {
              "label": "Other specify",
              "type": "obs",
              "id": "otherSpecifymouth",
              "questionOptions": {
                "rendering": "text",
                "concept": "160632AAAAAAAAAAAAAAAAAAAAAAAAAAAAAA",
                "answers": []
              },
              "validators": [],
              "hide": {
                "hideWhenExpression": "isEmpty(mouthAbnormalities) || mouthAbnormalities !== '5622AAAAAAAAAAAAAAAAAAAAAAAAAAAAAAAA'"
              }
            },
            {
              "label": "Ears",
              "type": "obs",
              "id": "earsAbno",
              "questionOptions": {
                "concept": "0aeb408f-e429-43a5-bdd7-18c8fce4b832",
                "rendering": "radio",
                "answers": [
                  {
                    "concept": "1115AAAAAAAAAAAAAAAAAAAAAAAAAAAAAAAA",
                    "label": "Normal"
                  },
                  {
                    "concept": "1116AAAAAAAAAAAAAAAAAAAAAAAAAAAAAAAA",
                    "label": "Abnormal"
                  }
                ]
              }
            },
            {
              "label": "Other specify",
              "type": "obs",
              "id": "otherSpecifyears",
              "questionOptions": {
                "rendering": "text",
                "concept": "160632AAAAAAAAAAAAAAAAAAAAAAAAAAAAAA",
                "answers": []
              },
              "validators": [],
              "hide": {
                "hideWhenExpression": "isEmpty(earsAbno) || earsAbno !== '1116AAAAAAAAAAAAAAAAAAAAAAAAAAAAAAAA'"
              }
            },
            {
              "label": "Arms and legs",
              "type": "obs",
              "id": "armsLegs",
              "questionOptions": {
                "concept": "aeaba00c-5404-4d8f-a561-0d071aa42f96",
                "rendering": "radio",
                "answers": [
                  {
                    "concept": "64e4b7e2-e4e3-43e8-8363-8e2f1841d86c",
                    "label": "Normal Arms"
                  },
                  {
                    "concept": "1f615369-8705-4160-b295-defdad348809",
                    "label": "Normal Legs"
                  },
                  {
                    "concept": "89e3fece-01f5-4b6f-850c-fc2bb5a62de2",
                    "label": "Normal Back"
                  },
                  {
                    "concept": "1116AAAAAAAAAAAAAAAAAAAAAAAAAAAAAAAA",
                    "label": "Abnormal"
                  }
                ]
              }
            },
            {
              "label": "Abnormalities",
              "type": "obs",
              "id": "armsAbnormalities",
              "questionOptions": {
                "concept": "14ed4f39-a3f5-49f1-a36a-7e4434ebf158",
                "rendering": "radio",
                "answers": [
                  {
                    "concept": "155641AAAAAAAAAAAAAAAAAAAAAAAAAAAAAA",
                    "label": "Club foot"
                  },
                  {
                    "concept": "119972AAAAAAAAAAAAAAAAAAAAAAAAAAAAAA",
                    "label": "Congenital hip dislocation"
                  },
                  {
                    "concept": "d460660b-b62b-448f-9fda-aefc817e5f08",
                    "label": "Jointed fingers or toes"
                  },
                  {
                    "concept": "38144912-9834-463d-b8a2-56406754e6ce",
                    "label": "Extra fingers and toes"
                  },
                  {
                    "concept": "5622AAAAAAAAAAAAAAAAAAAAAAAAAAAAAAAA",
                    "label": "Other"
                  }
                ]
              },
              "hide": {
                "hideWhenExpression": "isEmpty(armsLegs) || armsLegs !== '1116AAAAAAAAAAAAAAAAAAAAAAAAAAAAAAAA'"
              }
            },
            {
              "label": "Other specify",
              "type": "obs",
              "id": "otherSpecifyarms",
              "questionOptions": {
                "rendering": "text",
                "concept": "160632AAAAAAAAAAAAAAAAAAAAAAAAAAAAAA",
                "answers": []
              },
              "validators": [],
              "hide": {
                "hideWhenExpression": "isEmpty(armsAbnormalities) || armsAbnormalities !== '5622AAAAAAAAAAAAAAAAAAAAAAAAAAAAAAAA'"
              }
            },
            {
              "label": "Muscle Tone",
              "type": "obs",
              "id": "muscleTone",
              "questionOptions": {
                "concept": "bafa2000-3fbc-4b44-93ca-c15b05270b71",
                "rendering": "radio",
                "answers": [
                  {
                    "concept": "1115AAAAAAAAAAAAAAAAAAAAAAAAAAAAAAAA",
                    "label": "Normal"
                  },
                  {
                    "concept": "1116AAAAAAAAAAAAAAAAAAAAAAAAAAAAAAAA",
                    "label": "Abnormal"
                  }
                ]
              }
            },
            {
              "label": "Abnormalities",
              "type": "obs",
              "id": "muscleAbnormalities",
              "questionOptions": {
                "concept": "dab51165-93f0-464f-867b-60d813e01e81",
                "rendering": "radio",
                "answers": [
                  {
                    "concept": "140052AAAAAAAAAAAAAAAAAAAAAAAAAAAAAA",
                    "label": "Floppiness"
                  },
                  {
                    "concept": "133629AAAAAAAAAAAAAAAAAAAAAAAAAAAAAA",
                    "label": "Rigidity"
                  },
                  {
                    "concept": "5622AAAAAAAAAAAAAAAAAAAAAAAAAAAAAAAA",
                    "label": "Other"
                  }
                ]
              },
              "hide": {
                "hideWhenExpression": "isEmpty(muscleTone) || muscleTone !== '1116AAAAAAAAAAAAAAAAAAAAAAAAAAAAAAAA'"
              }
            },
            {
              "label": "Other specify",
              "type": "obs",
              "id": "otherSpecifymuscle",
              "questionOptions": {
                "rendering": "text",
                "concept": "160632AAAAAAAAAAAAAAAAAAAAAAAAAAAAAA",
                "answers": []
              },
              "validators": [],
              "hide": {
                "hideWhenExpression": "isEmpty(muscleAbnormalities) || muscleAbnormalities !== '5622AAAAAAAAAAAAAAAAAAAAAAAAAAAAAAAA'"
              }
            },
            {
              "label": "Joints movement",
              "type": "obs",
              "id": "jointMovement",
              "questionOptions": {
                "concept": "dbb19c67-5554-477c-9acd-f64fd214c1c7",
                "rendering": "radio",
                "answers": [
                  {
                    "concept": "17742dec-a2b4-4c9f-83c0-05c7b75e7696",
                    "label": "Flexible"
                  },
                  {
                    "concept": "1116AAAAAAAAAAAAAAAAAAAAAAAAAAAAAAAA",
                    "label": "Abnormal"
                  }
                ]
              }
            },
            {
              "label": "Other specify",
              "type": "obs",
              "id": "otherSpecifyjoints",
              "questionOptions": {
                "rendering": "text",
                "concept": "160632AAAAAAAAAAAAAAAAAAAAAAAAAAAAAA",
                "answers": []
              },
              "validators": [],
              "hide": {
                "hideWhenExpression": "isEmpty(jointMovement) || jointMovement !== '1116AAAAAAAAAAAAAAAAAAAAAAAAAAAAAAAA'"
              }
            },
            {
              "label": "Fingers & Toes",
              "type": "obs",
              "id": "fingersToes",
              "questionOptions": {
                "concept": "877e2dc8-ee45-40e2-9480-47609b5088bb",
                "rendering": "radio",
                "answers": [
                  {
                    "concept": "74826d3a-ac59-4627-aa8a-0aea72ce2200",
                    "label": "Normal 5 fingers and 5 toes"
                  },
                  {
                    "concept": "1116AAAAAAAAAAAAAAAAAAAAAAAAAAAAAAAA",
                    "label": "Abnormal"
                  }
                ]
              }
            },
            {
              "label": "Other specify",
              "type": "obs",
              "id": "otherSpecifyfingers",
              "questionOptions": {
                "rendering": "text",
                "concept": "160632AAAAAAAAAAAAAAAAAAAAAAAAAAAAAA",
                "answers": []
              },
              "validators": [],
              "hide": {
                "hideWhenExpression": "isEmpty(fingersToes) || fingersToes !== '1116AAAAAAAAAAAAAAAAAAAAAAAAAAAAAAAA'"
              }
            },
            {
              "label": "Arms & Shoulders",
              "type": "obs",
              "id": "armsShoulders",
              "questionOptions": {
                "concept": "ef1c4be3-0361-4615-ac97-42ee2f948ddc",
                "rendering": "radio",
                "answers": [
                  {
                    "concept": "1115AAAAAAAAAAAAAAAAAAAAAAAAAAAAAAAA",
                    "label": "Normal"
                  },
                  {
                    "concept": "1116AAAAAAAAAAAAAAAAAAAAAAAAAAAAAAAA",
                    "label": "Abnormal"
                  }
                ]
              }
            },
            {
              "label": "Other specify",
              "type": "obs",
              "id": "otherSpecifyshoulder",
              "questionOptions": {
                "rendering": "text",
                "concept": "160632AAAAAAAAAAAAAAAAAAAAAAAAAAAAAA",
                "answers": []
              },
              "validators": [],
              "hide": {
                "hideWhenExpression": "isEmpty(armsShoulders) || armsShoulders !== '1116AAAAAAAAAAAAAAAAAAAAAAAAAAAAAAAA'"
              }
            },
            {
              "label": "Spine/neck/back",
              "type": "obs",
              "id": "spineNeck",
              "questionOptions": {
                "concept": "90cb2de4-8d47-4d53-a6e9-245c837a5470",
                "rendering": "radio",
                "answers": [
                  {
                    "concept": "1115AAAAAAAAAAAAAAAAAAAAAAAAAAAAAAAA",
                    "label": "Normal"
                  },
                  {
                    "concept": "1116AAAAAAAAAAAAAAAAAAAAAAAAAAAAAAAA",
                    "label": "Abnormal"
                  }
                ]
              }
            },
            {
              "label": "Abnormalities",
              "type": "obs",
              "id": "spineAbnormalities",
              "questionOptions": {
                "concept": "dab51165-93f0-464f-867b-60d813e01e81",
                "rendering": "radio",
                "answers": [
                  {
                    "concept": "163894AAAAAAAAAAAAAAAAAAAAAAAAAAAAAA",
                    "label": "Any Swellings"
                  },
                  {
                    "concept": "98430c58-8a8d-4ba8-b6f0-1681b552de57",
                    "label": "Protrusions"
                  },
                  {
                    "concept": "25978a7f-1291-4b19-b261-6dad7f96a49e",
                    "label": "Sores or Marks along the spine"
                  },
                  {
                    "concept": "5622AAAAAAAAAAAAAAAAAAAAAAAAAAAAAAAA",
                    "label": "Other"
                  }
                ]
              },
              "hide": {
                "hideWhenExpression": "isEmpty(spineNeck) || spineNeck !== '1116AAAAAAAAAAAAAAAAAAAAAAAAAAAAAAAA'"
              }
            },
            {
              "label": "Other specify",
              "type": "obs",
              "id": "otherSpecifymuscle",
              "questionOptions": {
                "rendering": "text",
                "concept": "160632AAAAAAAAAAAAAAAAAAAAAAAAAAAAAA",
                "answers": []
              },
              "validators": [],
              "hide": {
                "hideWhenExpression": "isEmpty(spineAbnormalities) || spineAbnormalities !== '5622AAAAAAAAAAAAAAAAAAAAAAAAAAAAAAAA'"
              }
            },
            {
              "label": "Body Movement",
              "type": "obs",
              "id": "bodyMovmnt",
              "questionOptions": {
                "concept": "7f74e130-a8f2-45bb-8cda-45b1899939080",
                "rendering": "radio",
                "answers": [
                  {
                    "concept": "1115AAAAAAAAAAAAAAAAAAAAAAAAAAAAAAAA",
                    "label": "Normal"
                  },
                  {
                    "concept": "1116AAAAAAAAAAAAAAAAAAAAAAAAAAAAAAAA",
                    "label": "Abnormal"
                  }
                ]
              }
            },
            {
              "label": "Abnormalities",
              "type": "obs",
              "id": "bodyAbnormalities",
              "questionOptions": {
                "concept": "9516a7a2-34c1-4623-a88d-a86674471806",
                "rendering": "radio",
                "answers": [
                  {
                    "concept": "180a6902-becb-446e-bfd9-96af0a1bd97f",
                    "label": "Baby becomes floppy when lying in certain position"
                  },
                  {
                    "concept": "152492AAAAAAAAAAAAAAAAAAAAAAAAAAAAAA",
                    "label": "Celebral palsy"
                  },
                  {
                    "concept": "5622AAAAAAAAAAAAAAAAAAAAAAAAAAAAAAAA",
                    "label": "Other"
                  }
                ]
              },
              "hide": {
                "hideWhenExpression": "isEmpty(bodyMovmnt) || bodyMovmnt !== '1116AAAAAAAAAAAAAAAAAAAAAAAAAAAAAAAA'"
              }
            },
            {
              "label": "Other specify",
              "type": "obs",
              "id": "otherSpecifybody",
              "questionOptions": {
                "rendering": "text",
                "concept": "160632AAAAAAAAAAAAAAAAAAAAAAAAAAAAAA",
                "answers": []
              },
              "validators": [],
              "hide": {
                "hideWhenExpression": "isEmpty(bodyAbnormalities) || bodyAbnormalities !== '5622AAAAAAAAAAAAAAAAAAAAAAAAAAAAAAAA'"
              }
            },
            {
              "label": "Abdominal wall",
              "type": "obs",
              "id": "abdominalWall",
              "questionOptions": {
                "concept": "88e13491-6e4c-4a9e-a519-3cf36b61a97a",
                "rendering": "radio",
                "answers": [
                  {
                    "concept": "1115AAAAAAAAAAAAAAAAAAAAAAAAAAAAAAAA",
                    "label": "Normal"
                  },
                  {
                    "concept": "1116AAAAAAAAAAAAAAAAAAAAAAAAAAAAAAAA",
                    "label": "Abnormal"
                  }
                ]
              }
            },
            {
              "label": "Other specify",
              "type": "obs",
              "id": "otherSpecifywall",
              "questionOptions": {
                "rendering": "text",
                "concept": "160632AAAAAAAAAAAAAAAAAAAAAAAAAAAAAA",
                "answers": []
              },
              "validators": [],
              "hide": {
                "hideWhenExpression": "isEmpty(abdominalWall) || abdominalWall !== '1116AAAAAAAAAAAAAAAAAAAAAAAAAAAAAAAA'"
              }
            },
            {
              "label": "Genitalia",
              "type": "obs",
              "id": "genitaliaAbno",
              "questionOptions": {
                "concept": "5be03a12-0860-43ef-bd9e-b4643e0450ce",
                "rendering": "radio",
                "answers": [
                  {
                    "concept": "1115AAAAAAAAAAAAAAAAAAAAAAAAAAAAAAAA",
                    "label": "Normal"
                  },
                  {
                    "concept": "1116AAAAAAAAAAAAAAAAAAAAAAAAAAAAAAAA",
                    "label": "Abnormal"
                  }
                ]
              }
            },
            {
              "label": "Other specify",
              "type": "obs",
              "id": "otherSpecifygenitalia",
              "questionOptions": {
                "rendering": "text",
                "concept": "160632AAAAAAAAAAAAAAAAAAAAAAAAAAAAAA",
                "answers": []
              },
              "validators": [],
              "hide": {
                "hideWhenExpression": "isEmpty(genitaliaAbno) || genitaliaAbno !== '1116AAAAAAAAAAAAAAAAAAAAAAAAAAAAAAAA'"
              }
            },
            {
              "label": "Anus",
              "type": "obs",
              "id": "anusAbno",
              "questionOptions": {
                "concept": "f5de30c1-7f16-41b5-8de0-89e891dfa80c",
                "rendering": "radio",
                "answers": [
                  {
                    "concept": "1115AAAAAAAAAAAAAAAAAAAAAAAAAAAAAAAA",
                    "label": "Normal (Perforate)"
                  },
                  {
                    "concept": "1116AAAAAAAAAAAAAAAAAAAAAAAAAAAAAAAA",
                    "label": "Abnormal(Imperforate)"
                  }
                ]
              }
            },
            {
              "label": "Other specify",
              "type": "obs",
              "id": "otherSpecifyanus",
              "questionOptions": {
                "rendering": "text",
                "concept": "160632AAAAAAAAAAAAAAAAAAAAAAAAAAAAAA",
                "answers": []
              },
              "validators": [],
              "hide": {
                "hideWhenExpression": "isEmpty(anusAbno) || anusAbno !== '1116AAAAAAAAAAAAAAAAAAAAAAAAAAAAAAAA'"
              }
            },
            {
              "label": "Additional Remarks",
              "type": "obs",
              "id": "additionalRemarks",
              "questionOptions": {
                "rendering": "textarea",
                "concept": "605895dd-8dcf-47cc-a331-d0f563f30ab5",
                "conceptMappings": [],
                "answers": []
              },
              "validators": []
            }
          ]
        }
      ]
    }
  ],
  "processor": "EncounterFormProcessor",
  "encounterType": "c6d09e05-1f25-4164-8860-9f32c5a02df0",
  "referencedForms": []
}
