{
  "name": "Leprosy Postoperative Follow-up Form",
  "description": "Operation Assessment Form",
  "version": "1",
  "published": true,
  "uuid": "fe955bae-4124-4350-a32d-922304637e8f",
  "retired": false,
  "encounter": "Leprosy Postoperative",
  "pages": [
    {
      "label": "Operation Assessment",
      "sections": [
        {
          "label": "Visit Details",
          "isExpanded": true,
          "questions": [
            {
              "label": "Date",
              "type": "encounterDatetime",
              "required": true,
              "questionOptions": {
                "rendering": "ui-select-extended"
              },
              "validators": [
                {
                  "type": "date",
                  "allowFutureDates": "false"
                }
              ],
              "id": "encDate"
            },
            {
              "label": "Type of Operation:",
              "type": "encounterProvider",
              "required": true,
              "questionOptions": {
                "rendering": "ui-select-extended"
              },
              "id": "encProvider"
            }
          ]
        },
        {
          "label": "Follow-up Schedule",
          "isExpanded": true,
          "questions": [
            {
              "label": "Date of operation",
              "type": "obs",
              "id": "operaTionDate",
              "questionOptions": {
                "concept": "160715AAAAAAAAAAAAAAAAAAAAAAAAAAAAAA",
                "rendering": "date",
                "validators": [
                  {
                    "type": "date",
                    "allowFutureDates": "false"
                  }
                ]
              }
            },
            {
                "label": "Type of Operation:",
                "type": "obs",
                "id": "typeOfOperation",
                "questionOptions": {
                  "concept": "163042AAAAAAAAAAAAAAAAAAAAAAAAAAAAAA",
                  "rendering": "textarea",
                  "rows": 5
                }
              },
              {
                "label": "Period for Follow-up schedule:",
                "type": "obs",
                "id": "FollowupSchedule",
                "questionOptions": {
                  "concept": "167017AAAAAAAAAAAAAAAAAAAAAAAAAAAAAA",
                  "rendering": "radio",
                  "answers": [
                    {
                        "concept": "167013AAAAAAAAAAAAAAAAAAAAAAAAAAAAAA",
                        "label": "3rd Month"
                    },
                    {
                        "concept": "167015AAAAAAAAAAAAAAAAAAAAAAAAAAAAAA",
                        "label": "6th Month"
                    },
                    {
                        "concept": "167016AAAAAAAAAAAAAAAAAAAAAAAAAAAAAA",
                        "label": "Yearly"
                    }
                  ]
                }
              }
          ]
        },
        {
          "label": "Hand Assessment",
          "isExpanded": true,
          "questions": [
            {
              "label": "Hand Assessment Findings",
              "type": "obs",
              "id": "HandAssFin",
              "questionOptions": {
                "concept": "0ebaba22-70d4-459a-8ab8-a1bb7e77f5df",
                "rendering": "checkbox",
                "answers": [
                  {
                    "concept": "d3432356-a3ef-419d-80a2-56b426ebd427",
                    "label": "Fully Open Hand"
                  },
                  {
                    "concept": "971b3852-3d49-4329-84fb-9b122f1bab62",
                    "label": "Hyperextension of MCP Joints Absent"
                  },
                  {
                    "concept": "ed4814e0-0831-44e7-9f94-04fb6e063572",
                    "label": "Fully Closed Hand Possible"
                  },
                  {
                    "concept": "c491253e-e273-4cd1-96c5-1835dd36570f",
                    "label": "Lumbrical Position Possible"
                  },
                  {
                    "concept": "5a469858-c6ec-4098-9158-dd790626ba69",
                    "label": "Good Grasp of Opposite Forearm Possible"
                  }
                ]
              }
            }
          ]
        },
        {
          "label": "Thumb Assessment",
          "isExpanded": true,
          "questions": [
            {
              "label": "Thumb Assessment Findings",
              "type": "obs",
              "id": "ThumbAssFin",
              "questionOptions": {
                "concept": "2a3d0af1-d51f-4cdf-ae29-3aef06f690e4",
                "rendering": "checkbox",
                "answers": [
                  {
                    "concept": "8a2ce0cf-9362-44d3-8951-a9ecad8899d6",
                    "label": "Abduction & Opposition Possible"
                  },
                  {
                    "concept": "aa6318af-abc9-49cf-9f52-e285e4bf6fa4",
                    "label": "Pulp to Pulp Pinch Possible"
                  }
                ]
              }
            }
          ]
        },
        {
          "label": "Foot Assessment",
          "isExpanded": true,
          "questions": [
            {
              "label": "Foot Assessment Findings",
              "type": "obs",
              "id": "FootAssFin",
              "questionOptions": {
                "concept": "31c40b7f-86c9-4ee4-911b-69a3db6e11a5",
                "rendering": "checkbox",
                "answers": [
                  {
                    "concept": "8bfedbf5-8c73-4384-91c1-f951ebff5c96",
                    "label": "Heel to Toe Walking Gait"
                  },
                  {
                    "concept": "ca7a6068-c8ab-4390-b36a-e89db4296138",
                    "label": "Straight Toes"
                  }
                ]
              }
            }
          ]
        },
        {
          "label": "Clinical notes",
          "isExpanded": true,
          "questions": [
            {
              "label": "Clinical Notes",
              "type": "obs",
              "id": "ClinicalNotes",
              "questionOptions": {
                "concept": "163042AAAAAAAAAAAAAAAAAAAAAAAAAAAAAA",
                "rendering": "textarea",
                "rows": "10"
              }
            }
          ]
        }
      ]
    }
  ],
  "processor": "EncounterFormProcessor",
  "referencedForms": [],
  "encounterType": "4469d5f5-18fe-4f47-bf05-36819b9bf5e1"
}