{
  "name": "Post Delivery 48 hours Form",
  "description": "A form used to capture Post Delivery 48 hours data",
  "version": "1.0",
  "published": true,
  "uuid": "07dc609f-e607-43d6-9dc3-8bd405c4226a",
  "retired": false,
  "encounter": "MCH Mother Consultation",
  "pages": [
    {
      "label": "Post-Delivery Details",
      "sections": [
        {
          "label": "Encounter Details",
          "isExpanded": "true",
          "questions": [
            {
              "label": "Visit date:",
              "type": "encounterDatetime",
              "required": "true",
              "id": "encDate",
              "questionOptions": {
                "rendering": "date"
              },
              "validators": [
                {
                  "type": "date",
                  "allowFutureDates": "false"
                }
              ]
            },
            {
              "label": "Provider:",
              "type": "encounterProvider",
              "required": "true",
              "questionOptions": {
                "rendering": "ui-select-extended"
              },
              "id": "encProvider "
            },
            {
              "label": "Location:",
              "type": "encounterLocation",
              "required": "true",
              "questionOptions": {
                "rendering": "ui-select-extended"
              },
              "id": "encLocation"
            }
          ]
        },
        {
          "label": "Mother Details",
          "isExpanded": "true",
          "questions": [
            {
              "label": "Temperature (C) :",
              "type": "obs",
              "id": "temperature",
              "questionOptions": {
                "concept": "5088AAAAAAAAAAAAAAAAAAAAAAAAAAAAAAAA",
                "rendering": "number",
                "max": "43",
                "min": "25"
              },
              "historicalExpression": "HD.getObject('prevEnc').getValue('5088AAAAAAAAAAAAAAAAAAAAAAAAAAAAAAAA')",
              "alert": {
                "alertWhenExpression": "myValue && (myValue >= 37.5 || myValue < 35)",
                "message": "Temperature is out of range (Normal range 35-37)"
              }
            },
            {
              "label": "Pulse Rate",
              "type": "obs",
              "id": "pulseRate",
              "questionOptions": {
                "concept": "5087AAAAAAAAAAAAAAAAAAAAAAAAAAAAAAAA",
                "rendering": "number",
                "max": "100",
                "min": "0"
              },
              "historicalExpression": "HD.getObject('prevEnc').getValue('5087AAAAAAAAAAAAAAAAAAAAAAAAAAAAAAAA')",
              "alert": {
                "alertWhenExpression": "myValue && (myValue >= 100.5 || myValue < 59.5)",
                "message": "Pulse Rate is out of range (Normal range 60-100)"
              }
            },
            {
              "label": "Respiratory Rate",
              "type": "obs",
              "id": "respRate",
              "questionOptions": {
                "concept": "5242AAAAAAAAAAAAAAAAAAAAAAAAAAAAAAAA",
                "rendering": "number",
                "max": "100",
                "min": "0"
              },
              "historicalExpression": "HD.getObject('prevEnc').getValue('5242AAAAAAAAAAAAAAAAAAAAAAAAAAAAAAAA')",
              "alert": {
                "alertWhenExpression": "myValue && (myValue >= 16.5 || myValue < 11.5)",
                "message": "Respiratory Rate is out of range (Normal range 12-16)"
              }
            },
            {
              "label": "Systolic B.P",
              "type": "obs",
              "id": "sysBP",
              "questionOptions": {
                "concept": "5085AAAAAAAAAAAAAAAAAAAAAAAAAAAAAAAA",
                "rendering": "number",
                "max": "200",
                "min": "0"
              },
              "historicalExpression": "HD.getObject('prevEnc').getValue('5085AAAAAAAAAAAAAAAAAAAAAAAAAAAAAAAA')",
              "alert": {
                "alertWhenExpression": "myValue && (myValue >= 130.5 || myValue < 119.5)",
                "message": "Systolic is out of range (Normal range 120-130)"
              }
            },
            {
              "label": "Diastolic B.P",
              "type": "obs",
              "id": "diasBP",
              "questionOptions": {
                "concept": "5086AAAAAAAAAAAAAAAAAAAAAAAAAAAAAAAA",
                "rendering": "number",
                "max": "200",
                "min": "0"
              },
              "historicalExpression": "HD.getObject('prevEnc').getValue('5086AAAAAAAAAAAAAAAAAAAAAAAAAAAAAAAA')",
              "alert": {
                "alertWhenExpression": "myValue && (myValue >= 85.5 || myValue < 79.5)",
                "message": "Diastolic is out of range (Normal range 80-85)"
              }
            },
            {
              "label": "Condition of the Mother",
              "type": "obs",
              "id": "cndtnMother",
              "questionOptions": {
                "concept": "1473AAAAAAAAAAAAAAAAAAAAAAAAAAAAAAAA",
                "rendering": "text"
              }
            },
            {
              "label": "Fundus",
              "type": "obs",
              "id": "fundUS",
              "questionOptions": {
                "concept": "1473AAAAAAAAAAAAAAAAAAAAAAAAAAAAAAAA",
                "rendering": "text"
              }
            },
            {
              "label": "Placenta complete?",
              "type": "obs",
              "id": "placentaComplete",
              "questionOptions": {
                "concept": "163454AAAAAAAAAAAAAAAAAAAAAAAAAAAAAA",
                "rendering": "radio",
                "answers": [
                  {
                    "concept": "703AAAAAAAAAAAAAAAAAAAAAAAAAAAAAAAAA",
                    "label": "Yes"
                  },
                  {
                    "concept": "664AAAAAAAAAAAAAAAAAAAAAAAAAAAAAAAAA",
                    "label": "No"
                  },
                  {
                    "concept": "1501AAAAAAAAAAAAAAAAAAAAAAAAAAAAAAAA",
                    "label": "Baby born before arrival"
                  }
                ]
              }
            },
            {
              "label": "Placenta weight (g)",
              "type": "obs",
              "id": "plaCenTAG",
              "questionOptions": {
                "concept": "5565a7ad-f15e-4466-a26d-7ecc7bc7bed4",
                "rendering": "number",
                "min": "0",
                "max":"20000"
              }
            },
            {
              "label": "Membrane",
              "type": "obs",
              "id": "membRane",
              "questionOptions": {
                "concept": "163445AAAAAAAAAAAAAAAAAAAAAAAAAAAAAA",
                "rendering": "radio",
                "answers": [
                  {
                    "concept": "12ba0ee0-23cd-4e79-baef-a10c8bc5ea69",
                    "label": "Complete"
                  },
                  {
                    "concept": "163339AAAAAAAAAAAAAAAAAAAAAAAAAAAAAA",
                    "label": "Incomplete"
                  }
                ]
              }
            },
            {
              "label": "Blood loss (mls)",
              "type": "obs",
              "id": "bloodLoss",
              "questionOptions": {
                "concept": "161928AAAAAAAAAAAAAAAAAAAAAAAAAAAAAA",
                "rendering": "number",
                "min": "0",
                "max": "500"
              }
            },
            {
              "label": "Perineum Examination",
              "type": "obs",
              "id": "perIneUmExam",
              "questionOptions": {
                "concept": "160084AAAAAAAAAAAAAAAAAAAAAAAAAAAAAA",
                "rendering": "select",
                "answers": [
                  {
                    "label": "Normal",
                    "concept": "164899AAAAAAAAAAAAAAAAAAAAAAAAAAAAAA"
                  },
                  {
                    "label": "Episiotomy",
                    "concept": "5577AAAAAAAAAAAAAAAAAAAAAAAAAAAAAAAA"
                  },
                  {
                    "label": "Laceration",
                    "concept": "114244AAAAAAAAAAAAAAAAAAAAAAAAAAAAAA"
                  },
                  {
                    "label": "Tear 1st Degree",
                    "concept": "140113AAAAAAAAAAAAAAAAAAAAAAAAAAAAAA"
                  },
                  {
                    "label": "Tear 2nd Degree",
                    "concept": "127016AAAAAAAAAAAAAAAAAAAAAAAAAAAAAA"
                  },
                  {
                    "label": "Tear 3rd Degree",
                    "concept": "124858AAAAAAAAAAAAAAAAAAAAAAAAAAAAAA"
                  },
                  {
                    "label": "Tear 4th Degree",
                    "concept": "139914AAAAAAAAAAAAAAAAAAAAAAAAAAAAAA"
                  },
                  {
                    "label": "FGM",
                    "concept": "118935AAAAAAAAAAAAAAAAAAAAAAAAAAAAAA"
                  },
                  {
                    "label": "Vaginal Warts",
                    "concept": "139505AAAAAAAAAAAAAAAAAAAAAAAAAAAAAA"
                  }
                ]
              }
            },
            {
              "label": "Repair",
              "type": "obs",
              "id": "rePairpeRinium",
              "questionOptions": {
                "concept": "c67be9a5-f497-4082-af81-11753f65ed4b",
                "rendering": "radio",
                "answers": [
                  {
                    "concept": "1065AAAAAAAAAAAAAAAAAAAAAAAAAAAAAAAA",
                    "label": "Yes"
                  },
                  {
                    "concept": "1066AAAAAAAAAAAAAAAAAAAAAAAAAAAAAAAA",
                    "label": "No"
                  }
                ]
              },
              "hide": {
                "hideWhenExpression": "isEmpty(perIneUmExam) || perIneUmExam === '164899AAAAAAAAAAAAAAAAAAAAAAAAAAAAAA' || perIneUmExam === '114244AAAAAAAAAAAAAAAAAAAAAAAAAAAAAA'"
              }
            },
            {
              "label": "Condition of Mother after delivery:",
              "type": "obs",
              "id": "maternalOutcome",
              "questionOptions": {
                "concept": "1856AAAAAAAAAAAAAAAAAAAAAAAAAAAAAAAA",
                "rendering": "select",
                "answers": [
                  {
                    "concept": "160429AAAAAAAAAAAAAAAAAAAAAAAAAAAAAA",
                    "label": "Alive"
                  },
                  {
                    "concept": "134612AAAAAAAAAAAAAAAAAAAAAAAAAAAAAA",
                    "label": "Dead"
                  }
                ]
              }
            },
            {
              "label": "Maternal death audited?",
              "type": "obs",
              "id": "deathAudited",
              "questionOptions": {
                "concept": "df6d63de-193f-4019-aed4-c78e3db3a814",
                "rendering": "radio",
                "answers": [
                  {
                    "concept": "1065AAAAAAAAAAAAAAAAAAAAAAAAAAAAAAAA",
                    "label": "Yes"
                  },
                  {
                    "concept": "1066AAAAAAAAAAAAAAAAAAAAAAAAAAAAAAAA",
                    "label": "No"
                  }
                ]
              },
              "hide": {
                "hideWhenExpression": "maternalOutcome !== '134612AAAAAAAAAAAAAAAAAAAAAAAAAAAAAA'"
              }
            },
            {
              "label": "Date of Death",
              "type": "obs",
              "id": "dateOfDeath",
              "questionOptions": {
                "concept": "1113AAAAAAAAAAAAAAAAAAAAAAAAAAAAAAAA",
                "rendering": "date"
              },
              "hide": {
                "hideWhenExpression": "deathAudited !== '1065AAAAAAAAAAAAAAAAAAAAAAAAAAAAAAAA'"
              },
              "validators": [
                {
                  "type": "date",
                  "allowFutureDates": "false"
                }
              ]
            },
            {
              "label": "Delivery complications?",
              "type": "obs",
              "id": "deliveryComplications",
              "questionOptions": {
                "concept": "120216AAAAAAAAAAAAAAAAAAAAAAAAAAAAAA",
                "rendering": "radio",
                "answers": [
                  {
                    "concept": "1065AAAAAAAAAAAAAAAAAAAAAAAAAAAAAAAA",
                    "label": "Yes"
                  },
                  {
                    "concept": "1066AAAAAAAAAAAAAAAAAAAAAAAAAAAAAAAA",
                    "label": "No"
                  }
                ]
              }
            },
            {
              "label": "Select delivery complications?",
              "type": "obs",
              "id": "specificComplications",
              "questionOptions": {
                "concept": "1576AAAAAAAAAAAAAAAAAAAAAAAAAAAAAAAA",
                "rendering": "select",
                "answers": [
                  {
                    "concept": "113195AAAAAAAAAAAAAAAAAAAAAAAAAAAAAA",
                    "label": "Ruptured Uterus"
                  },
                  {
                    "concept": "118744AAAAAAAAAAAAAAAAAAAAAAAAAAAAAA",
                    "label": "Eclampsia"
                  },
                  {
                    "concept": "228AAAAAAAAAAAAAAAAAAAAAAAAAAAAAAAAA",
                    "label": "APH"
                  },
                  {
                    "concept": "230AAAAAAAAAAAAAAAAAAAAAAAAAAAAAAAAA",
                    "label": "PPH"
                  },
                  {
                    "concept": "115036AAAAAAAAAAAAAAAAAAAAAAAAAAAAAA",
                    "label": "Obstructed Labor"
                  },
                  {
                    "concept": "130AAAAAAAAAAAAAAAAAAAAAAAAAAAAAAAAA",
                    "label": "Puerperal sepsis"
                  },
                  {
                    "concept": "5622AAAAAAAAAAAAAAAAAAAAAAAAAAAAAAAA",
                    "label": "Other"
                  }
                ]
              },
              "hide": {
                "hideWhenExpression": "isEmpty(deliveryComplications) || deliveryComplications !== '1065AAAAAAAAAAAAAAAAAAAAAAAAAAAAAAAA'"
              }
            },
            {
              "label": "Other delivery complications",
              "type": "obs",
              "id": "otherComplications",
              "questionOptions": {
                "concept": "162093AAAAAAAAAAAAAAAAAAAAAAAAAAAAAA",
                "rendering": "textarea"
              },
              "hide": {
                "hideWhenExpression": "isEmpty(specificComplications) || specificComplications !== '5622AAAAAAAAAAAAAAAAAAAAAAAAAAAAAAAA'"
              }
            },
            {
              "label": "Delivery Outcome",
              "type": "obs",
              "id": "deliveryOutcome",
              "questionOptions": {
                "concept": "159949AAAAAAAAAAAAAAAAAAAAAAAAAAAAAA",
                "rendering": "select",
                "answers": [
                  {
                    "concept": "159913AAAAAAAAAAAAAAAAAAAAAAAAAAAAAA",
                    "label": "Single"
                  },
                  {
                    "concept": "159914AAAAAAAAAAAAAAAAAAAAAAAAAAAAAA",
                    "label": "Twins"
                  },
                  {
                    "concept": "159915AAAAAAAAAAAAAAAAAAAAAAAAAAAAAA",
                    "label": "Triplets"
                  },
                  {
                    "concept": "113450AAAAAAAAAAAAAAAAAAAAAAAAAAAAAA",
                    "label": "Quadruplets"
                  },
                  {
                    "concept": "113440AAAAAAAAAAAAAAAAAAAAAAAAAAAAAA",
                    "label": "Quintuplets"
                  }
                ]
              }
            },
            {
              "label": "Date and time of Delivery:",
              "type": "obs",
              "datePickerFormat": "both",
              "questionOptions": {
                "rendering": "date",
                "concept": "5599AAAAAAAAAAAAAAAAAAAAAAAAAAAAAAAA"
              },
              "id": "deliveryDateTime",
              "validators": [
                {
                  "type": "date",
                  "allowFutureDates": "false"
                }
              ]
            },
            {
              "label": "Place of Delivery:",
              "type": "obs",
              "id": "placeOfDelivery",
              "questionOptions": {
                "concept": "1572AAAAAAAAAAAAAAAAAAAAAAAAAAAAAAAA",
                "rendering": "select",
                "answers": [
                  {
                    "concept": "1536AAAAAAAAAAAAAAAAAAAAAAAAAAAAAAAA",
                    "label": "Home"
                  },
                  {
                    "concept": "1589AAAAAAAAAAAAAAAAAAAAAAAAAAAAAAAA",
                    "label": "Facility"
                  },
                  {
                    "concept": "1601AAAAAAAAAAAAAAAAAAAAAAAAAAAAAAAA",
                    "label": "Born Before Arrival"
                  }
                ]
              }
            },
            {
              "label": "Delivery Conducted By:",
              "type": "obs",
              "id": "deliveryConductedBy",
              "questionOptions": {
                "concept": "1473AAAAAAAAAAAAAAAAAAAAAAAAAAAAAAAA",
                "rendering": "text"
              }
            }
          ]
        },
        {
          "label": "Baby Details",
          "isExpanded": "true",
          "questions": [
            {
              "label": "Baby details",
              "type": "obsGroup",
              "id": "babyDetails",
              "required": "true",
              "questionOptions": {
                "concept": "162588AAAAAAAAAAAAAAAAAAAAAAAAAAAAAA",
                "rendering": "repeating"
              },
              "questions": [
                {
                  "label": "Sex :",
                  "type": "obs",
                  "id": "sex",
                  "questionOptions": {
                    "concept": "1587AAAAAAAAAAAAAAAAAAAAAAAAAAAAAAAA",
                    "rendering": "radio",
                    "answers": [
                      {
                        "concept": "1534AAAAAAAAAAAAAAAAAAAAAAAAAAAAAAAA",
                        "label": "Male"
                      },
                      {
                        "concept": "1535AAAAAAAAAAAAAAAAAAAAAAAAAAAAAAAA",
                        "label": "Female"
                      }
                    ]
                  }
                },
                {
                  "label": "Birth weight (gms) :",
                  "type": "obs",
                  "id": "birthWeight",
                  "questionOptions": {
                    "concept": "5916AAAAAAAAAAAAAAAAAAAAAAAAAAAAAAAA",
                    "rendering": "number"
                  }
                },
                {
                  "label": "Birth length (cm) :",
                  "type": "obs",
                  "id": "birthLength",
                  "questionOptions": {
                    "concept": "1503AAAAAAAAAAAAAAAAAAAAAAAAAAAAAAAA",
                    "rendering": "number",
                    "min": "9",
                    "max": "60"
                  }
                },
                {
                  "label": "Head Circumference",
                  "type": "obs",
                  "id": "heaDcIrcumference",
                  "questionOptions": {
                    "concept": "5314AAAAAAAAAAAAAAAAAAAAAAAAAAAAAAAA",
                    "rendering": "number"
                  }
                },
                {
                  "label": "Head size",
                  "type": "obs",
                  "id": "headSize",
                  "questionOptions": {
                    "concept": "4e100fc5-5ccc-491d-904b-13850e6a7fa8",
                    "rendering": "radio",
                    "answers": [
                      {
                        "concept": "1115AAAAAAAAAAAAAAAAAAAAAAAAAAAAAAAA",
                        "label": "Normal"
                      },
                      {
                        "concept": "1116AAAAAAAAAAAAAAAAAAAAAAAAAAAAAAAA",
                        "label": "Abnormal"
                      }
                    ]
                  }
                },
                {
                  "label": "Abnormalities",
                  "type": "obs",
                  "id": "headAbnormalities",
                  "questionOptions": {
                    "concept": "a5923b0e-1d99-41b4-85ed-fa7a823cf121",
                    "rendering": "radio",
                    "answers": [
                      {
                        "concept": "3eaf4d29-a98d-44f2-8f94-2051c1f1907a",
                        "label": "Extra small (micro cephalic)"
                      },
                      {
                        "concept": "40c62dbc-71f0-47b5-b5b1-2caa47a2da56",
                        "label": "Extra big (hydrocephalic)"
                      },
                      {
                        "concept": "5622AAAAAAAAAAAAAAAAAAAAAAAAAAAAAAAA",
                        "label": "Other"
                      }
                    ]
                  },
                  "hide": {
                    "hideWhenExpression": "isEmpty(headSize) || headSize !== '1116AAAAAAAAAAAAAAAAAAAAAAAAAAAAAAAA'"
                  }
                },
                {
                  "label": "Other specify",
                  "type": "obs",
                  "id": "otherSpecifyhead",
                  "questionOptions": {
                    "rendering": "text",
                    "concept": "160632AAAAAAAAAAAAAAAAAAAAAAAAAAAAAA",
                    "answers": []
                  },
                  "hide": {
                    "hideWhenExpression": "isEmpty(headAbnormalities) || headAbnormalities !== '5622AAAAAAAAAAAAAAAAAAAAAAAAAAAAAAAA'"
                  },
                  "validators": []
                },
                {
                  "label": "Mouth and Gums",
                  "type": "obs",
                  "id": "mouthGums",
                  "questionOptions": {
                    "concept": "4102cef4-6e03-4f68-a884-fb4173186c32",
                    "rendering": "radio",
                    "answers": [
                      {
                        "concept": "1115AAAAAAAAAAAAAAAAAAAAAAAAAAAAAAAA",
                        "label": "Normal"
                      },
                      {
                        "concept": "1116AAAAAAAAAAAAAAAAAAAAAAAAAAAAAAAA",
                        "label": "Abnormal"
                      }
                    ]
                  }
                },
                {
                  "label": "Abnormalities",
                  "type": "obs",
                  "id": "mouthAbnormalities",
                  "questionOptions": {
                    "concept": "3f6b6629-bdac-40d4-82d8-cc9e86cc5a54",
                    "rendering": "radio",
                    "answers": [
                      {
                        "concept": "145066AAAAAAAAAAAAAAAAAAAAAAAAAAAAAA",
                        "label": "Cleft lip"
                      },
                      {
                        "concept": "145063AAAAAAAAAAAAAAAAAAAAAAAAAAAAAA",
                        "label": "Cleft palate"
                      },
                      {
                        "concept": "5622AAAAAAAAAAAAAAAAAAAAAAAAAAAAAAAA",
                        "label": "Other"
                      }
                    ]
                  },
                  "hide": {
                    "hideWhenExpression": "isEmpty(mouthGums) || mouthGums !== '1116AAAAAAAAAAAAAAAAAAAAAAAAAAAAAAAA'"
                  }
                },
                {
                  "label": "Other specify",
                  "type": "obs",
                  "id": "otherSpecifymouth",
                  "questionOptions": {
                    "rendering": "text",
                    "concept": "160632AAAAAAAAAAAAAAAAAAAAAAAAAAAAAA",
                    "answers": []
                  },
                  "validators": [],
                  "hide": {
                    "hideWhenExpression": "isEmpty(mouthAbnormalities) || mouthAbnormalities !== '5622AAAAAAAAAAAAAAAAAAAAAAAAAAAAAAAA'"
                  }
                },
                {
                  "label": "Ears",
                  "type": "obs",
                  "id": "earsAbno",
                  "questionOptions": {
                    "concept": "0aeb408f-e429-43a5-bdd7-18c8fce4b832",
                    "rendering": "radio",
                    "answers": [
                      {
                        "concept": "1115AAAAAAAAAAAAAAAAAAAAAAAAAAAAAAAA",
                        "label": "Normal"
                      },
                      {
                        "concept": "1116AAAAAAAAAAAAAAAAAAAAAAAAAAAAAAAA",
                        "label": "Abnormal"
                      }
                    ]
                  }
                },
                {
                  "label": "Other specify",
                  "type": "obs",
                  "id": "otherSpecifyears",
                  "questionOptions": {
                    "rendering": "text",
                    "concept": "160632AAAAAAAAAAAAAAAAAAAAAAAAAAAAAA",
                    "answers": []
                  },
                  "validators": [],
                  "hide": {
                    "hideWhenExpression": "isEmpty(earsAbno) || earsAbno !== '1116AAAAAAAAAAAAAAAAAAAAAAAAAAAAAAAA'"
                  }
                },
                {
                  "label": "Arms and legs",
                  "type": "obs",
                  "id": "armsLegs",
                  "questionOptions": {
                    "concept": "aeaba00c-5404-4d8f-a561-0d071aa42f96",
                    "rendering": "radio",
                    "answers": [
                      {
                        "concept": "64e4b7e2-e4e3-43e8-8363-8e2f1841d86c",
                        "label": "Normal Arms"
                      },
                      {
                        "concept": "1f615369-8705-4160-b295-defdad348809",
                        "label": "Normal Legs"
                      },
                      {
                        "concept": "89e3fece-01f5-4b6f-850c-fc2bb5a62de2",
                        "label": "Normal Back"
                      },
                      {
                        "concept": "1116AAAAAAAAAAAAAAAAAAAAAAAAAAAAAAAA",
                        "label": "Abnormal"
                      }
                    ]
                  }
                },
                {
                  "label": "Abnormalities",
                  "type": "obs",
                  "id": "armsAbnormalities",
                  "questionOptions": {
                    "concept": "14ed4f39-a3f5-49f1-a36a-7e4434ebf158",
                    "rendering": "radio",
                    "answers": [
                      {
                        "concept": "155641AAAAAAAAAAAAAAAAAAAAAAAAAAAAAA",
                        "label": "Club foot"
                      },
                      {
                        "concept": "119972AAAAAAAAAAAAAAAAAAAAAAAAAAAAAA",
                        "label": "Congenital hip dislocation"
                      },
                      {
                        "concept": "d460660b-b62b-448f-9fda-aefc817e5f08",
                        "label": "Jointed fingers or toes"
                      },
                      {
                        "concept": "38144912-9834-463d-b8a2-56406754e6ce",
                        "label": "Extra fingers and toes"
                      },
                      {
                        "concept": "5622AAAAAAAAAAAAAAAAAAAAAAAAAAAAAAAA",
                        "label": "Other"
                      }
                    ]
                  },
                  "hide": {
                    "hideWhenExpression": "isEmpty(armsLegs) || armsLegs !== '1116AAAAAAAAAAAAAAAAAAAAAAAAAAAAAAAA'"
                  }
                },
                {
                  "label": "Other specify",
                  "type": "obs",
                  "id": "otherSpecifyarms",
                  "questionOptions": {
                    "rendering": "text",
                    "concept": "160632AAAAAAAAAAAAAAAAAAAAAAAAAAAAAA",
                    "answers": []
                  },
                  "validators": [],
                  "hide": {
                    "hideWhenExpression": "isEmpty(armsAbnormalities) || armsAbnormalities !== '5622AAAAAAAAAAAAAAAAAAAAAAAAAAAAAAAA'"
                  }
                },
                {
                  "label": "Muscle Tone",
                  "type": "obs",
                  "id": "muscleTone",
                  "questionOptions": {
                    "concept": "bafa2000-3fbc-4b44-93ca-c15b05270b71",
                    "rendering": "radio",
                    "answers": [
                      {
                        "concept": "1115AAAAAAAAAAAAAAAAAAAAAAAAAAAAAAAA",
                        "label": "Normal"
                      },
                      {
                        "concept": "1116AAAAAAAAAAAAAAAAAAAAAAAAAAAAAAAA",
                        "label": "Abnormal"
                      }
                    ]
                  }
                },
                {
                  "label": "Abnormalities",
                  "type": "obs",
                  "id": "muscleAbnormalities",
                  "questionOptions": {
                    "concept": "dab51165-93f0-464f-867b-60d813e01e81",
                    "rendering": "radio",
                    "answers": [
                      {
                        "concept": "140052AAAAAAAAAAAAAAAAAAAAAAAAAAAAAA",
                        "label": "Floppiness"
                      },
                      {
                        "concept": "133629AAAAAAAAAAAAAAAAAAAAAAAAAAAAAA",
                        "label": "Rigidity"
                      },
                      {
                        "concept": "5622AAAAAAAAAAAAAAAAAAAAAAAAAAAAAAAA",
                        "label": "Other"
                      }
                    ]
                  },
                  "hide": {
                    "hideWhenExpression": "isEmpty(muscleTone) || muscleTone !== '1116AAAAAAAAAAAAAAAAAAAAAAAAAAAAAAAA'"
                  }
                },
                {
                  "label": "Other specify",
                  "type": "obs",
                  "id": "otherSpecifymuscle",
                  "questionOptions": {
                    "rendering": "text",
                    "concept": "160632AAAAAAAAAAAAAAAAAAAAAAAAAAAAAA",
                    "answers": []
                  },
                  "validators": [],
                  "hide": {
                    "hideWhenExpression": "isEmpty(muscleAbnormalities) || muscleAbnormalities !== '5622AAAAAAAAAAAAAAAAAAAAAAAAAAAAAAAA'"
                  }
                },
                {
                  "label": "Joints movement",
                  "type": "obs",
                  "id": "jointMovement",
                  "questionOptions": {
                    "concept": "dbb19c67-5554-477c-9acd-f64fd214c1c7",
                    "rendering": "radio",
                    "answers": [
                      {
                        "concept": "17742dec-a2b4-4c9f-83c0-05c7b75e7696",
                        "label": "Flexible"
                      },
                      {
                        "concept": "1116AAAAAAAAAAAAAAAAAAAAAAAAAAAAAAAA",
                        "label": "Abnormal"
                      }
                    ]
                  }
                },
                {
                  "label": "Other specify",
                  "type": "obs",
                  "id": "otherSpecifyjoints",
                  "questionOptions": {
                    "rendering": "text",
                    "concept": "160632AAAAAAAAAAAAAAAAAAAAAAAAAAAAAA",
                    "answers": []
                  },
                  "validators": [],
                  "hide": {
                    "hideWhenExpression": "isEmpty(jointMovement) || jointMovement !== '1116AAAAAAAAAAAAAAAAAAAAAAAAAAAAAAAA'"
                  }
                },
                {
                  "label": "Fingers & Toes",
                  "type": "obs",
                  "id": "fingersToes",
                  "questionOptions": {
                    "concept": "877e2dc8-ee45-40e2-9480-47609b5088bb",
                    "rendering": "radio",
                    "answers": [
                      {
                        "concept": "74826d3a-ac59-4627-aa8a-0aea72ce2200",
                        "label": "Normal 5 fingers and 5 toes"
                      },
                      {
                        "concept": "1116AAAAAAAAAAAAAAAAAAAAAAAAAAAAAAAA",
                        "label": "Abnormal"
                      }
                    ]
                  }
                },
                {
                  "label": "Other specify",
                  "type": "obs",
                  "id": "otherSpecifyfingers",
                  "questionOptions": {
                    "rendering": "text",
                    "concept": "160632AAAAAAAAAAAAAAAAAAAAAAAAAAAAAA",
                    "answers": []
                  },
                  "validators": [],
                  "hide": {
                    "hideWhenExpression": "isEmpty(fingersToes) || fingersToes !== '1116AAAAAAAAAAAAAAAAAAAAAAAAAAAAAAAA'"
                  }
                },
                {
                  "label": "Arms & Shoulders",
                  "type": "obs",
                  "id": "armsShoulders",
                  "questionOptions": {
                    "concept": "ef1c4be3-0361-4615-ac97-42ee2f948ddc",
                    "rendering": "radio",
                    "answers": [
                      {
                        "concept": "1115AAAAAAAAAAAAAAAAAAAAAAAAAAAAAAAA",
                        "label": "Normal"
                      },
                      {
                        "concept": "1116AAAAAAAAAAAAAAAAAAAAAAAAAAAAAAAA",
                        "label": "Abnormal"
                      }
                    ]
                  }
                },
                {
                  "label": "Other specify",
                  "type": "obs",
                  "id": "otherSpecifyshoulder",
                  "questionOptions": {
                    "rendering": "text",
                    "concept": "160632AAAAAAAAAAAAAAAAAAAAAAAAAAAAAA",
                    "answers": []
                  },
                  "validators": [],
                  "hide": {
                    "hideWhenExpression": "isEmpty(armsShoulders) || armsShoulders !== '1116AAAAAAAAAAAAAAAAAAAAAAAAAAAAAAAA'"
                  }
                },
                {
                  "label": "Spine/neck/back",
                  "type": "obs",
                  "id": "spineNeck",
                  "questionOptions": {
                    "concept": "90cb2de4-8d47-4d53-a6e9-245c837a5470",
                    "rendering": "radio",
                    "answers": [
                      {
                        "concept": "1115AAAAAAAAAAAAAAAAAAAAAAAAAAAAAAAA",
                        "label": "Normal"
                      },
                      {
                        "concept": "1116AAAAAAAAAAAAAAAAAAAAAAAAAAAAAAAA",
                        "label": "Abnormal"
                      }
                    ]
                  }
                },
                {
                  "label": "Abnormalities",
                  "type": "obs",
                  "id": "spineAbnormalities",
                  "questionOptions": {
                    "concept": "dab51165-93f0-464f-867b-60d813e01e81",
                    "rendering": "radio",
                    "answers": [
                      {
                        "concept": "163894AAAAAAAAAAAAAAAAAAAAAAAAAAAAAA",
                        "label": "Any Swellings"
                      },
                      {
                        "concept": "98430c58-8a8d-4ba8-b6f0-1681b552de57",
                        "label": "Protrusions"
                      },
                      {
                        "concept": "25978a7f-1291-4b19-b261-6dad7f96a49e",
                        "label": "Sores or Marks along the spine"
                      },
                      {
                        "concept": "5622AAAAAAAAAAAAAAAAAAAAAAAAAAAAAAAA",
                        "label": "Other"
                      }
                    ]
                  },
                  "hide": {
                    "hideWhenExpression": "isEmpty(spineNeck) || spineNeck !== '1116AAAAAAAAAAAAAAAAAAAAAAAAAAAAAAAA'"
                  }
                },
                {
                  "label": "Other specify",
                  "type": "obs",
                  "id": "otherSpecifymuscle",
                  "questionOptions": {
                    "rendering": "text",
                    "concept": "160632AAAAAAAAAAAAAAAAAAAAAAAAAAAAAA",
                    "answers": []
                  },
                  "validators": [],
                  "hide": {
                    "hideWhenExpression": "isEmpty(spineAbnormalities) || spineAbnormalities !== '5622AAAAAAAAAAAAAAAAAAAAAAAAAAAAAAAA'"
                  }
                },
                {
                  "label": "Body Movement",
                  "type": "obs",
                  "id": "bodyMovmnt",
                  "questionOptions": {
                    "concept": "7f74e130-a8f2-45bb-8cda-45b1899939080",
                    "rendering": "radio",
                    "answers": [
                      {
                        "concept": "1115AAAAAAAAAAAAAAAAAAAAAAAAAAAAAAAA",
                        "label": "Normal"
                      },
                      {
                        "concept": "1116AAAAAAAAAAAAAAAAAAAAAAAAAAAAAAAA",
                        "label": "Abnormal"
                      }
                    ]
                  }
                },
                {
                  "label": "Abnormalities",
                  "type": "obs",
                  "id": "bodyAbnormalities",
                  "questionOptions": {
                    "concept": "9516a7a2-34c1-4623-a88d-a86674471806",
                    "rendering": "radio",
                    "answers": [
                      {
                        "concept": "180a6902-becb-446e-bfd9-96af0a1bd97f",
                        "label": "Baby becomes floppy when lying in certain position"
                      },
                      {
                        "concept": "152492AAAAAAAAAAAAAAAAAAAAAAAAAAAAAA",
                        "label": "Celebral palsy"
                      },
                      {
                        "concept": "5622AAAAAAAAAAAAAAAAAAAAAAAAAAAAAAAA",
                        "label": "Other"
                      }
                    ]
                  },
                  "hide": {
                    "hideWhenExpression": "isEmpty(bodyMovmnt) || bodyMovmnt !== '1116AAAAAAAAAAAAAAAAAAAAAAAAAAAAAAAA'"
                  }
                },
                {
                  "label": "Other specify",
                  "type": "obs",
                  "id": "otherSpecifybody",
                  "questionOptions": {
                    "rendering": "text",
                    "concept": "160632AAAAAAAAAAAAAAAAAAAAAAAAAAAAAA",
                    "answers": []
                  },
                  "validators": [],
                  "hide": {
                    "hideWhenExpression": "isEmpty(bodyAbnormalities) || bodyAbnormalities !== '5622AAAAAAAAAAAAAAAAAAAAAAAAAAAAAAAA'"
                  }
                },
                {
                  "label": "Abdominal wall",
                  "type": "obs",
                  "id": "abdominalWall",
                  "questionOptions": {
                    "concept": "88e13491-6e4c-4a9e-a519-3cf36b61a97a",
                    "rendering": "radio",
                    "answers": [
                      {
                        "concept": "1115AAAAAAAAAAAAAAAAAAAAAAAAAAAAAAAA",
                        "label": "Normal"
                      },
                      {
                        "concept": "1116AAAAAAAAAAAAAAAAAAAAAAAAAAAAAAAA",
                        "label": "Abnormal"
                      }
                    ]
                  }
                },
                {
                  "label": "Other specify",
                  "type": "obs",
                  "id": "otherSpecifywall",
                  "questionOptions": {
                    "rendering": "text",
                    "concept": "160632AAAAAAAAAAAAAAAAAAAAAAAAAAAAAA",
                    "answers": []
                  },
                  "validators": [],
                  "hide": {
                    "hideWhenExpression": "isEmpty(abdominalWall) || abdominalWall !== '1116AAAAAAAAAAAAAAAAAAAAAAAAAAAAAAAA'"
                  }
                },
                {
                  "label": "Genitalia",
                  "type": "obs",
                  "id": "genitaliaAbno",
                  "questionOptions": {
                    "concept": "5be03a12-0860-43ef-bd9e-b4643e0450ce",
                    "rendering": "radio",
                    "answers": [
                      {
                        "concept": "1115AAAAAAAAAAAAAAAAAAAAAAAAAAAAAAAA",
                        "label": "Normal"
                      },
                      {
                        "concept": "1116AAAAAAAAAAAAAAAAAAAAAAAAAAAAAAAA",
                        "label": "Abnormal"
                      }
                    ]
                  }
                },
                {
                  "label": "Other specify",
                  "type": "obs",
                  "id": "otherSpecifygenitalia",
                  "questionOptions": {
                    "rendering": "text",
                    "concept": "160632AAAAAAAAAAAAAAAAAAAAAAAAAAAAAA",
                    "answers": []
                  },
                  "validators": [],
                  "hide": {
                    "hideWhenExpression": "isEmpty(genitaliaAbno) || genitaliaAbno !== '1116AAAAAAAAAAAAAAAAAAAAAAAAAAAAAAAA'"
                  }
                },
                {
                  "label": "Anus",
                  "type": "obs",
                  "id": "anusAbno",
                  "questionOptions": {
                    "concept": "f5de30c1-7f16-41b5-8de0-89e891dfa80c",
                    "rendering": "radio",
                    "answers": [
                      {
                        "concept": "1115AAAAAAAAAAAAAAAAAAAAAAAAAAAAAAAA",
                        "label": "Normal (Perforate)"
                      },
                      {
                        "concept": "1116AAAAAAAAAAAAAAAAAAAAAAAAAAAAAAAA",
                        "label": "Abnormal(Imperforate)"
                      }
                    ]
                  }
                },
                {
                  "label": "Other specify",
                  "type": "obs",
                  "id": "otherSpecifyanus",
                  "questionOptions": {
                    "rendering": "text",
                    "concept": "160632AAAAAAAAAAAAAAAAAAAAAAAAAAAAAA",
                    "answers": []
                  },
                  "validators": [],
                  "hide": {
                    "hideWhenExpression": "isEmpty(anusAbno) || anusAbno !== '1116AAAAAAAAAAAAAAAAAAAAAAAAAAAAAAAA'"
                  }
                },
                {
                  "label": "Additional Remarks",
                  "type": "obs",
                  "id": "additionalRemarks",
                  "questionOptions": {
                    "rendering": "textarea",
                    "concept": "605895dd-8dcf-47cc-a331-d0f563f30ab5",
                    "conceptMappings": [],
                    "answers": []
                  },
                  "validators": []
                }
              ]
            }
          ]
        },
        {
          "label": "Clinical Impression",
          "isExpanded": "true",
          "questions": [
            {
              "label": "Impression",
              "id": "clinicalDiagnosisId",
              "type": "diagnosis",
              "questionOptions": {
                "rendering": "repeating",
                "dataSource": "diagnoses",
                "rank": 1
              }
            }
          ]
        },
        {
          "label": "Post-Delivery Management",
          "isExpanded": "true",
          "questions": [
            {
              "label": "Initiated BF in less than 1 hour:",
              "type": "obs",
              "id": "babyInitiatedBF",
              "questionOptions": {
                "concept": "161543AAAAAAAAAAAAAAAAAAAAAAAAAAAAAA",
                "rendering": "radio",
                "answers": [
                  {
                    "concept": "1065AAAAAAAAAAAAAAAAAAAAAAAAAAAAAAAA",
                    "label": "Yes"
                  },
                  {
                    "concept": "1066AAAAAAAAAAAAAAAAAAAAAAAAAAAAAAAA",
                    "label": "No"
                  }
                ]
              }
            },
            {
              "label": "Is the infant correctly positioned?",
              "type": "obs",
              "id": "correctPos",
              "questionOptions": {
                "concept": "164472AAAAAAAAAAAAAAAAAAAAAAAAAAAAAA",
                "rendering": "radio",
                "answers": [
                  {
                    "concept": "1065AAAAAAAAAAAAAAAAAAAAAAAAAAAAAAAA",
                    "label": "Yes"
                  },
                  {
                    "concept": "1066AAAAAAAAAAAAAAAAAAAAAAAAAAAAAAAA",
                    "label": "No"
                  }
                ]
              },
              "hide": {
                "hideWhenExpression": "babyInitiatedBF !=='1065AAAAAAAAAAAAAAAAAAAAAAAAAAAAAAAA'"
              }
            },
            {
              "label": "Is the infant well attached to the breast?",
              "type": "obs",
              "id": "wellAttached",
              "questionOptions": {
                "concept": "162521AAAAAAAAAAAAAAAAAAAAAAAAAAAAAA",
                "rendering": "radio",
                "answers": [
                  {
                    "concept": "1065AAAAAAAAAAAAAAAAAAAAAAAAAAAAAAAA",
                    "label": "Yes"
                  },
                  {
                    "concept": "1066AAAAAAAAAAAAAAAAAAAAAAAAAAAAAAAA",
                    "label": "No"
                  }
                ]
              },
              "hide": {
                "hideWhenExpression": "babyInitiatedBF !=='1065AAAAAAAAAAAAAAAAAAAAAAAAAAAAAAAA'"
              }
            },
            {
              "label": "Kangaroo Mother care given",
              "type": "obs",
              "id": "babyInitiatedKangaroo",
              "questionOptions": {
                "concept": "161094AAAAAAAAAAAAAAAAAAAAAAAAAAAAAA",
                "rendering": "radio",
                "answers": [
                  {
                    "concept": "1065AAAAAAAAAAAAAAAAAAAAAAAAAAAAAAAA",
                    "label": "Yes"
                  },
                  {
                    "concept": "1066AAAAAAAAAAAAAAAAAAAAAAAAAAAAAAAA",
                    "label": "No"
                  }
                ]
              }
            },
            {
              "label": "Was Resuscitation done:",
              "type": "obs",
              "id": "resuscitation",
              "questionOptions": {
                "concept": "162131AAAAAAAAAAAAAAAAAAAAAAAAAAAAAA",
                "rendering": "radio",
                "answers": [
                  {
                    "concept": "1065AAAAAAAAAAAAAAAAAAAAAAAAAAAAAAAA",
                    "label": "Yes"
                  },
                  {
                    "concept": "1066AAAAAAAAAAAAAAAAAAAAAAAAAAAAAAAA",
                    "label": "No"
                  }
                ]
              },
              "hide": {
                "hideWhenExpression": ""
              }
            },
            {
              "label": "Was Stimulation done:",
              "type": "obs",
              "id": "StiMulationdOne",
              "questionOptions": {
                "concept": "17b47d52-eb47-4199-91f5-27dc78c95adf",
                "rendering": "radio",
                "answers": [
                  {
                    "concept": "1065AAAAAAAAAAAAAAAAAAAAAAAAAAAAAAAA",
                    "label": "Yes"
                  },
                  {
                    "concept": "1066AAAAAAAAAAAAAAAAAAAAAAAAAAAAAAAA",
                    "label": "No"
                  }
                ]
              },
              "hide": {
                "hideWhenExpression": ""
              }
            },
            {
              "label": "Was Suction done:",
              "type": "obs",
              "id": "SuctIonDOne",
              "questionOptions": {
                "concept": "1284AAAAAAAAAAAAAAAAAAAAAAAAAAAAAAAA",
                "rendering": "radio",
                "answers": [
                  {
                    "concept": "1065AAAAAAAAAAAAAAAAAAAAAAAAAAAAAAAA",
                    "label": "Yes"
                  },
                  {
                    "concept": "1066AAAAAAAAAAAAAAAAAAAAAAAAAAAAAAAA",
                    "label": "No"
                  }
                ]
              },
              "hide": {
                "hideWhenExpression": ""
              }
            },
            {
              "label": "Was Oxygen given:",
              "type": "obs",
              "id": "OxyGenDOne",
              "questionOptions": {
                "concept": "113316AAAAAAAAAAAAAAAAAAAAAAAAAAAAAA",
                "rendering": "radio",
                "answers": [
                  {
                    "concept": "1065AAAAAAAAAAAAAAAAAAAAAAAAAAAAAAAA",
                    "label": "Yes"
                  },
                  {
                    "concept": "1066AAAAAAAAAAAAAAAAAAAAAAAAAAAAAAAA",
                    "label": "No"
                  }
                ]
              },
              "hide": {
                "hideWhenExpression": ""
              }
            },
            {
              "label": "Was Bag and Mask ventilation provided:",
              "type": "obs",
              "id": "BGprovided",
              "questionOptions": {
                "concept": "165647AAAAAAAAAAAAAAAAAAAAAAAAAAAAAA",
                "rendering": "radio",
                "answers": [
                  {
                    "concept": "1065AAAAAAAAAAAAAAAAAAAAAAAAAAAAAAAA",
                    "label": "Yes"
                  },
                  {
                    "concept": "1066AAAAAAAAAAAAAAAAAAAAAAAAAAAAAAAA",
                    "label": "No"
                  }
                ]
              },
              "hide": {
                "hideWhenExpression": ""
              }
            },
            {
              "label": "Was Induction done",
              "type": "obs",
              "id": "iNductIonprovided",
              "questionOptions": {
                "concept": "113602AAAAAAAAAAAAAAAAAAAAAAAAAAAAAA",
                "rendering": "radio",
                "answers": [
                  {
                    "concept": "1065AAAAAAAAAAAAAAAAAAAAAAAAAAAAAAAA",
                    "label": "Yes"
                  },
                  {
                    "concept": "1066AAAAAAAAAAAAAAAAAAAAAAAAAAAAAAAA",
                    "label": "No"
                  }
                ]
              },
              "hide": {
                "hideWhenExpression": ""
              }
            },
            {
              "label": "If yes indication for induction",
              "type": "obs",
              "id": "TextiNduction",
              "questionOptions": {
                "concept": "159667AAAAAAAAAAAAAAAAAAAAAAAAAAAAAA",
                "rendering": "textarea",
                "rows": "10"
              },
              "hide": {
                "hideWhenExpression": "iNductIonprovided !== '1065AAAAAAAAAAAAAAAAAAAAAAAAAAAAAAAA'"
              }
            },
            {
              "label": "Was Artificial Rapture of membrane(ARM) done",
              "type": "obs",
              "id": "ARMprovided",
              "questionOptions": {
                "concept": "163445AAAAAAAAAAAAAAAAAAAAAAAAAAAAAA",
                "rendering": "radio",
                "answers": [
                  {
                    "concept": "1065AAAAAAAAAAAAAAAAAAAAAAAAAAAAAAAA",
                    "label": "Yes"
                  },
                  {
                    "concept": "1066AAAAAAAAAAAAAAAAAAAAAAAAAAAAAAAA",
                    "label": "No"
                  }
                ]
              },
              "hide": {
                "hideWhenExpression": ""
              }
            },
            {
              "label": "Given Vitamin K :",
              "type": "obs",
              "id": "vitaminK",
              "questionOptions": {
                "concept": "984AAAAAAAAAAAAAAAAAAAAAAAAAAAAAAAAA",
                "rendering": "radio",
                "answers": [
                  {
                    "concept": "1065AAAAAAAAAAAAAAAAAAAAAAAAAAAAAAAA",
                    "label": "Yes"
                  },
                  {
                    "concept": "1066AAAAAAAAAAAAAAAAAAAAAAAAAAAAAAAA",
                    "label": "No"
                  }
                ]
              }
            },
            {
              "label": "TEO given at birth ?",
              "type": "obs",
              "id": "babyTEOAtBirth",
              "questionOptions": {
                "concept": "1570AAAAAAAAAAAAAAAAAAAAAAAAAAAAAAAA",
                "rendering": "radio",
                "answers": [
                  {
                    "concept": "84893AAAAAAAAAAAAAAAAAAAAAAAAAAAAAAA",
                    "label": "Yes"
                  },
                  {
                    "concept": "1066AAAAAAAAAAAAAAAAAAAAAAAAAAAAAAAA",
                    "label": "No"
                  }
                ]
              },
              "hide": {
                "hideWhenExpression": ""
              }
            },
            {
              "label": "Chlorhexidine applied on cord stump:",
              "type": "obs",
              "id": "chlorhexidine",
              "questionOptions": {
                "concept": "159369AAAAAAAAAAAAAAAAAAAAAAAAAAAAAA",
                "rendering": "radio",
                "answers": [
                  {
                    "concept": "1065AAAAAAAAAAAAAAAAAAAAAAAAAAAAAAAA",
                    "label": "Yes"
                  },
                  {
                    "concept": "1066AAAAAAAAAAAAAAAAAAAAAAAAAAAAAAAA",
                    "label": "No"
                  }
                ]
              }
            },
            {
              "label": "Counselled on infant feeding?",
              "type": "obs",
              "id": "infantFeeding",
              "questionOptions": {
                "concept": "162091AAAAAAAAAAAAAAAAAAAAAAAAAAAAAA",
                "rendering": "radio",
                "answers": [
                  {
                    "concept": "1065AAAAAAAAAAAAAAAAAAAAAAAAAAAAAAAA",
                    "label": "Yes"
                  },
                  {
                    "concept": "1066AAAAAAAAAAAAAAAAAAAAAAAAAAAAAAAA",
                    "label": "No"
                  },
                  {
                    "concept": "1175AAAAAAAAAAAAAAAAAAAAAAAAAAAAAAAA",
                    "label": "Not applicable"
                  }
                ]
              }
            },
            {
              "label": "Clinical notes",
              "type": "obs",
              "id": "clinicalNotes",
              "questionOptions": {
                "concept": "159395AAAAAAAAAAAAAAAAAAAAAAAAAAAAAA",
                "rendering": "textarea"
              }
            },
            {
              "label": "Reffered For?",
              "type": "obs",
              "id": "refferalsOrderd",
              "questionOptions": {
                "concept": "160632AAAAAAAAAAAAAAAAAAAAAAAAAAAAAA",
                "rendering": "textarea"
              }
            },
            {
              "label": "Referred to?",
              "type": "obs",
              "id": "referralTo",
              "questionOptions": {
                "concept": "163145AAAAAAAAAAAAAAAAAAAAAAAAAAAAAA",
                "rendering": "select",
                "answers": [
                  {
                    "concept": "4fcf003e-71cf-47a5-a967-47d24aa61092",
                    "label": "Community Unit"
                  },
                  {
                    "concept": "164407AAAAAAAAAAAAAAAAAAAAAAAAAAAAAA",
                    "label": "Other health facility"
                  },
                  {
                    "concept": "c9404c8f-cf83-4bfe-acc0-4881599c78ba",
                    "label": "HIV Preventive Services"
                  }
                ]
              }
            },
            {
              "label": "Transfer to Facility:",
              "type": "obs",
              "id": "transferToFacility",
              "questionOptions": {
                "concept": "159495AAAAAAAAAAAAAAAAAAAAAAAAAAAAAA",
                "rendering": "encounterLocation"
              },
              "hide": {
                "hideWhenExpression": "referralTo !=='164407AAAAAAAAAAAAAAAAAAAAAAAAAAAAAA'"
              }
            },
            {
              "label": "Appointments",
              "required": false,
              "id": "appointmentWorkspaceLauncher",
              "questionOptions": {
                "rendering": "workspace-launcher",
                "buttonLabel": "Add appointments",
                "workspaceName": "appointments-form-workspace"
              }
            }
          ]
        }
      ]
    }
  ],
  "processor": "EncounterFormProcessor",
  "encounterType": "43dacebf-2412-44b6-b55a-63aff5b02fcd",
  "referencedForms": []
}