{
    "name": "Sexual Violence Post Rape Care Form (MOH 363 part A)",
    "description": "Sexual Violence POST RAPE CARE Form (MOH 363 part A)",
    "version": "1.0",
    "published": false,
    "retired": false,
    "encounter": "Sexual violence Post Rape Care 363A",
    "processor": "EncounterFormProcessor",
    "encounterType": "e571c807-8fcc-4bc3-bc64-4ed372b348e4",
    "referencedForms": [],
    "uuid": "c46aa4fd-8a5a-4675-90a7-a6f2119f61d8",
    "pages": [
        {
            "label": "Starter page",
            "sections": [
                {
                    "label": "Encounter Details",
                    "isExpanded": "true",
                    "questions": [
                        {
                            "label": "Visit date:",
                            "type": "encounterDatetime",
                            "required": "true",
                            "id": "encDate",
                            "questionOptions": {
                                "rendering": "date"
                            },
                            "validators": [
                                {
                                    "type": "date",
                                    "allowFutureDates": "false"
                                }
                            ]
                        },
                        {
                            "label": "Provider:",
                            "type": "encounterProvider",
                            "required": "true",
                            "questionOptions": {
                                "rendering": "ui-select-extended"
                            },
                            "id": "encProvider "
                        },
                        {
                            "label": "Location:",
                            "type": "encounterLocation",
                            "required": "true",
                            "questionOptions": {
                                "rendering": "ui-select-extended"
                            },
                            "id": "encLocation"
                        }
                    ]
                },
                {
                    "label": "Starter section",
                    "isExpanded": true,
                    "questions": [
                        {
                            "label": "Date & Time of Examination",
                            "type": "obs",
                            "id": "dateTimeExamination",
                            "datePickerFormat": "both",
                            "questionOptions": {
                                "concept": "159948AAAAAAAAAAAAAAAAAAAAAAAAAAAAAA",
                                "rendering": "date"
                            }
                        },
                        {
                            "label": "Date & Time of Incident",
                            "type": "obs",
                            "id": "dateTimeOfIncidence",
                            "datePickerFormat": "both",
                            "questionOptions": {
                                "concept": "162869AAAAAAAAAAAAAAAAAAAAAAAAAAAAAA",
                                "rendering": "date"
                            }
                        },
                        {
                            "label": "Number of perpetrators",
                            "type": "obs",
                            "id": "numberOfPP",
                            "questionOptions": {
                                "concept": "1639AAAAAAAAAAAAAAAAAAAAAAAAAAAAAAAA",
                                "rendering": "number"
                            }
                        },
                        {
                            "label": "Alleged perpetrators",
                            "type": "obs",
                            "id": "allegedPerpetrator",
                            "questionOptions": {
                                "concept": "f45b2051-0212-48e0-a0ae-b52809c5ba0c",
                                "rendering": "radio",
                                "answers": [
                                    {
                                        "concept": "1066AAAAAAAAAAAAAAAAAAAAAAAAAAAAAAAA",
                                        "label": "Unknown"
                                    },
                                    {
                                        "concept": "1065AAAAAAAAAAAAAAAAAAAAAAAAAAAAAAAA",
                                        "label": "Known (specify)"
                                    }
                                ]
                            }
                        },
                        {
                            "label": "Specify the relationship",
                            "type": "obs",
                            "id": "specifyRelationshipToPP",
                            "questionOptions": {
                                "concept": "167214AAAAAAAAAAAAAAAAAAAAAAAAAAAAAA",
                                "rendering": "text"
                            },
                            "hide": {
                                "hideWhenExpression": "isEmpty(allegedPerpetrator) ||  allegedPerpetrator !== '1065AAAAAAAAAAAAAAAAAAAAAAAAAAAAAAAA'"
                            }
                        },
                        {
                            "label": "County",
                            "type": "obs",
                            "id": "county",
                            "questionOptions": {
                                "concept": "167131AAAAAAAAAAAAAAAAAAAAAAAAAAAAAA",
                                "rendering": "text"
                            }
                        },
                        {
                            "label": "Sub-county",
                            "type": "obs",
                            "id": "subcounty",
                            "questionOptions": {
                                "concept": "161564AAAAAAAAAAAAAAAAAAAAAAAAAAAAAA",
                                "rendering": "text"
                            }
                        },
                        {
                            "label": "Landmark",
                            "type": "obs",
                            "id": "landMark",
                            "questionOptions": {
                                "concept": "159942AAAAAAAAAAAAAAAAAAAAAAAAAAAAAA",
                                "rendering": "text"
                            }
                        },
                        {
                            "label": "Indicate what is observed on the chief complaint",
                            "type": "obs",
                            "id": "onservationOnComplaint",
                            "questionOptions": {
                                "concept": "160945AAAAAAAAAAAAAAAAAAAAAAAAAAAAAA",
                                "rendering": "textarea"
                            }
                        },
                        {
                            "label": "Indicate what is reported by the chief complaint",
                            "type": "obs",
                            "id": "reportsComplaint",
                            "questionOptions": {
                                "concept": "166846AAAAAAAAAAAAAAAAAAAAAAAAAAAAAA",
                                "rendering": "textarea"
                            }
                        },
                        {
                            "label": "Circumstances surrounding the incident(survivor account) remember to record penetration(how,where,what was used?Indication of struggle?)",
                            "type": "obs",
                            "id": "circumstancesAroundIncident",
                            "questionOptions": {
                                "concept": "160303AAAAAAAAAAAAAAAAAAAAAAAAAAAAAA",
                                "rendering": "textarea"
                            }
                        },
                        {
                            "label": "Type of Sexual Violence",
                            "type": "obs",
                            "id": "typeOfSGBV",
                            "questionOptions": {
                                "concept": "123160AAAAAAAAAAAAAAAAAAAAAAAAAAAAAA",
                                "rendering": "checkbox",
                                "answers": [
                                    {
                                        "concept": "166060AAAAAAAAAAAAAAAAAAAAAAAAAAAAAA",
                                        "label": "Oral"
                                    },
                                    {
                                        "concept": "123385AAAAAAAAAAAAAAAAAAAAAAAAAAAAAA",
                                        "label": "Vaginal"
                                    },
                                    {
                                        "concept": "148895AAAAAAAAAAAAAAAAAAAAAAAAAAAAAA",
                                        "label": "Anal"
                                    },
                                    {
                                        "concept": "5622AAAAAAAAAAAAAAAAAAAAAAAAAAAAAAAA",
                                        "label": "Other (specify)"
                                    }
                                ]
                            }
                        },
                        {
                            "label": "Specify other sexual violence:",
                            "type": "obs",
                            "id": "specifyOtherSGBV",
                            "questionOptions": {
                                "concept": "161011AAAAAAAAAAAAAAAAAAAAAAAAAAAAAA",
                                "rendering": "textarea"
                            },
                            "hide": {
                                "hideWhenExpression": "isEmpty(typeOfSGBV) || !typeOfSGBV.includes('5622AAAAAAAAAAAAAAAAAAAAAAAAAAAAAAAA')"
                            }
                        },
                        {
                            "label": "Use of condoms",
                            "type": "obs",
                            "id": "condomUse",
                            "questionOptions": {
                                "concept": "1357AAAAAAAAAAAAAAAAAAAAAAAAAAAAAAAA",
                                "rendering": "radio",
                                "answers": [
                                    {
                                        "concept": "1067AAAAAAAAAAAAAAAAAAAAAAAAAAAAAAAA",
                                        "label": "Unknown"
                                    },
                                    {
                                        "concept": "1065AAAAAAAAAAAAAAAAAAAAAAAAAAAAAAAA",
                                        "label": "Yes"
                                    },
                                    {
                                        "concept": "1066AAAAAAAAAAAAAAAAAAAAAAAAAAAAAAAA",
                                        "label": "No"
                                    }
                                ]
                            }
                        },
                        {
                            "label": "Attended a health facility before this one?",
                            "type": "obs",
                            "id": "heAlthFacility",
                            "questionOptions": {
                                "concept": "166484AAAAAAAAAAAAAAAAAAAAAAAAAAAAAA",
                                "rendering": "radio",
                                "answers": [
                                    {
                                        "concept": "1065AAAAAAAAAAAAAAAAAAAAAAAAAAAAAAAA",
                                        "label": "Yes (Indicate name of facility)"
                                    },
                                    {
                                        "concept": "1066AAAAAAAAAAAAAAAAAAAAAAAAAAAAAAAA",
                                        "label": "No"
                                    }
                                ]
                            }
                        },
                        {
                            "label": "Name of the facility",
                            "type": "obs",
                            "id": "nameOfFacility",
                            "questionOptions": {
                                "concept": "162724AAAAAAAAAAAAAAAAAAAAAAAAAAAAAA",
                                "rendering": "textarea"
                            },
                            "hide": {
                                "hideWhenExpression": "isEmpty(heAlthFacility) || heAlthFacility !== '1065AAAAAAAAAAAAAAAAAAAAAAAAAAAAAAAA'"
                            }
                        },
                        {
                            "label": "Date and Time",
                            "type": "obs",
                            "id": "dateTimeAttendedFacility",
                            "datePickerFormat": "both",
                            "questionOptions": {
                                "concept": "159620AAAAAAAAAAAAAAAAAAAAAAAAAAAAAA",
                                "rendering": "date"
                            },
                            "hide": {
                                "hideWhenExpression": "isEmpty(heAlthFacility) || heAlthFacility !== '1065AAAAAAAAAAAAAAAAAAAAAAAAAAAAAAAA'"
                            }
                        },
                        {
                            "label": "Were you treated?",
                            "type": "obs",
                            "id": "treatedAtFacility",
                            "questionOptions": {
                                "concept": "bddb3732-1c6c-43b0-abb3-e6a337d9b9a4",
                                "rendering": "radio",
                                "answers": [
                                    {
                                        "concept": "1065AAAAAAAAAAAAAAAAAAAAAAAAAAAAAAAA",
                                        "label": "Yes"
                                    },
                                    {
                                        "concept": "1066AAAAAAAAAAAAAAAAAAAAAAAAAAAAAAAA",
                                        "label": "No"
                                    }
                                ]
                            },
                            "hide": {
                                "hideWhenExpression": "isEmpty(heAlthFacility) || heAlthFacility !== '1065AAAAAAAAAAAAAAAAAAAAAAAAAAAAAAAA'"
                            }
                        },
                        {
                            "label": "Were you given referral notes?",
                            "type": "obs",
                            "id": "referralNotes",
                            "questionOptions": {
                                "concept": "0dcc1312-e83e-4317-97c3-4b127b599744",
                                "rendering": "radio",
                                "answers": [
                                    {
                                        "concept": "1065AAAAAAAAAAAAAAAAAAAAAAAAAAAAAAAA",
                                        "label": "Yes"
                                    },
                                    {
                                        "concept": "1066AAAAAAAAAAAAAAAAAAAAAAAAAAAAAAAA",
                                        "label": "No"
                                    }
                                ]
                            },
                            "hide": {
                                "hideWhenExpression": "isEmpty(heAlthFacility) || heAlthFacility !== '1065AAAAAAAAAAAAAAAAAAAAAAAAAAAAAAAA'"
                            }
                        },
                        {
                            "label": "Incident already reported to police?",
                            "type": "obs",
                            "id": "rePortedPolice",
                            "questionOptions": {
                                "concept": "2a2370f9-f327-47ea-b147-6e3c884b4d11",
                                "rendering": "radio",
                                "answers": [
                                    {
                                        "concept": "1065AAAAAAAAAAAAAAAAAAAAAAAAAAAAAAAA",
                                        "label": "Yes (Indicate name of police station)"
                                    },
                                    {
                                        "concept": "1066AAAAAAAAAAAAAAAAAAAAAAAAAAAAAAAA",
                                        "label": "No"
                                    }
                                ]
                            }
                        },
                        {
                            "label": "Police station name",
                            "type": "obs",
                            "id": "policeStationName",
                            "questionOptions": {
                                "concept": "161550AAAAAAAAAAAAAAAAAAAAAAAAAAAAAA",
                                "rendering": "text"
                            },
                            "hide": {
                                "hideWhenExpression": "isEmpty(rePortedPolice) || rePortedPolice !== '1065AAAAAAAAAAAAAAAAAAAAAAAAAAAAAAAA'"
                            }
                        },
                        {
                            "label": "Date and time of report",
                            "type": "obs",
                            "id": "datetimeReport",
                            "datePickerFormat": "both",
                            "questionOptions": {
                                "concept": "c60c1a7c-07cb-4f21-8476-122c0126dba6",
                                "rendering": "date"
                            },
                            "hide": {
                                "hideWhenExpression": "isEmpty(rePortedPolice) || rePortedPolice !== '1065AAAAAAAAAAAAAAAAAAAAAAAAAAAAAAAA'"
                            }
                        },
                        {
                            "label": "Significant medical and/or surgical history",
                            "type": "obs",
                            "id": "medicalHistory",
                            "questionOptions": {
                                "concept": "160221AAAAAAAAAAAAAAAAAAAAAAAAAAAAAA",
                                "rendering": "textarea"
                            }
                        },
                        {
                            "label": "Indicate additional information provided by the client or observed",
                            "type": "obs",
                            "id": "additionalInfoFRomClient",
                            "questionOptions": {
                                "concept": "163677AAAAAAAAAAAAAAAAAAAAAAAAAAAAAA",
                                "rendering": "textarea"
                            }
                        },
                        {
                            "label": "Physical Examination:[Indicates sites and nature of injuries bruises and marks outside the genitatalia]Please use the body map below to indicate injuries, inflammations, marks on various body parts of the survivor",
                            "type": "obs",
                            "id": "remarkPhysical",
                            "questionOptions": {
                                "concept": "1391AAAAAAAAAAAAAAAAAAAAAAAAAAAAAAAA",
                                "rendering": "textarea",
                                "rows": "10"
                            }
                        },
                        {
                            "label": "Using any type of contraception",
                            "type": "obs",
                            "id": "anyTypeContraception",
                            "questionOptions": {
                                "concept": "163400AAAAAAAAAAAAAAAAAAAAAAAAAAAAAA",
                                "rendering": "radio",
                                "answers": [
                                    {
                                        "concept": "1065AAAAAAAAAAAAAAAAAAAAAAAAAAAAAAAA",
                                        "label": "Yes"
                                    },
                                    {
                                        "concept": "1066AAAAAAAAAAAAAAAAAAAAAAAAAAAAAAAA",
                                        "label": "No"
                                    }
                                ]
                            }
                        },
                        {
                            "label": "Known Pregnancy",
                            "type": "obs",
                            "id": "knownPregnancy",
                            "questionOptions": {
                                "concept": "5272AAAAAAAAAAAAAAAAAAAAAAAAAAAAAAAA",
                                "rendering": "radio",
                                "answers": [
                                    {
                                        "concept": "1065AAAAAAAAAAAAAAAAAAAAAAAAAAAAAAAA",
                                        "label": "Yes"
                                    },
                                    {
                                        "concept": "1066AAAAAAAAAAAAAAAAAAAAAAAAAAAAAAAA",
                                        "label": "No"
                                    }
                                ]
                            }
                        },
                        {
                            "label": "Parity",
                            "type": "obs",
                            "id": "parItYtErm",
                            "questionOptions": {
                                "concept": "160080AAAAAAAAAAAAAAAAAAAAAAAAAAAAAA",
                                "rendering": "number"
                            },
                            "hide": {
                                "hideWhenExpression": "isEmpty(knownPregnancy) || knownPregnancy !== '1065AAAAAAAAAAAAAAAAAAAAAAAAAAAAAAAA'"
                            }
                        },
                        {
                            "label": "Parity Abortion",
                            "type": "obs",
                            "id": "pariTyabOrtioN",
                            "questionOptions": {
                                "concept": "1823AAAAAAAAAAAAAAAAAAAAAAAAAAAAAAAA",
                                "rendering": "number"
                            },
                            "hide": {
                                "hideWhenExpression": "isEmpty(knownPregnancy) || knownPregnancy !== '1065AAAAAAAAAAAAAAAAAAAAAAAAAAAAAAAA'"
                            }
                        },
                        {
                            "label": "Gravida:",
                            "type": "obs",
                            "id": "graVidA",
                            "questionOptions": {
                                "concept": "5624AAAAAAAAAAAAAAAAAAAAAAAAAAAAAAAA",
                                "rendering": "number",
                                "calculate": {
                                    "calculateExpression": "(+parItYtErm + +pariTyabOrtioN) +1"
                                }
                            },
                            "hide": {
                                "hideWhenExpression": "isEmpty(knownPregnancy) || knownPregnancy !== '1065AAAAAAAAAAAAAAAAAAAAAAAAAAAAAAAA'"
                            }
                        },
                        {
                            "label": "Date of last consensual sexual intercourse",
                            "type": "obs",
                            "id": "dateLastConsensualSexualIntercourse",
                            "questionOptions": {
                                "concept": "160753AAAAAAAAAAAAAAAAAAAAAAAAAAAAAA",
                                "rendering": "date"
                            }
                        },
                        {
                            "label": "Demeanor/Level of anxiety",
                            "type": "obs",
                            "id": "demeanor",
                            "questionOptions": {
                                "concept": "162056AAAAAAAAAAAAAAAAAAAAAAAAAAAAAA",
                                "rendering": "radio",
                                "answers": [
                                    {
                                        "concept": "1066AAAAAAAAAAAAAAAAAAAAAAAAAAAAAAAA",
                                        "label": "Not Calm"
                                    },
                                    {
                                        "concept": "1065AAAAAAAAAAAAAAAAAAAAAAAAAAAAAAAA",
                                        "label": "Calm"
                                    }
                                ]
                            }
                        },
                        {
                            "label": "Did survivor change clothes?",
                            "type": "obs",
                            "id": "survivorChangeClothe",
                            "questionOptions": {
                                "concept": "d3f845d4-3a6a-447e-9c68-89a32830071d",
                                "rendering": "radio",
                                "answers": [
                                    {
                                        "concept": "1065AAAAAAAAAAAAAAAAAAAAAAAAAAAAAAAA",
                                        "label": "Yes"
                                    },
                                    {
                                        "concept": "1066AAAAAAAAAAAAAAAAAAAAAAAAAAAAAAAA",
                                        "label": "No"
                                    }
                                ]
                            }
                        },
                        {
                            "label": "State of clothes (stains,torn,color,where were the worn clothes taken)?",
                            "type": "obs",
                            "id": "stateOfClothes",
                            "questionOptions": {
                                "concept": "163104AAAAAAAAAAAAAAAAAAAAAAAAAAAAAA",
                                "rendering": "textarea"
                            }
                        },
                        {
                            "label": "How were the clothes transported?",
                            "type": "obs",
                            "id": "clOthesTransported",
                            "questionOptions": {
                                "concept": "161239AAAAAAAAAAAAAAAAAAAAAAAAAAAAAA",
                                "rendering": "radio",
                                "answers": [
                                    {
                                        "concept": "159310AAAAAAAAAAAAAAAAAAAAAAAAAAAAAA",
                                        "label": "a) Plastic Bag"
                                    },
                                    {
                                        "concept": "161240AAAAAAAAAAAAAAAAAAAAAAAAAAAAAA",
                                        "label": "b) Non Plastic Bag"
                                    },
                                    {
                                        "concept": "5622AAAAAAAAAAAAAAAAAAAAAAAAAAAAAAAA",
                                        "label": "c) Other (Give details)"
                                    }
                                ]
                            }
                        },
                        {
                            "label": "Give details",
                            "type": "obs",
                            "id": "giveDetails",
                            "questionOptions": {
                                "concept": "166363AAAAAAAAAAAAAAAAAAAAAAAAAAAAAA",
                                "rendering": "textarea"
                            },
                            "hide": {
                                "hideWhenExpression": "isEmpty(clOthesTransported) || clOthesTransported !== '5622AAAAAAAAAAAAAAAAAAAAAAAAAAAAAAAA'"
                            }
                        },
                        {
                            "label": "Were the clothes handed to the police",
                            "type": "obs",
                            "id": "clothesHandedToPolice",
                            "questionOptions": {
                                "concept": "c164ae06-1d22-4abb-afdc-4bb96dec4835",
                                "rendering": "radio",
                                "answers": [
                                    {
                                        "concept": "1065AAAAAAAAAAAAAAAAAAAAAAAAAAAAAAAA",
                                        "label": "Yes"
                                    },
                                    {
                                        "concept": "1066AAAAAAAAAAAAAAAAAAAAAAAAAAAAAAAA",
                                        "label": "No"
                                    }
                                ]
                            }
                        },
                        {
                            "label": "Did the survivor go to toilet?",
                            "type": "obs",
                            "id": "survivorGoToToilet",
                            "questionOptions": {
                                "concept": "160258AAAAAAAAAAAAAAAAAAAAAAAAAAAAAA",
                                "rendering": "radio",
                                "answers": [
                                    {
                                        "concept": "1066AAAAAAAAAAAAAAAAAAAAAAAAAAAAAAAA",
                                        "label": "Short call"
                                    },
                                    {
                                        "concept": "1065AAAAAAAAAAAAAAAAAAAAAAAAAAAAAAAA",
                                        "label": "Long call"
                                    }
                                ]
                            }
                        },
                        {
                            "label": "Did the survivor have a bath or clean themselves?",
                            "type": "obs",
                            "id": "surVivorBath",
                            "questionOptions": {
                                "concept": "162997AAAAAAAAAAAAAAAAAAAAAAAAAAAAAA",
                                "rendering": "radio",
                                "answers": [
                                    {
                                        "concept": "1065AAAAAAAAAAAAAAAAAAAAAAAAAAAAAAAA",
                                        "label": "Yes (Give details)"
                                    },
                                    {
                                        "concept": "1066AAAAAAAAAAAAAAAAAAAAAAAAAAAAAAAA",
                                        "label": "No"
                                    }
                                ]
                            }
                        },
                        {
                            "label": "Details of survivor bath",
                            "type": "obs",
                            "id": "detailsOfSurvivorBath",
                            "questionOptions": {
                                "concept": "163048AAAAAAAAAAAAAAAAAAAAAAAAAAAAAA",
                                "rendering": "textarea"
                            },
                            "hide": {
                                "hideWhenExpression": "isEmpty(surVivorBath) || surVivorBath !== '1065AAAAAAAAAAAAAAAAAAAAAAAAAAAAAAAA'"
                            }
                        },
                        {
                            "label": "Did the survivor leave any marks on the perpetrator?",
                            "type": "obs",
                            "id": "marKonPerpetrator",
                            "questionOptions": {
                                "concept": "c67be9a5-f497-4082-af81-11753f65ed4b",
                                "rendering": "radio",
                                "answers": [
                                    {
                                        "concept": "1065AAAAAAAAAAAAAAAAAAAAAAAAAAAAAAAA",
                                        "label": "Yes"
                                    },
                                    {
                                        "concept": "1066AAAAAAAAAAAAAAAAAAAAAAAAAAAAAAAA",
                                        "label": "No"
                                    }
                                ]
                            }
                        },
                        {
                            "label": "Details of marks",
                            "type": "obs",
                            "id": "detailsMark",
                            "questionOptions": {
                                "concept": "161031AAAAAAAAAAAAAAAAAAAAAAAAAAAAAA",
                                "rendering": "textarea"
                            },
                            "hide": {
                                "hideWhenExpression": "isEmpty(marKonPerpetrator) || marKonPerpetrator !== '1065AAAAAAAAAAAAAAAAAAAAAAAAAAAAAAAA'"
                            }
                        },
                        {
                            "label": "Physical injuries (mark in the body map)",
                            "type": "obs",
                            "id": "physicalInjuries",
                            "questionOptions": {
                                "concept": "35989a30-61d4-4abe-b38c-6a301e0d0c65",
                                "rendering": "textarea"
                            }
                        },
                        {
                            "label": "Outer genitalia",
                            "type": "obs",
                            "id": "outerGenitalia",
                            "questionOptions": {
                                "concept": "160971AAAAAAAAAAAAAAAAAAAAAAAAAAAAAA",
                                "rendering": "textarea"
                            }
                        },
                        {
                            "label": "Vagina",
                            "type": "obs",
                            "id": "vaginaDetail",
                            "questionOptions": {
                                "concept": "160969AAAAAAAAAAAAAAAAAAAAAAAAAAAAAA",
                                "rendering": "textarea"
                            }
                        },
                        {
                            "label": "Hymen",
                            "type": "obs",
                            "id": "hymenDetail",
                            "questionOptions": {
                                "concept": "160981AAAAAAAAAAAAAAAAAAAAAAAAAAAAAA",
                                "rendering": "textarea"
                            }
                        },
                        {
                            "label": "Anus",
                            "type": "obs",
                            "id": "analDetail",
                            "questionOptions": {
                                "concept": "160962AAAAAAAAAAAAAAAAAAAAAAAAAAAAAA",
                                "rendering": "textarea"
                            }
                        },
                        {
                            "label": "Other significant orifices",
                            "type": "obs",
                            "id": "significant-orifice",
                            "questionOptions": {
                                "concept": "160943AAAAAAAAAAAAAAAAAAAAAAAAAAAAAA",
                                "rendering": "textarea"
                            }
                        },
                        {
                            "label": "PEP 1st dose",
                            "type": "obs",
                            "id": "pepFirstDose",
                            "questionOptions": {
                                "concept": "3ac6cb43-0fc9-437d-aca2-bc2b66066941",
                                "rendering": "radio",
                                "answers": [
                                    {
                                        "concept": "1065AAAAAAAAAAAAAAAAAAAAAAAAAAAAAAAA",
                                        "label": "Yes (No of tablets)"
                                    },
                                    {
                                        "concept": "1066AAAAAAAAAAAAAAAAAAAAAAAAAAAAAAAA",
                                        "label": "No"
                                    }
                                ]
                            }
                        },
                        {
                            "label": "Drug order",
                            "type": "obs",
                            "id": "drugOrder",
                            "questionOptions": {
                                "rendering": "workspace-launcher",
                                "buttonLabel": "Add drug order",
                                "workspaceName": "add-drug-order"
                            },
                            "hide": {
                                "hideWhenExpression": "isEmpty(pepFirstDose) || pepFirstDose !== '1065AAAAAAAAAAAAAAAAAAAAAAAAAAAAAAAA'"
                            }
                        },
                        {
                            "label": "ECP given",
                            "type": "obs",
                            "id": "ecpGiven",
                            "questionOptions": {
                                "concept": "374AAAAAAAAAAAAAAAAAAAAAAAAAAAAAAAAA",
                                "rendering": "radio",
                                "answers": [
                                    {
                                        "concept": "1065AAAAAAAAAAAAAAAAAAAAAAAAAAAAAAAA",
                                        "label": "Yes"
                                    },
                                    {
                                        "concept": "1066AAAAAAAAAAAAAAAAAAAAAAAAAAAAAAAA",
                                        "label": "No"
                                    }
                                ]
                            }
                        },
                        {
                            "label": "Stitching/surgical toilet done",
                            "type": "obs",
                            "id": "stitchingDone",
                            "questionOptions": {
                                "concept": "1670AAAAAAAAAAAAAAAAAAAAAAAAAAAAAAAA",
                                "rendering": "radio",
                                "answers": [
                                    {
                                        "concept": "1065AAAAAAAAAAAAAAAAAAAAAAAAAAAAAAAA",
                                        "label": "Yes(comment)"
                                    },
                                    {
                                        "concept": "1066AAAAAAAAAAAAAAAAAAAAAAAAAAAAAAAA",
                                        "label": "No"
                                    }
                                ]
                            }
                        },
                        {
                            "label": "Comment on Stitching/surgical toilet done",
                            "type": "obs",
                            "id": "remarksStitching",
                            "questionOptions": {
                                "concept": "165440AAAAAAAAAAAAAAAAAAAAAAAAAAAAAA",
                                "rendering": "textarea"
                            },
                            "hide": {
                                "hideWhenExpression": "isEmpty(stitchingDone) || stitchingDone !== '1065AAAAAAAAAAAAAAAAAAAAAAAAAAAAAAAA'"
                            }
                        },
                        {
                            "label": "STI treatment given",
                            "type": "obs",
                            "id": "STITrxdone",
                            "questionOptions": {
                                "concept": "d7b6a98f-025e-4732-b0b2-2fe8b00e6b4c",
                                "rendering": "radio",
                                "answers": [
                                    {
                                        "concept": "1065AAAAAAAAAAAAAAAAAAAAAAAAAAAAAAAA",
                                        "label": "Yes(Comment)"
                                    },
                                    {
                                        "concept": "1066AAAAAAAAAAAAAAAAAAAAAAAAAAAAAAAA",
                                        "label": "No"
                                    }
                                ]
                            }
                        },
                        {
                            "label": "Comment on STI treatment given",
                            "type": "obs",
                            "id": "stiTrxRemark",
                            "questionOptions": {
                                "concept": "167214AAAAAAAAAAAAAAAAAAAAAAAAAAAAAA",
                                "rendering": "textarea"
                            },
                            "hide": {
                                "hideWhenExpression": "isEmpty(STITrxdone) || STITrxdone !== '1065AAAAAAAAAAAAAAAAAAAAAAAAAAAAAAAA'"
                            }
                        },
                        {
                            "label": "Any other treatment/Medication given/management?",
                            "type": "obs",
                            "id": "anyOtherMedication",
                            "questionOptions": {
                                "concept": "160632AAAAAAAAAAAAAAAAAAAAAAAAAAAAAA",
                                "rendering": "textarea"
                            }
                        },
                        {
                            "label": "Referrals to",
                            "type": "obs",
                            "id": "referralTo",
                            "questionOptions": {
                                "concept": "1272AAAAAAAAAAAAAAAAAAAAAAAAAAAAAAAA",
                                "rendering": "checkbox",
                                "answers": [
                                    {
                                        "concept": "253b40ec-54da-4e92-9ab1-2d99075b19e8",
                                        "label": "Police station"
                                    },
                                    {
                                        "concept": "167254AAAAAAAAAAAAAAAAAAAAAAAAAAAAAA",
                                        "label": "Safe Shelter"
                                    },
                                    {
                                        "concept": "5460AAAAAAAAAAAAAAAAAAAAAAAAAAAAAAAA",
                                        "label": "Trauma counselling"
                                    },
                                    {
                                        "concept": "160542AAAAAAAAAAAAAAAAAAAAAAAAAAAAAA",
                                        "label": "OPD/CCC/HIV clinic"
                                    },
                                    {
                                        "concept": "1370AAAAAAAAAAAAAAAAAAAAAAAAAAAAAAAA",
                                        "label": "HIV test"
                                    },
                                    {
                                        "concept": "164422AAAAAAAAAAAAAAAAAAAAAAAAAAAAAA",
                                        "label": "Laboratory"
                                    },
                                    {
                                        "concept": "135914AAAAAAAAAAAAAAAAAAAAAAAAAAAAAA",
                                        "label": "Legal"
                                    },
                                    {
                                        "concept": "5622AAAAAAAAAAAAAAAAAAAAAAAAAAAAAAAA",
                                        "label": "Other(specify)"
                                    }
                                ]
                            }
                        },
                        {
                            "label": "Other referral details",
                            "type": "obs",
                            "id": "otherReferralDetails",
                            "questionOptions": {
                                "concept": "161011AAAAAAAAAAAAAAAAAAAAAAAAAAAAAA",
                                "rendering": "textarea"
                            },
                            "hide": {
                                "hideWhenExpression": "isEmpty(referralTo) || !referralTo.includes('5622AAAAAAAAAAAAAAAAAAAAAAAAAAAAAAAA')"
                            }
                        }
                    ]
                },
                {
                    "label": "Investigations",
                    "isExpanded": "true",
                    "questions": [
                        {
                            "label": "Order any Investigation?",
                            "type": "obs",
                            "id": "investigationOrderd",
                            "questionOptions": {
                                "rendering": "radio",
                                "concept": "0179f241-8c1d-47c1-8128-841f6508e251",
                                "answers": [
                                    {
                                        "concept": "1065AAAAAAAAAAAAAAAAAAAAAAAAAAAAAAAA",
                                        "label": "Yes"
                                    },
                                    {
                                        "concept": "1066AAAAAAAAAAAAAAAAAAAAAAAAAAAAAAAA",
                                        "label": "No"
                                    }
                                ]
                            },
                            "hide": {
                                "hideWhenExpression": ""
                            }
                        },
                        {
                            "label": "Lab Order",
                            "required": false,
                            "id": "labsWorkspaceLauncher",
                            "questionOptions": {
                                "rendering": "workspace-launcher",
                                "buttonLabel": "Add lab order",
                                "workspaceName": "add-lab-order",
                                "additionalProps": {
                                    "orderTypeUuid": "52a447d3-a64a-11e3-9aeb-50e549534c5e"
                                }
                            },
                            "hide": {
                                "hideWhenExpression": "isEmpty(investigationOrderd) || investigationOrderd !== '1065AAAAAAAAAAAAAAAAAAAAAAAAAAAAAAAA'"
                            }
                        },
                        {
                            "label": "Web Prep Microscopy DNA Culture and sensitivity",
                            "type": "obs",
                            "id": "webPrepMicroscopyID",
                            "questionOptions": {
                                "concept": "164217AAAAAAAAAAAAAAAAAAAAAAAAAAAAAA",
                                "rendering": "radio",
                                "answers": [
                                    {
                                        "concept": "1537AAAAAAAAAAAAAAAAAAAAAAAAAAAAAAAA",
                                        "label": "Health Facility Lab"
                                    },
                                    {
                                        "concept": "160480AAAAAAAAAAAAAAAAAAAAAAAAAAAAAA",
                                        "label": "National government Lab"
                                    }
                                ]
                            }
                        },
                        {
                            "label": "Comments on Web Microscopy",
                            "type": "obs",
                            "id": "commentsOnWebMicroscopy",
                            "questionOptions": {
                                "concept": "161011AAAAAAAAAAAAAAAAAAAAAAAAAAAAAA",
                                "rendering": "textarea"
                            },
                            "hide": {
                                "hideWhenExpression": "isEmpty(webPrepMicroscopyID)"
                            }
                        },
                        {
                            "label": "Pregnancy Test Microscopy Drugs and alcohol Other",
                            "type": "obs",
                            "id": "pgTestMicroscopy",
                            "questionOptions": {
                                "concept": "164217AAAAAAAAAAAAAAAAAAAAAAAAAAAAAA",
                                "rendering": "radio",
                                "answers": [
                                    {
                                        "concept": "1537AAAAAAAAAAAAAAAAAAAAAAAAAAAAAAAA",
                                        "label": "Health Facility Lab"
                                    },
                                    {
                                        "concept": "160480AAAAAAAAAAAAAAAAAAAAAAAAAAAAAA",
                                        "label": "National government Lab"
                                    }
                                ]
                            }
                        },
                        {
                            "label": "Remarks on Pregnancy Tests",
                            "type": "obs",
                            "id": "remarksPgTests",
                            "questionOptions": {
                                "concept": "161011AAAAAAAAAAAAAAAAAAAAAAAAAAAAAA",
                                "rendering": "textarea"
                            },
                            "hide": {
                                "hideWhenExpression": "isEmpty(pgTestMicroscopy)"
                            }
                        },
                        {
                            "label": "Haemoglobin HIV test SGPT/GOT VDRL DNA",
                            "type": "obs",
                            "id": "haemoglobinHIVTestID",
                            "questionOptions": {
                                "concept": "164217AAAAAAAAAAAAAAAAAAAAAAAAAAAAAA",
                                "rendering": "radio",
                                "answers": [
                                    {
                                        "concept": "1537AAAAAAAAAAAAAAAAAAAAAAAAAAAAAAAA",
                                        "label": "Health Facility Lab"
                                    },
                                    {
                                        "concept": "160480AAAAAAAAAAAAAAAAAAAAAAAAAAAAAA",
                                        "label": "National government Lab"
                                    }
                                ]
                            }
                        },
                        {
                            "label": "Remarks on Haemoglobin HIV test",
                            "type": "obs",
                            "id": "remarksHaemoglobinHIVTest",
                            "questionOptions": {
                                "concept": "161011AAAAAAAAAAAAAAAAAAAAAAAAAAAAAA",
                                "rendering": "textarea"
                            },
                            "hide": {
                                "hideWhenExpression": "isEmpty(haemoglobinHIVTestID)"
                            }
                        },
                        {
                            "label": "Public Hair DNA Test",
                            "type": "obs",
                            "id": "dnaID",
                            "questionOptions": {
                                "concept": "164217AAAAAAAAAAAAAAAAAAAAAAAAAAAAAA",
                                "rendering": "radio",
                                "answers": [
                                    {
                                        "concept": "1537AAAAAAAAAAAAAAAAAAAAAAAAAAAAAAAA",
                                        "label": "Health Facility Lab"
                                    },
                                    {
                                        "concept": "160480AAAAAAAAAAAAAAAAAAAAAAAAAAAAAA",
                                        "label": "National government Lab"
                                    }
                                ]
                            }
                        },
                        {
                            "label": "Remarks on DNA Test",
                            "type": "obs",
                            "id": "remarksDNATest",
                            "questionOptions": {
                                "concept": "161011AAAAAAAAAAAAAAAAAAAAAAAAAAAAAA",
                                "rendering": "textarea"
                            },
                            "hide": {
                                "hideWhenExpression": "isEmpty(dnaID)"
                            }
                        },
                        {
                            "label": "Nail Clippings DNA test",
                            "type": "obs",
                            "id": "nailClippingDNATest",
                            "questionOptions": {
                                "concept": "164217AAAAAAAAAAAAAAAAAAAAAAAAAAAAAA",
                                "rendering": "radio",
                                "answers": [
                                    {
                                        "concept": "1537AAAAAAAAAAAAAAAAAAAAAAAAAAAAAAAA",
                                        "label": "Health Facility Lab"
                                    },
                                    {
                                        "concept": "160480AAAAAAAAAAAAAAAAAAAAAAAAAAAAAA",
                                        "label": "National government Lab"
                                    }
                                ]
                            }
                        },
                        {
                            "label": "Remarks on nail clipping DNA test",
                            "type": "obs",
                            "id": "remarknailClippingDNATestID",
                            "questionOptions": {
                                "concept": "161011AAAAAAAAAAAAAAAAAAAAAAAAAAAAAA",
                                "rendering": "textarea"
                            },
                            "hide": {
                                "hideWhenExpression": "isEmpty(nailClippingDNATest)"
                            }
                        },
                        {
                            "label": "Foreign bodies DNA test",
                            "type": "obs",
                            "id": "foreignBodiesDNATestID",
                            "questionOptions": {
                                "concept": "164217AAAAAAAAAAAAAAAAAAAAAAAAAAAAAA",
                                "rendering": "radio",
                                "answers": [
                                    {
                                        "concept": "1537AAAAAAAAAAAAAAAAAAAAAAAAAAAAAAAA",
                                        "label": "Health Facility Lab"
                                    },
                                    {
                                        "concept": "160480AAAAAAAAAAAAAAAAAAAAAAAAAAAAAA",
                                        "label": "National government Lab"
                                    }
                                ]
                            }
                        },
                        {
                            "label": "Remarks Foreign bodies DNA test",
                            "type": "obs",
                            "id": "remarksForeignBodiesDNAId",
                            "questionOptions": {
                                "concept": "161011AAAAAAAAAAAAAAAAAAAAAAAAAAAAAA",
                                "rendering": "textarea"
                            },
                            "hide": {
                                "hideWhenExpression": "isEmpty(foreignBodiesDNATestID)"
                            }
                        },
                        {
                            "label": "Other test (Specify",
                            "type": "obs",
                            "id": "otherTestID",
                            "questionOptions": {
                                "concept": "164217AAAAAAAAAAAAAAAAAAAAAAAAAAAAAA",
                                "rendering": "radio",
                                "answers": [
                                    {
                                        "concept": "1537AAAAAAAAAAAAAAAAAAAAAAAAAAAAAAAA",
                                        "label": "Health Facility Lab"
                                    },
                                    {
                                        "concept": "160480AAAAAAAAAAAAAAAAAAAAAAAAAAAAAA",
                                        "label": "National government Lab"
                                    }
                                ]
                            }
                        },
                        {
                            "label": "Remarks on Other test",
                            "type": "obs",
                            "id": "remarksOtherTestID",
                            "questionOptions": {
                                "concept": "161011AAAAAAAAAAAAAAAAAAAAAAAAAAAAAA",
                                "rendering": "textarea"
                            },
                            "hide": {
                                "hideWhenExpression": "isEmpty(otherTestID)"
                            }
                        },
                        {
                            "label": "These/All/Some of the samples packed and issued:(please specify)",
                            "type": "obs",
                            "id": "samplesPackedId",
                            "questionOptions": {
                                "concept": "165435AAAAAAAAAAAAAAAAAAAAAAAAAAAAAA",
                                "rendering": "textarea"
                            }
                        }
                    ]
                },
                {
                    "label": "Provider and Police Officer Details",
                    "isExpanded": "true",
                    "questions": [
                        {
                            "label": "By: Name of Examining officer(Doctor/Nurse/Clinical officer)",
                            "type": "obs",
                            "id": "nameExaminingOfficerID",
                            "questionOptions": {
                                "concept": "9ce6af66-5039-49c0-9638-c1095a383933",
                                "rendering": "text"
                            }
                        },
                        {
                            "label": "Signature of Examining Office",
                            "type": "obs",
                            "id": "signatureExaminingOfficerID",
                            "questionOptions": {
                                "concept": "b7f19768-bb0e-4bd4-b24b-e53b566b6af9",
                                "rendering": "text"
                            }
                        },
                        {
                            "label": "To: Police officer name",
                            "type": "obs",
                            "id": "namePoliceOfficerID",
                            "questionOptions": {
                                "concept": "2b537713-298c-4b60-83c3-8006ea622d70",
                                "rendering": "text"
                            }
                        },
                        {
                            "label": "Signature of police officer",
                            "type": "obs",
                            "id": "signaturePoliceOfficerID",
                            "questionOptions": {
                                "concept": "166847AAAAAAAAAAAAAAAAAAAAAAAAAAAAAA",
                                "rendering": "text"
                            }
                        }
                    ]
                }
            ]
        }
    ]
}