{
	"name": "PrEP Follow Up",
	"description": "PrEP Follow Up",
	"version": "2.0",
	"published": true,
	"uuid": "ee3e2017-52c0-4a54-99ab-ebb542fb8984",
	"retired": false,
	"encounter": "PrEP Consultation",
	"pages": [
	  {
		"label": "PrEP Follow up",
		"sections": [
		  {
			"label": "Visit Details",
			"isExpanded": "true",
			"questions": [
			  {
				"label": "Date:",
				"type": "encounterDatetime",
				"required": "true",
				"questionOptions": {
				  "rendering": "ui-select-extended"
				},
				"validators": [
				  {
					"type": "date",
					"allowFutureDates": "false"
				  }
				],
				"id": "encDate"
			  },
			  {
				"label": "Provider:",
				"type": "encounterProvider",
				"required": "true",
				"questionOptions": {
				  "rendering": "ui-select-extended"
				},
				"id": "encProvider "
			  },
			  {
				"label": "Location:",
				"type": "encounterLocation",
				"required": "true",
				"questionOptions": {
				  "rendering": "ui-select-extended"
				},
				"id": "encLocation"
			  }
			]
		  },
		  {
			"label": "STI Screening",
			"isExpanded": "true",
			"questions": [
			  {
				"label": "STI Screening",
				"type": "obs",
				"questionOptions": {
				  "rendering": "radio",
				  "concept": "161558AAAAAAAAAAAAAAAAAAAAAAAAAAAAAA",
				  "answers": [
					{
					  "concept": "1065AAAAAAAAAAAAAAAAAAAAAAAAAAAAAAAA",
					  "label": "Yes"
					},
					{
					  "concept": "1066AAAAAAAAAAAAAAAAAAAAAAAAAAAAAAAA",
					  "label": "No"
					}
				  ]
				},
				"id": "stiScreened",
				"required": "true"
			  },
			  {
				"label": "Signs and Symptoms",
				"type": "obs",
				"id": "stiGenitalF",
				"questionOptions": {
				  "concept": "b39992a0-7d5b-4b72-b551-9e0970ae49fa",
				  "rendering": "checkbox",
				  "answers": [
					{
						"concept": "1107AAAAAAAAAAAAAAAAAAAAAAAAAAAAAAAA",
						"label": "None"
					  },
					{
					  "concept": "145762AAAAAAAAAAAAAAAAAAAAAAAAAAAAAA",
					  "label": "Genital Ulcer Disease(GUD)",
                    "disableWhenExpression": "myValue === '1107AAAAAAAAAAAAAAAAAAAAAAAAAAAAAAAA'"
					},
					{
					  "concept": "121809AAAAAAAAAAAAAAAAAAAAAAAAAAAAAA",
					  "label": "Vaginitis and/or Vaginal Discharge(VG)",
                    "disableWhenExpression": "myValue === '1107AAAAAAAAAAAAAAAAAAAAAAAAAAAAAAAA'"
					},
					{
					  "concept": "116995AAAAAAAAAAAAAAAAAAAAAAAAAAAAAA",
					  "label": "Cervicitis and/or Cervical Discharge(CD)",
                    "disableWhenExpression": "myValue === '1107AAAAAAAAAAAAAAAAAAAAAAAAAAAAAAAA'"
					},
					{
					  "concept": "130644AAAAAAAAAAAAAAAAAAAAAAAAAAAAAA",
					  "label": "Pelvic Inflammatory Disease(PID)",
                    "disableWhenExpression": "myValue === '1107AAAAAAAAAAAAAAAAAAAAAAAAAAAAAAAA'"
					},
					{
					  "concept": "148895AAAAAAAAAAAAAAAAAAAAAAAAAAAAAA",
					  "label": "Anal Discharge(AD)",
                    "disableWhenExpression": "myValue === '1107AAAAAAAAAAAAAAAAAAAAAAAAAAAAAAAA'"
					},
					{
					  "concept": "5622AAAAAAAAAAAAAAAAAAAAAAAAAAAAAAAA",
					  "label": "Other(O)",
                    "disableWhenExpression": "myValue === '1107AAAAAAAAAAAAAAAAAAAAAAAAAAAAAAAA'"
					}
				  ]
				},
				"hide": {
				  "hideWhenExpression": "stiScreened !== '1065AAAAAAAAAAAAAAAAAAAAAAAAAAAAAAAA' || sex !== 'F'"
				}
			  },
			  {
				"label": "Other Specify",
				"type": "obs",
				"id": "otherStisymptoms",
				"questionOptions": {
				  "concept": "160632AAAAAAAAAAAAAAAAAAAAAAAAAAAAAA",
				  "rendering": "text"
				},
				"hide": {
				  "hideWhenExpression": "!arrayContains(['5622AAAAAAAAAAAAAAAAAAAAAAAAAAAAAAAA'],stiGenitalF)"
				}
			  },
			  {
				"label": "Signs and Symptoms",
				"type": "obs",
				"id": "stiGenitalM",
				"questionOptions": {
				  "concept": "b39992a0-7d5b-4b72-b551-9e0970ae49fa",
				  "rendering": "checkbox",
				  "answers": [
					{
						"concept": "1107AAAAAAAAAAAAAAAAAAAAAAAAAAAAAAAA",
						"label": "None"
					  },
					{
					  "concept": "123529AAAAAAAAAAAAAAAAAAAAAAAAAAAAAA",
					  "label": "Urethral Discharge(UD)",
                    "disableWhenExpression": "myValue === '1107AAAAAAAAAAAAAAAAAAAAAAAAAAAAAAAA'"
					},
					{
					  "concept": "148895AAAAAAAAAAAAAAAAAAAAAAAAAAAAAA",
					  "label": "Anal Discharge(AD)",
                    "disableWhenExpression": "myValue === '1107AAAAAAAAAAAAAAAAAAAAAAAAAAAAAAAA'"
					},
					{
					  "concept": "5622AAAAAAAAAAAAAAAAAAAAAAAAAAAAAAAA",
					  "label": "Other(O)",
                    "disableWhenExpression": "myValue === '1107AAAAAAAAAAAAAAAAAAAAAAAAAAAAAAAA'"
					}
				  ]
				},
				"hide": {
				  "hideWhenExpression": "stiScreened !== '1065AAAAAAAAAAAAAAAAAAAAAAAAAAAAAAAA' || sex !== 'M'"
				}
			  },
			  {
				"label": "Other Specify",
				"type": "obs",
				"id": "otherStisymptomsM",
				"questionOptions": {
				  "concept": "160632AAAAAAAAAAAAAAAAAAAAAAAAAAAAAA",
				  "rendering": "text"
				},
				"hide": {
				  "hideWhenExpression": "!arrayContains(['5622AAAAAAAAAAAAAAAAAAAAAAAAAAAAAAAA'], stiGenitalM)"
				}
			  },
			  {
				"label": "Treated",
				"type": "obs",
				"id": "sti-treated",
				"questionOptions": {
				  "concept": "d7b6a98f-025e-4732-b0b2-2fe8b00e6b4c",
				  "rendering": "radio",
				  "answers": [
					{
					  "concept": "1065AAAAAAAAAAAAAAAAAAAAAAAAAAAAAAAA",
					  "label": "Yes"
					},
					{
					  "concept": "1066AAAAAAAAAAAAAAAAAAAAAAAAAAAAAAAA",
					  "label": "No"
					}
				  ]
				}
			  }
			]
		  },
		  {
			"label": "VMMC Screening",
			"isExpanded": "true",
			"questions": [
			  {
				"label": "VMMC Screening done?",
				"type": "obs",
				"id": "vmmcScreened",
				"questionOptions": {
				  "concept": "8565825d-6cff-4451-8707-09e46d861fc7",
				  "rendering": "radio",
				  "answers": [
					{
					  "concept": "1065AAAAAAAAAAAAAAAAAAAAAAAAAAAAAAAA",
					  "label": "Yes"
					},
					{
					  "concept": "1066AAAAAAAAAAAAAAAAAAAAAAAAAAAAAAAA",
					  "label": "No"
					}
				  ]
				},
				"hide": {
				  "hideWhenExpression": "sex !== 'M'"
				}
			  },
			  {
				"label": "Is the client circumcised?",
				"type": "obs",
				"id": "vmmcStatus",
				"questionOptions": {
				  "concept": "085ce2e6-071e-43be-a32c-ecaac001e44f",
				  "rendering": "radio",
				  "answers": [
					{
					  "concept": "1065AAAAAAAAAAAAAAAAAAAAAAAAAAAAAAAA",
					  "label": "Yes"
					},
					{
					  "concept": "1066AAAAAAAAAAAAAAAAAAAAAAAAAAAAAAAA",
					  "label": "No"
					},
					{
					  "concept": "1067AAAAAAAAAAAAAAAAAAAAAAAAAAAAAAAA",
					  "label": "Unknown"
					}
				  ]
				},
				"hide": {
				  "hideWhenExpression": "vmmcScreened !== '1065AAAAAAAAAAAAAAAAAAAAAAAAAAAAAAAA' || sex !== 'M'"
				}
			  },
			  {
				"label": "Referred",
				"type": "obs",
				"id": "vmmcReferred",
				"questionOptions": {
				  "concept": "1272AAAAAAAAAAAAAAAAAAAAAAAAAAAAAAAA",
				  "rendering": "radio",
				  "answers": [
					{
					  "concept": "1065AAAAAAAAAAAAAAAAAAAAAAAAAAAAAAAA",
					  "label": "Yes"
					},
					{
					  "concept": "1066AAAAAAAAAAAAAAAAAAAAAAAAAAAAAAAA",
					  "label": "No"
					}
				  ]
				},
				"hide": {
				  "hideWhenExpression": "vmmcStatus !== '1066AAAAAAAAAAAAAAAAAAAAAAAAAAAAAAAA' || sex !== 'M'"
				}
			  }
			]
		  },
		  {
			"label": "Fertility Intentions",
			"isExpanded": "true",
			"questions": [
			  {
				"label": "LMP",
				"type": "obs",
				"id": "lmp",
				"questionOptions": {
				  "concept": "1427AAAAAAAAAAAAAAAAAAAAAAAAAAAAAAAA",
				  "rendering": "date"
				},
				"validators": [
				  {
					"type": "date",
					"allowFutureDates": "false"
				  },
				  {
					"type": "js_expression",
					"failsWhenExpression": "!isEmpty(myValue) && moment(myValue).isBefore(moment(birthdate), 'day')",
					"message": "LMP date should not be before the date of birth."
				  }
				],
				"hide": {
				  "hideWhenExpression": "sex !== 'F'"
				}
			  },
			  {
				"label": "Attained menopause?",
				"type": "obs",
				"id": "menoPause",
				"questionOptions": {
				  "concept": "160596AAAAAAAAAAAAAAAAAAAAAAAAAAAAAA",
				  "rendering": "radio",
				  "answers": [
					{
					  "concept": "134346AAAAAAAAAAAAAAAAAAAAAAAAAAAAAA",
					  "label": "Yes"
					},
					{
					  "concept": "154175AAAAAAAAAAAAAAAAAAAAAAAAAAAAAA",
					  "label": "No"
					}
				  ]
				},
				"hide": {
				  "hideWhenExpression": "sex !== 'F'"
				}
			  },
			  {
				"label": "Is the client pregnant?",
				"type": "obs",
				"id": "pregnancyStatus",
				"questionOptions": {
				  "concept": "5272AAAAAAAAAAAAAAAAAAAAAAAAAAAAAAAA",
				  "rendering": "radio",
				  "answers": [
					{
					  "concept": "1065AAAAAAAAAAAAAAAAAAAAAAAAAAAAAAAA",
					  "label": "Yes"
					},
					{
					  "concept": "1066AAAAAAAAAAAAAAAAAAAAAAAAAAAAAAAA",
					  "label": "No"
					}
				  ]
				},
				"hide": {
				  "hideWhenExpression": "menoPause == '134346AAAAAAAAAAAAAAAAAAAAAAAAAAAAAA' || sex !== 'F'"
				}
			  },
			  {
				"label": "EDD",
				"type": "obs",
				"id": "edd",
				"questionOptions": {
				  "concept": "5596AAAAAAAAAAAAAAAAAAAAAAAAAAAAAAAA",
				  "rendering": "date"
				},
				"hide": {
				  "hideWhenExpression": "menoPause == '134346AAAAAAAAAAAAAAAAAAAAAAAAAAAAAA' || sex !== 'F'"
				}
			  },
			  {
				"label": "Was the pregnancy planned?",
				"type": "obs",
				"id": "plannedPregnancy",
				"questionOptions": {
				  "concept": "1426AAAAAAAAAAAAAAAAAAAAAAAAAAAAAAAA",
				  "rendering": "radio",
				  "answers": [
					{
					  "concept": "1065AAAAAAAAAAAAAAAAAAAAAAAAAAAAAAAA",
					  "label": "Yes"
					},
					{
					  "concept": "1066AAAAAAAAAAAAAAAAAAAAAAAAAAAAAAAA",
					  "label": "No"
					}
				  ]
				},
				"hide": {
				  "hideWhenExpression": "menoPause == '134346AAAAAAAAAAAAAAAAAAAAAAAAAAAAAA' || pregnancyStatus == '1066AAAAAAAAAAAAAAAAAAAAAAAAAAAAAAAA' || sex !== 'F'"
				}
			  },
			  {
				"label": "Planning to get pregnant?",
				"type": "obs",
				"id": "pregnancyWanted",
				"questionOptions": {
				  "concept": "b3b2fa9f-d4ac-42c1-8ac2-5cba19fa0403",
				  "rendering": "radio",
				  "answers": [
					{
					  "concept": "1065AAAAAAAAAAAAAAAAAAAAAAAAAAAAAAAA",
					  "label": "Yes"
					},
					{
					  "concept": "1066AAAAAAAAAAAAAAAAAAAAAAAAAAAAAAAA",
					  "label": "No"
					}
				  ]
				},
				"hide": {
				  "hideWhenExpression": "menoPause == '134346AAAAAAAAAAAAAAAAAAAAAAAAAAAAAA' || pregnancyStatus == '1065AAAAAAAAAAAAAAAAAAAAAAAAAAAAAAAA' || sex !== 'F'"
				}
			  },
			  {
				"label": "Breastfeeding status",
				"type": "obs",
				"id": "breastfeeding",
				"questionOptions": {
				  "concept": "5632AAAAAAAAAAAAAAAAAAAAAAAAAAAAAAAA",
				  "rendering": "radio",
				  "answers": [
					{
					  "concept": "1065AAAAAAAAAAAAAAAAAAAAAAAAAAAAAAAA",
					  "label": "Yes"
					},
					{
					  "concept": "1066AAAAAAAAAAAAAAAAAAAAAAAAAAAAAAAA",
					  "label": "No"
					}
				  ]
				},
				"hide": {
				  "hideWhenExpression": "menoPause == '134346AAAAAAAAAAAAAAAAAAAAAAAAAAAAAA' || sex !== 'F'"
				}
			  },
			  {
				"label": "Family planning Status",
				"type": "obs",
				"id": "familyplanningStatus",
				"questionOptions": {
				  "concept": "160653AAAAAAAAAAAAAAAAAAAAAAAAAAAAAA",
				  "rendering": "radio",
				  "answers": [
					{
					  "concept": "160652AAAAAAAAAAAAAAAAAAAAAAAAAAAAAA",
					  "label": "Not using Family Planning"
					},
					{
					  "concept": "965AAAAAAAAAAAAAAAAAAAAAAAAAAAAAAAAA",
					  "label": "On Family Planning"
					},
					{
					  "concept": "1360AAAAAAAAAAAAAAAAAAAAAAAAAAAAAAAA",
					  "label": "Wants Family Planning"
					}
				  ]
				},
				"hide": {
				  "hideWhenExpression": "menoPause == '134346AAAAAAAAAAAAAAAAAAAAAAAAAAAAAA' || sex !== 'F'"
				}
			  },
			  {
				"label": "Family Planning Method",
				"type": "obs",
				"id": "familyPlanningMethod",
				"questionOptions": {
				  "concept": "374AAAAAAAAAAAAAAAAAAAAAAAAAAAAAAAAA",
				  "rendering": "checkbox",
				  "answers": [
					{
					  "concept": "160570AAAAAAAAAAAAAAAAAAAAAAAAAAAAAA",
					  "label": "Emergency contraceptive pills"
					},
					{
					  "concept": "780AAAAAAAAAAAAAAAAAAAAAAAAAAAAAAAAA",
					  "label": "Oral Contraceptives Pills"
					},
					{
					  "concept": "5279AAAAAAAAAAAAAAAAAAAAAAAAAAAAAAAA",
					  "label": " Injectable"
					},
					{
					  "concept": "1359AAAAAAAAAAAAAAAAAAAAAAAAAAAAAAAA",
					  "label": " Implant"
					},
					{
					  "concept": "136163AAAAAAAAAAAAAAAAAAAAAAAAAAAAAA",
					  "label": " Lactational Amenorhea Method"
					},
					{
					  "concept": "5275AAAAAAAAAAAAAAAAAAAAAAAAAAAAAAAA",
					  "label": " Intrauterine Device"
					},
					{
					  "concept": "5278AAAAAAAAAAAAAAAAAAAAAAAAAAAAAAAA",
					  "label": "Diaphram/Cervical Cap"
					},
					{
					  "concept": "5277AAAAAAAAAAAAAAAAAAAAAAAAAAAAAAAA",
					  "label": "Fertility Awareness"
					},
					{
					  "concept": "1472AAAAAAAAAAAAAAAAAAAAAAAAAAAAAAAA",
					  "label": "Tubal Ligation/Female sterilization"
					},
					{
					  "concept": "190AAAAAAAAAAAAAAAAAAAAAAAAAAAAAAAAA",
					  "label": "Condoms"
					},
					{
					  "concept": "1489AAAAAAAAAAAAAAAAAAAAAAAAAAAAAAAA",
					  "label": "Vasectomy(Partner)"
					}
				  ]
				},
				"hide": {
				  "hideWhenExpression": "menoPause == '134346AAAAAAAAAAAAAAAAAAAAAAAAAAAAAA' || familyplanningStatus == '160652AAAAAAAAAAAAAAAAAAAAAAAAAAAAAA' || sex !== 'F'"
				}
			  }
			]
		  },
		  {
			"label": "Pregnancy Outcome",
			"isExpanded": "true",
			"questions": [
			  {
				"label": "Pregnancy ended since last visit",
				"type": "obs",
				"id": "pregnancysincelastVisit",
				"questionOptions": {
				  "concept": "d643740c-833e-452c-af6c-6a3af083775a",
				  "rendering": "radio",
				  "answers": [
					{
					  "concept": "1065AAAAAAAAAAAAAAAAAAAAAAAAAAAAAAAA",
					  "label": "Yes"
					},
					{
					  "concept": "1066AAAAAAAAAAAAAAAAAAAAAAAAAAAAAAAA",
					  "label": "No"
					}
				  ]
				},
				"hide": {
				  "hideWhenExpression": "menoPause === '134346AAAAAAAAAAAAAAAAAAAAAAAAAAAAAA' || sex !== 'F'"
				}
			  },
			  {
				"label": "Pregnancy Outcome",
				"type": "obs",
				"id": "pregnancyOutcome",
				"questionOptions": {
				  "concept": "161033AAAAAAAAAAAAAAAAAAAAAAAAAAAAAA",
				  "rendering": "radio",
				  "answers": [
					{
					  "concept": "1395AAAAAAAAAAAAAAAAAAAAAAAAAAAAAAAA",
					  "label": "Term live"
					},
					{
					  "concept": "129218AAAAAAAAAAAAAAAAAAAAAAAAAAAAAA",
					  "label": "Preterm Delivery"
					},
					{
					  "concept": "125872AAAAAAAAAAAAAAAAAAAAAAAAAAAAAA",
					  "label": "Still birth"
					},
					{
					  "concept": "159896AAAAAAAAAAAAAAAAAAAAAAAAAAAAAA",
					  "label": "Induced abortion"
					}
				  ]
				},
				"hide": {
				  "hideWhenExpression": "menoPause === '134346AAAAAAAAAAAAAAAAAAAAAAAAAAAAAA' || sex !== 'F'"
				}
			  },
			  {
				"label": "Outcome date",
				"type": "obs",
				"id": "outcomeDate",
				"questionOptions": {
				  "rendering": "date",
				  "concept": "5599AAAAAAAAAAAAAAAAAAAAAAAAAAAAAAAA"
				},
				"validators": [
				  {
					"type": "date",
					"allowFutureDates": "false"
				  }
				],
				"hide": {
				  "hideWhenExpression": "menoPause === '134346AAAAAAAAAAAAAAAAAAAAAAAAAAAAAA' || sex !== 'F'"
				}
			  },
			  {
				"label": "Birth defects",
				"type": "obs",
				"id": "birthDefects",
				"questionOptions": {
				  "concept": "159521AAAAAAAAAAAAAAAAAAAAAAAAAAAAAA",
				  "rendering": "radio",
				  "answers": [
					{
					  "concept": "1065AAAAAAAAAAAAAAAAAAAAAAAAAAAAAAAA",
					  "label": "Yes"
					},
					{
					  "concept": "1066AAAAAAAAAAAAAAAAAAAAAAAAAAAAAAAA",
					  "label": "No"
					},
					{
					  "concept": "1067AAAAAAAAAAAAAAAAAAAAAAAAAAAAAAAA",
					  "label": "Unknown"
					}
				  ]
				},
				"hide": {
				  "hideWhenExpression": "menoPause === '134346AAAAAAAAAAAAAAAAAAAAAAAAAAAAAA' || sex !== 'F'"
				}
			  }
			]
		  },
		  {
			"label": "Adverse Drug Reactions",
			"isExpanded": "true",
			"questions": [
			  {
				"label": "Patient has adverse drug reaction(s)? ",
				"type": "obs",
				"id": "AdverseReactions",
				"required": "true",
				"questionOptions": {
				  "concept": "121764AAAAAAAAAAAAAAAAAAAAAAAAAAAAAA",
				  "rendering": "radio",
				  "answers": [
					{
					  "concept": "true",
					  "label": "Yes"
					},
					{
					  "concept": "false",
					  "label": "No"
					}
				  ]
				},
				"hide": {
				  "hideWhenExpression": "isEmpty(personPresent) || personPresent !== '978AAAAAAAAAAAAAAAAAAAAAAAAAAAAAAAAA'"
				}
			  },
			  {
				"label": "Patient has adverse drug reaction(s)",
				"type": "obsGroup",
				"questionOptions": {
				  "rendering": "repeating",
				  "concept": "162747AAAAAAAAAAAAAAAAAAAAAAAAAAAAAA"
				},
				"id": "ClientADvReactions",
				"hide": {
				  "hideWhenExpression": "AdverseReactions !== 'true'"
				},
				"questions": [
				  {
					"label": "Medicine Causing Reaction",
					"type": "obs",
					"id": "AdVerseMed",
					"questionOptions": {
					  "concept": "1193AAAAAAAAAAAAAAAAAAAAAAAAAAAAAAAA",
					  "rendering": "select",
					  "answers": [
						{
						  "concept": "103727AAAAAAAAAAAAAAAAAAAAAAAAAAAAAA",
						  "label": "Aspirin"
						},
						{
						  "concept": "77164AAAAAAAAAAAAAAAAAAAAAAAAAAAAAAA",
						  "label": "Griseofulvin"
						},
						{
						  "concept": "78280AAAAAAAAAAAAAAAAAAAAAAAAAAAAAAA",
						  "label": "Isoniazid"
						},
						{
						  "concept": "162298AAAAAAAAAAAAAAAAAAAAAAAAAAAAAA",
						  "label": "ACE inhibitors"
						},
						{
						  "concept": "162305AAAAAAAAAAAAAAAAAAAAAAAAAAAAAA",
						  "label": "Heparins"
						},
						{
						  "concept": "86663AAAAAAAAAAAAAAAAAAAAAAAAAAAAAAA",
						  "label": "Zidovudine"
						},
						{
						  "concept": "82023AAAAAAAAAAAAAAAAAAAAAAAAAAAAAAA",
						  "label": "Phenytoin"
						},
						{
						  "concept": "162307AAAAAAAAAAAAAAAAAAAAAAAAAAAAAA",
						  "label": "Statins"
						},
						{
						  "concept": "72822AAAAAAAAAAAAAAAAAAAAAAAAAAAAAAA",
						  "label": "Carbamazepine"
						},
						{
						  "concept": "794AAAAAAAAAAAAAAAAAAAAAAAAAAAAAAAAA",
						  "label": "Lopinavir/ritonavir"
						},
						{
						  "concept": "80106AAAAAAAAAAAAAAAAAAAAAAAAAAAAAAA",
						  "label": "Morphine"
						},
						{
						  "concept": "73300AAAAAAAAAAAAAAAAAAAAAAAAAAAAAAA",
						  "label": "Chloroquine"
						},
						{
						  "concept": "80586AAAAAAAAAAAAAAAAAAAAAAAAAAAAAAA",
						  "label": "Nevirapine"
						},
						{
						  "concept": "74807AAAAAAAAAAAAAAAAAAAAAAAAAAAAAAA",
						  "label": "Didanosine"
						},
						{
						  "concept": "84893AAAAAAAAAAAAAAAAAAAAAAAAAAAAAAA",
						  "label": "Tetracycline"
						},
						{
						  "concept": "73667AAAAAAAAAAAAAAAAAAAAAAAAAAAAAAA",
						  "label": "Codeine"
						},
						{
						  "concept": "162302AAAAAAAAAAAAAAAAAAAAAAAAAAAAAA",
						  "label": "Erythromycins"
						},
						{
						  "concept": "767AAAAAAAAAAAAAAAAAAAAAAAAAAAAAAAAA",
						  "label": "Rifampin"
						},
						{
						  "concept": "83018AAAAAAAAAAAAAAAAAAAAAAAAAAAAAAA",
						  "label": "Quinidine"
						},
						{
						  "concept": "70056AAAAAAAAAAAAAAAAAAAAAAAAAAAAAAA",
						  "label": "Abicavir"
						},
						{
						  "concept": "82900AAAAAAAAAAAAAAAAAAAAAAAAAAAAAAA",
						  "label": "Pyrazinamide"
						},
						{
						  "concept": "84309AAAAAAAAAAAAAAAAAAAAAAAAAAAAAAA",
						  "label": "Stavudine"
						},
						{
						  "concept": "81959AAAAAAAAAAAAAAAAAAAAAAAAAAAAAAA",
						  "label": "Phenolphthaleins"
						},
						{
						  "concept": "162299AAAAAAAAAAAAAAAAAAAAAAAAAAAAAA",
						  "label": "ARBs (angiotensin II receptor blockers)"
						},
						{
						  "concept": "80696AAAAAAAAAAAAAAAAAAAAAAAAAAAAAAA",
						  "label": "Nitrofurans"
						},
						{
						  "concept": "82559AAAAAAAAAAAAAAAAAAAAAAAAAAAAAAA",
						  "label": "Procainamide"
						},
						{
						  "concept": "81723AAAAAAAAAAAAAAAAAAAAAAAAAAAAAAA",
						  "label": "Penicillamine"
						},
						{
						  "concept": "162301AAAAAAAAAAAAAAAAAAAAAAAAAAAAAA",
						  "label": "Cephalosporins"
						},
						{
						  "concept": "5622AAAAAAAAAAAAAAAAAAAAAAAAAAAAAAAA",
						  "label": "Other"
						},
						{
						  "concept": "75948AAAAAAAAAAAAAAAAAAAAAAAAAAAAAAA",
						  "label": "Ethambutol"
						},
						{
						  "concept": "77675AAAAAAAAAAAAAAAAAAAAAAAAAAAAAAA",
						  "label": "Hydralazine"
						},
						{
						  "concept": "84795AAAAAAAAAAAAAAAAAAAAAAAAAAAAAAA",
						  "label": "Tenofovir"
						},
						{
						  "concept": "155060AAAAAAAAAAAAAAAAAAAAAAAAAAAAAA",
						  "label": "Aminoglycosides"
						},
						{
						  "concept": "162306AAAAAAAAAAAAAAAAAAAAAAAAAAAAAA",
						  "label": "Non-steroidal anti-inflammatory drugs"
						},
						{
						  "concept": "75523AAAAAAAAAAAAAAAAAAAAAAAAAAAAAAA",
						  "label": "Efavirenz"
						},
						{
						  "concept": "70878AAAAAAAAAAAAAAAAAAAAAAAAAAAAAAA",
						  "label": "Allopurinol"
						},
						{
						  "concept": "81724AAAAAAAAAAAAAAAAAAAAAAAAAAAAAAA",
						  "label": "Penicillin"
						},
						{
						  "concept": "71647AAAAAAAAAAAAAAAAAAAAAAAAAAAAAAA",
						  "label": "Atazanavir"
						},
						{
						  "concept": "162170AAAAAAAAAAAAAAAAAAAAAAAAAAAAAA",
						  "label": "Sulfonamides"
						}
					  ]
					}
				  },
				  {
					"label": "Reaction",
					"type": "obs",
					"id": "rEAction",
					"questionOptions": {
					  "concept": "159935AAAAAAAAAAAAAAAAAAAAAAAAAAAAAA",
					  "rendering": "select",
					  "answers": [
						{
						  "concept": "879AAAAAAAAAAAAAAAAAAAAAAAAAAAAAAAAA",
						  "label": "Itching"
						},
						{
						  "concept": "121AAAAAAAAAAAAAAAAAAAAAAAAAAAAAAAAA",
						  "label": "Myalgia"
						},
						{
						  "concept": "140238AAAAAAAAAAAAAAAAAAAAAAAAAAAAAA",
						  "label": "Fever"
						},
						{
						  "concept": "159347AAAAAAAAAAAAAAAAAAAAAAAAAAAAAA",
						  "label": "Musculoskeletal pain"
						},
						{
						  "concept": "139084AAAAAAAAAAAAAAAAAAAAAAAAAAAAAA",
						  "label": "Headache"
						},
						{
						  "concept": "108AAAAAAAAAAAAAAAAAAAAAAAAAAAAAAAAA",
						  "label": "Bronchospasm"
						},
						{
						  "concept": "148787AAAAAAAAAAAAAAAAAAAAAAAAAAAAAA",
						  "label": "Angioedema"
						},
						{
						  "concept": "159098AAAAAAAAAAAAAAAAAAAAAAAAAAAAAA",
						  "label": "Hepatotoxicity"
						},
						{
						  "concept": "142412AAAAAAAAAAAAAAAAAAAAAAAAAAAAAA",
						  "label": "Diarrhea"
						},
						{
						  "concept": "140039AAAAAAAAAAAAAAAAAAAAAAAAAAAAAA",
						  "label": "Flushing"
						},
						{
						  "concept": "148888AAAAAAAAAAAAAAAAAAAAAAAAAAAAAA",
						  "label": "Anaphylaxis"
						},
						{
						  "concept": "5622AAAAAAAAAAAAAAAAAAAAAAAAAAAAAAAA",
						  "label": "Other"
						},
						{
						  "concept": "1067AAAAAAAAAAAAAAAAAAAAAAAAAAAAAAAA",
						  "label": "Unknown"
						},
						{
						  "concept": "120148AAAAAAAAAAAAAAAAAAAAAAAAAAAAAA",
						  "label": "Arrhythmia"
						},
						{
						  "concept": "118773AAAAAAAAAAAAAAAAAAAAAAAAAAAAAA",
						  "label": "Dystonia"
						},
						{
						  "concept": "121677AAAAAAAAAAAAAAAAAAAAAAAAAAAAAA",
						  "label": "Mental status change"
						},
						{
						  "concept": "117399AAAAAAAAAAAAAAAAAAAAAAAAAAAAAA",
						  "label": "Hypertension"
						},
						{
						  "concept": "121629AAAAAAAAAAAAAAAAAAAAAAAAAAAAAA",
						  "label": "Anaemia"
						},
						{
						  "concept": "139581AAAAAAAAAAAAAAAAAAAAAAAAAAAAAA",
						  "label": "GI upset"
						},
						{
						  "concept": "143264AAAAAAAAAAAAAAAAAAAAAAAAAAAAAA",
						  "label": "Cough"
						},
						{
						  "concept": "512AAAAAAAAAAAAAAAAAAAAAAAAAAAAAAAAA",
						  "label": "Rash"
						},
						{
						  "concept": "111061AAAAAAAAAAAAAAAAAAAAAAAAAAAAAA",
						  "label": "Hives"
						}
					  ]
					}
				  },
				  {
					"label": "Severity",
					"type": "obs",
					"id": "seVERity",
					"questionOptions": {
					  "concept": "162760AAAAAAAAAAAAAAAAAAAAAAAAAAAAAA",
					  "rendering": "select",
					  "answers": [
						{
						  "concept": "1067AAAAAAAAAAAAAAAAAAAAAAAAAAAAAAAA",
						  "label": "Not graded"
						},
						{
						  "concept": "162819AAAAAAAAAAAAAAAAAAAAAAAAAAAAAA",
						  "label": "Life threatening"
						},
						{
						  "concept": "1499AAAAAAAAAAAAAAAAAAAAAAAAAAAAAAAA",
						  "label": "Moderate"
						},
						{
						  "concept": "1500AAAAAAAAAAAAAAAAAAAAAAAAAAAAAAAA",
						  "label": "Severe"
						},
						{
						  "concept": "1498AAAAAAAAAAAAAAAAAAAAAAAAAAAAAAAA",
						  "label": "Mild"
						}
					  ]
					}
				  },
				  {
					"label": "Date of Onset",
					"type": "obs",
					"id": "DatEoNSETA",
					"questionOptions": {
					  "concept": "160753AAAAAAAAAAAAAAAAAAAAAAAAAAAAAA",
					  "rendering": "date"
					},
					"validators": [
					  {
						"type": "date",
						"allowFutureDates": "false"
					  }
					]
				  },
				  {
					"label": "Action taken",
					"type": "obs",
					"id": "ActIonTaken",
					"questionOptions": {
					  "concept": "1255AAAAAAAAAAAAAAAAAAAAAAAAAAAAAAAA",
					  "rendering": "select",
					  "answers": [
						{
						  "concept": "1259AAAAAAAAAAAAAAAAAAAAAAAAAAAAAAAA",
						  "label": "SWITCHED REGIMEN"
						},
						{
						  "concept": "1260AAAAAAAAAAAAAAAAAAAAAAAAAAAAAAAA",
						  "label": "STOP"
						},
						{
						  "concept": "1257AAAAAAAAAAAAAAAAAAAAAAAAAAAAAAAA",
						  "label": "CONTINUE REGIMEN"
						},
						{
						  "concept": "1258AAAAAAAAAAAAAAAAAAAAAAAAAAAAAAAA",
						  "label": "SUBSTITUTED DRUG"
						},
						{
						  "concept": "1107AAAAAAAAAAAAAAAAAAAAAAAAAAAAAAAA",
						  "label": "NONE"
						},
						{
						  "concept": "981AAAAAAAAAAAAAAAAAAAAAAAAAAAAAAAAA",
						  "label": "CHANGED DOSE"
						},
						{
						  "concept": "5622AAAAAAAAAAAAAAAAAAAAAAAAAAAAAAAA",
						  "label": "OTHER"
						}
					  ]
					}
				  }
				]
			  }
			]
		  },
		  {
			"label": "Prep status",
			"isExpanded": "true",
			"questions": [
			  {
				"label": "Signs and symptoms of acute HIV",
				"type": "obs",
				"questionOptions": {
				  "rendering": "radio",
				  "concept": "aba5a106-719b-46f3-9199-224f3881a738",
				  "answers": [
					{
					  "concept": "1065AAAAAAAAAAAAAAAAAAAAAAAAAAAAAAAA",
					  "label": "Yes"
					},
					{
					  "concept": "1066AAAAAAAAAAAAAAAAAAAAAAAAAAAAAAAA",
					  "label": "No"
					}
				  ]
				},
				"id": "hivSigns",
				"required": "true"
			  },
			  {
				"label": "Adherence counselling done",
				"type": "obs",
				"questionOptions": {
				  "rendering": "radio",
				  "concept": "906ac5d0-566a-466e-93e4-2f23b4fb319b",
				  "answers": [
					{
					  "concept": "1065AAAAAAAAAAAAAAAAAAAAAAAAAAAAAAAA",
					  "label": "Yes"
					},
					{
					  "concept": "1066AAAAAAAAAAAAAAAAAAAAAAAAAAAAAAAA",
					  "label": "No"
					}
				  ]
				},
				"id": "adherenceCounsellingDone",
				"required": "true"
			  },
			  {
				"label": "Adherance Outcome",
				"type": "obs",
				"id": "adheranceOutcome",
				"questionOptions": {
				  "concept": "160433AAAAAAAAAAAAAAAAAAAAAAAAAAAAAA",
				  "rendering": "radio",
				  "answers": [
					{
					  "concept": "159405AAAAAAAAAAAAAAAAAAAAAAAAAAAAAA",
					  "label": "Good"
					},
					{
					  "concept": "159406AAAAAAAAAAAAAAAAAAAAAAAAAAAAAA",
					  "label": "Fair"
					},
					{
					  "concept": "159407AAAAAAAAAAAAAAAAAAAAAAAAAAAAAA",
					  "label": "Poor"
					}
				  ]
				},
				"hide": {
				  "hideWhenExpression": "adherenceCounsellingDone !== '1065AAAAAAAAAAAAAAAAAAAAAAAAAAAAAAAA'"
				}
			  },
			  {
				"label": "If fair or poor, what are the reasons?",
				"type": "obs",
				"id": "FairPOOr",
				"questionOptions": {
				  "concept": "160582AAAAAAAAAAAAAAAAAAAAAAAAAAAAAA",
				  "rendering": "select",
				  "answers": [
					{
					  "concept": "163293AAAAAAAAAAAAAAAAAAAAAAAAAAAAAA",
					  "label": "Sick"
					},
					{
					  "concept": "366aa52d-67cf-4f8a-bcef-095252b21e9e",
					  "label": "Stigma"
					},
					{
					  "concept": "160583AAAAAAAAAAAAAAAAAAAAAAAAAAAAAA",
					  "label": "Shared with others"
					},
					{
					  "concept": "1064AAAAAAAAAAAAAAAAAAAAAAAAAAAAAAAA",
					  "label": "No perceived risk"
					},
					{
					  "concept": "160588AAAAAAAAAAAAAAAAAAAAAAAAAAAAAA",
					  "label": "Pill burden"
					},
					{
					  "concept": "160584AAAAAAAAAAAAAAAAAAAAAAAAAAAAAA",
					  "label": "Lost/out of pills"
					},
					{
					  "concept": "1056AAAAAAAAAAAAAAAAAAAAAAAAAAAAAAAA",
					  "label": "Separated from HIV+"
					},
					{
					  "concept": "159935AAAAAAAAAAAAAAAAAAAAAAAAAAAAAA",
					  "label": "Side effects"
					},
					{
					  "concept": "160587AAAAAAAAAAAAAAAAAAAAAAAAAAAAAA",
					  "label": "Forgot"
					},
					{
					  "concept": "5622AAAAAAAAAAAAAAAAAAAAAAAAAAAAAAAA",
					  "label": "Other-Specify"
					}
				  ]
				},
				"hide": {
				  "hideWhenExpression": "isEmpty(adheranceOutcome) || adheranceOutcome === '159405AAAAAAAAAAAAAAAAAAAAAAAAAAAAAA'"
				}
			  },
			  {
				"label": "Other Specify",
				"type": "obs",
				"id": "otherSpecifypoor",
				"questionOptions": {
				  "concept": "160632AAAAAAAAAAAAAAAAAAAAAAAAAAAAAA",
				  "rendering": "text"
				},
				"hide": {
				  "hideWhenExpression": "FairPOOr !== '5622AAAAAAAAAAAAAAAAAAAAAAAAAAAAAAAA'"
				}
			  },
			  {
				"label": "Contraindication for PrEP",
				"type": "obs",
				"id": "contraindicationForPrEP",
				"questionOptions": {
				  "concept": "5725724b-058b-45cc-9384-57221daa3a0d",
				  "rendering": "checkbox",
				  "answers": [
					{
					  "concept": "1107AAAAAAAAAAAAAAAAAAAAAAAAAAAAAAAA",
					  "label": "None"
					},
					{
					  "concept": "138571AAAAAAAAAAAAAAAAAAAAAAAAAAAAAA",
					  "label": "Confirmed HIV+",
					  "disableWhenExpression": "myValue === '1107AAAAAAAAAAAAAAAAAAAAAAAAAAAAAAAA'"
					},
					{
					  "concept": "155589AAAAAAAAAAAAAAAAAAAAAAAAAAAAAA",
					  "label": "Renal impairment",
					  "disableWhenExpression": "myValue === '1107AAAAAAAAAAAAAAAAAAAAAAAAAAAAAAAA'"
					},
					{
					  "concept": "127750AAAAAAAAAAAAAAAAAAAAAAAAAAAAAA",
					  "label": "Not willing",
					  "disableWhenExpression": "myValue === '1107AAAAAAAAAAAAAAAAAAAAAAAAAAAAAAAA'"
					},
					{
					  "concept": "39fa4212-1210-49e0-ad62-d01090c1cf67",
					  "label": "Less than 30ks and under 15 yrs",
					  "disableWhenExpression": "myValue === '1107AAAAAAAAAAAAAAAAAAAAAAAAAAAAAAAA'"
					}
				  ]
				}
			  },
			  {
				"label": "PrEP treatment plan",
				"type": "obs",
				"questionOptions": {
				  "rendering": "radio",
				  "concept": "42ad51f2-dc4f-48eb-8440-9a0bd8969374",
				  "calculate": {
					"calculateExpression": "String(hivSigns) === '1065AAAAAAAAAAAAAAAAAAAAAAAAAAAAAAAA' ? '1260AAAAAAAAAAAAAAAAAAAAAAAAAAAAAAAA' : ''"
				  },
				  "answers": [
					{
					  "concept": "1257AAAAAAAAAAAAAAAAAAAAAAAAAAAAAAAA",
					  "label": "Continue"
					},
					{
					  "concept": "162904AAAAAAAAAAAAAAAAAAAAAAAAAAAAAA",
					  "label": "Restart"
					},
					{
					  "concept": "1256AAAAAAAAAAAAAAAAAAAAAAAAAAAAAAAA",
					  "label": "Switch"
					},
					{
					  "concept": "1260AAAAAAAAAAAAAAAAAAAAAAAAAAAAAAAA",
					  "label": "Discontinue"
					}
				  ]
				},
				"id": "treatmentPlan",
				"required": "true"
			  },
			  {
				"label": "Reason for switching",
				"type": "obs",
				"id": "reasonForSwitch",
				"questionOptions": {
				  "concept": "4b59ac07-cf72-4f46-b8c0-4f62b1779f7e",
				  "rendering": "select",
				  "answers": [
					{
					  "concept": "159737AAAAAAAAAAAAAAAAAAAAAAAAAAAAAA",
					  "label": "Client Preference"
					},
					{
					  "concept": "141748AAAAAAAAAAAAAAAAAAAAAAAAAAAAAA",
					  "label": "Drug Interactions"
					},
					{
					  "concept": "167533AAAAAAAAAAAAAAAAAAAAAAAAAAAAAA",
					  "label": "Discontinuing Injection PrEP"
					},
					{
					  "concept": "121760AAAAAAAAAAAAAAAAAAAAAAAAAAAAAA",
					  "label": "Adverse Drug Reactions"
					},
					{
					  "concept": "160662AAAAAAAAAAAAAAAAAAAAAAAAAAAAAA",
					  "label": "Stock-out"
					}
				  ]
				},
				"hide": {
				  "hideWhenExpression": "treatmentPlan !== '1256AAAAAAAAAAAAAAAAAAAAAAAAAAAAAAAA'"
				}
			  },
			  {
				"label": "Date of switch",
				"type": "obs",
				"id": "dateOfSwitch",
				"questionOptions": {
				  "concept": "68bfa3f3-1fc7-4d9d-bb41-e897c3c430ef",
				  "rendering": "date"
				},
				"validators": [
				  {
					"type": "date",
					"allowFutureDates": "false"
				  }
				],
				"hide": {
				  "hideWhenExpression": "treatmentPlan !== '1256AAAAAAAAAAAAAAAAAAAAAAAAAAAAAAAA'"
				}
			  },
			  {
				"label": "Prescribed PrEP today?",
				"type": "obs",
				"id": "prescribedPrepToday",
				"questionOptions": {
				  "concept": "1417AAAAAAAAAAAAAAAAAAAAAAAAAAAAAAAA",
				  "rendering": "radio",
				  "answers": [
					{
					  "concept": "1065AAAAAAAAAAAAAAAAAAAAAAAAAAAAAAAA",
					  "label": "Yes"
					},
					{
					  "concept": "1066AAAAAAAAAAAAAAAAAAAAAAAAAAAAAAAA",
					  "label": "No"
					}
				  ]
				},
				"hide": {
				  "hideWhenExpression": "isEmpty(treatmentPlan) || treatmentPlan === '1260AAAAAAAAAAAAAAAAAAAAAAAAAAAAAAAA'"
				}
			  },
			  {
				"label": "Type of PrEP",
				"type": "obs",
				"id": "prepTypeFemale",
				"questionOptions": {
				  "concept": "166866AAAAAAAAAAAAAAAAAAAAAAAAAAAAAA",
				  "rendering": "radio",
				  "answers": [
					{
					  "concept": "cb583a50-2b6c-4a6a-a458-a6a3c41fa1a7",
					  "label": "Daily Oral PrEP"
					},
					{
					  "concept": "58ed1f26-430f-4922-9bcf-00c51ec7bcb1",
					  "label": "CAB-LA"
					},
					{
					  "concept": "b3f6eab2-93bd-4fe0-81ce-5b7ec633a55a",
					  "label": "Dapivirine ring"
					}
				  ]
				},
				"hide": {
				  "hideWhenExpression": "prescribedPrepToday !== '1065AAAAAAAAAAAAAAAAAAAAAAAAAAAAAAAA' || sex !=='F'"
				}
			  },
			  {
				"label": "Type of PrEP",
				"type": "obs",
				"id": "prepTypeMale",
				"questionOptions": {
				  "concept": "166866AAAAAAAAAAAAAAAAAAAAAAAAAAAAAA",
				  "rendering": "radio",
				  "answers": [
					{
					  "concept": "cb583a50-2b6c-4a6a-a458-a6a3c41fa1a7",
					  "label": "Daily Oral PrEP"
					},
					{
					  "concept": "58ed1f26-430f-4922-9bcf-00c51ec7bcb1",
					  "label": "CAB-LA"
					},
					{
					  "concept": "5424AAAAAAAAAAAAAAAAAAAAAAAAAAAAAAAA",
					  "label": "Event Driven"
					}
				  ]
				},
				"hide": {
				  "hideWhenExpression": "prescribedPrepToday !== '1065AAAAAAAAAAAAAAAAAAAAAAAAAAAAAAAA'  || sex !=='M'"
				}
			  },
			  {
				"label": "Regimen prescribed",
				"type": "obs",
				"id": "regimenOptions",
				"questionOptions": {
				  "concept": "164515AAAAAAAAAAAAAAAAAAAAAAAAAAAAAA",
				  "rendering": "select",
				  "answers": [
					{
					  "concept": "161364AAAAAAAAAAAAAAAAAAAAAAAAAAAAAA",
					  "label": "TDF/3TC"
					},
					{
					  "concept": "84795AAAAAAAAAAAAAAAAAAAAAAAAAAAAAAA",
					  "label": "TDF"
					},
					{
					  "concept": "104567AAAAAAAAAAAAAAAAAAAAAAAAAAAAAA",
					  "label": "TDF/FTC(Preferred)"
					}
				  ]
				},
				"hide": {
				  "hideWhenExpression": "isEmpty(prepType) || prepType !== 'cb583a50-2b6c-4a6a-a458-a6a3c41fa1a7'"
				}
			  },
			  {
				"label": "Number of months",
				"type": "obs",
				"id": "regimenMonthsPrescribed",
				"questionOptions": {
				  "concept": "164433AAAAAAAAAAAAAAAAAAAAAAAAAAAAAA",
				  "rendering": "text"
				},
				"hide": {
				  "hideWhenExpression": "isEmpty(prepType) || prepType !== 'cb583a50-2b6c-4a6a-a458-a6a3c41fa1a7'"
				}
			  },
			  {
				"label": "Condoms issued",
				"type": "obs",
				"id": "condomIssued",
				"questionOptions": {
				  "concept": "159777AAAAAAAAAAAAAAAAAAAAAAAAAAAAAA",
				  "rendering": "radio",
				  "answers": [
					{
					  "concept": "1065AAAAAAAAAAAAAAAAAAAAAAAAAAAAAAAA",
					  "label": "Yes"
					},
					{
					  "concept": "1066AAAAAAAAAAAAAAAAAAAAAAAAAAAAAAAA",
					  "label": "No"
					}
				  ]
				}
			  },
			  {
				"label": "Number of condoms issued",
				"type": "obs",
				"id": "numberOfCondoms",
				"questionOptions": {
				  "concept": "771638d9-9600-4a6b-8e5d-c6dcdedbc9cd",
				  "rendering": "number"
				},
				"hide": {
				  "hideWhenExpression": "isEmpty(condomIssued) || condomIssued !== '1065AAAAAAAAAAAAAAAAAAAAAAAAAAAAAAAA'"
				}
			  }
			]
		  },
		  {
			"label": "Next appointment",
			"isExpanded": "true",
			"questions": [
			  {
				"label": "Client given next appointment",
				"type": "obs",
				"id": "tcaGiven",
				"required": "true",
				"questionOptions": {
				  "concept": "7bfe041e-e921-4798-b9fd-a8f222a56be2",
				  "rendering": "radio",
				  "answers": [
					{
					  "concept": "1065AAAAAAAAAAAAAAAAAAAAAAAAAAAAAAAA",
					  "label": "Yes"
					},
					{
					  "concept": "1066AAAAAAAAAAAAAAAAAAAAAAAAAAAAAAAA",
					  "label": "No"
					}
				  ]
				}
			  },
			  {
				"label": "Next review date:",
				"required": false,
				"id": "appointmentWorkspaceLauncher",
				"questionOptions": {
				  "rendering": "workspace-launcher",
				  "buttonLabel": "Add appointments",
				  "workspaceName": "appointments-form-workspace"
				},
				"hide": {
				  "hideWhenExpression": "tcaGiven !== '1065AAAAAAAAAAAAAAAAAAAAAAAAAAAAAAAA'"
				}
			  },
			  {
				"label": "Reason for failure to give appointment",
				"type": "obs",
				"id": "reasonTcaDate",
				"questionOptions": {
				  "concept": "2e91618a-1f42-4781-ae1e-96d0d8a86e16",
				  "rendering": "radio",
				  "answers": [
					{
					  "concept": "159492AAAAAAAAAAAAAAAAAAAAAAAAAAAAAA",
					  "label": "Transferred out"
					},
					{
					  "concept": "8bc555fe-c317-4983-af94-f42bce8a220e",
					  "label": "Risk reduction supported"
					},
					{
					  "concept": "159836AAAAAAAAAAAAAAAAAAAAAAAAAAAAAA",
					  "label": "Discontinue"
					}
				  ]
				},
				"hide": {
				  "hideWhenExpression": "tcaGiven !== '1066AAAAAAAAAAAAAAAAAAAAAAAAAAAAAAAA'"
				}
			  }
			]
		  },
		  {
			"label": "Clinical Notes",
			"isExpanded": "true",
			"questions": [
			  {
				"label": "Clinical Notes",
				"type": "obs",
				"id": "clinical-notes",
				"questionOptions": {
				  "concept": "163042AAAAAAAAAAAAAAAAAAAAAAAAAAAAAA",
				  "rendering": "text"
				}
			  }
			]
		  }
		]
	  }
	],
	"processor": "EncounterFormProcessor",
	"referencedForms": [],
	"encounterType": "c4a2be28-6673-4c36-b886-ea89b0a42116"
  }