{
	"name": "PrEP Client Discontinuation",
	"description": "PrEP Client Discontinuation",
	"version": "1",
	"published": true,
	"uuid": "467c4cc3-25eb-4330-9cf6-e41b9b14cc10",
	"retired": false,
	"encounter": "PrEP Client Discontinuation",
	"meta": {
		"programs": {
		  "uuid": "214cad1c-bb62-4d8e-b927-810a046daf62",
		  "isEnrollment": false,
		  "discontinuationDateQuestionId": "encDate"
		}
	},
	"pages": [
		{
			"label": "PrEP Discontinuation",
			"sections": [
				{
					"label": "Visit Details",
					"isExpanded": "true",
					"questions": [
						{
							"label": "Date:",
							"type": "encounterDatetime",
							"required": "true",
							"questionOptions": {
								"rendering": "ui-select-extended"
							},
							"id": "encDate",
							"validators": [
								{
									"type": "date",
									"allowFutureDates": "false"
								}
							]
						},
						{
							"label": "Provider:",
							"type": "encounterProvider",
							"required": "true",
							"questionOptions": {
								"rendering": "ui-select-extended"
							},
							"id": "encProvider "
						},
						{
							"label": "Location:",
							"type": "encounterLocation",
							"required": "true",
							"questionOptions": {
								"rendering": "ui-select-extended"
							},
							"id": "encLocation"
						}
					]
				},
				{
					"label": "Discontinue PrEP Care",
					"isExpanded": "true",
					"questions": [
						{
							"label": "Discontinue reasons",
							"type": "obs",
							"questionOptions": {
								"rendering": "select",
								"concept": "161555AAAAAAAAAAAAAAAAAAAAAAAAAAAAAA",
								"answers": [
									{
										"concept": "978AAAAAAAAAAAAAAAAAAAAAAAAAAAAAAAAA",
										"label": "Self Discontinuation"
									},
									{
										"concept": "5240AAAAAAAAAAAAAAAAAAAAAAAAAAAAAAAA",
										"label": "Defaulters (missed drugs pick ups)"
									},
									{
										"concept": "150506AAAAAAAAAAAAAAAAAAAAAAAAAAAAAA",
										"label": "Intimate partner violence"
									},
									{
										"concept": "164401AAAAAAAAAAAAAAAAAAAAAAAAAAAAAA",
										"label": "Too many HIV tests"
									},
									{
										"concept": "138571AAAAAAAAAAAAAAAAAAAAAAAAAAAAAA",
										"label": "HIV test is positive"
									},
									{
										"concept": "162696AAAAAAAAAAAAAAAAAAAAAAAAAAAAAA",
										"label": "Client request"
									},
									{
										"concept": "160034AAAAAAAAAAAAAAAAAAAAAAAAAAAAAA",
										"label": "Died"
									},
									{
										"concept": "1302AAAAAAAAAAAAAAAAAAAAAAAAAAAAAAAA",
										"label": "Viral suppression of HIV+"
									},
									{
										"concept": "5622AAAAAAAAAAAAAAAAAAAAAAAAAAAAAAAA",
										"label": "Other-specify"
									},
									{
										"concept": "162479AAAAAAAAAAAAAAAAAAAAAAAAAAAAAA",
										"label": "Partner Refusal"
									},
									{
										"concept": "159598AAAAAAAAAAAAAAAAAAAAAAAAAAAAAA",
										"label": "Not adherent to PrEP"
									},
									{
										"concept": "160581AAAAAAAAAAAAAAAAAAAAAAAAAAAAAA",
										"label": "Low risk of HIV"
									},
									{
										"concept": "159492AAAAAAAAAAAAAAAAAAAAAAAAAAAAAA",
										"label": "Transferred Out"
									},
									{
										"concept": "121760AAAAAAAAAAAAAAAAAAAAAAAAAAAAAA",
										"label": "Adverse drug reaction"
									},
									{
										"concept": "113338AAAAAAAAAAAAAAAAAAAAAAAAAAAAAA",
										"label": "Renal dysfunction"
									}
								]
							},
							"id": "DiscontinueReasons",
							"required": "true"
						},
						{
							"label": "Date of Last Prep dose:",
							"type": "obs",
							"questionOptions": {
								"rendering": "date",
								"concept": "162549AAAAAAAAAAAAAAAAAAAAAAAAAAAAAA"
							},
							"id": "lastPrepDoseDate",
							"validators": [
								{
									"type": "date",
									"allowFutureDates": "false"
								}
							]
						}
					]
				}
			]
		}
	],
	"processor": "EncounterFormProcessor",
	"referencedForms": []
}