{
  "name": "Progress Note",
  "description": "Progress Note",
  "version": "1.0",
  "published": true,
  "uuid": "0038a296-62f8-4099-80e5-c9ea7590c157",
  "retired": false,
  "encounter": "Consultation",
  "pages": [
    {
      "label": "Progress Note",
      "sections": [
        {
          "label": "Visit Details",
          "isExpanded": "true",
          "questions": [
            {
              "label": "Date:",
              "type": "encounterDatetime",
              "required": "true",
              "questionOptions": {
                "rendering": "ui-select-extended"
              },
              "id": "encDate",
              "validators": [
                {
                  "type": "date",
                  "allowFutureDates": "false"
                }
              ]
            },
            {
              "label": "Provider:",
              "type": "encounterProvider",
              "required": "true",
              "questionOptions": {
                "rendering": "ui-select-extended"
              },
              "id": "encProvider "
            },
            {
              "label": "Location:",
              "type": "encounterLocation",
              "required": "true",
              "questionOptions": {
                "rendering": "ui-select-extended"
              },
              "id": "encLocation"
            }
          ]
        },
        {
          "label": "Notes",
          "isExpanded": "true",
          "questions": [
            {
              "label": "Notes",
              "type": "obs",
              "required": true,
              "id": "note",
              "questionOptions": {
                "rendering": "textarea",
                "rows": 5,
                "concept": "159395AAAAAAAAAAAAAAAAAAAAAAAAAAAAAA",
                "answers": []
              },
              "validators": []
            }
          ]
        }
      ]
    }
  ],
  "processor": "EncounterFormProcessor",
  "encounterType": "465a92f2-baf8-42e9-9612-53064be868e8",
  "referencedForms": []
}
