{
	"name": "Referral",
	"description": "Referral",
	"version": "1",
	"published": true,
	"uuid": "bd12f98a-fcfe-4472-a858-17f28457932b",
	"retired": false,
	"encounter": "KP Referral",
	"pages": [
		{
			"label": "KP Referral Form",
			"sections": [
				{
					"label": "KP Referral Form",
					"isExpanded": "true",
					"questions": [
						{
							"label": "Date:",
							"type": "encounterDatetime",
							"required": "true",
							"questionOptions": {
								"rendering": "ui-select-extended"
							},
							"validators": [
								{
									"type": "date",
									"allowFutureDates": "false"
								}
							],
							"id": "encDate"
						},
						{
							"label": "Provider:",
							"type": "encounterProvider",
							"required": "true",
							"questionOptions": {
								"rendering": "ui-select-extended"
							},
							"id": "encProvider "
						},
						{
							"label": "Location:",
							"type": "encounterLocation",
							"required": "true",
							"questionOptions": {
								"rendering": "ui-select-extended"
							},
							"id": "encLocation"
						}
					]
				},
				{
					"label": "Referral Information",
					"isExpanded": "true",
					"questions": [
						{
							"label": "1. Referrals ordered",
							"type": "obs",
							"id": "referralsOrdered",
							"questionOptions": {
								"concept": "1272AAAAAAAAAAAAAAAAAAAAAAAAAAAAAAAA",
								"rendering": "radio",
								"answers": [
									{
										"concept": "1066AAAAAAAAAAAAAAAAAAAAAAAAAAAAAAAA",
										"label": "No"
									},
									{
										"concept": "1065AAAAAAAAAAAAAAAAAAAAAAAAAAAAAAAA",
										"label": "Yes"
									}
								]
							}
						},
						{
							"label": "Date",
							"type": "obs",
							"id": "referralDate",
							"questionOptions": {
								"concept": "161561AAAAAAAAAAAAAAAAAAAAAAAAAAAAAA",
								"rendering": "date"
							},
							"validators": [
								{
									"type": "date",
									"allowFutureDates": "false"
								}
							]
						},
						{
							"label": "2. Institution referred",
							"type": "obs",
							"id": "facilityReferred",
							"questionOptions": {
								"concept": "162724AAAAAAAAAAAAAAAAAAAAAAAAAAAAAA",
								"rendering": "text"
							}
						},
						{
							"label": "3. Services referred for",
							"type": "obs",
							"id": "serviceReferred",
							"questionOptions": {
								"concept": "160478AAAAAAAAAAAAAAAAAAAAAAAAAAAAAA",
								"rendering": "select",
								"answers": [
									{
										"concept": "164849AAAAAAAAAAAAAAAAAAAAAAAAAAAAAA",
										"label": "Care and treatment"
									},
									{
										"concept": "160546AAAAAAAAAAAAAAAAAAAAAAAAAAAAAA",
										"label": "STI treatment"
									},
									{
										"concept": "5622AAAAAAAAAAAAAAAAAAAAAAAAAAAAAAAA",
										"label": "Other"
									}
								]
							},
							"validators": [],
							"hide": {
								"hideWhenExpression": "referralsOrdered !== '1065AAAAAAAAAAAAAAAAAAAAAAAAAAAAAAAA'"
							}
						},
						{
							"label": "Other specify",
							"type": "obs",
							"id": "otherSpecify",
							"questionOptions": {
								"concept": "161011AAAAAAAAAAAAAAAAAAAAAAAAAAAAAA",
								"rendering": "text"
							},
							"hide": {
							  "hideWhenExpression": "serviceReferred !== '5622AAAAAAAAAAAAAAAAAAAAAAAAAAAAAAAA'"
							}
						},
						{
							"label": "4. Contact person at referral service",
							"type": "obs",
							"id": "contactPerson",
							"questionOptions": {
								"concept": "1473AAAAAAAAAAAAAAAAAAAAAAAAAAAAAAAA",
								"rendering": "text"
							}
						},
						{
							"label": "5. Referral outcome",
							"type": "obs",
							"id": "referralOutcome",
							"questionOptions": {
								"concept": "0dcc1312-e83e-4317-97c3-4b127b599744",
								"rendering": "select",
								"answers": [
									{
										"concept": "162978AAAAAAAAAAAAAAAAAAAAAAAAAAAAAA",
										"label": "OB number provided"
									},
									{
										"concept": "163766AAAAAAAAAAAAAAAAAAAAAAAAAAAAAA",
										"label": "Linked to care"
									}
								]
							}
						},
						{
							"label": "6. Remarks",
							"type": "obs",
							"id": "remarks",
							"questionOptions": {
								"concept": "160632AAAAAAAAAAAAAAAAAAAAAAAAAAAAAA",
								"rendering": "textarea"
							}
						}
					]
				}
			]
		}
	],
	"processor": "EncounterFormProcessor",
	"referencedForms": []
}