{
  "name": "Triage",
  "description": "Triage",
  "version": "2.0",
  "published": true,

  "uuid": "37f6bd8d-586a-4169-95fa-5781f987fe62",
  "retired": false,
  "encounter": "Triage",
  "pages": [
    {
      "label": "Triage",
      "sections": [
        {
          "label": "Visit Details",
          "isExpanded": "true",
          "questions": [
            {
              "label": "Date:",
              "type": "encounterDatetime",
              "required": "true",
              "questionOptions": {
                "rendering": "ui-select-extended"
              },
              "id": "encDate",
              "validators": [
                {
                  "type": "date",
                  "allowFutureDates": "false"
                }
              ]
            },
            {
              "label": "Provider:",
              "type": "encounterProvider",
              "required": "true",
              "questionOptions": {
                "rendering": "ui-select-extended"
              },
              "id": "encProvider "
            },
            {
              "label": "Location:",
              "type": "encounterLocation",
              "required": "true",
              "questionOptions": {
                "rendering": "ui-select-extended"
              },
              "id": "encLocation"
            }
          ]
        },
        {
          "label": "Complaints and History of complaints",
          "isExpanded": "true",
          "questions": [
            {
              "label": "Patient having complaint(s) today?",
              "type": "obs",
              "id": "complaintsToday",
              "required": "true",
              "questionOptions": {
                "concept": "5219AAAAAAAAAAAAAAAAAAAAAAAAAAAAAAAA",
                "rendering": "radio",
                "answers": [
                  {
                    "concept": "1065AAAAAAAAAAAAAAAAAAAAAAAAAAAAAAAA",
                    "label": "Yes"
                  },
                  {
                    "concept": "1066AAAAAAAAAAAAAAAAAAAAAAAAAAAAAAAA",
                    "label": "No"
                  }
                ]
              }
            },
            {
              "label": "Presenting complaints",
              "type": "obsGroup",
              "id": "ComplaintLodgeByClient",
              "questionOptions": {
                "concept": "160531AAAAAAAAAAAAAAAAAAAAAAAAAAAAAA",
                "rendering": "repeating"
              },
              "validators": [],
              "hide": {
                "hideWhenExpression": "complaintsToday !== '1065AAAAAAAAAAAAAAAAAAAAAAAAAAAAAAAA'"
              },
              "questions": [
                {
                  "label": "Complaint",
                  "type": "obs",
                  "id": "cOmplaIntField",
                  "questionOptions": {
                    "concept": "5219AAAAAAAAAAAAAAAAAAAAAAAAAAAAAAAA",
                    "rendering": "select",
                    "answers": [
                      {
                        "concept": "151AAAAAAAAAAAAAAAAAAAAAAAAAAAAAAAAA",
                        "label": "Abdominal pain"
                      },
                      {
                        "concept": "141631AAAAAAAAAAAAAAAAAAAAAAAAAAAAAA",
                        "label": "Abnormal Uterine Bleeding"
                      },
                      {
                        "concept": "163410AAAAAAAAAAAAAAAAAAAAAAAAAAAAAA",
                        "label": "Acute focal neurology"
                      },
                       {
                        "concept": "06884a1d-be4d-498c-9834-8d2faf3bd3d9",
                        "label": "Aggression"
                      },
                      {
                        "concept": "148787AAAAAAAAAAAAAAAAAAAAAAAAAAAAAA",
                        "label": "Angioedema"
                      },
                      {
                        "concept": "121543AAAAAAAAAAAAAAAAAAAAAAAAAAAAAA",
                        "label": "Anxiety"
                      },
                      {
                        "concept": "148517AAAAAAAAAAAAAAAAAAAAAAAAAAAAAA",
                        "label": "Apnea"
                      },
                      {
                        "concept": "148035AAAAAAAAAAAAAAAAAAAAAAAAAAAAAA",
                        "label": "Back pain"
                      },
                      {
                        "concept": "840AAAAAAAAAAAAAAAAAAAAAAAAAAAAAAAAA",
                        "label": "Bloody Urine"
                      },
                      {
                        "concept": "117671AAAAAAAAAAAAAAAAAAAAAAAAAAAAAA",
                        "label": "Blood in stool"
                      },
                      {
                        "concept": "116543AAAAAAAAAAAAAAAAAAAAAAAAAAAAAA",
                        "label": "Burn"
                      },
                      {
                        "concept": "111004AAAAAAAAAAAAAAAAAAAAAAAAAAAAAA",
                        "label": "Burn over 20%"
                      },
                      {
                        "concept": "131021AAAAAAAAAAAAAAAAAAAAAAAAAAAAAA",
                        "label": "Breast Pain"
                      },
                      {
                        "concept": "146599AAAAAAAAAAAAAAAAAAAAAAAAAAAAAA",
                        "label": "Cachexia"
                      },
                       {
                        "concept": "146192AAAAAAAAAAAAAAAAAAAAAAAAAAAAAA",
                        "label": "Cardiac Arrest"
                      },
                       {
                        "concept": "96a12f0c-ba52-455b-bbb4-db12f7e9ee5e",
                        "label": "Central Cyanosis"
                      },
                      {
                        "concept": "120749AAAAAAAAAAAAAAAAAAAAAAAAAAAAAA",
                        "label": "Chest Pain"
                      },
                      {
                        "concept": "145727AAAAAAAAAAAAAAAAAAAAAAAAAAAAAA",
                        "label": "Chemical Burn"
                      },
                       {
                        "concept": "166592AAAAAAAAAAAAAAAAAAAAAAAAAAAAAA",
                        "label": "Circumferential Burn"
                      },
                      {
                        "concept": "871AAAAAAAAAAAAAAAAAAAAAAAAAAAAAAAAA",
                        "label": "Cold and Chills"
                      },
                      {
                        "concept": "120345AAAAAAAAAAAAAAAAAAAAAAAAAAAAAA",
                        "label": "Confusion"
                      },
                      {
                        "concept": "143264AAAAAAAAAAAAAAAAAAAAAAAAAAAAAA",
                        "label": "Cough"
                      },
                      {
                        "concept": "138905AAAAAAAAAAAAAAAAAAAAAAAAAAAAAA",
                        "label": "Coughing blood(Hemoptysis)"
                      },
                      {
                        "concept": "113054AAAAAAAAAAAAAAAAAAAAAAAAAAAAAA",
                        "label": "Convulsions"
                      },
                      {
                        "concept": "144576AAAAAAAAAAAAAAAAAAAAAAAAAAAAAA",
                        "label": "Coma"
                      },
                      {
                        "concept": "132338AAAAAAAAAAAAAAAAAAAAAAAAAAAAAA",
                        "label": "Compound Fracture"
                      },
                      {
                        "concept": "139899AAAAAAAAAAAAAAAAAAAAAAAAAAAAAA",
                        "label": "Closed fracture"
                      },
                      {
                        "concept": "162509AAAAAAAAAAAAAAAAAAAAAAAAAAAAAA",
                        "label": "Cold Hands/Extremities"
                      },
                       {
                        "concept": "137553AAAAAAAAAAAAAAAAAAAAAAAAAAAAAA",
                        "label": "Colic"
                      },
                      {
                        "concept": "106AAAAAAAAAAAAAAAAAAAAAAAAAAAAAAAAA",
                        "label": "Coryza"
                      },
                      {
                        "concept": "143129AAAAAAAAAAAAAAAAAAAAAAAAAAAAAA",
                        "label": "Crying Infant"
                      },
                      {
                        "concept": "119574AAAAAAAAAAAAAAAAAAAAAAAAAAAAAA",
                        "label": "Delirium"
                      },
                      {
                        "concept": "119537AAAAAAAAAAAAAAAAAAAAAAAAAAAAAA",
                        "label": "Depression"
                      },
                      {
                        "concept": "142412AAAAAAAAAAAAAAAAAAAAAAAAAAAAAA",
                        "label": "Diarrhoea"
                      },
                      {
                        "concept": "122496AAAAAAAAAAAAAAAAAAAAAAAAAAAAAA",
                        "label": "Difficult in breathing"
                      },
                      {
                        "concept": "118789AAAAAAAAAAAAAAAAAAAAAAAAAAAAAA",
                        "label": "Difficulty in swallowing"
                      },
                      {
                        "concept": "142247AAAAAAAAAAAAAAAAAAAAAAAAAAAAAA",
                        "label": "Discharge from Penis"
                      },
                      {
                        "concept": "141830AAAAAAAAAAAAAAAAAAAAAAAAAAAAAA",
                        "label": "Dizziness"
                      },
                      {
                        "concept": "17eb66ae-2898-4b39-a94b-c973b4fad627",
                        "label": "Dry crying"
                      },
                       {
                        "concept": "156095AAAAAAAAAAAAAAAAAAAAAAAAAAAAAA",
                        "label": "Dry mouth"
                      },
                      {
                        "concept": "141585AAAAAAAAAAAAAAAAAAAAAAAAAAAAAA",
                        "label": "Ear Pain"
                      },
                      {
                        "concept": "141128AAAAAAAAAAAAAAAAAAAAAAAAAAAAAA",
                        "label": "Epigastric Pain"
                      },
                      {
                        "concept": "141406AAAAAAAAAAAAAAAAAAAAAAAAAAAAAA",
                        "label": "Electrical Burn"
                      },
                       {
                        "concept": "160230AAAAAAAAAAAAAAAAAAAAAAAAAAAAAA",
                        "label": "Eye Injury"
                      },
                      {
                        "concept": "131040AAAAAAAAAAAAAAAAAAAAAAAAAAAAAA",
                        "label": "Eye Pain"
                      },
                      {
                        "concept": "140941AAAAAAAAAAAAAAAAAAAAAAAAAAAAAA",
                        "label": "Excessive Sweating"
                      },
                      {
                        "concept": "114399AAAAAAAAAAAAAAAAAAAAAAAAAAAAAA",
                        "label": "Facial Pain"
                      },
                      {
                        "concept": "162626AAAAAAAAAAAAAAAAAAAAAAAAAAAAAA",
                        "label": "Fatigue/weakness"
                      },
                      {
                        "concept": "140070AAAAAAAAAAAAAAAAAAAAAAAAAAAAAA",
                        "label": "Flank Pain"
                      },
                      {
                        "concept": "140238AAAAAAAAAAAAAAAAAAAAAAAAAAAAAA",
                        "label": "Fever"
                      },
                      {
                        "concept": "135367AAAAAAAAAAAAAAAAAAAAAAAAAAAAAA",
                        "label": " General Body Malaise"
                      },
                      {
                        "concept": "135462AAAAAAAAAAAAAAAAAAAAAAAAAAAAAA",
                        "label": "Genital Ulcer"
                      },
                      {
                        "concept": "139084AAAAAAAAAAAAAAAAAAAAAAAAAAAAAA",
                        "label": "Headache"
                      },
                      {
                        "concept": "117698AAAAAAAAAAAAAAAAAAAAAAAAAAAAAA",
                        "label": "Hearing Loss"
                      },
                      {
                        "concept": "9ac6c20b-2bac-42a9-bae4-7004524033c4",
                        "label": "Hemostasis"
                      },
                      {
                        "concept": "116214AAAAAAAAAAAAAAAAAAAAAAAAAAAAAA",
                        "label": "Hypotension"
                      },
                      {
                        "concept": "138061AAAAAAAAAAAAAAAAAAAAAAAAAAAAAA",
                        "label": "Hypoglycemia"
                      },
                        {
                        "concept": "138291AAAAAAAAAAAAAAAAAAAAAAAAAAAAAA",
                        "label": "Hyperglycaemia"
                      },
                         {
                        "concept": "117412AAAAAAAAAAAAAAAAAAAAAAAAAAAAAA",
                        "label": "Hypersomnia"
                      },
                         {
                        "concept": "96f5464b-fdf2-485d-84d3-8ec23bc400cb",
                        "label": "Hyperemesis"
                      },
                      {
                        "concept": "879AAAAAAAAAAAAAAAAAAAAAAAAAAAAAAAAA",
                        "label": "Itchiness/Pruritus"
                      },
                      {
                        "concept": "116558AAAAAAAAAAAAAAAAAAAAAAAAAAAAAA",
                        "label": "Joint Pain"
                      },
                      {
                        "concept": "114395AAAAAAAAAAAAAAAAAAAAAAAAAAAAAA",
                        "label": "Leg Pain"
                      },
                      {
                        "concept": "116334AAAAAAAAAAAAAAAAAAAAAAAAAAAAAA",
                        "label": "Lethargy"
                      },
                      {
                        "concept": "135595AAAAAAAAAAAAAAAAAAAAAAAAAAAAAA",
                        "label": "Loss of Appetite"
                      },
                      {
                        "concept": "a0ea1397-2bf3-4796-b005-387676f96499",
                        "label": "Loss of skin turgor"
                      },
                       {
                        "concept": "cfca406b-c855-4367-8f47-6a192d8dda7d",
                        "label": "Luxation"
                      },
                      {
                        "concept": "135488AAAAAAAAAAAAAAAAAAAAAAAAAAAAAA",
                        "label": "Lymphadenopathy"
                      },
                      {
                        "concept": "121657AAAAAAAAAAAAAAAAAAAAAAAAAAAAAA",
                        "label": "Memory Loss"
                      },
                      {
                        "concept": "163478AAAAAAAAAAAAAAAAAAAAAAAAAAAAAA",
                        "label": "Moderate pain"
                      },
                      {
                        "concept": "111721AAAAAAAAAAAAAAAAAAAAAAAAAAAAAA",
                        "label": "Mouth Ulceration"
                      },
                      {
                        "concept": "131015AAAAAAAAAAAAAAAAAAAAAAAAAAAAAA",
                        "label": "Mouth Pain"
                      },
                      {
                        "concept": "133028AAAAAAAAAAAAAAAAAAAAAAAAAAAAAA",
                        "label": "Muscle cramps"
                      },
                      {
                        "concept": "133632AAAAAAAAAAAAAAAAAAAAAAAAAAAAAA",
                        "label": "Muscle Pain"
                      },
                      {
                        "concept": "121AAAAAAAAAAAAAAAAAAAAAAAAAAAAAAAAA",
                        "label": "Mylagia"
                      },
                      {
                        "concept": "5978AAAAAAAAAAAAAAAAAAAAAAAAAAAAAAAA",
                        "label": "Nausea"
                      },
                      {
                        "concept": "112721AAAAAAAAAAAAAAAAAAAAAAAAAAAAAA",
                        "label": "Neck Stiffness"
                      },
                      {
                        "concept": "133469AAAAAAAAAAAAAAAAAAAAAAAAAAAAAA",
                        "label": "Neck Pain"
                      },
                      {
                        "concept": "133027AAAAAAAAAAAAAAAAAAAAAAAAAAAAAA",
                        "label": "Night sweats"
                      },
                      {
                        "concept": "132653AAAAAAAAAAAAAAAAAAAAAAAAAAAAAA",
                        "label": "Numbness"
                      },
                      {
                        "concept": "c767a73e-e532-4354-b50d-01b779cba3b2",
                        "label": "Obstructed airway"
                      },
                      
                      {
                        "concept": "125225AAAAAAAAAAAAAAAAAAAAAAAAAAAAAA",
                        "label": "Pain when Swallowing"
                      },
                      {
                        "concept": "131034AAAAAAAAAAAAAAAAAAAAAAAAAAAAAA",
                        "label": "Pelvic Pain"
                      },
                      {
                        "concept": "130166AAAAAAAAAAAAAAAAAAAAAAAAAAAAAA",
                        "label": "Pitting Edema"
                      },
                      {
                        "concept": "5953AAAAAAAAAAAAAAAAAAAAAAAAAAAAAAAA",
                        "label": "Poor Vision"
                      },
                      {
                        "concept": "182ef941-6541-43cd-830a-0f3135f2a456",
                        "label": "Purpuric rash"
                      },
                      {
                        "concept": "512AAAAAAAAAAAAAAAAAAAAAAAAAAAAAAAAA",
                        "label": "Rash"
                      },
                      {
                        "concept": "127777AAAAAAAAAAAAAAAAAAAAAAAAAAAAAA",
                        "label": "Red Eye/ Conjuctivitis"
                      },
                      {
                        "concept": "6017AAAAAAAAAAAAAAAAAAAAAAAAAAAAAAAA",
                        "label": "Refusal to feed"
                      },
                      {
                        "concept": "6023AAAAAAAAAAAAAAAAAAAAAAAAAAAAAAAA",
                        "label": "Restless /Irritable"
                      },
                      {
                        "concept": "113224AAAAAAAAAAAAAAAAAAAAAAAAAAAAAA",
                        "label": "Running/Blocked nose"
                      },
                      {
                        "concept": "131032AAAAAAAAAAAAAAAAAAAAAAAAAAAAAA",
                        "label": "Scrotal Pain"
                      },
                      {
                        "concept": "206AAAAAAAAAAAAAAAAAAAAAAAAAAAAAAAAA",
                        "label": "Seizure"
                      },
                      {
                        "concept": "163477AAAAAAAAAAAAAAAAAAAAAAAAAAAAAA",
                        "label": "Severe pain"
                      },
                      {
                        "concept": "126535AAAAAAAAAAAAAAAAAAAAAAAAAAAAAA",
                        "label": "Shoulder Pain"
                      },
                      {
                        "concept": "112989AAAAAAAAAAAAAAAAAAAAAAAAAAAAAA",
                        "label": "Shock"
                      },
                      {
                        "concept": "141600AAAAAAAAAAAAAAAAAAAAAAAAAAAAAA",
                        "label": "Shortness of breath"
                      },
                      {
                        "concept": "158843AAAAAAAAAAAAAAAAAAAAAAAAAAAAAA",
                        "label": "Sore Throat"
                      },
                      {
                        "concept": "141597AAAAAAAAAAAAAAAAAAAAAAAAAAAAAA",
                        "label": "Sleep Disturbance"
                      },
                      {
                        "concept": "112938AAAAAAAAAAAAAAAAAAAAAAAAAAAAAA",
                        "label": "Skin lesions"
                      },
                       {
                        "concept": "158886AAAAAAAAAAAAAAAAAAAAAAAAAAAAAA",
                        "label": "Stabbed Neck"
                      },
                      {
                        "concept": "111103AAAAAAAAAAAAAAAAAAAAAAAAAAAAAA",
                        "label": "Stroke"
                      },
                       {
                        "concept": "164457AAAAAAAAAAAAAAAAAAAAAAAAAAAAAA",
                        "label": "Sunken eyes"
                      },
                      {
                        "concept": "125198AAAAAAAAAAAAAAAAAAAAAAAAAAAAAA",
                        "label": "Swollen Legs"
                      },
                      {
                        "concept": "125063AAAAAAAAAAAAAAAAAAAAAAAAAAAAAA",
                        "label": "Tachycardia"
                      },
                       {
                        "concept": "163479AAAAAAAAAAAAAAAAAAAAAAAAAAAAAA",
                        "label": "Threatened limb"
                      },
                       {
                        "concept": "164484AAAAAAAAAAAAAAAAAAAAAAAAAAAAAA",
                        "label": "Thirsty"
                      },
                      {
                        "concept": "112200AAAAAAAAAAAAAAAAAAAAAAAAAAAAAA",
                        "label": "Tremors"
                      },
                      {
                        "concept": "159861AAAAAAAAAAAAAAAAAAAAAAAAAAAAAA",
                        "label": "Unable to drink/feed"
                      },
                      {
                        "concept": "141067AAAAAAAAAAAAAAAAAAAAAAAAAAAAAA",
                        "label": "Unexplained acute rash"
                      },
                      {
                        "concept": "162628AAAAAAAAAAAAAAAAAAAAAAAAAAAAAA",
                        "label": "Unexplained bleeding"
                      },
                      {
                        "concept": "160208AAAAAAAAAAAAAAAAAAAAAAAAAAAAAA",
                        "label": "Urinary Symptoms"
                      },
                      {
                        "concept": "161887AAAAAAAAAAAAAAAAAAAAAAAAAAAAAA",
                        "label": "Watery Diarrhoea"
                      },
                      {
                        "concept": "157498AAAAAAAAAAAAAAAAAAAAAAAAAAAAAA",
                        "label": "Weakness of Limbs"
                      },
                      {
                        "concept": "832AAAAAAAAAAAAAAAAAAAAAAAAAAAAAAAAA",
                        "label": "Weight Loss"
                      },
                      {
                        "concept": "150802AAAAAAAAAAAAAAAAAAAAAAAAAAAAAA",
                        "label": "Vaginal Bleeding"
                      },
                      {
                        "concept": "123396AAAAAAAAAAAAAAAAAAAAAAAAAAAAAA",
                        "label": "Vaginal Discharge"
                      },
                      {
                        "concept": "122983AAAAAAAAAAAAAAAAAAAAAAAAAAAAAA",
                        "label": "Vomiting"
                      },
                      {
                        "concept": "164482AAAAAAAAAAAAAAAAAAAAAAAAAAAAAA",
                        "label": "Vomiting Everything"
                      },
                       {
                        "concept": "139006AAAAAAAAAAAAAAAAAAAAAAAAAAAAAA",
                        "label": "Vomiting fresh blood(Haematemesis)"
                      },
                      {
                        "concept": "111525AAAAAAAAAAAAAAAAAAAAAAAAAAAAAA",
                        "label": "Vertigo"
                      },
                      {
                        "concept": "5622AAAAAAAAAAAAAAAAAAAAAAAAAAAAAAAA",
                        "label": "Other"
                      }
                    ]
                  }
                },
                {
                  "label": "Specify other complaints",
                  "type": "obs",
                  "id": "OtherSpecificComplaints",
                  "questionOptions": {
                    "concept": "20395601-257c-490c-86c2-acffb627f91f",
                    "rendering": "textarea"
                  },
                  "validators": [],
                  "hide": {
                    "hideWhenExpression": "cOmplaIntField !== '5622AAAAAAAAAAAAAAAAAAAAAAAAAAAAAAAA'"
                  }
                },
                {
                  "label": "Patient had contact with TB Infected person in the last 12 months?",
                  "type": "obs",
                  "id": "contactTB",
                  "required": "true",
                  "questionOptions": {
                    "concept": "124068AAAAAAAAAAAAAAAAAAAAAAAAAAAAAA",
                    "rendering": "radio",
                    "answers": [
                      {
                        "concept": "1065AAAAAAAAAAAAAAAAAAAAAAAAAAAAAAAA",
                        "label": "Yes"
                      },
                      {
                        "concept": "1066AAAAAAAAAAAAAAAAAAAAAAAAAAAAAAAA",
                        "label": "No"
                      }
                    ]
                  },
                  "hide": {
                    "hideWhenExpression": "cOmplaIntField !== '143264AAAAAAAAAAAAAAAAAAAAAAAAAAAAAA'"
                  }
                },
                {
                  "label": "Number of motions per day",
                  "type": "obs",
                  "id": "numberMotions",
                  "questionOptions": {
                    "concept": "164456AAAAAAAAAAAAAAAAAAAAAAAAAAAAAA",
                    "rendering": "number",
                    "min": "0"
                  },
                  "hide": {
                    "hideWhenExpression": "cOmplaIntField !== '161887AAAAAAAAAAAAAAAAAAAAAAAAAAAAAA'"
                  }
                },
                {
                  "label": "Duration (Days)",
                  "type": "obs",
                  "id": "complaint-duration",
                  "questionOptions": {
                    "concept": "159368AAAAAAAAAAAAAAAAAAAAAAAAAAAAAA",
                    "rendering": "number",
                    "min": "0"
                  },
                  "validators": []
                },
                {
                  "label": "Onset Status",
                  "type": "obs",
                  "id": "onsetStatus",
                  "questionOptions": {
                    "concept": "d7a3441d-6aeb-49be-b7d6-b2a3bb39e78d",
                    "rendering": "select",
                    "answers": [
                      {
                        "concept": "1499AAAAAAAAAAAAAAAAAAAAAAAAAAAAAAAA",
                        "label": "Gradual"
                      },
                      {
                        "concept": "162707AAAAAAAAAAAAAAAAAAAAAAAAAAAAAA",
                        "label": "Sudden"
                      }
                    ]
                  }
                }
              ]
            }
          ]
        },
        {
          "label": "Physical Assessment",
          "isExpanded": "true",
          "questions": [
            {
              "label": "Patient mobility assessment?",
              "type": "obs",
              "id": "mobilityAdult",
              "questionOptions": {
                "concept": "162753AAAAAAAAAAAAAAAAAAAAAAAAAAAAAA",
                "rendering": "radio",
                "answers": [
                  {
                    "concept": "162750AAAAAAAAAAAAAAAAAAAAAAAAAAAAAA",
                    "label": "Walking"
                  },
                  {
                    "concept": "162751AAAAAAAAAAAAAAAAAAAAAAAAAAAAAA",
                    "label": "With Help"
                  },
                  {
                    "concept": "162752AAAAAAAAAAAAAAAAAAAAAAAAAAAAAA",
                    "label": "Stretcher/Immobile"
                  }
                ]
              },
              "hide": {
                "hideWhenExpression": "age < 12"
              }
            },
            {
              "label": "Patient mobility assessment?",
              "type": "obs",
              "id": "mobilityChild",
              "questionOptions": {
                "concept": "162753AAAAAAAAAAAAAAAAAAAAAAAAAAAAAA",
                "rendering": "radio",
                "answers": [
                  {
                    "concept": "1115AAAAAAAAAAAAAAAAAAAAAAAAAAAAAAAA",
                    "label": "Normal for age"
                  },
                  {
                    "concept": "ebdcb8b4-8089-422c-a636-f8aeb44e6eed",
                    "label": "Unable to walk as normal"
                  }
                ]
              },
              "hide": {
                "hideWhenExpression": "age > 12"
              }
            },
            {
              "label": "Any injury to the patient within the past 48 hours?",
              "type": "obs",
              "id": "traumaInjury",
              "questionOptions": {
                "concept": "163520AAAAAAAAAAAAAAAAAAAAAAAAAAAAAA",
                "rendering": "radio",
                "answers": [
                  {
                    "concept": "1065AAAAAAAAAAAAAAAAAAAAAAAAAAAAAAAA",
                    "label": "Yes"
                  },
                  {
                    "concept": "1066AAAAAAAAAAAAAAAAAAAAAAAAAAAAAAAA",
                    "label": "No"
                  }
                ]
              }
            },
            {
              "label": "Patient level of consciousness(AVPU)",
              "type": "obs",
              "id": "avpuLevel",
              "questionOptions": {
                "concept": "162643AAAAAAAAAAAAAAAAAAAAAAAAAAAAAA",
                "rendering": "checkbox",
                "answers": [
                  {
                    "concept": "160282AAAAAAAAAAAAAAAAAAAAAAAAAAAAAA",
                    "label": "Alert"
                  },
                  {
                    "concept": "162645AAAAAAAAAAAAAAAAAAAAAAAAAAAAAA",
                    "label": "Reacts to Voice"
                  },
                  {
                    "concept": "162644AAAAAAAAAAAAAAAAAAAAAAAAAAAAAA",
                    "label": "Reacts to Pain"
                  },
                  
                  {
                    "concept": "159508AAAAAAAAAAAAAAAAAAAAAAAAAAAAAA",
                    "label": "Unresponsive"
                  }
                ]
              }
            }
          ]
        },
        {
          "label": "Vital Signs",
          "isExpanded": "true",
          "questions": [
            {
              "label": "Temperature (C) :",
              "type": "obs",
              "id": "temperature",
              "questionOptions": {
                "concept": "5088AAAAAAAAAAAAAAAAAAAAAAAAAAAAAAAA",
                "rendering": "number",
                "max": "43",
                "min": "25"
              },
              "alert": {
                "alertWhenExpression": "myValue && (myValue >= 37.5 || myValue < 35)",
                "message": "Temperature is out of range (Normal range 35-37)"
              }
            },
            {
              "label": "Mode of Collection?",
              "type": "obs",
              "id": "tempMode",
              "questionOptions": {
                "concept": "167231AAAAAAAAAAAAAAAAAAAAAAAAAAAAAA",
                "rendering": "radio",
                "answers": [
                  {
                    "concept": "5112AAAAAAAAAAAAAAAAAAAAAAAAAAAAAAAA",
                    "label": "Axiliary"
                  },
                  {
                    "concept": "166242AAAAAAAAAAAAAAAAAAAAAAAAAAAAAA",
                    "label": "Forehead thermometer gun"
                  },
                  {
                    "concept": "160240AAAAAAAAAAAAAAAAAAAAAAAAAAAAAA",
                    "label": "Oral"
                  }
                ]
              },
              "hide": {
                "hideWhenExpression": "isEmpty(temperature)"
              }
            },
            {
              "label": "Pulse Rate",
              "type": "obs",
              "id": "pulseRate",
              "questionOptions": {
                "concept": "5087AAAAAAAAAAAAAAAAAAAAAAAAAAAAAAAA",
                "rendering": "number"
              },
              "alert": {
                "alertWhenExpression": "myValue && (myValue >= 100.5 || myValue < 59.5)",
                "message": "Pulse Rate is out of range (Normal range 60-100)"
              }
            },
            {
              "label": "Systolic B.P",
              "type": "obs",
              "id": "sysBP",
              "questionOptions": {
                "concept": "5085AAAAAAAAAAAAAAAAAAAAAAAAAAAAAAAA",
                "rendering": "number"
              },
              "alert": {
                "alertWhenExpression": "myValue && (myValue >= 130.5 || myValue < 119.5)",
                "message": "Systolic is out of range (Normal range 120-130)"
              }
            },
            {
              "label": "Diastolic B.P",
              "type": "obs",
              "id": "diasBP",
              "questionOptions": {
                "concept": "5086AAAAAAAAAAAAAAAAAAAAAAAAAAAAAAAA",
                "rendering": "number"
              },
              "alert": {
                "alertWhenExpression": "myValue && (myValue >= 85.5 || myValue < 79.5)",
                "message": "Diastolic is out of range (Normal range 80-85)"
              }
            },
            {
              "label": "Respiratory Rate",
              "type": "obs",
              "id": "respRate",
              "questionOptions": {
                "concept": "5242AAAAAAAAAAAAAAAAAAAAAAAAAAAAAAAA",
                "rendering": "number"
              },
              "alert": {
                "alertWhenExpression": "myValue && (myValue >= 16.5 || myValue < 11.5)",
                "message": "Respiratory Rate is out of range (Normal range 12-16)"
              }
            },
            {
              "label": "Oxygen Saturation",
              "type": "obs",
              "id": "oxygenSat",
              "questionOptions": {
                "concept": "5092AAAAAAAAAAAAAAAAAAAAAAAAAAAAAAAA",
                "rendering": "number"
              },
              "alert": {
                "alertWhenExpression": "myValue && (myValue >= 100.5 || myValue < 94.5)",
                "message": "Oxygen Saturation is out of range (Normal range 95-100)"
              }
            },
            {
              "label": "Mode of Collection?",
              "type": "obs",
              "id": "satMode",
              "questionOptions": {
                "concept": "165932AAAAAAAAAAAAAAAAAAAAAAAAAAAAAA",
                "rendering": "radio",
                "answers": [
                  {
                    "concept": "162735AAAAAAAAAAAAAAAAAAAAAAAAAAAAAA",
                    "label": "Room air"
                  },
                  {
                    "concept": "162738AAAAAAAAAAAAAAAAAAAAAAAAAAAAAA",
                    "label": "On supplemental oxygen"
                  }
                ]
              },
              "hide": {
                "hideWhenExpression": "isEmpty(oxygenSat)"
              }
            }
          ]
        },
        {
          "label": "Other Recordings",
          "isExpanded": "true",
          "questions": [
            {
              "label": "Weight(kg):",
              "type": "obs",
              "id": "weight",
              "required": "true",
              "questionOptions": {
                "concept": "5089AAAAAAAAAAAAAAAAAAAAAAAAAAAAAAAA",
                "rendering": "number",
                "max": "250",
                "min": "0"
              },
              "hide": {
                "hideWhenExpression": "!(age >= 0 && age <=5)"
              }
            },
            {
              "label": "Weight(kg):",
              "type": "obs",
              "id": "weightForBMI",
              "required": "true",
              "questionOptions": {
                "concept": "5089AAAAAAAAAAAAAAAAAAAAAAAAAAAAAAAA",
                "rendering": "number",
                "max": "250",
                "min": "0"
              },
              "hide": {
                "hideWhenExpression": "age <= 5"
              }
            },
            {
              "label": "Height(cm):",
              "type": "obs",
              "required": "true",
              "id": "height",
              "questionOptions": {
                "concept": "5090AAAAAAAAAAAAAAAAAAAAAAAAAAAAAAAA",
                "rendering": "number",
                "max": "272",
                "min": "10"
              },
              "historicalExpression": "HD.getObject('prevEnc').getValue('5090AAAAAAAAAAAAAAAAAAAAAAAAAAAAAAAA')",
              "hide": {
                "hideWhenExpression": "!(age >= 0 && age <=5)"
              }
            },
            {
              "label": "Height(cm):",
              "type": "obs",
              "required": "true",
              "id": "heightForBMI",
              "questionOptions": {
                "concept": "5090AAAAAAAAAAAAAAAAAAAAAAAAAAAAAAAA",
                "rendering": "number",
                "max": "272",
                "min": "10"
              },
              "historicalExpression": "HD.getObject('prevEnc').getValue('5090AAAAAAAAAAAAAAAAAAAAAAAAAAAAAAAA')",
              "hide": {
                "hideWhenExpression": "age <= 5"
              }
            },
            {
              "label": "BMI (Kg/m2)",
              "type": "obs",
              "id": "bmi",
              "questionOptions": {
                "rendering": "number",
                "concept": "1342AAAAAAAAAAAAAAAAAAAAAAAAAAAAAAAA",
                "max": "100",
                "min": "0",
                "calculate": {
                  "calculateExpression": "calcBMI(heightForBMI,weightForBMI)"
                }
              },
              "hide": {
                "hideWhenExpression": "age <= 5"
              }
            },
            {
              "label": "Z-Score",
              "type": "obs",
              "id": "zScore",
              "readonly": true,
              "questionOptions": {
                "rendering": "number",
                "concept": "162584AAAAAAAAAAAAAAAAAAAAAAAAAAAAAA",
                "max": "100",
                "min": "-50",
                "calculate": {
                  "calculateExpression": "height && weight && fetchData(`/openmrs/ws/rest/v1/kenyaemr/zscore?sex=${sex}&age=${age}&weight=${weight}&height=${height}&type=height_for_age`,'wfl_score')"
                }
              },
              "hide": {
                "hideWhenExpression": "!(age >= 0 && age <=5)"
              }
            },
            {
              "label": "MUAC:",
              "type": "obs",
              "id": "muac",
              "questionOptions": {
                "concept": "1343AAAAAAAAAAAAAAAAAAAAAAAAAAAAAAAA",
                "rendering": "number",
                "max": "250",
                "min": "0"
              },
              "hide": {
                "hideWhenExpression": "(age > 5 && sex !== 'F') || (sex === 'F' &&  age > 49)"
              }
            },
            {
              "label": "Nutritional Status",
              "type": "obs",
              "required": false,
              "id": "nutritionalStatus",
              "questionOptions": {
                "rendering": "select",
                "concept": "163515AAAAAAAAAAAAAAAAAAAAAAAAAAAAAA",
                "calculate": {
                  "calculateExpression": "zScore && calculateZNutritionScore(zScore)"
                },
                "conceptMappings": [
                  {
                    "relationship": "NARROWER-THAN",
                    "type": "SNOMED NP",
                    "value": "248358009"
                  },
                  {
                    "relationship": "SAME-AS",
                    "type": "CIEL",
                    "value": "163515"
                  }
                ],
                "answers": [
                  {
                    "concept": "1115AAAAAAAAAAAAAAAAAAAAAAAAAAAAAAAA",
                    "label": "Normal (Median)"
                  },
                  {
                    "concept": "164125AAAAAAAAAAAAAAAAAAAAAAAAAAAAAA",
                    "label": "Nutritional wasting "
                  },
                  {
                    "concept": "114413AAAAAAAAAAAAAAAAAAAAAAAAAAAAAA",
                    "label": "Overweight"
                  },
                  {
                    "concept": "164131AAAAAAAAAAAAAAAAAAAAAAAAAAAAAA",
                    "label": "Severe (-3 SD and -4 SD)"
                  },
                  {
                    "concept": "123815AAAAAAAAAAAAAAAAAAAAAAAAAAAAAA",
                    "label": "Moderate (-2 SD)"
                  },
                  {
                    "concept": "123814AAAAAAAAAAAAAAAAAAAAAAAAAAAAAA",
                    "label": "Mild (-1 SD)"
                  }
                ]
              },
              "validators": [],
              "hide": {
                "hideWhenExpression": "!(age <=5)"
              }
            },
            {
              "label": "Nutritional status",
              "type": "obs",
              "id": "adultNutRitionalStatus",
              "questionOptions": {
                "concept": "167392AAAAAAAAAAAAAAAAAAAAAAAAAAAAAA",
                "rendering": "select",
                "calculate": {
                  "calculateExpression": "bmi && (bmi > 30 ? '115115AAAAAAAAAAAAAAAAAAAAAAAAAAAAAA' : bmi > 25 ? '114413AAAAAAAAAAAAAAAAAAAAAAAAAAAAAA' : bmi > 18.5 ? '1115AAAAAAAAAAAAAAAAAAAAAAAAAAAAAAAA' : bmi > 16 ? '163303AAAAAAAAAAAAAAAAAAAAAAAAAAAAAA' : '163302AAAAAAAAAAAAAAAAAAAAAAAAAAAAAA')"
                },
                "answers": [
                  {
                    "concept": "1115AAAAAAAAAAAAAAAAAAAAAAAAAAAAAAAA",
                    "label": "Normal"
                  },
                  {
                    "concept": "163303AAAAAAAAAAAAAAAAAAAAAAAAAAAAAA",
                    "label": "Moderate acute malnutrition"
                  },
                  {
                    "concept": "163302AAAAAAAAAAAAAAAAAAAAAAAAAAAAAA",
                    "label": "Severe acute malnutrition"
                  },
                  {
                    "concept": "114413AAAAAAAAAAAAAAAAAAAAAAAAAAAAAA",
                    "label": "Overweight"
                  },
                  {
                    "concept": "115115AAAAAAAAAAAAAAAAAAAAAAAAAAAAAA",
                    "label": "Obese"
                  }
                ]
              },
              "hide": {
                "hideWhenExpression": "!(age >5)"
              }
            },
            {
              "label": "LMP:",
              "type": "obs",
              "id": "lmpDate",
              "questionOptions": {
                "concept": "1427AAAAAAAAAAAAAAAAAAAAAAAAAAAAAAAA",
                "rendering": "date"
              },
              "validators": [
                {
                  "type": "date",
                  "allowFutureDates": "false"
                }
              ],
              "hide": {
                "hideWhenExpression": "sex !== 'F'  ||  sex ==='F' && (age < 10 || age > 49)"
              }
            },
            {
              "label": "Client Vaccinated against HPV?",
              "type": "obs",
              "questionOptions": {
                "rendering": "radio",
                "concept": "160325AAAAAAAAAAAAAAAAAAAAAAAAAAAAAA",
                "conceptMappings": [
                  {
                    "type": "SNOMED NP",
                    "value": "NP: 408436009"
                  },
                  {
                    "type": "CIEL",
                    "value": "160325"
                  }
                ],
                "answers": [
                  {
                    "concept": "1065AAAAAAAAAAAAAAAAAAAAAAAAAAAAAAAA",
                    "label": "Yes",
                    "conceptMappings": [
                      {
                        "type": "PIH",
                        "value": "1065"
                      },
                      {
                        "type": "SNOMED CT",
                        "value": "CT: 373066001"
                      },
                      {
                        "type": "PIH Malawi",
                        "value": "Malawi: 1065"
                      },
                      {
                        "type": "CIEL",
                        "value": "1065"
                      },
                      {
                        "type": "AMPATH",
                        "value": "1065"
                      }
                    ]
                  },
                  {
                    "concept": "1066AAAAAAAAAAAAAAAAAAAAAAAAAAAAAAAA",
                    "label": "No",
                    "conceptMappings": [
                      {
                        "type": "PIH",
                        "value": "1066"
                      },
                      {
                        "type": "PIH Malawi",
                        "value": "Malawi: 1066"
                      },
                      {
                        "type": "AMPATH",
                        "value": "1066"
                      },
                      {
                        "type": "CIEL",
                        "value": "1066"
                      },
                      {
                        "type": "SNOMED CT",
                        "value": "CT: 373067005"
                      }
                    ]
                  }
                ]
              },
              "id": "clientHpvVaccinated",
              "validators": [],
              "hide": {
                "hideWhenExpression": "sex !== 'F' || sex === 'F' && (age < 10 || age > 15)"
              }
            },
            {
              "label": "Number of doses given",
              "type": "obs",
              "id": "doseGivem",
              "questionOptions": {
                "concept": "159368AAAAAAAAAAAAAAAAAAAAAAAAAAAAAA",
                "rendering": "number",
                "max": "10",
                "min": "0"
              },
              "hide": {
                "hideWhenExpression": "clientHpvVaccinated !== '1065AAAAAAAAAAAAAAAAAAAAAAAAAAAAAAAA'"
              }
            },
            {
              "label": "Date Given",
              "type": "obs",
              "id": "vaccineDate",
              "questionOptions": {
                "concept": "159948AAAAAAAAAAAAAAAAAAAAAAAAAAAAAA",
                "rendering": "date"
              },
              "hide": {
                "hideWhenExpression": "clientHpvVaccinated !== '1065AAAAAAAAAAAAAAAAAAAAAAAAAAAAAAAA'"
              },
              "validators": [
                {
                  "type": "date",
                  "allowFutureDates": "false"
                }
              ]
            }
          ]
        },
        {
          "label": "Triage Notes",
          "isExpanded": "true",
          "questions": [
            {
              "label": "Triage Notes:",
              "type": "obs",
              "questionOptions": {
                "rendering": "textarea",
                "concept": "159395AAAAAAAAAAAAAAAAAAAAAAAAAAAAAA",
                "rows": "5"
              },
              "id": "triageNotes"
            }
          ]
        }
      ]
    }
  ],
  "processor": "EncounterFormProcessor",
  "referencedForms": [],
  "encounterType": "d1059fb9-a079-4feb-a749-eedd709ae542"
}