{
	"name": "Vdot Discontinuation form",
	"description": "Vdot Discontinuation Form",
  "version": "1",
  "published": true,
  "uuid": "967ed26f-2c4d-4cf4-9f49-1c27a8461756",
  "retired": false,
  "encounter": "Vdot Discontinuation",
	"pages": [
		{
			"label": "VDOT Discontinuation ",
			"sections": [
				{
					"label": "Visit Details",
					"isExpanded": "true",
					"questions": [
						{
							"label": "Date:",
							"type": "encounterDatetime",
							"required": "true",
							"questionOptions": {
								"rendering": "ui-select-extended"
							},
							"validators": [
								{
									"type": "date",
									"allowFutureDates": "false"
								}
							],
							"id": "encDate"
						},
						{
							"label": "Provider:",
							"type": "encounterProvider",
							"required": "true",
							"questionOptions": {
								"rendering": "ui-select-extended"
							},
							"id": "encProvider "
						},
						{
							"label": "Location:",
							"type": "encounterLocation",
							"required": "true",
							"questionOptions": {
								"rendering": "ui-select-extended"
							},
							"id": "encLocation"
						}
					]
				},
				{
					"label": "VDOT Details",
					"isExpanded": "true",
					"questions": [
						{
							"label": "Reason:",
							"type": "obs",
							"id": "idReason",
							"questionOptions": {
								"concept": "161555AAAAAAAAAAAAAAAAAAAAAAAAAAAAAA",
								"rendering": "select",
								"answers": [
									{
										"concept": "5240AAAAAAAAAAAAAAAAAAAAAAAAAAAAAAAA",
										"label": "Lost to Follow"
									},
									{
										"concept": "819AAAAAAAAAAAAAAAAAAAAAAAAAAAAAAAAA",
										"label": "Cannot afford Treatment"
									},
									{
										"concept": "1067AAAAAAAAAAAAAAAAAAAAAAAAAAAAAAAA",
										"label": "Unknown"
									},
									{
										"concept": "5c4276d0-4a47-42b9-b5f3-990b02fb7853",
										"label": "Repeat VL outcome(Suppressed)"
									},
									{
										"concept": "159492AAAAAAAAAAAAAAAAAAAAAAAAAAAAAA",
										"label": "Transferred Out"
									},
									{
										"concept": "160034AAAAAAAAAAAAAAAAAAAAAAAAAAAAAA",
										"label": "Died"
									},
									{
										"concept": "5622AAAAAAAAAAAAAAAAAAAAAAAAAAAAAAAA",
										"label": "Other"
									}
								]
							}
						},
						{
							"label": "If Patient Died, please provide Date of Death if Known:",
							"type": "obs",
							"id": "__yLL6vvv48",
							"questionOptions": {
								"concept": "1543AAAAAAAAAAAAAAAAAAAAAAAAAAAAAAAA",
								"rendering": "date"
							},
							"hide": {
								"hideWhenExpression": "idReason != '160034AAAAAAAAAAAAAAAAAAAAAAAAAAAAAA'"
							}
						},
						{
							"label": "Transfer to Facility:",
							"type": "obs",
							"id": "__wnG0FyKKz",
							"questionOptions": {
								"concept": "159495AAAAAAAAAAAAAAAAAAAAAAAAAAAAAA",
								"rendering": "text"
							},
							"hide": {
								"hideWhenExpression": "idReason != '159492AAAAAAAAAAAAAAAAAAAAAAAAAAAAAA'"
							}
						},
						{
							"label": "Date Transferred Out",
							"type": "obs",
							"id": "__qxDpJvHDK",
							"questionOptions": {
								"concept": "160649AAAAAAAAAAAAAAAAAAAAAAAAAAAAAA",
								"rendering": "date"
							},
							"hide": {
								"hideWhenExpression": "idReason != '159492AAAAAAAAAAAAAAAAAAAAAAAAAAAAAA'"
							}
						}
					]
				}
			]
		}
	],
	"processor": "EncounterFormProcessor",
	"referencedForms": []
}
