{
	"name": "Violence Screening",
	"description": "Violence Screening",
	"version": "1",
	"published": true,
	"uuid": "03767614-1384-4ce3-aea9-27e2f4e67d01",
	"retired": false,
	"encounter": "Violence Screening Encounter",
	"pages": [
    {
      "label": "Violence Screening",
      "sections": [
        {
          "label": "Encounter Details",
          "isExpanded": "true",
          "questions": [
            {
              "label": "Visit date:",
              "type": "encounterDatetime",
              "required": "true",
              "id": "encDate",
              "questionOptions": {
                "rendering": "date"
              },
              "validators": [
                {
                  "type": "date",
                  "allowFutureDates": "false"
                }
              ]
            },
            {
              "label": "Provider:",
              "type": "encounterProvider",
              "required": "true",
              "questionOptions": {
                "rendering": "ui-select-extended"
              },
              "id": "encProvider "
            },
            {
              "label": "Location:",
              "type": "encounterLocation",
              "required": "true",
              "questionOptions": {
                "rendering": "ui-select-extended"
              },
              "id": "encLocation"
            }
          ]
        },
        {
          "label": "Violence Screening Questions",
          "isExpanded": "true",
          "questions": [
            {
              "label": "Choose a screening question to begin",
              "type": "obsGroup",
              "id": "screeNqUiz",
              "questionOptions": {
                "concept": "7a58e4da-3544-457b-84eb-014f65a01d83",
                "rendering": "group"
              },
              "questions": [
                {
                  "label": "Within the past year, have you been hit, slapped, kicked or physically hurt by someone in any way?",
                  "type": "obs",
                  "id": "allQuizzesA",
                  "required": "true",
                  "questionOptions": {
                    "concept": "af005c0b-39f0-482c-9d76-df1ee80eec0f",
                    "rendering": "radio",
                    "answers": [
                      {
                        "concept": "1065AAAAAAAAAAAAAAAAAAAAAAAAAAAAAAAA",
                        "label": "Yes"
                      },
                      {
                        "concept": "1066AAAAAAAAAAAAAAAAAAAAAAAAAAAAAAAA",
                        "label": "No"
                      }
                    ]
                  }
                },
                {
                  "label": "State the perpetrator",
                  "type": "obs",
                  "id": "perperTratorA",
                  "questionOptions": {
                    "concept": "f45b2051-0212-48e0-a0ae-b52809c5ba0c",
                    "rendering": "checkbox",
                    "answers": [
                      {
                        "concept": "163565AAAAAAAAAAAAAAAAAAAAAAAAAAAAAA",
                        "label": "Sexual Partner"
                      },
                      {
                        "concept": "163567AAAAAAAAAAAAAAAAAAAAAAAAAAAAAA",
                        "label": "Boyfriend"
                      },
                      {
                        "concept": "5620AAAAAAAAAAAAAAAAAAAAAAAAAAAAAAAA",
                        "label": "Relative"
                      },
                      {
                        "concept": "5622AAAAAAAAAAAAAAAAAAAAAAAAAAAAAAAA",
                        "label": "Other"
                      }
                    ]
                  },
                  "validators": [],
                  "hide": {
                    "hideWhenExpression": "isEmpty(allQuizzesA) || sex !== 'F' || allQuizzesA !== '1065AAAAAAAAAAAAAAAAAAAAAAAAAAAAAAAA'"
                  }
                },
                {
                  "label": "State the perpetrator",
                  "type": "obs",
                  "id": "perperTratorAMale",
                  "questionOptions": {
                    "concept": "f45b2051-0212-48e0-a0ae-b52809c5ba0c",
                    "rendering": "checkbox",
                    "answers": [
                      {
                        "concept": "163565AAAAAAAAAAAAAAAAAAAAAAAAAAAAAA",
                        "label": "Sexual Partner"
                      },
                      {
                        "concept": "163566AAAAAAAAAAAAAAAAAAAAAAAAAAAAAA",
                        "label": "Girlfriend"
                      },
                      {
                        "concept": "5620AAAAAAAAAAAAAAAAAAAAAAAAAAAAAAAA",
                        "label": "Relative"
                      },
                      {
                        "concept": "5622AAAAAAAAAAAAAAAAAAAAAAAAAAAAAAAA",
                        "label": "Other"
                      }
                    ]
                  },
                  "validators": [],
                  "hide": {
                    "hideWhenExpression": "isEmpty(allQuizzesA) || sex !== 'M' || allQuizzesA !== '1065AAAAAAAAAAAAAAAAAAAAAAAAAAAAAAAA'"
                  }
                },
                {
                  "label": "Other (Specify name) ",
                  "type": "obs",
                  "questionOptions": {
                    "rendering": "text",
                    "concept": "60632AAAAAAAAAAAAAAAAAAAAAAAAAAAAAA"
                  },
                  "id": "otheRperPsA",
                  "validators": [],
                  "hide": {
                    "hideWhenExpression": "isEmpty(perperTratorA) || arrayContains(perperTratorA, '163567AAAAAAAAAAAAAAAAAAAAAAAAAAAAAA', '5620AAAAAAAAAAAAAAAAAAAAAAAAAAAAAAAA') || !arrayContains(perperTratorA, '5622AAAAAAAAAAAAAAAAAAAAAAAAAAAAAAAA')"
                  }
                },
                {
                  "label": "Other (Specify name) ",
                  "type": "obs",
                  "questionOptions": {
                    "rendering": "text",
                    "concept": "60632AAAAAAAAAAAAAAAAAAAAAAAAAAAAAA"
                  },
                  "id": "otheRperPsAA",
                  "validators": [],
                  "hide": {
                    "hideWhenExpression": "isEmpty(perperTratorAMale) || !arrayContains(perperTratorAMale, '5622AAAAAAAAAAAAAAAAAAAAAAAAAAAAAAAA', '5620AAAAAAAAAAAAAAAAAAAAAAAAAAAAAAAA')"
                  }
                },
                {
                  "label": "Are you in a relationship with a person who physically hit you?",
                  "type": "obs",
                  "id": "allQuizzesB",
                  "required": "true",
                  "questionOptions": {
                    "concept": "2325c16f-8333-415c-9af9-17c2e135831c",
                    "rendering": "radio",
                    "answers": [
                      {
                        "concept": "1065AAAAAAAAAAAAAAAAAAAAAAAAAAAAAAAA",
                        "label": "Yes"
                      },
                      {
                        "concept": "1066AAAAAAAAAAAAAAAAAAAAAAAAAAAAAAAA",
                        "label": "No"
                      }
                    ]
                  }
                },
                {
                  "label": "State the perpetrator",
                  "type": "obs",
                  "id": "perperTratorBMale",
                  "questionOptions": {
                    "concept": "f45b2051-0212-48e0-a0ae-b52809c5ba0c",
                    "rendering": "checkbox",
                    "answers": [
                      {
                        "concept": "163565AAAAAAAAAAAAAAAAAAAAAAAAAAAAAA",
                        "label": "Sexual Partner"
                      },
                      {
                        "concept": "163566AAAAAAAAAAAAAAAAAAAAAAAAAAAAAA",
                        "label": "Girlfriend"
                      },
                      {
                        "concept": "5620AAAAAAAAAAAAAAAAAAAAAAAAAAAAAAAA",
                        "label": "Relative"
                      },
                      {
                        "concept": "5622AAAAAAAAAAAAAAAAAAAAAAAAAAAAAAAA",
                        "label": "Other"
                      }
                    ]
                  },
                  "validators": [],
                  "hide": {
                    "hideWhenExpression": "isEmpty(allQuizzesB) || sex !== 'M' || allQuizzesB !== '1065AAAAAAAAAAAAAAAAAAAAAAAAAAAAAAAA'"
                  }
                },
                {
                  "label": "State the perpetrator",
                  "type": "obs",
                  "id": "perperTratorB",
                  "questionOptions": {
                    "concept": "f45b2051-0212-48e0-a0ae-b52809c5ba0c",
                    "rendering": "checkbox",
                    "answers": [
                      {
                        "concept": "163565AAAAAAAAAAAAAAAAAAAAAAAAAAAAAA",
                        "label": "Sexual Partner"
                      },
                      {
                        "concept": "163567AAAAAAAAAAAAAAAAAAAAAAAAAAAAAA",
                        "label": "Boyfriend"
                      },
                      {
                        "concept": "5620AAAAAAAAAAAAAAAAAAAAAAAAAAAAAAAA",
                        "label": "Relative"
                      },
                      {
                        "concept": "5622AAAAAAAAAAAAAAAAAAAAAAAAAAAAAAAA",
                        "label": "Other"
                      }
                    ]
                  },
                  "validators": [],
                  "hide": {
                    "hideWhenExpression": "isEmpty(allQuizzesB) || sex !== 'F' || allQuizzesB !== '1065AAAAAAAAAAAAAAAAAAAAAAAAAAAAAAAA'"
                  }
                },
                {
                  "label": "Other (Specify name) ",
                  "type": "obs",
                  "questionOptions": {
                    "rendering": "text",
                    "concept": "60632AAAAAAAAAAAAAAAAAAAAAAAAAAAAAA"
                  },
                  "id": "otheRperPsB",
                  "validators": [],
                  "hide": {
                    "hideWhenExpression": "isEmpty(perperTratorB) || !arrayContains(perperTratorB, '5622AAAAAAAAAAAAAAAAAAAAAAAAAAAAAAAA')"
                  }
                },
                {
                  "label": "Other (Specify name) ",
                  "type": "obs",
                  "questionOptions": {
                    "rendering": "text",
                    "concept": "60632AAAAAAAAAAAAAAAAAAAAAAAAAAAAAA"
                  },
                  "id": "otheRperPsBB",
                  "validators": [],
                  "hide": {
                    "hideWhenExpression": "isEmpty(perperTratorBMale) || !arrayContains(perperTratorBMale, '5622AAAAAAAAAAAAAAAAAAAAAAAAAAAAAAAA')"
                  }
                },
                {
                  "label": "Are you in a relationship with a person who threatens, frightens or insults you or treats you badly?",
                  "type": "obs",
                  "id": "allQuizzesC",
                  "required": "true",
                  "questionOptions": {
                    "concept": "81bbc312-d0f6-4950-822a-f7a47e599013",
                    "rendering": "radio",
                    "answers": [
                      {
                        "concept": "1065AAAAAAAAAAAAAAAAAAAAAAAAAAAAAAAA",
                        "label": "Yes"
                      },
                      {
                        "concept": "1066AAAAAAAAAAAAAAAAAAAAAAAAAAAAAAAA",
                        "label": "No"
                      }
                    ]
                  }
                },
                {
                  "label": "State the perpetrator",
                  "type": "obs",
                  "id": "perperTratorC",
                  "questionOptions": {
                    "concept": "f45b2051-0212-48e0-a0ae-b52809c5ba0c",
                    "rendering": "checkbox",
                    "answers": [
                      {
                        "concept": "163565AAAAAAAAAAAAAAAAAAAAAAAAAAAAAA",
                        "label": "Sexual Partner"
                      },
                      {
                        "concept": "163567AAAAAAAAAAAAAAAAAAAAAAAAAAAAAA",
                        "label": "Boyfriend"
                      },
                      {
                        "concept": "5620AAAAAAAAAAAAAAAAAAAAAAAAAAAAAAAA",
                        "label": "Relative"
                      },
                      {
                        "concept": "5622AAAAAAAAAAAAAAAAAAAAAAAAAAAAAAAA",
                        "label": "Other"
                      }
                    ]
                  },
                  "validators": [],
                  "hide": {
                    "hideWhenExpression": "isEmpty(allQuizzesC) || sex !== 'F' || allQuizzesC !== '1065AAAAAAAAAAAAAAAAAAAAAAAAAAAAAAAA'"
                  }
                },
                {
                  "label": "State the perpetrator",
                  "type": "obs",
                  "id": "perperTratorCMale",
                  "questionOptions": {
                    "concept": "f45b2051-0212-48e0-a0ae-b52809c5ba0c",
                    "rendering": "checkbox",
                    "answers": [
                      {
                        "concept": "163565AAAAAAAAAAAAAAAAAAAAAAAAAAAAAA",
                        "label": "Sexual Partner"
                      },
                      {
                        "concept": "163566AAAAAAAAAAAAAAAAAAAAAAAAAAAAAA",
                        "label": "Girlfriend"
                      },
                      {
                        "concept": "5620AAAAAAAAAAAAAAAAAAAAAAAAAAAAAAAA",
                        "label": "Relative"
                      },
                      {
                        "concept": "5622AAAAAAAAAAAAAAAAAAAAAAAAAAAAAAAA",
                        "label": "Other"
                      }
                    ]
                  },
                  "validators": [],
                  "hide": {
                    "hideWhenExpression": "isEmpty(allQuizzesC) || sex !== 'M' || allQuizzesC !== '1065AAAAAAAAAAAAAAAAAAAAAAAAAAAAAAAA'"
                  }
                },
                {
                  "label": "Other (Specify name) ",
                  "type": "obs",
                  "questionOptions": {
                    "rendering": "text",
                    "concept": "60632AAAAAAAAAAAAAAAAAAAAAAAAAAAAAA"
                  },
                  "id": "otheRperPsC",
                  "validators": [],
                  "hide": {
                    "hideWhenExpression": "isEmpty(perperTratorC) || !arrayContains(perperTratorC, '5622AAAAAAAAAAAAAAAAAAAAAAAAAAAAAAAA')"
                  }
                },
                {
                  "label": "Other (Specify name) ",
                  "type": "obs",
                  "questionOptions": {
                    "rendering": "text",
                    "concept": "60632AAAAAAAAAAAAAAAAAAAAAAAAAAAAAA"
                  },
                  "id": "otheRperPsCC",
                  "validators": [],
                  "hide": {
                    "hideWhenExpression": "isEmpty(perperTratorCMale) || !arrayContains(perperTratorCMale, '5622AAAAAAAAAAAAAAAAAAAAAAAAAAAAAAAA')"
                  }
                },
                {
                  "label": "Are you in relationship with a person who forces you to participate in sexual activities that make you feel uncomfortable?",
                  "type": "obs",
                  "id": "allQuizzesD",
                  "required": "true",
                  "questionOptions": {
                    "concept": "bfe0cbb2-eea0-4431-a5c5-d0f49a4ed21b",
                    "rendering": "radio",
                    "answers": [
                      {
                        "concept": "1065AAAAAAAAAAAAAAAAAAAAAAAAAAAAAAAA",
                        "label": "Yes"
                      },
                      {
                        "concept": "1066AAAAAAAAAAAAAAAAAAAAAAAAAAAAAAAA",
                        "label": "No"
                      }
                    ]
                  }
                },
                {
                  "label": "State the perpetrator",
                  "type": "obs",
                  "id": "perperTratorD",
                  "questionOptions": {
                    "concept": "f45b2051-0212-48e0-a0ae-b52809c5ba0c",
                    "rendering": "checkbox",
                    "answers": [
                      {
                        "concept": "163565AAAAAAAAAAAAAAAAAAAAAAAAAAAAAA",
                        "label": "Sexual Partner"
                      },
                      {
                        "concept": "163567AAAAAAAAAAAAAAAAAAAAAAAAAAAAAA",
                        "label": "Boyfriend"
                      },
                      {
                        "concept": "5620AAAAAAAAAAAAAAAAAAAAAAAAAAAAAAAA",
                        "label": "Relative"
                      },
                      {
                        "concept": "5622AAAAAAAAAAAAAAAAAAAAAAAAAAAAAAAA",
                        "label": "Other"
                      }
                    ]
                  },
                  "validators": [],
                  "hide": {
                    "hideWhenExpression": "isEmpty(allQuizzesD) || sex !== 'F' || allQuizzesD !== '1065AAAAAAAAAAAAAAAAAAAAAAAAAAAAAAAA'"
                  }
                },
                {
                  "label": "State the perpetrator",
                  "type": "obs",
                  "id": "perperTratorDMale",
                  "questionOptions": {
                    "concept": "f45b2051-0212-48e0-a0ae-b52809c5ba0c",
                    "rendering": "checkbox",
                    "answers": [
                      {
                        "concept": "163565AAAAAAAAAAAAAAAAAAAAAAAAAAAAAA",
                        "label": "Sexual Partner"
                      },
                      {
                        "concept": "163566AAAAAAAAAAAAAAAAAAAAAAAAAAAAAA",
                        "label": "Girlfriend"
                      },
                      {
                        "concept": "5620AAAAAAAAAAAAAAAAAAAAAAAAAAAAAAAA",
                        "label": "Relative"
                      },
                      {
                        "concept": "5622AAAAAAAAAAAAAAAAAAAAAAAAAAAAAAAA",
                        "label": "Other"
                      }
                    ]
                  },
                  "validators": [],
                  "hide": {
                    "hideWhenExpression": "isEmpty(allQuizzesD) || sex !== 'M' || allQuizzesD !== '1065AAAAAAAAAAAAAAAAAAAAAAAAAAAAAAAA'"
                  }
                },
                {
                  "label": "Other (Specify name) ",
                  "type": "obs",
                  "questionOptions": {
                    "rendering": "text",
                    "concept": "60632AAAAAAAAAAAAAAAAAAAAAAAAAAAAAA"
                  },
                  "id": "otheRperPsD",
                  "validators": [],
                  "hide": {
                    "hideWhenExpression": "isEmpty(perperTratorD) || !arrayContains(perperTratorD, '5622AAAAAAAAAAAAAAAAAAAAAAAAAAAAAAAA')"
                  }
                },
                {
                  "label": "Other (Specify name) ",
                  "type": "obs",
                  "questionOptions": {
                    "rendering": "text",
                    "concept": "60632AAAAAAAAAAAAAAAAAAAAAAAAAAAAAA"
                  },
                  "id": "otheRperPsDD",
                  "validators": [],
                  "hide": {
                    "hideWhenExpression": "isEmpty(perperTratorDMale) || !arrayContains(perperTratorDMale, '5622AAAAAAAAAAAAAAAAAAAAAAAAAAAAAAAA')"
                  }
                },
                {
                  "label": "Have you ever experienced any of the above with someone you do not have a relationship with?",
                  "type": "obs",
                  "id": "allQuizzesE",
                  "required": "true",
                  "questionOptions": {
                    "concept": "5c99a708-66df-45c6-a049-afef4f633615",
                    "rendering": "radio",
                    "answers": [
                      {
                        "concept": "1065AAAAAAAAAAAAAAAAAAAAAAAAAAAAAAAA",
                        "label": "Yes"
                      },
                      {
                        "concept": "1066AAAAAAAAAAAAAAAAAAAAAAAAAAAAAAAA",
                        "label": "No"
                      }
                    ]
                  }
                },
                {
                  "label": "State the perpetrator",
                  "type": "obs",
                  "id": "perperTratorE",
                  "questionOptions": {
                    "concept": "f45b2051-0212-48e0-a0ae-b52809c5ba0c",
                    "rendering": "checkbox",
                    "answers": [
                      {
                        "concept": "163565AAAAAAAAAAAAAAAAAAAAAAAAAAAAAA",
                        "label": "Sexual Partner"
                      },
                      {
                        "concept": "163567AAAAAAAAAAAAAAAAAAAAAAAAAAAAAA",
                        "label": "Boyfriend"
                      },
                      {
                        "concept": "5620AAAAAAAAAAAAAAAAAAAAAAAAAAAAAAAA",
                        "label": "Relative"
                      },
                      {
                        "concept": "5622AAAAAAAAAAAAAAAAAAAAAAAAAAAAAAAA",
                        "label": "Other"
                      }
                    ]
                  },
                  "validators": [],
                  "hide": {
                    "hideWhenExpression": "isEmpty(allQuizzesE) || sex !== 'F' || allQuizzesE !== '1065AAAAAAAAAAAAAAAAAAAAAAAAAAAAAAAA'"
                  }
                },
                {
                  "label": "State the perpetrator",
                  "type": "obs",
                  "id": "perperTratorEMale",
                  "questionOptions": {
                    "concept": "f45b2051-0212-48e0-a0ae-b52809c5ba0c",
                    "rendering": "checkbox",
                    "answers": [
                      {
                        "concept": "163565AAAAAAAAAAAAAAAAAAAAAAAAAAAAAA",
                        "label": "Sexual Partner"
                      },
                      {
                        "concept": "163566AAAAAAAAAAAAAAAAAAAAAAAAAAAAAA",
                        "label": "Girlfriend"
                      },
                      {
                        "concept": "5620AAAAAAAAAAAAAAAAAAAAAAAAAAAAAAAA",
                        "label": "Relative"
                      },
                      {
                        "concept": "5622AAAAAAAAAAAAAAAAAAAAAAAAAAAAAAAA",
                        "label": "Other"
                      }
                    ]
                  },
                  "validators": [],
                  "hide": {
                    "hideWhenExpression": "isEmpty(allQuizzesE) || sex !== 'M' || allQuizzesE !== '1065AAAAAAAAAAAAAAAAAAAAAAAAAAAAAAAA'"
                  }
                },
                {
                  "label": "Other (Specify name) ",
                  "type": "obs",
                  "questionOptions": {
                    "rendering": "text",
                    "concept": "60632AAAAAAAAAAAAAAAAAAAAAAAAAAAAAA"
                  },
                  "id": "otheRperPsEE",
                  "validators": [],
                  "hide": {
                    "hideWhenExpression": "isEmpty(perperTratorE) || !arrayContains(perperTratorE, '5622AAAAAAAAAAAAAAAAAAAAAAAAAAAAAAAA')"
                  }
                },
                {
                  "label": "Other (Specify name) ",
                  "type": "obs",
                  "questionOptions": {
                    "rendering": "text",
                    "concept": "60632AAAAAAAAAAAAAAAAAAAAAAAAAAAAAA"
                  },
                  "id": "otheRperPsE",
                  "validators": [],
                  "hide": {
                    "hideWhenExpression": "isEmpty(perperTratorE) || !arrayContains(perperTratorEMale, '5622AAAAAAAAAAAAAAAAAAAAAAAAAAAAAAAA')"
                  }
                }
              ]
            }
          ]
        },
        {
          "label": "Action Taken",
          "isExpanded": "true",
          "questions": [
            {
              "label": "Did you seek help?",
              "type": "obs",
              "id": "DidseekHelp",
              "questionOptions": {
                "concept": "1563AAAAAAAAAAAAAAAAAAAAAAAAAAAAAAAA",
                "rendering": "radio",
                "answers": [
                  {
                    "concept": "1065AAAAAAAAAAAAAAAAAAAAAAAAAAAAAAAA",
                    "label": "Yes"
                  },
                  {
                    "concept": "1066AAAAAAAAAAAAAAAAAAAAAAAAAAAAAAAA",
                    "label": "No"
                  }
                ]
              },
              "hide": {
                "hideWhenExpression": "allQuizzesA !== '1065AAAAAAAAAAAAAAAAAAAAAAAAAAAAAAAA' && allQuizzesB !== '1065AAAAAAAAAAAAAAAAAAAAAAAAAAAAAAAA' && allQuizzesC !== '1065AAAAAAAAAAAAAAAAAAAAAAAAAAAAAAAA' && allQuizzesD !== '1065AAAAAAAAAAAAAAAAAAAAAAAAAAAAAAAA' && allQuizzesE !== '1065AAAAAAAAAAAAAAAAAAAAAAAAAAAAAAAA'"
              }
            },
            {
              "label": "Action",
              "type": "obsGroup",
              "questionOptions": {
                "rendering": "group",
                "concept": "d79488b7-eb63-49ba-b99c-a52f777a1a7f"
              },
              "id": "ActionTaken",
              "hide": {
                "hideWhenExpression": "isEmpty(DidseekHelp) || DidseekHelp !== '1065AAAAAAAAAAAAAAAAAAAAAAAAAAAAAAAA'"
              },
              "questions": [
                {
                  "label": "Where did you seek help?",
                  "type": "obs",
                  "id": "placeOfHelP",
                  "questionOptions": {
                    "concept": "1562AAAAAAAAAAAAAAAAAAAAAAAAAAAAAAAA",
                    "rendering": "checkbox",
                    "answers": [
                      {
                        "concept": "1589AAAAAAAAAAAAAAAAAAAAAAAAAAAAAAAA",
                        "label": "Hospital"
                      },
                      {
                        "concept": "70e9dd87-e174-436e-ba43-1855a76efaeb",
                        "label": "Police"
                      },
                      {
                        "concept": "165037AAAAAAAAAAAAAAAAAAAAAAAAAAAAAA",
                        "label": "Peer Educator"
                      },
                      {
                        "concept": "1560AAAAAAAAAAAAAAAAAAAAAAAAAAAAAA",
                        "label": "Family"
                      },
                      {
                        "concept": "165294AAAAAAAAAAAAAAAAAAAAAAAAAAAAAA",
                        "label": "Peers"
                      },
                      {
                        "concept": "5618AAAAAAAAAAAAAAAAAAAAAAAAAAAAAA",
                        "label": "Friends"
                      },
                      {
                        "concept": "165290AAAAAAAAAAAAAAAAAAAAAAAAAAAAAA",
                        "label": "Religious Leader"
                      },
                      {
                        "concept": "165350AAAAAAAAAAAAAAAAAAAAAAAAAAAAAA",
                        "label": "Dice"
                      },
                      {
                        "concept": "162690AAAAAAAAAAAAAAAAAAAAAAAAAAAAAA",
                        "label": "Chief"
                      },
                      {
                        "concept": "5622AAAAAAAAAAAAAAAAAAAAAAAAAAAAAAAA",
                        "label": "Other"
                      }
                    ]
                  },
                  "hide": {
                    "hideWhenExpression": "isEmpty(DidseekHelp) || DidseekHelp !== '1065AAAAAAAAAAAAAAAAAAAAAAAAAAAAAAAA'"
                  }
                },
                {
                  "label": "Other Specify",
                  "type": "obs",
                  "id": "otherHelp",
                  "questionOptions": {
                    "concept": "160632AAAAAAAAAAAAAAAAAAAAAAAAAAAAAA",
                    "rendering": "text"
                  },
                  "hide": {
                    "hideWhenExpression": "isEmpty(placeOfHelP) || !arrayContains(placeOfHelP, ['5622AAAAAAAAAAAAAAAAAAAAAAAAAAAAAAAA'])"
                  }
                },
                {
                  "label": "Date",
                  "type": "obs",
                  "id": "firstDateSeen",
                  "questionOptions": {
                    "concept": "162869AAAAAAAAAAAAAAAAAAAAAAAAAAAAAA",
                    "rendering": "date"
                  },
                  "hide": {
                    "hideWhenExpression": "isEmpty(placeOfHelP)"
                  }
                }
              ]
            },
            {
              "label": "What was the outcome?",
              "type": "obs",
              "id": "OutComeHelp",
              "questionOptions": {
                "concept": "162875AAAAAAAAAAAAAAAAAAAAAAAAAAAAAA",
                "rendering": "checkbox",
                "answers": [
                  {
                    "concept": "1066AAAAAAAAAAAAAAAAAAAAAAAAAAAAAAAA",
                    "label": "No action taken"
                  },
                  {
                    "concept": "bfe0cbb2-eea0-4431-a5c5-d0f49a4ed21b",
                    "label": "Counselling",
                    "disableWhenExpression": "myValue === '1066AAAAAAAAAAAAAAAAAAAAAAAAAAAAAAAA'"
                  },
                  {
                    "concept": "160570AAAAAAAAAAAAAAAAAAAAAAAAAAAAAA",
                    "label": "Emergency pills",
                    "disableWhenExpression": "myValue === '1066AAAAAAAAAAAAAAAAAAAAAAAAAAAAAAAA'"
                  },
                  {
                    "concept": "164163AAAAAAAAAAAAAAAAAAAAAAAAAAAAAA",
                    "label": "HIV Testing",
                    "disableWhenExpression": "myValue === '1066AAAAAAAAAAAAAAAAAAAAAAAAAAAAAAAA'"
                  },
                  {
                    "concept": "0179f241-8c1d-47c1-8128-841f6508e251",
                    "label": "Investigation done",
                    "disableWhenExpression": "myValue === '1066AAAAAAAAAAAAAAAAAAAAAAAAAAAAAAAA'"
                  },
                  {
                    "concept": "334d4b72-26fb-442e-a148-a2cd469f5796",
                    "label": "Matter presented to court",
                    "disableWhenExpression": "myValue === '1066AAAAAAAAAAAAAAAAAAAAAAAAAAAAAAAA'"
                  },
                  {
                    "concept": "9eb0698f-4582-4ac6-b276-bf3b625005f2",
                    "label": "P3 form issued",
                    "disableWhenExpression": "myValue === '1066AAAAAAAAAAAAAAAAAAAAAAAAAAAAAAAA'"
                  },
                  {
                    "concept": "1691AAAAAAAAAAAAAAAAAAAAAAAAAAAAAAAA",
                    "label": "PEP given",
                    "disableWhenExpression": "myValue === '1066AAAAAAAAAAAAAAAAAAAAAAAAAAAAAAAA'"
                  },
                  {
                    "concept": "156761AAAAAAAAAAAAAAAAAAAAAAAAAAAAAA",
                    "label": "Perpetrator arrested",
                    "disableWhenExpression": "myValue === '1066AAAAAAAAAAAAAAAAAAAAAAAAAAAAAAAA'"
                  },
                  {
                    "concept": "165995AAAAAAAAAAAAAAAAAAAAAAAAAAAAAA",
                    "label": "Post rape care",
                    "disableWhenExpression": "myValue === '1066AAAAAAAAAAAAAAAAAAAAAAAAAAAAAAAA'"
                  },
                  {
                    "concept": "166536AAAAAAAAAAAAAAAAAAAAAAAAAAAAAA",
                    "label": "PrEP given",
                    "disableWhenExpression": "myValue === '1066AAAAAAAAAAAAAAAAAAAAAAAAAAAAAAAA'"
                  },
                  {
                    "concept": "5618AAAAAAAAAAAAAAAAAAAAAAAAAAAAAA",
                    "label": "Reconciliation",
                    "disableWhenExpression": "myValue === '1066AAAAAAAAAAAAAAAAAAAAAAAAAAAAAAAA'"
                  },
                  {
                    "concept": "163316AAAAAAAAAAAAAAAAAAAAAAAAAAAAAA",
                    "label": "Referred back to the family",
                    "disableWhenExpression": "myValue === '1066AAAAAAAAAAAAAAAAAAAAAAAAAAAAAAAA'"
                  },
                  {
                    "concept": "1648AAAAAAAAAAAAAAAAAAAAAAAAAAAAAAAA",
                    "label": "Referred to hospital",
                    "disableWhenExpression": "myValue === '1066AAAAAAAAAAAAAAAAAAAAAAAAAAAAAAAA'"
                  },
                  {
                    "concept": "161908AAAAAAAAAAAAAAAAAAAAAAAAAAAAAA",
                    "label": "Statement taken",
                    "disableWhenExpression": "myValue === '1066AAAAAAAAAAAAAAAAAAAAAAAAAAAAAAAA'"
                  },
                  {
                    "concept": "cfd5aeef-ded4-4375-a2f5-9cc8f39d2e4f",
                    "label": "STI Prophylaxis",
                    "disableWhenExpression": "myValue === '1066AAAAAAAAAAAAAAAAAAAAAAAAAAAAAAAA'"
                  },
                  {
                    "concept": "163317AAAAAAAAAAAAAAAAAAAAAAAAAAAAAA",
                    "label": "Trauma counselling done",
                    "disableWhenExpression": "myValue === '1066AAAAAAAAAAAAAAAAAAAAAAAAAAAAAAAA'"
                  },
                  {
                    "concept": "1185AAAAAAAAAAAAAAAAAAAAAAAAAAAAAAAA",
                    "label": "Treatment",
                    "disableWhenExpression": "myValue === '1066AAAAAAAAAAAAAAAAAAAAAAAAAAAAAAAA'"
                  },
                  {
                    "concept": "5622AAAAAAAAAAAAAAAAAAAAAAAAAAAAAAAA",
                    "label": "Other",
                    "disableWhenExpression": "myValue === '1066AAAAAAAAAAAAAAAAAAAAAAAAAAAAAAAA'"
                  }
                ]
              },
              "hide": {
                "hideWhenExpression": "isEmpty(DidseekHelp) || DidseekHelp !== '1065AAAAAAAAAAAAAAAAAAAAAAAAAAAAAAAA'"
              }
            },
            {
              "label": "Other Specify",
              "type": "obs",
              "id": "otherOutcome",
              "questionOptions": {
                "concept": "160632AAAAAAAAAAAAAAAAAAAAAAAAAAAAAA",
                "rendering": "text"
              },
              "hide": {
                "hideWhenExpression": "isEmpty(OutComeHelp) || !arrayContains(OutComeHelp, ['5622AAAAAAAAAAAAAAAAAAAAAAAAAAAAAAAA'])"
              }
            },
            {
              "label": "Reason(s) for not reporting",
              "type": "obs",
              "id": "notReporting",
              "questionOptions": {
                "concept": "1743AAAAAAAAAAAAAAAAAAAAAAAAAAAAAAAA",
                "rendering": "checkbox",
                "answers": [
                  {
                    "concept": "1067AAAAAAAAAAAAAAAAAAAAAAAAAAAAAAAA",
                    "label": "Did not know where to report"
                  },
                  {
                    "concept": "1811AAAAAAAAAAAAAAAAAAAAAAAAAAAAAA",
                    "label": "Distance"
                  },
                  {
                    "concept": "140923AAAAAAAAAAAAAAAAAAAAAAAAAAAAAA",
                    "label": "Exhaustion/Lack of energy"
                  },
                  {
                    "concept": "163473AAAAAAAAAAAAAAAAAAAAAAAAAAAAAA",
                    "label": "Fear shame"
                  },
                  {
                    "concept": "159418AAAAAAAAAAAAAAAAAAAAAAAAAAAAAA",
                    "label": "Lack of faith in system"
                  },
                  {
                    "concept": "162951AAAAAAAAAAAAAAAAAAAAAAAAAAAAAA",
                    "label": "Lack of knowledge"
                  },
                  {
                    "concept": "664AAAAAAAAAAAAAAAAAAAAAAAAAAAAAAAAA",
                    "label": "Negative attitude of the person reported to"
                  },
                  {
                    "concept": "143100AAAAAAAAAAAAAAAAAAAAAAAAAAAAAA",
                    "label": "Not allowed culturally"
                  },
                  {
                    "concept": "915a7e4e-a2b5-4b39-aa9f-c731817b574c",
                    "label": "Perpetrator above the law"
                  },
                  {
                    "concept": "163475AAAAAAAAAAAAAAAAAAAAAAAAAAAAAA",
                    "label": "Self blame"
                  },
                  {
                    "concept": "5622AAAAAAAAAAAAAAAAAAAAAAAAAAAAAAAA",
                    "label": "Other"
                  }
                ]
              },
              "hide": {
                "hideWhenExpression": "isEmpty(DidseekHelp) || DidseekHelp !== '1066AAAAAAAAAAAAAAAAAAAAAAAAAAAAAAAA'"
              }
            },
            {
              "label": "Other Specify",
              "type": "obs",
              "id": "otherText",
              "questionOptions": {
                "concept": "160632AAAAAAAAAAAAAAAAAAAAAAAAAAAAAA",
                "rendering": "text"
              },
              "hide": {
                "hideWhenExpression": "isEmpty(notReporting) || !arrayContains(notReporting, ['5622AAAAAAAAAAAAAAAAAAAAAAAAAAAAAAAA'])"
              }
            }
          ]
        }
      ]
    }
  ],
	"processor": "EncounterFormProcessor",
	"encounterType": "f091b067-bea5-4657-8445-cfec05dc46a2"
  }