<config>
    <globalProperties>
        <globalProperty>
            <property>queue.serviceConceptSetName</property>
            <value>d7bd4cc0-90b1-4f22-90f2-ab7fde936727</value>
        </globalProperty>
        <globalProperty>
            <property>queue.priorityConceptSetName</property>
            <value>2260a79e-f391-40f7-9eba-2e0e67028392</value>
        </globalProperty>
        <globalProperty>
            <property>queue.statusConceptSetName</property>
            <value>9484732b-bcaf-429e-86cb-d6cf3da34211</value>
        </globalProperty>
    </globalProperties>
    
</config>
